startup_id,BC_Q1a,BC_Q1b,BC_Q2a,BC_Q2b,BC_Q2c,BC_Q3_val,BC_Q3a,BC_Q3b,BC_Q4a,BC_Q4b,BC_Q4c,BC_Q5a,BC_Q5b,BC_Q5c,BC_Q5d,IS_Q1a,IS_Q1b,IS_Q10,IS_Q2a,IS_Q2b,IS_Q3,IS_Q4,IS_Q5a,IS_Q5b,IS_Q6,IS_Q7,IS_Q8,IS_Q9a,IS_Q9b,PMF_Q1a,PMF_Q1b,PMF_Q10,PMF_Q11,PMF_Q12,PMF_Q13,PMF_Q14,PMF_Q15,PMF_Q16,PMF_Q17,PMF_Q18,PMF_Q19,PMF_Q2,PMF_Q20,PMF_Q21,PMF_Q22,PMF_Q23,PMF_Q24,PMF_Q25,PMF_Q26,PMF_Q27,PMF_Q28,PMF_Q29,PMF_Q3,PMF_Q30,PMF_Q31,PMF_Q32,PMF_Q33,PMF_Q34,PMF_Q4,PMF_Q5,PMF_Q6,PMF_Q7,PMF_Q8,PMF_Q9a,PMF_Q9b,M_Q1a,M_Q1b,M_Q10,M_Q11a,M_Q11b,M_Q12,M_Q2,M_Q3,M_Q4,M_Q5,M_Q6,M_Q7,M_Q8,M_Q9,TP_Q1,TP_Q10,TP_Q11,TP_Q12a,TP_Q12b,TP_Q13,TP_Q14,TP_Q15a,TP_Q15b,TP_Q16,TP_Q2,TP_Q3,TP_Q4,TP_Q5_val,TP_Q5a,TP_Q5b,TP_Q5c,TP_Q6_val,TP_Q6a,TP_Q6b,TP_Q7_val,TP_Q7a,TP_Q7b,TP_Q7c,TP_Q8,TP_Q9,F_Q1,F_Q10a,F_Q10b,F_Q11a,F_Q11b,F_Q12,F_Q13,F_Q14a,F_Q14b,F_Q15,F_Q16a,F_Q16b,F_Q16c,F_Q16d,F_Q17,F_Q18,F_Q19a,F_Q19b,F_Q2a,F_Q2b,F_Q20a,F_Q20b,F_Q21,F_Q22,F_Q23,F_Q24,F_Q25,F_Q26,F_Q27a,F_Q27b,F_Q28,F_Q29,F_Q3a,F_Q3b,F_Q4,F_Q5,F_Q6a,F_Q6b,F_Q6c,F_Q7,F_Q8,F_Q9,L_Q1,L_Q10,L_Q11,L_Q12,L_Q13,L_Q14,L_Q15,L_Q16,L_Q17,L_Q18,L_Q19,L_Q2,L_Q20,L_Q21,L_Q22,L_Q23,L_Q24,L_Q25,L_Q26,L_Q27,L_Q28,L_Q29,L_Q3,L_Q30,L_Q31,L_Q32,L_Q33,L_Q34,L_Q35,L_Q36,L_Q37,L_Q38,L_Q39,L_Q4,L_Q40,L_Q41,L_Q42,L_Q43,L_Q44,L_Q45,L_Q46,L_Q47,L_Q48,L_Q49,L_Q5,L_Q50,L_Q51,L_Q52,L_Q53,L_Q6,L_Q7,L_Q8,L_Q9,T_Q1a,T_Q1b,T_Q10,T_Q11,T_Q12,T_Q13,T_Q14,T_Q15a,T_Q15b,T_Q16a,T_Q16b,T_Q17a,T_Q17b,T_Q18a,T_Q18b,T_Q19a,T_Q19b,T_Q2_val,T_Q2a,T_Q2b,T_Q20,T_Q21a,T_Q21b,T_Q22,T_Q23,T_Q24,T_Q25,T_Q26a,T_Q26b,T_Q26c,T_Q27a,T_Q27b,T_Q27c,T_Q28a,T_Q28b,T_Q28c,T_Q29a,T_Q29b,T_Q29c,T_Q3_val,T_Q3a,T_Q3b,T_Q30a,T_Q30b,T_Q30c,T_Q31,T_Q4a,T_Q4b,T_Q5a,T_Q5b,T_Q6,T_Q7,T_Q8,T_Q9,ES_Q1,ES_Q10a,ES_Q10b,ES_Q11a,ES_Q11b,ES_Q11c,ES_Q12,ES_Q13,ES_Q14,ES_Q15,ES_Q16a,ES_Q16b,ES_Q16c,ES_Q17,ES_Q18a,ES_Q18b,ES_Q19a,ES_Q19b,ES_Q2,ES_Q20a,ES_Q20b,ES_Q21,ES_Q22,ES_Q23a,ES_Q23b,ES_Q24,ES_Q25,ES_Q26,ES_Q27,ES_Q28,ES_Q29,ES_Q3,ES_Q30,ES_Q31,ES_Q32a,ES_Q32b,ES_Q33,ES_Q34,ES_Q4,ES_Q5,ES_Q6,ES_Q7a,ES_Q7b,ES_Q7c,ES_Q8,ES_Q9,IP_Q1,IP_Q10,IP_Q11,IP_Q12,IP_Q13,IP_Q14,IP_Q15,IP_Q16,IP_Q17,IP_Q18,IP_Q19,IP_Q2,IP_Q20,IP_Q21,IP_Q22a,IP_Q22b,IP_Q22c,IP_Q23,IP_Q24,IP_Q25,IP_Q26,IP_Q27,IP_Q28,IP_Q29,IP_Q3,IP_Q30,IP_Q31,IP_Q32,IP_Q33,IP_Q34,IP_Q35,IP_Q36,IP_Q37,IP_Q38,IP_Q39,IP_Q4,IP_Q40,IP_Q41,IP_Q42,IP_Q43,IP_Q44,IP_Q45,IP_Q46,IP_Q47,IP_Q48,IP_Q49,IP_Q5,IP_Q50a,IP_Q50b,IP_Q51,IP_Q52,IP_Q53a,IP_Q53b,IP_Q53c,IP_Q54,IP_Q55,IP_Q56,IP_Q57,IP_Q58,IP_Q6,IP_Q7,IP_Q8,IP_Q9,total_binary_passed,ai_auto_passed,human_verified_passed,total_score_pct,resolved_count,ambiguous_count,missing_legacy_count
surge_hydro_2016,-1,-1,-1,-1,-1,0,0,0,-1,-1,-1,-1,-1,-1,-1,-1,-1,0,0,0,-1,1,1,1,0,-1,-1,1,1,1,1,0,0,0,0,1,1,0,1,1,1,1,1,0,0,1,1,1,0,0,0,1,0,0,1,0,0,1,0,0,1,1,0,0,0,0,0,0,1,1,1,0,1,0,0,1,0,1,1,0,1,1,-1,-1,1,1,1,1,1,0,1,-1,,1,1,1,-1,-1,-1,,,,,1,1,1,1,1,1,1,1,0,-1,-1,0,-1,-1,-1,-1,-1,-1,1,1,1,1,-1,-1,-1,0,0,0,0,0,1,1,1,0,1,1,0,0,-1,-1,-1,0,1,1,1,1,1,0,1,1,0,0,0,0,1,1,1,1,0,0,0,1,1,0,0,0,0,0,0,1,1,1,0,1,1,1,1,0,1,0,1,1,1,1,1,1,1,0,0,0,0,0,1,0,0,1,-1,1,1,-1,-1,-1,-1,-1,0,0,0,0,0,0,0,0,-1,-1,-1,-1,-1,0,1,1,0,-1,1,-1,,,,0,0,0,0,0,0,0,0,0,0,0,0,0,0,0,-1,1,1,-1,-1,-1,-1,-1,-1,1,0,0,1,1,1,0,1,1,0,0,0,0,1,0,0,1,1,-1,0,0,0,0,1,1,1,0,1,0,0,0,-1,1,1,1,1,0,0,-1,0,0,1,1,1,1,1,0,1,-1,-1,1,0,1,1,1,0,0,0,1,1,1,1,1,1,0,0,0,1,1,1,0,1,0,0,0,0,0,0,1,0,0,0,1,0,0,1,1,1,0,0,1,1,0,1,1,1,1,1,1,1,1,1,0,0,0,0,0,0,1,148,124,24,41.46,293,62,8
proper_pipe_inc_2016,-1,-1,-1,-1,-1,-1,-1,-1,-1,-1,-1,-1,-1,-1,-1,1,1,0,-1,-1,0,-1,1,1,0,0,1,1,1,1,1,0,0,0,0,1,0,0,1,1,1,1,0,0,0,1,1,1,1,0,0,1,0,0,1,0,0,1,0,0,1,0,0,0,0,1,1,1,0,0,0,1,0,0,0,1,0,0,0,0,0,0,0,0,0,1,1,1,0,0,1,1,-1,-1,-1,-1,-1,-1,-1,0,0,0,0,1,1,1,0,0,0,0,0,0,1,1,0,1,1,1,1,1,1,0,0,-1,-1,0,0,0,0,0,0,0,0,0,0,0,0,-1,-1,1,1,1,1,1,0,1,1,1,0,1,1,1,1,0,1,0,0,1,1,1,1,1,1,1,1,0,1,0,0,1,1,0,1,1,0,1,1,1,1,1,0,1,0,1,1,1,0,1,1,1,0,0,0,0,0,1,0,0,1,0,-1,-1,-1,-1,-1,-1,-1,1,1,0,0,1,1,0,0,0,0,-1,-1,-1,0,-1,-1,1,-1,1,-1,,,,0,0,0,0,0,0,0,0,0,0,0,0,0,0,0,0,1,1,-1,-1,-1,1,-1,-1,1,1,1,1,1,1,0,1,1,1,0,0,0,1,0,0,0,0,1,0,0,1,0,0,0,0,0,0,0,0,0,1,1,1,0,0,0,0,1,0,0,1,1,1,0,0,-1,0,1,1,1,1,0,0,1,0,0,1,1,1,0,0,0,0,1,0,0,0,0,1,0,1,1,1,0,0,0,1,1,1,1,1,1,0,0,-1,0,1,0,0,-1,0,1,0,0,0,0,0,0,0,1,0,0,0,0,0,0,1,0,134,111,23,37.54,309,51,3
pv_pure_2016,1,1,1,1,1,0,0,0,-1,-1,-1,1,1,1,1,1,1,1,-1,-1,0,0,1,1,1,1,1,1,1,1,1,1,1,0,1,1,-1,-1,1,1,1,1,1,1,1,-1,-1,-1,1,0,0,0,0,1,0,0,0,1,0,0,1,1,1,1,1,0,0,1,1,1,1,-1,0,0,-1,1,1,1,0,1,1,0,0,0,1,1,1,1,1,1,1,1,0,0,0,0,0,0,0,0,0,0,0,1,1,-1,0,0,1,1,0,-1,1,1,1,0,0,0,0,0,0,0,0,-1,-1,0,0,0,0,0,0,1,0,1,1,0,1,-1,-1,1,0,0,0,0,0,1,1,1,1,1,1,1,1,1,0,-1,0,1,1,1,1,0,0,-1,1,0,1,0,-1,1,-1,-1,-1,1,1,0,1,-1,-1,0,-1,0,0,0,1,1,1,0,-1,0,0,1,0,-1,0,0,1,0,1,-1,-1,-1,-1,-1,-1,-1,-1,0,0,0,0,0,0,0,0,0,0,0,0,0,0,0,0,1,-1,1,-1,,,,0,0,0,0,0,0,0,0,0,0,0,0,0,0,0,0,-1,-1,-1,-1,-1,-1,-1,-1,1,1,1,1,1,1,1,1,1,0,1,1,1,1,1,1,1,1,1,-1,-1,1,1,1,1,1,1,1,1,0,0,1,1,0,1,1,0,0,1,1,0,1,1,1,-1,0,1,1,1,0,1,,1,1,0,0,0,1,,,0,0,0,0,1,0,0,1,-1,-1,1,1,-1,1,1,-1,1,0,1,-1,1,1,1,0,0,0,-1,1,0,0,-1,0,-1,1,1,0,0,1,1,1,1,0,0,1,1,-1,-1,-1,0,158,143,15,44.26,296,61,6
greenblu_2016,1,1,1,1,1,0,0,0,1,1,1,1,1,1,1,1,1,0,1,1,1,1,1,1,0,0,0,0,0,1,1,0,-1,-1,1,1,0,0,0,0,0,1,0,0,0,1,1,1,1,0,1,0,0,0,0,1,1,1,0,0,1,0,0,1,1,1,1,0,1,1,1,1,1,0,0,1,0,0,0,0,1,0,-1,-1,1,0,1,1,0,0,-1,0,,1,1,1,0,0,0,-1,-1,-1,-1,1,0,1,-1,-1,-1,-1,-1,0,-1,-1,-1,-1,-1,-1,-1,-1,-1,-1,-1,1,1,0,0,-1,0,0,0,0,0,1,1,0,1,1,1,1,1,1,1,1,0,1,1,1,0,0,0,1,1,0,0,0,0,1,-1,1,1,0,0,0,0,0,1,1,0,-1,1,0,1,1,0,1,1,1,1,1,0,1,0,1,1,1,0,1,1,1,0,0,0,0,1,1,0,0,0,,0,0,-1,-1,-1,-1,-1,-1,-1,1,1,0,0,0,0,0,0,0,0,0,1,0,0,0,0,0,0,,,,0,0,0,0,0,0,0,0,0,0,0,0,0,0,0,0,0,0,1,1,-1,-1,-1,-1,1,0,0,0,0,0,0,0,0,0,-1,-1,-1,1,1,1,1,1,1,0,0,-1,-1,1,1,1,1,-1,1,0,0,1,1,1,1,1,-1,0,1,1,1,1,1,1,0,0,1,1,1,1,1,1,0,0,0,0,0,1,0,0,1,1,1,1,1,0,0,0,,1,1,0,0,0,0,0,1,0,0,0,0,-1,1,1,1,1,1,1,0,-1,-1,0,1,0,0,1,0,0,0,0,0,0,0,0,0,1,1,1,0,146,124,22,40.9,308,49,6
kraftwerk_inc_2016,-1,-1,-1,-1,-1,-1,-1,-1,-1,-1,-1,1,1,1,1,-1,-1,-1,0,0,-1,1,0,0,0,1,-1,-1,-1,1,1,0,1,0,0,1,-1,0,1,1,-1,1,0,0,-1,1,1,1,1,0,0,1,1,0,1,1,1,1,-1,-1,1,1,0,0,0,0,0,1,1,1,0,1,1,0,-1,1,1,1,0,0,0,0,0,0,1,-1,1,1,1,-1,0,0,,1,1,1,,1,1,-1,-1,-1,-1,1,1,1,0,0,0,0,0,0,0,0,-1,1,1,1,1,0,0,0,0,1,1,0,0,0,0,0,0,0,0,-1,-1,0,0,1,1,-1,0,1,1,1,0,0,1,1,0,-1,0,1,1,0,0,-1,0,1,0,1,1,-1,-1,-1,1,1,-1,0,0,-1,-1,0,1,1,-1,1,1,1,1,1,0,1,0,-1,-1,-1,-1,1,1,1,0,0,0,0,0,1,0,0,1,0,0,0,-1,-1,-1,-1,-1,1,1,1,1,-1,-1,1,1,-1,-1,0,0,0,1,-1,-1,-1,0,1,-1,,,,0,0,0,0,0,0,0,0,0,0,0,0,0,0,0,0,0,0,1,1,1,-1,-1,1,1,0,0,1,1,1,-1,-1,1,-1,-1,-1,-1,1,0,0,0,0,1,-1,-1,-1,-1,-1,-1,1,-1,-1,1,0,0,1,1,0,-1,-1,0,0,1,1,1,1,1,1,1,0,1,-1,1,1,-1,-1,1,-1,1,-1,0,1,-1,1,1,1,1,-1,-1,-1,-1,1,-1,1,-1,1,1,1,1,0,-1,0,1,-1,0,-1,0,0,0,-1,0,1,0,0,0,0,1,0,0,0,0,0,0,0,1,0,0,0,0,1,1,0,0,130,108,22,36.41,264,94,5
viva_green_homes_2016,-1,-1,-1,-1,-1,0,0,0,-1,-1,-1,-1,-1,-1,-1,-1,-1,1,0,0,1,0,0,0,0,1,1,1,1,1,1,0,0,0,0,1,1,0,1,0,0,1,0,0,0,1,1,1,1,0,0,0,0,0,0,0,0,0,0,0,1,0,0,0,0,0,0,0,0,0,1,0,1,0,0,0,0,0,0,0,0,0,0,0,1,0,1,1,0,0,0,0,0,0,0,0,0,0,0,,1,1,1,1,0,1,0,0,0,0,0,0,0,0,0,0,0,0,0,0,0,0,0,1,1,0,0,0,0,0,0,1,0,1,1,0,0,1,1,1,0,1,1,1,0,1,0,1,1,1,0,1,1,0,0,1,0,0,1,0,0,0,0,0,0,0,0,0,0,0,0,0,1,1,0,1,1,1,1,1,0,1,0,1,1,1,0,1,1,1,0,1,0,0,1,1,1,0,1,-1,-1,-1,-1,-1,-1,1,-1,0,0,0,0,0,0,0,0,0,0,0,0,0,0,-1,-1,0,0,0,0,,,,0,0,0,0,0,0,0,0,0,0,0,0,0,0,0,0,-1,-1,0,0,1,-1,-1,-1,1,0,0,0,0,0,0,0,0,0,1,1,1,1,1,1,0,0,1,1,1,0,0,0,0,0,0,0,1,0,0,1,1,1,0,0,0,0,0,0,1,1,1,1,0,0,0,1,0,1,1,1,1,1,1,1,1,1,1,0,1,1,1,0,1,0,0,0,1,1,0,1,0,0,0,1,0,0,1,1,1,0,0,0,1,1,0,0,0,0,0,0,0,0,0,0,0,0,0,0,0,0,0,0,0,0,0,0,1,110,95,15,30.81,331,28,4
nelumbo_2016,-1,-1,-1,-1,-1,0,0,0,-1,-1,-1,-1,-1,-1,-1,1,1,1,0,0,1,0,0,0,0,1,1,1,1,1,1,0,0,0,0,0,0,0,1,0,1,1,0,0,0,1,1,1,1,0,0,0,0,0,0,0,0,0,0,0,0,0,0,0,0,1,1,0,1,1,-1,1,1,0,0,-1,0,0,0,0,0,0,1,1,1,0,-1,-1,0,1,1,0,0,0,0,0,0,0,0,-1,-1,-1,-1,1,-1,0,0,0,0,0,0,0,0,0,0,0,0,0,0,0,0,0,0,0,0,0,0,0,0,0,0,0,0,0,0,0,0,0,0,0,0,0,0,0,0,0,0,-1,0,-1,0,1,1,0,0,1,0,1,-1,1,1,0,0,0,0,0,0,0,0,0,0,0,-1,1,0,-1,-1,-1,-1,-1,0,1,0,1,1,1,0,1,1,1,0,0,0,0,1,1,0,0,0,-1,-1,-1,-1,-1,-1,1,-1,1,1,1,1,0,0,0,0,-1,-1,0,0,0,0,-1,-1,0,0,0,0,,,,0,0,,0,0,0,0,0,0,0,0,0,0,0,0,0,-1,-1,-1,-1,1,-1,-1,-1,1,0,0,0,0,0,0,0,0,0,0,0,0,1,1,1,0,0,1,0,0,1,-1,1,1,1,1,0,1,0,0,1,1,1,1,1,0,0,1,1,1,1,1,1,0,0,0,0,1,1,-1,1,1,-1,1,1,0,1,0,0,1,1,1,1,-1,0,0,0,0,1,1,1,0,0,0,1,1,0,0,-1,0,1,1,0,1,1,1,1,0,1,-1,1,1,1,1,1,1,1,1,1,0,1,1,0,0,0,1,0,-1,108,90,18,30.25,304,55,4
birmingham_technologies_2016,-1,-1,-1,-1,-1,0,0,0,-1,-1,-1,-1,-1,-1,-1,1,1,0,-1,-1,0,-1,0,0,0,0,0,-1,-1,-1,-1,0,0,0,0,-1,0,0,-1,-1,0,-1,1,0,0,0,0,0,-1,0,0,-1,0,0,1,0,0,-1,0,0,0,0,0,0,0,-1,-1,1,1,1,0,1,1,0,-1,1,-1,-1,-1,-1,-1,-1,-1,-1,0,0,0,0,0,1,-1,-1,0,0,0,0,0,0,0,0,0,0,0,1,1,1,-1,-1,-1,-1,-1,-1,1,1,-1,1,1,1,1,-1,-1,1,1,1,1,1,1,1,1,0,-1,-1,-1,-1,-1,-1,-1,1,1,1,-1,1,1,1,-1,-1,-1,-1,1,0,-1,-1,-1,0,0,1,1,1,0,1,0,-1,-1,-1,-1,1,0,0,0,0,-1,0,-1,1,1,-1,-1,1,-1,1,0,-1,0,-1,-1,0,0,-1,1,1,1,1,0,-1,-1,-1,-1,1,1,-1,-1,-1,-1,-1,-1,-1,1,-1,-1,-1,-1,-1,-1,0,0,-1,-1,-1,-1,-1,0,0,0,0,-1,1,-1,,,,0,0,0,0,0,0,0,0,0,-1,-1,-1,0,0,0,0,-1,-1,1,1,-1,-1,-1,1,1,-1,-1,0,0,0,-1,1,1,-1,-1,-1,-1,1,-1,-1,1,1,1,-1,-1,0,1,1,1,1,-1,0,-1,0,0,0,1,-1,1,1,-1,-1,1,1,1,1,1,1,1,1,1,-1,-1,-1,-1,1,,1,1,-1,-1,1,0,0,-1,-1,-1,0,0,0,0,1,-1,1,1,1,0,-1,-1,-1,-1,-1,-1,1,0,1,1,-1,1,-1,0,1,-1,-1,0,-1,1,-1,-1,1,1,-1,-1,-1,1,-1,-1,-1,-1,-1,-1,0,1,96,86,10,26.89,203,156,4
big_blue_technologies_2016,-1,-1,1,1,1,-1,-1,-1,-1,-1,-1,1,1,1,1,1,1,-1,-1,-1,1,-1,1,1,-1,1,1,1,1,1,1,-1,-1,0,-1,-1,0,-1,1,1,1,1,1,-1,-1,1,1,1,1,-1,-1,1,1,1,1,-1,-1,-1,-1,0,1,-1,0,-1,-1,1,1,1,1,1,1,1,-1,-1,-1,-1,1,1,0,-1,1,1,-1,-1,0,0,-1,-1,-1,1,1,-1,-1,-1,-1,-1,0,0,0,0,0,0,0,1,-1,1,1,1,1,1,1,1,1,1,1,1,1,1,1,1,1,-1,-1,1,1,-1,-1,-1,-1,0,0,1,1,1,1,1,1,1,1,1,1,1,1,1,1,1,1,-1,1,0,1,-1,-1,0,1,-1,1,1,0,-1,0,0,0,1,1,1,1,-1,0,0,-1,-1,-1,-1,-1,0,-1,1,-1,-1,0,-1,0,0,0,-1,-1,-1,-1,0,-1,-1,0,-1,-1,1,-1,-1,-1,-1,-1,-1,-1,-1,-1,-1,-1,1,1,-1,-1,1,1,-1,-1,1,1,-1,-1,-1,0,-1,-1,0,0,-1,-1,,,,0,0,,0,0,0,0,0,0,0,0,0,1,0,0,-1,-1,-1,1,1,-1,-1,-1,-1,1,1,1,-1,-1,-1,1,1,1,1,1,1,1,1,1,1,1,1,1,1,1,1,1,1,1,1,1,1,-1,0,0,1,1,1,1,1,1,1,1,1,1,1,1,1,-1,1,1,-1,-1,1,1,-1,-1,-1,1,-1,-1,1,0,-1,-1,-1,-1,-1,1,-1,-1,-1,1,-1,-1,1,-1,1,1,-1,1,0,1,-1,0,-1,0,0,0,-1,-1,-1,-1,-1,-1,-1,1,0,0,-1,0,0,0,0,-1,-1,-1,-1,-1,1,1,1,-1,155,141,14,43.42,216,143,4
crystal_clear_technologies_2016,0,0,0,0,0,0,0,0,0,0,0,0,0,0,0,1,1,0,0,0,1,1,0,0,-1,1,0,0,0,1,1,0,0,0,0,0,0,0,1,1,1,1,1,0,0,-1,-1,-1,-1,0,-1,1,-1,-1,1,-1,0,0,0,0,-1,0,-1,1,1,-1,-1,0,0,0,0,1,1,0,0,-1,0,0,0,-1,1,-1,1,1,1,1,1,1,1,1,1,0,-1,-1,-1,-1,-1,-1,-1,0,0,0,0,1,1,1,1,1,0,0,0,0,0,0,0,0,0,0,0,0,0,1,1,1,1,0,0,0,0,0,0,0,0,1,1,1,1,1,1,1,1,-1,-1,-1,0,-1,1,1,0,-1,1,1,-1,-1,0,1,0,1,-1,1,1,1,1,1,1,1,-1,-1,0,1,1,-1,1,-1,-1,1,-1,1,-1,1,-1,1,0,-1,-1,1,-1,1,-1,-1,-1,-1,0,0,1,1,0,-1,0,0,-1,-1,-1,-1,1,-1,1,1,1,-1,-1,-1,-1,-1,-1,-1,-1,,1,1,0,1,1,0,0,0,0,,,,0,0,0,0,0,0,0,0,0,0,0,0,0,0,0,0,1,1,1,1,1,-1,1,-1,1,-1,-1,1,1,1,1,1,1,1,1,1,1,1,0,0,0,0,0,0,0,0,0,-1,-1,-1,0,0,0,0,0,-1,-1,0,-1,-1,0,0,1,1,1,1,1,1,1,1,1,1,1,-1,1,-1,1,1,-1,0,0,1,1,1,-1,-1,-1,-1,-1,0,-1,1,1,1,-1,1,1,1,1,1,1,0,1,1,1,-1,1,-1,-1,1,-1,-1,0,-1,0,1,-1,0,0,1,-1,-1,-1,-1,1,0,0,-1,0,-1,-1,0,0,129,111,18,36.13,264,95,4
urbix_resources_2016,-1,-1,-1,-1,-1,0,0,0,-1,-1,-1,-1,-1,-1,-1,1,1,0,1,1,1,0,1,1,-1,1,1,1,1,1,1,-1,-1,-1,-1,1,1,0,0,0,0,1,1,1,1,0,0,0,1,1,1,1,1,1,1,1,0,1,-1,0,1,0,0,1,1,1,1,1,-1,-1,1,1,1,1,1,1,1,1,1,-1,-1,0,-1,-1,-1,-1,-1,-1,1,1,1,0,0,0,0,0,0,0,0,0,0,0,0,-1,1,1,-1,-1,-1,-1,1,0,-1,-1,-1,-1,-1,-1,-1,0,0,0,0,1,1,-1,-1,-1,-1,-1,-1,-1,0,-1,-1,-1,-1,1,1,-1,1,-1,-1,-1,0,-1,-1,1,,1,0,0,0,0,0,0,0,1,-1,1,-1,-1,-1,-1,-1,-1,1,1,0,0,1,1,0,1,-1,0,0,0,0,-1,0,-1,1,0,0,0,0,-1,0,0,1,0,-1,1,-1,0,0,0,0,-1,-1,-1,-1,-1,-1,-1,-1,-1,-1,0,0,-1,-1,0,0,1,1,-1,-1,-1,0,0,0,0,0,-1,-1,,,,0,0,0,0,0,0,0,0,0,0,0,0,0,0,0,-1,-1,-1,1,1,-1,-1,-1,-1,1,-1,-1,0,0,0,0,-1,-1,-1,1,1,1,1,-1,-1,-1,-1,0,-1,-1,-1,-1,0,0,-1,-1,-1,-1,0,0,0,-1,0,0,0,0,-1,1,-1,-1,1,1,1,-1,1,1,1,1,1,1,1,1,1,1,0,0,1,1,-1,1,1,1,1,1,0,-1,-1,1,0,1,1,1,1,1,0,1,1,1,0,-1,1,0,1,1,,,,,,,1,1,1,1,0,-1,0,0,0,1,1,1,1,1,-1,1,-1,1,119,93,26,33.33,230,123,10
wavve_2016,-1,-1,-1,-1,-1,0,0,0,-1,-1,-1,1,1,1,1,0,0,0,0,0,1,0,0,0,0,0,0,0,0,1,1,-1,-1,0,0,0,-1,0,-1,-1,0,1,-1,-1,0,0,0,0,0,0,0,1,-1,0,1,-1,0,-1,0,0,-1,0,0,-1,-1,0,0,1,0,0,1,0,0,0,0,0,1,0,0,0,1,0,-1,-1,0,0,0,0,0,1,1,1,0,0,0,0,0,0,0,0,0,0,0,1,0,1,1,1,-1,-1,1,-1,1,1,1,0,0,0,0,1,1,0,0,1,1,-1,-1,0,-1,-1,0,0,0,1,1,-1,1,1,1,1,1,1,1,1,0,1,1,1,,1,1,1,0,0,0,1,1,1,1,1,1,0,1,1,1,1,1,1,1,0,1,1,0,0,0,1,1,1,0,1,0,1,1,1,0,0,0,1,1,1,1,1,1,1,1,1,1,1,,-1,-1,-1,-1,1,1,-1,1,1,1,1,1,1,1,1,1,1,1,0,0,0,0,-1,-1,0,0,0,1,,,,0,0,0,0,0,0,0,0,0,0,0,0,0,0,0,0,0,0,1,1,1,-1,-1,1,1,1,1,1,1,1,-1,-1,1,1,1,1,1,1,-1,-1,-1,-1,1,-1,-1,1,-1,1,1,1,1,-1,-1,0,0,-1,1,1,1,1,-1,1,1,1,-1,1,1,1,1,1,0,1,1,1,1,0,-1,1,0,0,0,1,0,0,1,1,1,1,1,0,0,1,1,1,1,-1,1,1,1,1,1,0,1,1,1,0,1,1,1,1,0,1,1,1,1,0,0,0,0,0,0,0,0,0,0,0,0,1,1,-1,1,0,-1,160,144,16,44.82,300,58,5
skyven_technologies_2016,1,1,1,1,1,-1,-1,-1,-1,-1,-1,1,1,1,1,-1,-1,1,-1,-1,1,1,0,0,0,0,1,1,1,1,1,0,1,0,1,1,0,0,-1,1,1,1,1,1,0,0,0,0,1,1,-1,1,-1,1,1,1,1,0,-1,0,0,0,0,0,0,0,0,0,0,0,0,-1,0,0,0,0,0,1,0,0,1,1,-1,-1,1,0,1,1,1,1,1,1,0,0,0,0,0,0,0,0,0,0,0,1,1,1,0,0,1,1,0,0,1,1,1,0,0,0,0,0,0,0,0,0,0,1,1,0,0,0,0,0,0,1,1,0,1,0,0,0,0,0,0,0,0,0,0,0,0,0,1,0,0,0,1,0,-1,1,0,1,1,1,1,1,1,-1,0,0,0,0,0,0,0,1,1,0,0,0,1,1,0,0,1,1,1,1,1,1,1,1,0,0,0,0,0,0,0,0,0,,1,1,-1,-1,-1,0,0,1,1,0,0,1,1,1,1,-1,-1,,1,1,0,1,1,0,-1,1,0,,,,0,0,0,0,0,0,0,0,0,,1,1,0,0,0,0,-1,-1,1,1,-1,-1,-1,-1,1,-1,-1,1,1,1,0,0,1,1,0,0,0,1,0,0,0,0,1,1,1,0,0,1,1,1,0,0,0,0,0,1,1,1,0,0,0,1,1,0,0,1,1,1,0,0,1,0,1,1,0,0,1,0,1,0,0,1,0,0,0,0,0,0,0,0,0,0,0,0,0,1,0,0,0,0,0,1,0,0,1,1,0,0,0,0,0,1,0,0,0,1,-1,1,1,1,1,0,0,0,1,0,0,0,0,0,1,0,-1,132,120,12,36.97,322,35,6
re_module_2016,-1,-1,-1,-1,-1,0,0,0,-1,-1,-1,-1,-1,-1,-1,1,1,1,1,1,1,0,-1,-1,0,0,1,1,1,1,1,0,0,0,1,0,0,0,0,0,0,1,0,0,0,-1,-1,-1,1,0,0,0,-1,0,-1,0,0,0,0,0,0,0,0,0,0,0,0,0,0,0,0,0,1,1,0,1,1,1,0,-1,-1,0,-1,-1,0,0,0,0,0,0,0,0,0,0,0,0,0,0,0,-1,-1,-1,-1,0,0,1,0,0,0,0,0,-1,-1,-1,0,0,0,0,0,0,0,0,0,1,1,0,0,0,0,0,0,0,0,-1,-1,-1,0,1,1,0,0,1,1,1,0,0,0,1,1,1,0,1,1,0,0,0,0,1,1,0,1,1,1,1,0,0,-1,-1,0,0,0,0,1,1,-1,1,1,1,1,1,0,1,0,1,1,1,0,1,1,1,0,0,0,0,1,1,0,1,1,-1,-1,-1,-1,-1,-1,-1,-1,0,0,-1,-1,0,0,-1,-1,0,0,-1,-1,-1,0,0,0,0,0,0,0,,,,0,0,,0,0,0,0,0,0,0,0,0,0,0,,0,-1,-1,0,0,-1,-1,-1,-1,1,0,0,1,1,1,-1,0,-1,0,-1,-1,-1,1,1,1,0,0,1,0,0,0,0,1,1,1,1,0,1,0,0,1,1,1,1,1,0,0,1,-1,1,1,1,1,0,-1,-1,1,1,1,1,1,1,0,1,1,1,1,1,0,0,0,0,0,1,0,0,0,1,1,1,1,1,0,0,0,0,0,0,0,1,0,0,0,0,1,0,-1,0,0,1,1,0,1,1,1,1,1,1,1,1,0,0,0,0,1,0,0,1,110,93,17,30.81,292,66,5
teknapack_inc_2016,-1,-1,-1,-1,-1,0,0,0,-1,-1,-1,1,1,1,1,-1,-1,1,0,0,-1,1,0,0,0,1,1,1,1,1,1,0,1,1,0,1,1,0,1,0,1,1,0,1,0,0,0,0,0,0,1,-1,0,1,1,1,1,0,0,0,-1,0,0,1,1,1,1,0,0,0,0,0,1,0,0,1,-1,-1,0,0,1,0,-1,-1,0,0,-1,-1,0,1,1,1,0,0,0,0,0,0,0,0,0,0,0,1,-1,1,0,0,1,1,1,0,1,1,0,0,0,0,0,0,0,0,0,0,0,0,0,0,0,0,0,-1,0,1,1,0,1,1,1,1,0,1,1,1,0,0,1,1,0,1,1,1,1,0,1,0,0,1,0,1,0,0,0,0,1,0,1,1,-1,-1,0,0,1,0,0,1,1,1,1,1,0,1,0,1,1,1,0,1,1,1,0,0,0,0,-1,1,0,0,1,,0,0,0,0,-1,0,0,0,0,0,0,0,0,0,0,0,0,0,0,0,0,0,0,0,0,-1,-1,,,,0,0,0,0,0,0,0,0,0,0,0,0,0,0,0,0,0,0,0,0,-1,0,0,-1,1,-1,-1,1,1,1,1,0,0,1,0,0,0,1,1,1,0,0,1,0,0,0,0,1,1,1,1,0,1,0,0,1,1,1,1,1,0,1,-1,1,1,1,1,1,0,0,1,1,1,1,0,0,1,1,1,0,1,1,0,-1,0,0,0,0,-1,0,0,1,1,0,1,-1,1,-1,1,-1,0,0,0,0,0,1,-1,0,-1,1,-1,0,1,0,1,0,1,0,0,0,0,0,0,0,1,0,0,1,0,0,0,0,0,125,111,14,35.01,319,40,4
qlean_tech_enterprises_llc_2016,1,1,-1,-1,-1,0,0,0,-1,-1,-1,1,1,1,1,1,1,0,0,0,1,0,0,0,1,1,1,-1,-1,0,0,0,-1,0,-1,0,1,0,0,-1,0,1,0,1,0,1,-1,-1,-1,0,0,0,0,0,1,0,0,0,0,0,1,0,0,0,0,1,1,0,0,0,0,0,1,0,0,-1,0,0,0,1,1,0,1,1,1,-1,0,0,0,1,1,1,-1,-1,-1,-1,-1,-1,-1,,1,1,1,1,-1,1,0,0,0,0,0,0,0,0,0,0,0,0,0,0,1,0,0,1,1,0,0,0,0,0,0,0,0,-1,-1,0,0,1,1,0,0,1,1,1,1,1,0,1,0,1,-1,1,-1,0,1,1,0,1,0,1,-1,0,0,0,1,1,0,-1,0,0,0,0,-1,-1,0,0,1,0,0,0,0,0,0,1,1,1,0,1,1,1,0,1,0,0,0,1,1,0,1,-1,0,0,-1,-1,-1,-1,-1,-1,-1,-1,-1,0,0,1,1,0,0,0,0,0,-1,-1,-1,0,0,0,0,,,,0,0,0,0,0,0,0,0,0,0,0,0,0,0,0,0,-1,-1,-1,-1,-1,-1,-1,-1,1,0,0,1,1,1,0,1,0,0,0,0,0,1,0,0,0,0,1,1,1,1,0,1,1,1,1,1,1,0,0,1,1,1,0,0,0,0,1,0,0,1,1,1,0,0,1,1,1,1,0,0,1,1,1,0,-1,1,0,0,1,1,1,0,-1,0,0,0,1,1,1,0,-1,0,0,-1,0,0,0,0,0,0,0,0,0,1,0,1,0,0,1,0,1,1,1,1,0,0,0,0,0,0,1,0,0,1,1,0,0,113,103,10,31.65,302,57,4
touch_light_innovations_2016,-1,-1,1,1,1,0,0,0,-1,-1,-1,-1,-1,-1,-1,-1,-1,1,-1,-1,1,-1,0,0,0,1,1,1,1,1,1,0,0,0,0,0,0,0,-1,-1,0,1,0,0,0,1,1,1,1,0,0,0,0,0,-1,0,0,0,0,0,1,0,0,0,0,1,1,0,0,0,0,-1,1,0,-1,0,0,0,0,0,-1,0,0,0,-1,0,1,1,0,1,0,0,-1,-1,-1,-1,0,0,0,0,0,0,0,1,-1,0,0,0,0,0,0,0,0,0,0,0,0,0,0,0,0,0,0,0,0,0,0,0,0,0,0,0,0,0,0,0,0,0,0,0,0,0,0,0,0,0,0,1,0,1,0,1,1,0,0,0,0,1,1,1,-1,-1,0,0,0,0,0,0,0,0,0,0,1,1,0,1,1,1,1,1,0,1,0,1,1,-1,0,1,1,1,0,0,0,0,1,1,0,1,1,0,-1,-1,-1,1,-1,-1,1,1,1,0,0,1,1,1,1,0,0,-1,-1,-1,0,1,1,0,0,0,0,,,,0,0,0,0,0,0,0,0,0,0,0,0,0,0,0,0,0,0,1,1,1,-1,1,-1,1,1,1,1,1,1,1,1,1,0,0,0,0,0,0,0,0,0,0,0,0,0,0,0,0,0,1,1,1,0,0,1,-1,0,0,0,0,0,0,0,-1,1,1,1,0,0,1,1,1,1,1,1,-1,0,1,0,1,1,1,1,1,1,1,1,1,1,0,1,1,0,1,1,1,1,1,1,0,-1,0,0,0,1,1,0,1,1,1,1,1,1,-1,0,1,0,0,0,0,0,0,0,0,0,0,0,0,1,1,-1,-1,114,90,24,31.93,314,46,3
powertech_water_2016,-1,-1,-1,-1,-1,-1,-1,-1,-1,-1,-1,-1,-1,-1,-1,1,1,1,-1,-1,-1,0,-1,-1,0,1,1,1,1,1,1,0,0,-1,-1,1,1,-1,-1,-1,-1,1,-1,-1,-1,1,1,1,1,-1,-1,-1,0,-1,-1,-1,-1,-1,0,0,1,0,0,0,0,1,1,0,0,0,-1,-1,1,0,0,0,-1,-1,1,1,1,0,-1,-1,-1,0,-1,-1,0,1,-1,0,0,0,0,0,-1,-1,-1,-1,-1,-1,-1,1,1,1,0,0,0,0,0,0,0,0,0,0,0,0,0,0,0,0,0,1,1,0,0,0,0,0,0,0,-1,-1,-1,0,0,-1,-1,0,0,-1,-1,-1,0,0,0,1,-1,-1,0,-1,-1,0,0,-1,0,-1,1,-1,-1,0,0,0,0,0,0,0,0,0,0,0,-1,-1,0,-1,-1,-1,-1,-1,0,-1,0,-1,-1,-1,0,-1,-1,-1,0,0,0,0,-1,-1,0,0,0,0,-1,-1,-1,-1,-1,-1,-1,-1,-1,-1,-1,0,0,0,0,-1,-1,0,0,0,0,-1,-1,0,0,0,0,,,,0,0,,0,0,0,0,0,0,0,0,0,0,0,0,0,-1,-1,0,0,-1,-1,-1,-1,1,0,0,-1,-1,-1,0,0,0,0,0,0,0,-1,-1,-1,0,0,1,0,0,0,0,-1,-1,-1,-1,0,-1,0,0,1,-1,-1,-1,-1,0,-1,-1,1,-1,-1,-1,-1,0,0,1,1,-1,-1,-1,-1,1,0,-1,0,0,1,-1,-1,-1,-1,-1,-1,-1,0,0,0,1,1,1,-1,-1,0,0,0,-1,-1,-1,-1,-1,-1,-1,0,-1,-1,-1,-1,-1,0,-1,-1,-1,-1,-1,-1,-1,0,0,0,0,-1,-1,0,0,-1,0,0,0,42,35,7,11.76,195,164,4
nanomass_corp_2016,-1,-1,-1,-1,-1,0,0,0,-1,-1,-1,-1,-1,-1,-1,-1,-1,0,-1,-1,1,0,1,1,0,1,1,0,0,1,1,0,0,0,0,0,0,0,-1,-1,0,-1,0,0,0,0,0,0,0,0,0,1,0,1,1,1,0,0,0,0,1,0,0,1,1,0,0,0,0,0,0,1,0,0,0,-1,0,0,0,1,1,0,1,1,1,0,0,0,1,1,1,0,0,0,0,0,0,0,0,,1,1,1,1,1,1,-1,-1,1,1,0,0,0,0,1,0,0,0,0,0,0,0,0,1,1,0,0,0,0,0,0,0,0,1,1,0,1,1,1,0,0,1,1,1,1,1,1,1,0,,-1,1,1,0,0,0,0,1,-1,1,1,0,0,0,0,1,0,0,0,-1,-1,0,-1,1,0,1,1,1,1,1,0,1,0,1,1,1,0,0,1,1,0,0,0,0,1,1,0,0,1,,0,0,-1,-1,-1,0,-1,-1,-1,0,0,0,0,1,1,0,0,0,0,0,0,0,0,0,0,0,0,,,,0,0,0,0,0,0,0,0,0,0,0,0,0,0,0,0,1,1,1,1,-1,-1,-1,-1,1,0,0,1,1,1,0,0,0,0,0,0,0,-1,0,0,0,0,1,0,0,-1,0,0,0,0,0,1,1,0,0,0,1,1,1,1,0,-1,1,1,0,1,1,1,0,0,1,1,0,1,1,1,1,1,0,0,0,1,0,0,0,0,0,0,0,0,0,-1,-1,0,1,0,0,0,0,0,0,0,0,1,0,0,0,0,0,1,1,0,0,0,0,0,1,0,0,0,0,0,0,0,0,0,0,1,0,1,1,0,0,105,91,14,29.41,315,42,6
bamboo_science_group_2016,0,0,0,0,0,0,0,0,0,0,0,0,0,0,0,1,1,0,1,1,1,0,0,0,0,1,-1,0,0,1,1,1,1,1,1,-1,0,0,0,0,0,1,0,0,0,1,1,1,1,0,-1,0,0,0,-1,0,0,0,0,0,1,0,-1,0,0,1,1,0,0,0,1,1,1,-1,0,1,0,0,0,0,0,0,0,0,0,0,0,0,0,0,0,0,-1,-1,-1,-1,-1,-1,-1,0,0,0,0,0,0,1,0,0,0,0,0,0,0,0,0,0,0,0,0,0,0,0,0,1,1,0,0,0,0,0,0,0,0,1,1,-1,0,1,1,0,1,1,1,1,0,0,0,1,0,1,0,1,1,0,0,0,0,1,-1,1,-1,-1,0,0,1,0,0,0,0,0,0,0,-1,1,0,1,1,1,1,1,0,-1,0,1,1,1,0,1,-1,-1,0,-1,0,0,-1,1,0,0,0,,1,1,-1,1,-1,-1,-1,-1,-1,-1,-1,1,1,-1,-1,0,0,-1,-1,-1,0,0,0,0,0,0,0,,,,0,0,0,0,0,0,0,0,0,-1,-1,-1,0,0,0,0,-1,-1,1,1,-1,-1,-1,-1,1,0,0,0,0,0,0,-1,-1,-1,0,0,0,1,0,0,0,0,1,0,0,0,0,0,0,0,0,0,1,0,0,1,1,1,0,0,0,0,1,1,1,1,1,1,0,0,1,1,1,1,1,1,-1,1,0,0,0,1,0,1,0,0,0,0,-1,0,0,-1,1,1,1,1,1,0,0,0,0,0,0,0,-1,1,0,0,0,1,1,1,-1,1,0,1,1,1,1,1,1,0,0,0,0,0,0,0,0,1,1,0,0,100,79,21,28.01,306,53,4
bioenergysp_2016,-1,-1,-1,-1,-1,-1,-1,-1,0,0,0,-1,-1,-1,-1,1,1,0,-1,-1,1,0,0,0,0,-1,1,0,0,1,1,1,0,0,0,1,0,0,1,1,-1,1,0,0,0,1,1,-1,0,0,0,0,0,0,1,0,0,0,0,0,1,0,-1,0,0,1,1,0,0,0,-1,-1,1,0,0,0,0,1,0,1,1,0,-1,-1,0,0,0,0,1,1,0,0,0,0,0,0,0,0,0,0,0,0,0,1,1,1,0,0,-1,-1,0,0,0,0,0,0,0,0,0,0,0,0,0,0,0,0,0,0,0,-1,0,1,0,1,1,0,0,0,0,0,0,0,0,0,0,0,1,1,0,1,0,1,1,-1,0,-1,0,1,0,1,0,0,0,0,1,0,0,1,0,0,1,0,-1,1,0,1,1,1,1,1,0,1,0,1,1,1,-1,0,1,1,0,0,0,0,1,-1,1,-1,1,0,0,0,0,-1,-1,0,0,-1,-1,-1,-1,0,0,-1,-1,0,0,0,0,0,0,0,0,0,0,1,0,,,,0,0,0,0,0,0,0,0,0,0,0,0,0,0,0,0,1,1,1,1,-1,0,-1,-1,1,-1,-1,1,1,1,1,1,1,0,0,0,0,1,0,0,0,0,1,0,0,-1,0,1,1,0,1,1,1,0,0,-1,1,1,1,1,1,1,1,1,0,1,1,1,0,0,1,1,1,1,1,1,-1,0,1,1,1,1,0,0,0,0,0,1,0,0,0,0,0,-1,1,0,-1,0,0,0,1,1,0,1,-1,1,0,0,0,1,0,1,0,0,0,1,1,0,0,1,0,0,0,0,1,0,0,1,-1,1,1,0,0,109,90,19,30.53,309,51,3
empower_equity_2016,-1,-1,-1,-1,-1,0,0,0,-1,-1,-1,-1,-1,-1,-1,1,1,1,-1,-1,1,0,0,0,-1,1,1,1,1,1,1,0,0,0,0,0,0,0,1,1,0,1,0,0,0,1,1,1,1,0,0,0,-1,0,0,0,0,0,0,0,1,0,0,0,0,1,1,0,0,0,0,-1,1,0,0,1,0,0,0,-1,1,0,1,1,0,0,1,1,0,1,1,0,0,0,0,0,0,0,0,,1,1,1,1,0,1,0,0,0,0,0,0,0,0,0,0,0,0,0,0,0,0,0,1,1,0,0,0,0,0,0,0,0,0,0,0,0,1,1,0,0,1,1,1,0,-1,1,1,1,1,0,1,1,0,0,0,0,0,1,0,0,0,0,0,0,0,1,1,0,0,0,0,1,1,0,1,1,1,1,1,0,1,0,1,1,1,0,1,1,1,0,-1,0,0,1,1,0,1,1,0,1,1,-1,-1,-1,-1,-1,0,0,1,1,0,0,0,0,0,0,,1,1,0,0,0,0,0,0,0,,,,0,0,,0,0,0,0,0,0,0,0,0,0,0,0,0,-1,-1,-1,-1,1,-1,-1,1,1,0,0,1,1,1,0,1,0,0,0,0,0,1,1,1,0,0,1,1,1,1,0,1,1,1,1,0,1,0,0,1,1,1,1,1,0,1,1,1,1,1,1,1,0,0,1,0,0,0,0,1,1,0,1,1,0,1,1,1,1,1,1,1,1,0,0,0,1,1,-1,1,0,0,0,0,1,0,0,0,0,1,1,0,0,1,1,0,0,1,0,1,0,1,1,1,1,0,0,0,0,0,0,0,0,1,0,0,0,133,115,18,37.25,325,32,6
ekostinger_inc_2016,-1,-1,-1,-1,-1,0,0,0,-1,-1,-1,-1,-1,-1,-1,0,0,0,0,0,0,0,0,0,0,0,0,0,0,1,1,0,0,-1,0,1,0,0,0,0,0,1,-1,0,0,1,1,1,-1,0,0,0,0,0,0,0,0,0,0,0,1,0,0,0,0,1,1,0,0,0,0,1,1,1,0,0,-1,0,0,1,0,0,-1,-1,1,1,1,1,1,1,0,0,-1,-1,-1,-1,-1,-1,-1,-1,-1,-1,-1,1,1,1,-1,-1,0,0,0,0,1,1,0,1,1,1,1,0,0,0,0,1,1,0,0,0,0,0,0,1,0,1,1,1,-1,1,1,1,1,1,1,1,-1,0,1,0,-1,1,0,1,1,0,0,1,-1,1,0,1,1,0,0,0,0,0,0,0,0,0,0,0,-1,1,0,1,-1,1,1,1,0,1,0,1,1,1,0,1,1,1,0,0,0,-1,1,1,0,0,0,-1,-1,-1,-1,1,-1,-1,-1,0,0,0,0,0,0,0,0,0,0,0,0,0,0,1,1,0,0,0,0,,,,0,0,0,0,0,0,0,0,0,0,0,0,0,0,0,0,1,1,0,0,-1,-1,-1,-1,1,0,0,-1,-1,-1,-1,0,0,0,0,0,0,-1,0,0,0,0,1,0,0,0,0,1,1,1,1,0,1,0,0,1,1,1,-1,-1,0,1,1,1,1,1,1,1,0,0,1,-1,1,1,1,0,1,0,0,0,0,1,-1,1,1,1,1,1,1,0,1,0,1,1,-1,1,1,0,0,-1,1,1,-1,1,1,1,1,-1,1,1,-1,1,1,0,1,1,1,1,1,1,0,0,0,0,-1,1,1,0,0,1,-1,0,0,122,101,21,34.17,295,65,3
f_e_wood_natural_energy_2016,-1,-1,-1,-1,-1,0,0,0,-1,-1,-1,-1,-1,-1,-1,1,1,0,1,1,1,0,0,0,0,-1,1,1,1,1,1,0,0,-1,1,1,0,0,1,1,0,1,0,-1,0,0,0,0,0,0,0,-1,0,0,0,0,0,0,0,0,1,0,0,0,0,1,1,0,-1,-1,0,1,1,0,-1,0,0,0,0,-1,1,1,1,1,1,0,0,0,1,1,1,0,0,0,0,0,0,0,0,,1,1,1,1,1,1,0,0,-1,-1,-1,0,0,0,0,0,0,0,0,0,0,0,0,1,1,-1,-1,0,0,0,0,0,0,1,1,0,1,1,1,1,-1,1,1,1,1,1,0,0,0,1,0,1,-1,0,0,0,0,0,0,0,0,0,0,0,0,0,0,0,0,0,0,0,-1,1,0,1,1,1,-1,1,0,1,0,1,1,1,0,1,1,-1,0,0,-1,0,1,1,0,0,0,,0,0,-1,-1,-1,-1,-1,0,0,0,0,0,0,0,0,0,0,0,0,0,1,0,0,-1,0,0,0,,,,0,0,0,0,0,0,0,0,0,0,0,0,0,0,0,0,1,1,1,1,1,-1,-1,-1,1,-1,-1,1,1,1,0,0,0,0,0,0,0,1,0,0,0,0,0,0,0,0,0,1,1,1,1,-1,0,0,0,0,1,0,1,1,0,-1,-1,0,1,1,1,1,0,-1,1,1,1,0,1,1,1,0,1,0,-1,1,0,-1,1,1,1,1,1,0,-1,1,0,-1,1,1,1,0,0,0,1,0,0,0,-1,1,0,0,-1,1,1,1,0,0,0,0,1,0,0,0,0,0,0,0,-1,0,0,0,0,-1,-1,1,1,109,91,18,30.53,303,55,5
fbb_combustion_2016,1,1,1,1,1,-1,-1,-1,-1,-1,-1,1,1,1,1,1,1,0,-1,-1,1,0,0,0,0,1,1,1,1,1,1,-1,0,0,0,0,0,0,1,1,1,1,1,0,0,0,0,0,0,0,0,1,0,1,1,1,-1,0,0,0,-1,0,0,0,0,-1,-1,0,0,0,0,1,1,0,-1,0,1,1,0,0,0,0,0,0,0,0,1,1,1,1,1,1,0,0,0,0,0,0,0,0,0,0,0,1,0,1,1,1,1,1,-1,0,0,0,0,0,0,0,0,0,0,0,0,1,1,0,0,0,0,0,0,0,0,0,0,0,0,1,1,1,0,0,0,0,0,0,1,-1,1,-1,0,1,0,0,0,1,-1,1,0,-1,0,0,0,-1,1,1,0,0,1,0,0,0,1,1,0,1,1,0,1,1,0,1,0,1,1,0,0,-1,0,0,0,0,0,0,0,0,0,0,1,0,1,1,-1,-1,-1,-1,-1,-1,-1,1,1,1,1,1,1,-1,-1,,1,1,1,-1,-1,1,-1,1,-1,,,,1,0,0,1,0,0,1,0,0,-1,-1,-1,1,0,0,-1,1,1,1,1,-1,-1,-1,-1,1,1,1,0,0,0,1,1,1,1,1,1,1,1,-1,-1,-1,-1,1,1,1,0,0,1,1,1,1,1,1,0,0,1,1,1,1,1,-1,0,1,1,1,1,1,1,1,0,0,1,1,1,0,1,1,1,1,-1,1,1,1,0,1,1,1,1,0,1,0,1,-1,1,1,1,1,1,1,-1,0,1,-1,1,-1,1,1,1,1,,,1,-1,1,1,1,1,1,1,1,1,1,1,1,1,1,1,1,-1,1,0,0,0,164,144,20,45.94,303,54,6
fcg_chemicals_2016,-1,-1,-1,-1,-1,-1,-1,-1,-1,-1,-1,-1,-1,-1,-1,1,1,0,-1,-1,1,1,0,0,0,1,1,0,0,1,1,1,-1,-1,0,0,,0,0,0,1,1,1,0,0,0,0,0,0,1,0,0,1,1,1,1,0,0,1,0,0,0,0,0,0,1,1,1,-1,-1,0,1,-1,0,1,1,1,1,0,0,0,0,0,0,0,0,0,0,0,0,0,0,0,0,0,0,0,0,0,0,0,0,0,0,0,0,0,0,0,0,0,0,0,0,0,0,0,0,0,0,0,0,0,0,0,0,0,0,0,0,0,0,0,0,0,0,0,0,0,0,0,0,0,0,0,0,0,0,0,0,0,0,0,0,0,0,0,0,0,0,0,0,0,0,0,0,0,0,0,0,0,0,0,0,0,0,0,0,0,0,0,0,0,0,0,0,0,0,0,0,0,0,0,0,0,0,0,0,0,1,0,0,0,0,0,0,0,0,0,0,0,0,0,0,0,0,0,0,0,0,0,0,0,0,0,0,0,,,,0,0,0,0,0,0,0,0,0,0,0,0,0,0,0,0,0,0,0,0,0,0,0,0,-1,0,0,0,0,0,0,0,0,0,0,0,0,0,0,0,0,0,0,0,0,0,0,-1,-1,0,0,0,0,0,0,0,0,0,0,0,0,0,-1,0,0,-1,-1,-1,0,0,0,0,0,0,0,0,0,0,0,0,0,0,0,0,0,0,0,0,0,0,0,0,0,0,0,0,0,0,0,0,0,0,0,0,0,0,0,0,0,0,0,0,0,0,0,0,0,0,0,0,0,0,0,0,0,0,0,0,0,0,0,0,0,27,21,6,7.56,330,29,4
helix_power_corporation_2016,-1,-1,-1,-1,-1,0,0,0,-1,-1,-1,-1,-1,-1,-1,1,1,1,-1,-1,1,0,0,0,0,1,1,1,1,1,1,0,0,0,0,0,0,0,0,0,-1,1,0,0,0,1,1,1,1,0,0,0,0,-1,-1,-1,0,0,0,0,0,0,0,0,0,1,1,0,0,0,0,1,1,0,0,1,0,0,0,1,1,0,1,1,0,0,1,1,0,1,1,0,-1,-1,-1,-1,0,0,0,-1,-1,-1,-1,1,0,-1,0,0,0,0,0,0,0,0,0,1,1,1,1,0,0,0,0,-1,-1,0,0,0,0,0,-1,0,0,1,1,0,0,1,1,0,0,1,1,1,0,0,0,1,1,1,0,1,-1,0,0,1,0,1,1,1,1,0,0,0,-1,-1,0,0,0,0,0,0,1,1,0,1,1,1,1,1,0,1,0,1,1,1,0,1,1,1,0,0,0,0,1,1,0,1,1,-1,-1,-1,-1,-1,-1,-1,-1,-1,-1,0,0,1,1,0,0,0,0,0,0,0,0,-1,-1,0,0,0,0,,,,0,0,0,0,0,0,0,0,0,0,0,0,0,0,0,0,1,1,-1,-1,1,-1,-1,-1,1,0,0,1,1,1,0,0,0,0,0,0,0,1,1,1,0,0,1,0,0,0,0,1,1,1,1,0,-1,0,0,1,1,1,1,1,0,1,1,1,1,1,1,1,0,0,-1,-1,0,1,0,0,0,0,1,1,0,1,0,0,1,1,1,1,0,0,0,0,1,0,1,-1,0,0,0,-1,0,0,0,0,0,1,0,0,1,1,1,0,0,0,0,1,-1,0,0,1,1,0,0,0,1,0,0,0,0,0,0,0,0,114,102,12,31.93,304,56,3
microera_power_llc_2016,-1,-1,-1,-1,-1,0,0,0,-1,-1,-1,-1,-1,-1,-1,1,1,1,-1,-1,1,0,1,1,0,0,0,1,1,1,1,0,0,0,0,-1,1,0,1,1,1,1,1,-1,-1,0,1,1,1,1,1,1,1,0,1,1,1,1,-1,0,1,0,0,0,0,0,0,1,0,0,0,1,1,0,1,1,0,0,1,1,0,0,0,0,0,0,0,0,-1,1,0,0,,1,1,1,,1,1,-1,-1,-1,-1,-1,0,-1,-1,-1,-1,-1,-1,0,0,0,0,0,0,0,0,0,0,0,0,-1,-1,0,0,0,0,0,0,0,0,1,1,0,0,1,1,-1,0,1,1,1,0,0,1,1,0,-1,0,0,-1,0,0,1,0,1,1,1,1,1,0,1,1,1,0,0,0,1,1,0,1,1,1,1,1,1,1,1,-1,1,0,1,1,1,1,1,1,1,1,0,1,0,1,1,0,0,1,,1,1,-1,-1,1,-1,-1,1,1,1,1,1,1,-1,-1,-1,-1,,1,1,1,1,1,0,0,0,0,,,,0,0,,0,0,0,0,0,,0,0,0,0,0,,0,-1,-1,-1,-1,-1,-1,1,-1,1,-1,-1,1,1,1,0,1,1,1,1,1,1,1,0,0,1,1,1,0,0,0,0,1,1,1,1,1,-1,0,0,1,1,1,1,1,0,0,1,-1,1,-1,-1,-1,1,0,1,1,,-1,1,1,-1,-1,1,-1,0,1,0,0,1,1,1,1,1,0,-1,1,1,-1,1,1,1,0,0,-1,0,0,1,0,0,1,0,0,0,0,0,1,1,1,0,0,1,1,1,1,1,1,1,1,1,1,-1,0,-1,0,0,-1,0,155,132,23,43.42,284,68,11
microrganic_technologies_2016,-1,-1,-1,-1,-1,0,0,0,-1,-1,-1,-1,-1,-1,-1,1,1,-1,-1,-1,0,0,0,0,0,1,1,-1,-1,1,1,0,0,0,0,-1,0,0,0,1,1,1,0,0,0,1,1,1,1,0,0,0,1,0,1,1,0,-1,0,0,1,0,0,0,0,0,0,-1,0,0,0,1,1,0,1,1,0,1,0,-1,1,0,1,1,1,1,0,0,1,1,1,1,,1,1,1,-1,-1,-1,,1,1,1,1,1,1,0,0,0,0,0,0,0,0,0,0,0,0,0,0,0,0,0,1,1,0,0,0,0,0,0,1,0,1,1,0,-1,1,1,0,-1,1,1,1,0,0,-1,1,,1,0,0,1,0,0,1,0,1,1,1,1,0,0,1,1,1,1,1,1,0,-1,0,-1,1,1,-1,0,1,-1,1,0,0,-1,-1,-1,0,1,1,-1,0,0,1,0,0,0,0,1,1,,-1,-1,-1,-1,1,-1,-1,-1,0,0,1,1,0,0,-1,-1,-1,-1,0,0,0,0,1,1,0,0,0,-1,,,,0,0,,0,0,0,0,0,,0,0,0,0,0,,-1,-1,-1,-1,-1,-1,-1,-1,-1,1,1,1,1,1,1,0,0,0,-1,1,1,1,-1,0,0,0,0,1,0,0,1,0,1,1,0,0,1,0,0,0,1,1,1,1,1,0,0,1,1,-1,1,1,1,1,0,1,1,1,1,1,0,-1,1,0,0,0,1,0,0,0,0,0,0,0,1,0,1,0,1,1,1,0,0,-1,0,0,-1,1,1,1,0,0,0,0,0,0,1,0,0,-1,0,0,0,0,0,0,0,0,0,0,0,0,0,0,0,-1,0,0,119,102,17,33.33,289,64,10
poly6_technologies_2016,1,1,-1,-1,-1,-1,-1,-1,-1,-1,-1,-1,-1,-1,-1,1,1,-1,-1,-1,0,0,0,0,0,1,1,0,0,1,1,0,0,0,0,1,0,0,0,-1,1,1,-1,0,0,1,1,1,,0,0,-1,1,-1,1,-1,-1,1,1,,-1,0,0,0,0,0,0,1,0,0,0,1,1,-1,0,0,0,0,0,-1,1,0,-1,-1,1,1,0,0,1,1,1,0,,1,1,1,0,0,0,,1,1,1,1,1,1,0,0,-1,-1,0,0,0,0,0,1,1,1,1,-1,1,0,0,1,1,0,0,0,0,-1,0,1,0,1,1,0,1,1,1,1,-1,1,1,1,0,0,-1,1,0,1,0,-1,-1,0,0,1,0,1,1,1,0,0,0,-1,1,1,1,1,0,0,1,1,1,1,1,1,1,1,-1,-1,0,0,0,1,1,-1,-1,1,1,0,0,1,0,0,0,0,1,1,1,-1,-1,-1,-1,-1,-1,-1,-1,1,1,1,1,1,1,0,0,-1,-1,-1,-1,-1,0,-1,-1,0,0,0,-1,,,,0,0,0,0,0,0,0,0,,-1,-1,-1,0,0,,0,-1,-1,1,1,-1,-1,-1,-1,1,1,1,1,1,1,0,0,0,1,0,0,0,1,0,0,0,0,1,0,0,-1,0,0,0,1,1,-1,1,0,0,1,0,-1,1,1,0,0,1,0,0,1,1,1,1,0,1,1,1,-1,1,1,1,1,1,1,-1,1,1,1,1,1,1,0,0,0,0,-1,1,-1,0,1,0,0,1,0,0,0,0,0,0,1,0,0,1,1,1,1,0,0,0,0,1,0,0,1,0,0,0,0,-1,0,0,0,-1,1,0,0,-1,133,108,25,37.25,279,75,9
sharenergy_2016,1,1,1,1,1,,1,1,1,1,1,1,1,1,1,1,1,0,1,1,-1,0,1,1,0,1,1,0,0,1,1,0,0,1,1,1,-1,0,1,1,1,1,0,0,0,0,0,0,1,0,1,1,-1,1,1,1,1,0,-1,0,0,0,-1,-1,-1,1,1,0,-1,-1,0,1,1,-1,-1,1,1,0,-1,0,0,0,0,0,0,0,1,1,0,0,0,0,0,0,0,0,0,0,0,0,0,0,0,1,0,1,0,0,0,0,0,0,0,0,0,0,0,0,0,0,0,0,0,1,1,0,0,0,0,0,0,0,0,1,1,0,-1,1,1,1,1,1,1,1,0,-1,0,0,0,0,0,0,0,0,0,0,0,0,0,0,0,0,0,0,0,0,0,0,0,0,0,0,0,0,0,0,0,0,0,0,0,0,0,0,0,0,0,0,0,0,0,0,0,0,0,0,0,0,0,,-1,-1,-1,-1,1,-1,-1,-1,-1,-1,-1,-1,-1,-1,-1,-1,-1,-1,-1,-1,0,0,0,0,0,0,0,,,,0,0,0,0,0,0,0,0,0,0,0,0,0,0,0,0,1,1,-1,-1,1,-1,-1,-1,1,0,0,-1,-1,-1,1,0,-1,0,1,1,1,1,0,0,0,0,1,0,0,0,0,1,1,1,0,1,-1,0,0,-1,1,-1,-1,-1,0,0,1,0,1,1,1,1,1,0,1,1,1,-1,1,1,1,0,0,0,1,1,1,1,1,1,1,1,1,-1,0,0,-1,0,1,1,1,0,0,0,1,0,1,1,1,1,-1,1,1,1,-1,0,0,-1,0,1,1,1,1,1,-1,0,0,0,-1,-1,0,0,0,0,1,0,0,113,91,22,31.65,302,56,5
sparkcharge_2016,-1,-1,-1,-1,-1,0,0,0,-1,-1,-1,-1,-1,-1,-1,-1,-1,0,-1,-1,0,0,0,0,0,-1,1,0,0,1,1,-1,0,1,0,0,0,0,0,1,1,1,1,1,0,1,1,1,1,1,1,0,-1,0,1,0,0,-1,0,0,1,1,0,0,0,1,1,0,0,0,0,1,1,-1,-1,0,0,0,0,0,0,0,0,0,0,0,0,0,0,0,-1,0,0,0,0,0,0,0,0,0,0,0,0,-1,0,1,1,1,1,1,0,-1,-1,-1,0,0,0,0,0,0,0,0,0,1,1,-1,-1,0,0,0,0,0,0,1,1,0,0,1,1,0,0,0,0,0,0,0,0,1,0,-1,-1,1,1,1,0,0,0,1,1,0,1,0,0,0,0,0,0,0,0,0,0,0,1,1,1,1,1,1,1,-1,0,1,1,1,1,1,1,0,1,1,-1,1,0,0,1,1,0,0,0,0,0,0,-1,1,-1,1,1,-1,-1,-1,-1,0,0,0,0,-1,-1,-1,-1,-1,0,-1,-1,0,0,0,0,,,,0,0,0,0,0,0,0,0,0,-1,-1,-1,0,0,0,0,-1,-1,0,0,1,1,1,1,1,0,0,0,0,0,-1,-1,0,0,1,1,1,1,-1,-1,1,1,1,1,1,0,0,1,1,-1,0,0,1,0,0,1,0,0,1,1,1,1,1,0,0,1,1,1,1,0,1,1,1,-1,1,1,1,1,1,1,-1,1,-1,-1,0,0,0,0,1,0,0,0,0,0,1,1,1,0,-1,0,1,1,1,1,1,1,1,1,0,1,1,1,0,-1,0,1,-1,1,1,1,1,1,1,1,1,1,0,0,0,0,0,0,0,123,101,22,34.45,297,63,3
sparkplug_power_2016,-1,-1,-1,-1,-1,0,0,0,-1,-1,-1,-1,-1,-1,-1,1,1,1,1,1,0,0,0,0,0,1,1,1,1,1,1,1,-1,-1,0,1,-1,0,1,1,1,1,0,0,0,1,1,1,1,-1,-1,-1,-1,-1,-1,-1,0,1,0,0,-1,-1,0,-1,-1,1,1,1,-1,-1,-1,1,1,-1,-1,-1,1,1,-1,0,1,0,1,1,1,0,-1,-1,1,1,1,0,0,0,0,0,0,0,0,,1,1,1,1,1,1,1,1,1,1,1,-1,1,1,1,-1,-1,-1,-1,0,0,0,0,1,1,0,0,0,0,0,0,-1,-1,1,1,-1,1,1,1,1,-1,1,1,1,-1,1,1,1,1,1,-1,1,-1,-1,-1,-1,1,-1,-1,-1,-1,-1,-1,-1,-1,1,-1,-1,-1,-1,1,-1,1,-1,1,-1,1,-1,1,-1,0,1,1,-1,-1,-1,1,1,1,-1,1,1,-1,0,1,-1,0,-1,-1,0,-1,-1,-1,-1,-1,-1,-1,0,0,-1,-1,0,0,0,0,1,1,-1,-1,-1,-1,-1,-1,0,0,-1,0,,,,0,0,0,0,0,0,0,0,0,0,0,0,0,0,0,0,-1,-1,-1,-1,-1,-1,-1,-1,1,1,1,1,1,1,1,-1,-1,1,-1,-1,-1,1,1,1,-1,-1,1,-1,-1,-1,-1,1,1,1,1,1,-1,0,-1,-1,1,1,1,1,0,0,1,1,1,1,1,1,1,1,1,0,1,1,1,1,1,0,0,0,0,1,0,0,1,1,1,0,0,0,0,0,1,1,1,1,1,0,0,1,1,1,1,1,0,0,0,0,0,1,1,1,0,1,0,0,1,0,0,1,0,0,0,0,0,1,0,1,1,0,1,0,0,143,121,22,40.06,246,113,4
sun_island_2016,-1,-1,-1,-1,-1,0,0,0,-1,-1,-1,0,0,0,0,-1,-1,-1,0,0,1,0,0,0,0,1,0,1,1,1,1,0,0,0,0,-1,0,0,1,-1,0,1,0,0,0,1,1,1,1,0,0,0,-1,0,-1,0,0,0,0,0,1,-1,0,0,0,1,1,0,0,0,0,-1,1,0,-1,1,-1,0,0,0,0,0,0,0,0,0,1,1,0,1,0,0,0,0,0,0,0,0,0,0,0,0,0,-1,-1,1,0,0,0,0,0,0,0,0,0,0,0,0,0,0,0,0,0,1,1,0,0,0,0,0,0,0,0,0,0,0,0,1,1,0,-1,1,1,1,0,0,0,0,0,1,0,-1,-1,0,0,1,0,0,0,0,0,0,0,0,0,0,0,0,0,0,0,0,1,1,0,1,1,-1,1,1,0,1,-1,-1,1,1,0,1,1,1,0,0,0,0,1,1,0,0,0,,-1,-1,-1,-1,-1,1,-1,0,0,-1,-1,0,0,0,0,-1,-1,-1,-1,-1,0,0,0,0,-1,0,0,,,,0,0,0,0,0,0,0,0,0,0,0,0,0,0,0,0,-1,-1,-1,-1,1,-1,-1,-1,1,0,0,0,0,0,-1,0,0,0,-1,-1,-1,1,1,1,0,0,1,0,0,0,0,1,1,1,-1,0,-1,0,0,1,1,0,1,1,0,1,1,1,1,1,1,1,0,0,1,0,1,0,-1,-1,1,-1,1,0,0,1,0,0,-1,-1,-1,1,0,0,0,0,-1,0,-1,0,0,0,0,0,-1,0,0,0,0,-1,0,0,1,-1,0,-1,0,0,-1,0,-1,0,0,0,0,0,0,0,0,0,0,0,1,0,-1,0,-1,73,63,10,20.45,289,70,4
cleantech_methods_formely_se_i_2016,-1,-1,-1,-1,-1,0,0,0,-1,-1,-1,-1,-1,-1,-1,-1,-1,1,0,0,1,-1,0,0,0,1,1,1,1,1,1,0,0,0,0,0,-1,0,1,1,1,1,0,0,0,0,0,0,0,0,0,0,0,0,0,-1,0,0,0,0,1,0,0,0,0,1,1,0,0,0,0,1,1,0,-1,-1,-1,0,0,0,1,-1,0,0,0,0,1,1,0,0,0,0,0,0,0,0,0,0,0,0,0,0,0,0,0,1,0,0,0,0,0,0,0,0,0,1,1,1,1,0,0,0,0,1,1,0,0,0,0,0,0,0,0,0,0,0,0,-1,-1,-1,-1,1,1,1,0,0,0,1,1,1,0,1,1,0,0,0,0,0,1,0,0,0,0,0,0,0,0,0,0,-1,0,0,-1,1,0,-1,1,1,1,1,0,1,0,1,1,1,0,1,1,1,0,0,-1,0,1,1,0,1,1,-1,-1,-1,-1,-1,-1,-1,-1,-1,-1,-1,-1,0,0,0,0,0,0,-1,-1,-1,0,-1,-1,-1,0,0,0,,,,0,0,0,0,0,0,0,0,0,0,0,0,0,0,0,0,-1,-1,-1,-1,1,-1,-1,-1,1,0,0,1,1,1,0,0,0,0,0,0,0,1,1,1,0,0,1,0,0,0,0,1,1,1,1,-1,1,0,0,0,1,1,1,1,0,1,1,1,1,1,1,1,0,-1,0,-1,0,-1,-1,0,1,0,1,0,0,1,0,0,0,0,0,0,0,0,0,-1,1,0,0,-1,-1,0,0,0,0,0,0,0,0,-1,0,0,0,1,0,-1,0,0,-1,1,0,0,0,1,1,0,0,0,-1,0,-1,0,0,1,-1,0,0,86,78,8,24.09,292,68,3
wicked_science_i_o_2016,-1,-1,-1,-1,-1,-1,-1,-1,-1,-1,-1,-1,-1,-1,-1,1,1,-1,1,1,1,1,1,1,1,1,1,1,1,1,1,1,1,1,1,1,1,1,-1,-1,1,1,-1,-1,-1,1,1,1,1,-1,1,1,1,1,1,1,1,-1,1,1,1,1,1,1,1,1,1,0,0,0,0,1,1,0,-1,0,0,0,0,0,-1,0,-1,-1,1,0,-1,-1,0,1,0,0,0,0,0,0,0,0,0,-1,-1,-1,-1,1,1,1,0,0,0,0,0,0,0,0,0,1,1,1,1,0,0,0,0,1,1,0,0,0,0,0,0,1,0,1,1,0,0,1,1,0,1,1,1,1,0,0,0,1,0,0,1,1,-1,0,0,0,0,0,-1,0,0,0,0,0,0,1,0,1,0,0,0,0,-1,0,0,1,1,1,1,1,0,1,1,1,1,1,1,1,1,1,1,0,1,1,1,1,0,0,0,,-1,-1,-1,-1,-1,-1,-1,1,1,-1,-1,0,0,0,0,0,0,0,0,0,0,0,0,0,0,0,0,,,,1,1,1,0,0,0,0,0,0,0,0,0,0,0,0,0,-1,-1,1,1,-1,-1,-1,-1,1,-1,-1,1,1,1,1,0,0,0,0,0,0,1,0,0,0,0,1,0,0,0,0,1,1,1,1,1,1,0,0,1,1,1,1,1,0,0,1,1,1,1,1,1,1,1,1,0,0,0,0,0,0,0,0,-1,0,1,0,0,0,0,0,0,0,0,0,0,0,0,1,0,0,0,0,0,0,0,0,0,0,1,0,0,0,0,0,0,0,0,0,0,0,0,0,0,0,0,0,0,0,0,0,0,0,0,0,0,0,127,116,11,35.57,305,54,4
enersave_2016,-1,-1,-1,-1,-1,0,0,0,-1,-1,-1,-1,-1,-1,-1,-1,-1,-1,0,0,1,0,-1,-1,0,1,1,-1,-1,1,1,0,0,-1,0,0,0,0,1,1,1,1,0,1,0,1,1,1,0,0,1,0,0,0,1,0,0,0,0,0,1,1,0,1,1,1,1,1,0,0,0,1,1,0,-1,-1,0,0,0,0,0,0,0,0,-1,-1,0,0,0,0,0,0,0,0,0,0,0,0,0,0,0,0,0,1,0,1,0,0,-1,-1,0,0,0,0,0,0,0,0,0,0,0,0,0,1,1,0,0,0,0,0,0,-1,0,-1,-1,0,0,1,1,1,0,-1,-1,-1,0,0,0,1,,1,1,0,0,0,0,1,0,1,0,0,0,0,0,0,0,0,0,0,0,0,0,0,1,1,0,1,1,1,1,1,0,1,0,1,1,1,0,1,1,1,0,1,0,0,1,1,0,0,,-1,-1,-1,-1,1,-1,-1,1,0,0,0,0,0,0,0,0,0,0,-1,-1,-1,-1,0,0,0,0,0,0,,,,0,0,0,0,0,0,0,0,0,0,0,0,0,0,0,0,1,1,-1,-1,-1,1,-1,-1,1,1,1,1,1,1,1,1,0,0,1,1,1,1,0,0,0,0,1,0,0,0,0,0,0,0,0,1,1,0,0,1,1,0,1,1,0,1,1,0,0,1,1,1,1,0,1,1,1,1,1,1,1,1,1,-1,0,1,1,1,1,1,1,1,1,0,0,-1,0,-1,0,1,1,0,0,0,-1,0,1,0,0,1,0,0,1,1,0,0,0,-1,0,0,1,0,0,0,0,0,0,0,0,0,0,0,0,-1,0,0,0,107,86,21,29.97,305,53,5
solarkal_2016,1,1,1,1,1,0,0,0,-1,-1,-1,-1,-1,-1,-1,1,1,0,0,0,1,0,0,0,0,0,0,0,0,1,1,0,0,0,0,-1,0,0,0,0,-1,1,0,0,0,1,1,1,1,0,1,0,0,0,1,0,0,-1,0,0,0,1,1,1,1,1,1,0,0,0,0,-1,0,-1,0,0,-1,-1,0,0,0,0,-1,-1,0,0,0,0,0,0,0,0,0,0,0,0,0,0,0,0,0,0,0,-1,0,1,0,0,0,0,0,0,0,0,0,0,0,0,0,0,0,0,0,1,1,0,0,0,0,0,0,1,0,1,1,0,1,1,1,1,0,1,1,1,0,1,0,1,1,-1,1,1,1,0,0,0,0,0,0,0,0,0,0,0,0,0,1,1,1,0,0,0,-1,-1,0,1,1,1,1,1,0,1,0,1,1,1,0,1,1,1,0,1,0,0,0,1,0,0,1,-1,-1,-1,-1,1,-1,-1,-1,0,0,1,1,0,0,0,0,0,0,-1,-1,-1,0,0,0,-1,-1,0,0,,,,0,0,0,0,0,0,0,0,0,-1,-1,-1,0,0,0,0,-1,-1,-1,-1,-1,-1,-1,1,1,-1,-1,1,1,1,1,0,0,0,-1,-1,-1,1,0,0,0,0,1,0,0,0,0,1,1,-1,-1,0,0,0,0,1,1,1,0,0,0,0,-1,0,-1,1,1,1,-1,0,1,-1,1,1,-1,1,1,1,1,-1,0,1,-1,1,1,1,1,1,-1,0,0,-1,1,-1,1,1,1,0,0,0,1,0,1,-1,-1,1,1,0,-1,1,-1,1,0,-1,0,1,1,-1,-1,1,1,0,0,0,0,0,0,0,0,0,1,0,0,107,88,19,29.97,294,66,3
next_wave_motors_llc_2016,0,0,-1,-1,-1,0,0,0,0,0,0,0,0,0,0,-1,-1,0,0,0,-1,0,0,0,0,0,-1,0,0,1,1,0,0,0,-1,0,0,0,1,-1,0,1,0,0,0,-1,-1,-1,1,0,-1,0,0,0,0,0,0,0,0,0,1,1,-1,-1,-1,1,1,0,0,0,0,1,1,0,-1,1,-1,0,0,0,1,-1,1,1,0,0,1,1,-1,1,1,0,-1,-1,-1,-1,0,0,0,-1,-1,-1,-1,1,1,0,0,0,0,0,0,0,0,0,0,0,0,0,0,0,0,0,0,0,0,0,0,0,0,0,0,0,0,0,0,0,0,0,0,0,0,0,0,0,0,0,0,1,1,1,-1,1,1,0,0,0,0,1,-1,-1,1,-1,0,0,-1,-1,0,0,0,0,-1,0,1,1,-1,1,1,1,1,1,0,1,0,1,1,1,0,1,1,1,0,-1,0,0,-1,1,-1,1,1,-1,-1,-1,-1,-1,-1,-1,-1,-1,-1,-1,-1,-1,-1,-1,-1,-1,-1,-1,-1,-1,-1,-1,-1,0,0,-1,-1,,,,0,0,0,0,0,0,0,0,0,0,0,0,0,0,0,0,-1,-1,-1,-1,1,-1,-1,-1,1,0,0,-1,-1,-1,0,-1,1,-1,-1,-1,-1,1,-1,-1,0,0,1,0,0,0,0,0,0,0,-1,-1,1,0,0,-1,1,1,0,0,0,0,1,1,1,1,1,1,-1,-1,1,1,1,0,1,0,1,0,0,0,0,1,0,1,0,0,0,0,0,0,-1,-1,1,1,0,0,0,-1,-1,1,1,1,1,1,0,0,0,0,0,0,1,1,0,0,1,-1,1,1,1,1,0,0,0,0,1,0,0,0,0,1,0,-1,0,82,67,15,22.97,267,93,3
illucen_2016,-1,-1,-1,-1,-1,-1,-1,-1,-1,-1,-1,0,0,0,0,1,1,0,0,0,1,0,0,0,0,1,1,1,1,-1,-1,0,0,0,1,1,-1,0,1,0,1,1,0,0,0,1,1,1,0,0,0,0,0,0,-1,0,0,0,0,0,-1,0,0,0,0,1,1,0,0,0,0,1,1,0,0,0,0,0,0,0,1,1,1,1,0,0,1,1,0,1,0,0,0,0,0,0,0,0,0,0,0,0,0,1,0,0,0,0,0,0,0,0,0,0,0,0,0,0,0,0,0,0,0,0,0,0,0,0,0,0,0,0,0,1,1,0,0,0,0,0,0,1,1,1,0,0,0,1,-1,-1,0,1,1,0,0,0,0,1,0,0,0,0,0,0,0,0,0,0,0,0,0,0,1,1,0,1,1,1,1,1,0,1,-1,-1,1,1,0,1,1,1,0,0,0,0,1,1,0,0,-1,-1,-1,-1,-1,-1,-1,-1,-1,-1,-1,1,1,0,0,0,0,-1,-1,-1,-1,-1,0,0,0,0,0,0,0,,,,0,0,0,0,0,0,0,0,0,0,0,0,0,0,0,0,1,1,1,1,-1,-1,-1,1,1,-1,-1,1,1,1,0,-1,-1,0,-1,-1,-1,1,1,1,0,0,1,-1,-1,-1,0,1,1,1,-1,-1,-1,0,0,1,1,1,1,1,0,0,-1,-1,1,1,1,1,-1,0,1,1,-1,0,1,1,-1,1,1,-1,0,1,1,1,1,1,1,0,0,0,0,1,1,0,0,1,1,0,0,0,-1,0,1,0,0,1,0,0,0,-1,0,-1,0,0,1,1,,0,0,1,1,0,0,0,0,0,0,0,0,-1,0,0,0,100,87,13,28.01,297,62,4
bike_leap_2016,0,0,0,0,0,0,0,0,0,0,0,0,0,0,0,0,0,0,0,0,0,0,0,0,0,0,0,0,0,1,1,0,-1,0,0,0,0,0,1,1,1,1,0,0,0,0,0,0,0,0,1,1,0,0,1,1,0,-1,0,0,1,1,0,0,0,1,1,0,0,0,0,-1,1,0,0,1,0,-1,0,0,0,0,0,0,0,0,0,0,1,1,0,0,0,0,0,0,0,0,0,0,0,0,0,1,-1,1,-1,-1,1,1,0,0,1,1,1,0,0,0,0,0,0,0,0,1,1,0,0,0,0,0,0,0,0,1,1,0,1,1,1,1,0,1,1,1,1,1,1,1,0,1,0,1,1,0,0,0,0,0,0,0,0,0,0,0,0,0,1,1,0,0,0,0,1,1,0,1,1,1,1,1,0,1,0,1,1,1,-1,1,1,1,0,0,0,0,1,1,0,0,0,,1,1,0,-1,-1,-1,-1,0,0,0,0,0,0,0,0,0,0,-1,-1,-1,0,0,0,0,0,1,0,,,,0,0,0,0,0,0,0,0,0,-1,-1,-1,0,0,0,0,-1,-1,1,1,-1,-1,-1,-1,1,0,0,1,1,1,0,0,0,0,0,0,0,1,0,0,1,1,1,0,0,1,0,1,1,0,1,1,0,0,0,-1,1,-1,1,1,0,-1,1,1,0,1,1,1,0,0,1,1,1,0,1,1,1,0,1,0,0,1,1,1,1,1,1,0,1,0,0,0,0,0,1,1,1,0,0,0,1,1,1,0,0,1,0,0,0,0,1,-1,0,0,0,0,1,0,0,0,0,0,0,0,0,0,0,0,0,1,1,1,0,113,93,20,31.65,331,28,4
cisbay_2016,-1,-1,-1,-1,-1,-1,-1,-1,-1,-1,-1,-1,-1,-1,-1,1,1,0,1,1,1,-1,0,0,-1,1,-1,0,0,1,1,-1,-1,-1,0,1,1,-1,-1,-1,-1,1,1,-1,-1,-1,1,1,1,-1,-1,1,1,-1,1,-1,0,1,1,0,1,0,-1,-1,-1,-1,-1,-1,-1,-1,-1,1,-1,0,0,0,-1,-1,-1,-1,1,-1,1,1,1,1,-1,-1,1,1,1,-1,-1,-1,-1,-1,0,0,0,,1,1,1,1,1,0,0,0,0,0,0,0,0,0,0,0,0,0,0,0,0,0,0,0,0,0,0,0,0,0,0,1,0,1,1,0,1,0,0,0,0,-1,-1,-1,0,0,-1,1,0,1,-1,1,1,1,-1,1,-1,1,-1,1,0,0,0,-1,0,0,0,0,0,1,0,0,0,1,0,-1,1,-1,1,-1,1,0,0,-1,1,1,0,0,-1,-1,-1,-1,0,0,-1,1,-1,1,,-1,1,1,-1,-1,-1,-1,-1,-1,-1,1,1,0,0,0,0,-1,-1,-1,-1,-1,-1,-1,-1,-1,-1,-1,0,,,,0,0,0,0,0,0,0,0,,0,0,0,0,0,0,-1,1,1,-1,-1,1,-1,-1,-1,1,1,1,1,1,1,-1,-1,1,1,1,1,1,1,1,1,0,0,1,0,0,-1,0,1,1,1,1,1,-1,0,0,1,1,1,1,1,0,0,1,1,-1,1,1,1,1,1,1,1,1,0,1,1,1,1,-1,1,-1,1,1,1,-1,-1,-1,-1,1,1,0,1,1,1,-1,1,1,0,0,0,,0,0,0,0,1,0,0,0,1,-1,0,1,-1,-1,1,-1,0,0,1,0,0,0,0,0,1,0,0,0,-1,0,-1,0,119,98,21,33.33,240,116,7
biogenic_energy_inc_2016,-1,-1,-1,-1,-1,-1,-1,-1,-1,-1,-1,-1,-1,-1,-1,-1,-1,-1,-1,-1,1,0,0,0,0,1,1,1,1,1,1,0,0,0,0,1,0,0,1,1,0,1,0,0,0,1,1,1,1,0,0,-1,1,0,1,1,0,1,1,0,0,-1,-1,0,0,0,0,0,-1,-1,0,1,0,0,0,0,1,1,0,1,1,0,0,0,0,0,-1,-1,0,0,1,0,0,0,0,0,0,0,0,-1,-1,-1,-1,-1,-1,1,0,0,0,0,0,0,-1,-1,-1,0,0,0,0,0,0,0,0,1,1,0,0,0,0,0,0,0,0,1,1,0,0,1,1,1,0,1,1,1,0,1,-1,1,0,1,0,1,1,0,0,0,0,0,0,-1,0,0,0,0,0,0,0,0,0,0,-1,-1,0,-1,0,-1,-1,0,-1,0,0,0,0,0,-1,-1,0,0,-1,-1,0,0,0,0,0,-1,0,0,1,0,0,0,-1,-1,-1,-1,-1,1,1,1,1,-1,-1,0,0,-1,-1,0,0,0,-1,0,0,0,0,0,0,,,,0,0,0,0,0,0,0,0,0,0,0,0,0,0,0,0,1,1,-1,-1,-1,-1,-1,-1,1,0,0,1,1,1,-1,-1,-1,-1,1,1,1,1,1,1,0,0,1,0,0,0,0,1,1,1,1,1,1,0,0,1,1,1,1,1,0,-1,1,1,0,1,1,1,1,0,1,1,1,1,0,1,-1,1,-1,1,0,0,1,0,0,0,0,0,0,0,0,1,1,-1,-1,1,1,0,0,0,-1,-1,1,0,0,1,0,0,-1,1,0,1,0,0,0,1,1,1,1,1,1,1,1,1,1,0,0,0,0,0,1,1,0,105,86,19,29.41,283,77,3
foris_io_inc_2016,-1,-1,-1,-1,-1,0,0,0,-1,-1,-1,1,1,1,1,1,1,0,1,1,1,1,1,1,0,1,1,0,0,1,1,0,-1,-1,0,1,1,-1,1,0,0,1,0,0,0,1,1,1,1,0,1,0,0,0,0,0,0,0,0,0,1,0,0,0,0,1,1,1,1,1,1,1,1,-1,1,1,0,0,1,0,1,0,-1,-1,0,0,0,0,0,0,0,0,0,0,0,0,0,0,0,0,0,0,0,0,0,1,0,0,0,0,0,0,0,0,0,0,0,0,0,0,0,0,0,1,1,0,0,0,0,0,-1,0,0,1,1,0,1,1,1,1,1,1,1,1,1,1,0,1,0,1,1,1,1,-1,1,0,0,1,0,0,0,0,0,0,0,0,1,1,1,0,1,0,1,1,0,1,1,1,1,1,0,1,0,1,1,1,0,1,1,1,0,0,0,0,1,1,0,0,1,,0,0,0,-1,-1,-1,0,0,0,-1,-1,0,0,0,0,0,0,0,0,0,1,0,0,0,0,0,0,,,,0,0,0,0,0,0,0,0,0,0,0,0,0,0,0,0,0,0,0,0,-1,-1,-1,-1,1,0,0,0,0,0,0,0,0,0,0,0,0,1,0,0,0,0,1,0,0,1,0,1,1,0,1,1,1,0,0,1,1,1,1,1,0,0,1,1,1,1,1,1,-1,0,1,0,1,1,1,0,1,-1,0,0,0,1,0,1,0,0,0,0,1,0,0,0,0,0,1,1,0,0,0,0,1,0,1,0,1,-1,1,0,0,1,0,1,0,0,0,1,0,1,1,1,1,1,1,1,0,0,0,0,0,1,0,1,0,128,107,21,35.85,331,28,4
howpower_2016,-1,-1,-1,-1,-1,0,0,0,-1,-1,-1,-1,-1,-1,-1,-1,-1,-1,-1,-1,-1,1,1,1,-1,1,1,0,0,1,1,0,0,0,0,0,0,0,1,1,1,1,0,0,0,0,0,0,0,0,0,1,0,0,1,-1,1,0,0,0,0,0,0,0,0,0,0,0,0,0,-1,-1,0,0,0,0,1,-1,0,0,0,0,0,0,1,0,1,1,0,1,0,0,0,0,0,0,0,0,0,0,0,0,0,1,1,1,1,1,1,1,-1,0,1,1,1,1,1,1,1,0,0,0,0,1,1,0,0,0,0,0,0,1,0,1,1,-1,1,1,1,1,0,1,1,1,0,-1,1,1,0,0,1,0,0,0,0,0,0,1,0,1,0,0,0,0,1,0,1,0,0,0,0,-1,0,0,1,1,1,1,1,1,0,1,0,1,1,1,0,1,0,1,0,-1,0,0,0,1,1,0,0,,1,1,1,1,1,1,1,-1,-1,-1,-1,0,0,0,0,1,1,,1,1,1,1,1,1,1,1,-1,,,,0,0,0,0,0,0,0,0,0,0,0,0,0,0,0,0,1,1,-1,-1,1,1,1,1,1,0,0,1,1,1,1,0,0,0,0,0,0,-1,1,1,1,1,1,1,1,-1,1,1,1,1,1,1,-1,-1,0,0,-1,-1,1,1,1,0,1,1,1,1,1,1,1,1,1,1,1,-1,1,-1,1,1,-1,0,1,1,0,1,1,1,1,0,1,1,1,1,1,1,1,-1,-1,-1,1,1,0,1,1,1,1,1,1,0,0,-1,-1,0,1,0,1,0,1,0,0,0,-1,0,0,0,0,0,0,0,-1,1,0,0,-1,149,132,17,41.74,306,52,5
hydrocore_inc_2016,-1,-1,-1,-1,-1,-1,-1,-1,-1,-1,-1,-1,-1,-1,-1,1,1,-1,1,1,1,1,1,1,0,1,1,1,1,1,1,0,0,0,0,1,1,0,1,1,0,1,1,0,-1,0,-1,1,1,0,0,1,1,1,1,1,1,0,0,0,1,0,0,0,0,-1,-1,1,0,0,0,1,0,0,0,-1,0,0,-1,1,1,1,1,1,1,-1,0,0,1,1,-1,1,,1,1,1,-1,-1,-1,,,,,1,1,1,1,1,1,1,1,0,1,1,1,-1,-1,-1,-1,0,0,1,1,1,1,0,0,1,1,0,0,1,-1,1,1,0,0,1,1,1,0,1,1,1,0,0,-1,1,0,0,-1,0,0,0,0,1,0,1,1,1,1,1,-1,0,1,1,1,0,0,0,-1,-1,0,1,1,0,0,1,0,1,0,0,0,0,0,1,0,1,0,0,0,0,0,0,0,1,0,0,0,,1,1,-1,-1,-1,-1,-1,-1,-1,1,1,1,1,1,1,1,1,,1,1,1,1,1,0,0,0,1,,,,0,0,,0,0,0,0,0,0,-1,-1,-1,0,0,,0,1,1,-1,-1,-1,-1,-1,-1,1,1,1,1,1,1,0,0,0,0,-1,-1,-1,1,0,0,0,0,1,0,0,0,0,1,1,1,1,0,0,0,0,1,1,1,1,1,0,0,1,1,1,1,1,1,1,0,0,1,1,1,0,1,1,1,0,0,1,1,0,1,0,0,0,0,0,0,0,1,1,1,1,1,0,0,0,0,0,0,-1,0,0,0,0,0,0,1,-1,1,0,1,0,0,0,0,0,1,0,0,0,0,0,0,0,1,0,0,1,1,-1,149,132,17,41.74,292,59,12
micronoc_2016,-1,-1,-1,-1,-1,0,0,0,1,1,1,1,1,1,1,,,,,,,,,,,,,,,1,1,0,0,-1,0,1,0,0,1,1,1,1,1,0,0,0,-1,-1,0,0,0,1,1,0,1,-1,-1,0,1,1,-1,1,0,1,1,1,1,1,0,0,-1,1,-1,0,0,1,1,1,0,-1,1,0,1,1,1,1,1,1,1,1,1,1,-1,-1,-1,-1,0,0,0,,1,1,1,1,1,-1,0,0,0,0,0,0,0,0,0,0,0,0,0,0,0,0,0,-1,-1,0,0,0,0,0,0,1,0,1,1,0,-1,-1,-1,-1,0,-1,-1,-1,0,-1,0,1,0,0,0,0,0,0,0,1,-1,1,-1,-1,-1,0,-1,-1,1,1,-1,1,-1,1,0,-1,0,-1,-1,-1,0,-1,0,-1,-1,0,0,0,0,0,1,-1,0,0,-1,-1,-1,1,1,1,-1,0,0,-1,-1,-1,-1,-1,-1,1,-1,1,1,1,1,1,1,0,0,-1,-1,-1,-1,-1,1,0,0,-1,0,-1,0,,,,0,0,,0,0,0,0,0,,0,0,0,0,0,,0,1,1,1,1,1,-1,-1,-1,1,1,1,1,1,1,-1,1,-1,-1,0,0,0,1,1,1,-1,-1,1,-1,-1,-1,0,1,1,-1,1,1,-1,0,0,-1,1,1,1,1,-1,0,1,1,1,1,1,1,-1,-1,0,-1,1,0,1,0,0,0,0,0,0,1,0,1,1,1,1,1,1,1,0,1,0,1,1,1,0,0,0,0,1,1,1,0,0,1,1,0,0,1,0,0,0,0,0,0,1,1,1,0,0,0,0,0,0,0,0,0,0,0,1,0,0,122,108,14,34.17,261,81,21
roshan_energy_2016,-1,-1,-1,-1,-1,0,0,0,-1,-1,-1,-1,-1,-1,-1,1,1,0,-1,-1,1,1,-1,-1,1,1,1,1,1,1,1,0,0,0,0,0,0,0,1,1,1,-1,0,0,0,0,0,0,-1,0,0,0,1,0,1,0,0,0,0,0,0,-1,0,1,1,1,1,1,0,0,1,1,0,0,0,-1,1,-1,0,0,1,0,-1,-1,0,0,-1,-1,0,1,1,0,0,0,0,0,0,0,0,0,0,0,0,1,0,1,0,0,0,0,0,0,0,0,0,0,0,0,0,0,0,0,0,1,1,0,0,0,0,0,0,0,0,1,1,-1,0,1,1,-1,0,1,1,1,0,1,0,1,0,1,-1,-1,1,0,0,0,0,0,0,0,0,0,0,0,0,0,0,0,0,0,0,0,0,0,1,0,1,1,0,0,0,0,-1,1,1,1,1,1,1,1,1,0,1,1,1,1,0,0,0,0,1,1,-1,-1,-1,-1,-1,1,1,0,0,0,0,0,0,1,1,0,0,0,1,0,0,-1,0,-1,0,,,,0,0,0,0,0,,0,0,0,-1,-1,-1,0,0,0,0,-1,-1,1,1,-1,-1,-1,-1,1,1,1,1,1,1,1,1,1,1,1,1,1,1,1,1,1,1,1,-1,-1,1,1,1,1,1,1,1,0,0,1,0,1,1,1,1,-1,0,1,1,1,1,1,1,1,-1,1,1,1,1,1,-1,1,1,1,1,1,1,0,1,1,1,1,0,0,1,0,1,1,1,1,1,-1,0,1,1,1,-1,1,1,1,1,1,-1,-1,1,1,0,1,-1,0,0,1,0,0,1,0,1,1,1,1,1,0,1,0,1,1,0,0,146,127,19,40.9,303,56,4
sidco_homes_2016,-1,-1,-1,-1,-1,0,0,0,-1,-1,-1,-1,-1,-1,-1,1,1,0,-1,-1,1,0,0,0,1,1,1,-1,-1,,,,,,,,,,,,,,,,,,,,,,,,,,,,,,,,,,,,,,,,,,,,,,,,,,,,,,,,,,,,,,,,,,,,,,,,,,,,,-1,0,0,0,0,-1,0,0,0,0,0,0,0,0,0,0,0,0,-1,-1,0,0,0,0,0,0,0,0,0,0,0,0,0,0,0,0,0,0,0,-1,-1,0,1,0,-1,1,-1,0,0,0,1,0,-1,-1,-1,0,0,-1,0,0,0,0,0,0,-1,0,-1,0,-1,-1,-1,1,-1,-1,0,0,-1,0,-1,1,-1,0,0,0,-1,0,0,0,0,0,1,0,0,0,-1,0,0,-1,-1,-1,-1,-1,0,0,-1,-1,0,0,0,0,1,1,0,0,0,0,-1,-1,0,0,0,-1,,,,0,0,0,0,0,0,0,0,0,0,0,0,0,0,0,0,-1,-1,0,0,-1,-1,-1,-1,1,0,0,0,0,0,1,1,1,0,1,1,1,0,1,1,1,1,1,-1,-1,-1,0,0,0,0,0,0,0,0,0,1,1,1,1,1,0,-1,1,1,-1,1,1,1,-1,0,0,0,0,0,0,0,0,0,0,0,0,0,0,0,0,0,0,0,0,0,0,0,0,0,0,0,0,0,0,0,0,0,0,0,0,0,0,0,0,0,0,0,0,0,0,0,0,0,0,0,0,0,0,0,0,0,0,0,0,0,0,0,0,36,36,0,10.08,222,62,79
solar_hydrogen_holdings_inc_2016,-1,-1,-1,-1,-1,0,0,0,-1,-1,-1,-1,-1,-1,-1,0,0,0,0,0,0,0,0,0,0,0,0,0,0,1,1,0,0,0,0,1,0,0,0,0,0,1,0,0,0,1,1,1,1,0,0,0,0,0,0,0,0,0,0,0,1,0,0,0,0,1,1,0,0,0,0,0,1,0,0,0,0,0,0,0,1,0,0,0,1,0,1,1,0,1,1,0,-1,-1,-1,-1,-1,-1,-1,-1,-1,-1,-1,1,1,0,0,0,0,0,0,0,0,0,0,0,0,0,0,0,0,0,0,0,0,0,0,0,0,0,0,0,0,0,0,0,0,0,0,0,0,0,0,0,0,0,0,1,0,1,0,1,1,0,0,0,0,1,1,1,1,0,0,0,0,0,0,0,0,0,0,0,1,1,0,1,1,1,1,1,0,1,0,1,1,1,0,1,1,1,0,0,0,0,1,1,0,1,1,0,-1,-1,-1,-1,-1,-1,-1,1,1,0,0,1,1,0,0,0,0,0,0,0,0,0,0,0,0,0,0,,,,0,0,0,0,0,0,0,0,0,0,0,0,0,0,0,0,0,0,0,0,1,-1,1,-1,1,1,1,0,0,0,1,1,1,1,0,0,0,1,1,1,0,0,0,0,0,1,0,0,0,0,1,1,1,0,0,0,1,0,0,0,0,0,0,0,1,1,1,1,0,0,1,0,1,1,0,1,0,0,0,0,1,1,0,0,1,1,1,0,0,0,0,0,1,1,0,0,0,0,0,1,0,0,0,0,1,1,0,0,1,1,1,1,0,0,0,-1,1,0,0,1,0,0,0,0,0,0,0,0,1,1,0,1,0,94,80,14,26.33,327,33,3
solensphere_llc_2016,0,0,0,0,0,0,0,0,0,0,0,-1,-1,-1,-1,-1,-1,1,-1,-1,0,0,0,0,-1,0,0,1,1,1,1,0,0,0,0,0,0,0,1,0,0,1,0,0,0,0,0,0,0,0,0,0,0,0,0,0,0,0,0,0,0,0,0,0,0,1,1,-1,0,0,0,-1,1,-1,0,0,0,0,0,0,0,0,0,0,0,0,1,1,0,0,0,0,-1,-1,-1,-1,0,0,0,-1,-1,-1,-1,-1,0,0,0,0,0,0,0,0,0,0,0,0,0,0,0,0,0,0,0,0,0,0,0,0,0,0,0,0,0,0,0,0,0,0,0,0,0,0,0,0,0,0,0,1,0,1,0,1,1,0,-1,0,0,1,1,1,0,0,0,0,0,0,0,0,0,0,0,0,1,1,0,1,-1,1,1,1,0,1,0,1,1,1,0,1,1,1,0,0,-1,0,1,1,-1,1,1,0,-1,-1,-1,-1,-1,-1,-1,0,0,0,0,0,0,0,0,0,0,0,0,0,0,-1,-1,0,0,-1,-1,,,,0,0,0,0,0,0,0,0,0,0,0,0,0,0,0,0,0,0,0,0,-1,-1,-1,-1,1,0,0,0,0,0,0,0,1,0,0,0,0,1,0,0,0,0,-1,0,0,0,0,0,0,1,0,0,1,-1,0,-1,1,1,1,1,0,1,1,1,1,1,1,1,0,0,1,0,0,1,-1,1,1,1,0,-1,0,1,1,1,1,1,1,0,0,0,-1,0,0,1,0,1,1,0,0,0,0,0,0,1,1,1,1,0,0,1,0,1,0,0,0,1,1,0,0,0,-1,0,0,0,0,0,0,0,0,-1,0,0,0,74,62,12,20.73,312,48,3
sunswarm_community_solar_market_2016,-1,-1,-1,-1,-1,-1,-1,-1,-1,-1,-1,-1,-1,-1,-1,0,0,0,0,0,0,0,0,0,0,1,0,1,1,1,1,0,0,0,0,1,0,0,1,1,1,1,0,0,0,1,1,1,1,0,0,0,1,0,1,1,0,1,1,-1,0,0,1,,,1,1,0,0,0,0,1,-1,0,0,0,0,0,0,0,-1,0,-1,-1,0,0,1,1,0,0,1,0,0,0,0,0,0,0,0,,1,1,1,0,0,1,0,0,0,0,0,0,0,0,0,0,0,0,0,0,0,0,0,1,1,0,0,0,0,0,0,0,0,1,1,0,1,1,1,1,0,0,0,0,0,0,0,1,0,1,0,-1,1,-1,0,0,0,0,0,0,0,0,0,0,1,1,0,0,0,0,0,0,1,1,0,1,1,1,1,1,0,1,0,1,1,1,0,1,1,1,0,0,0,0,0,1,0,0,0,0,0,0,-1,-1,-1,-1,-1,-1,-1,1,1,0,0,0,0,0,0,0,0,0,0,-1,-1,0,0,0,0,,,,0,0,0,0,0,0,0,0,0,0,0,0,0,0,0,-1,1,1,0,0,1,-1,-1,-1,1,0,0,1,1,1,0,0,0,0,0,0,0,1,0,0,0,0,1,0,0,0,0,1,1,1,1,0,1,0,0,0,1,-1,1,1,0,0,1,1,0,1,1,1,1,0,1,1,1,0,0,0,1,1,0,1,0,-1,0,0,0,0,0,0,0,0,0,1,1,0,1,1,0,0,0,1,0,1,1,0,0,1,0,0,0,,0,1,0,0,0,0,1,0,0,0,0,0,0,0,1,0,0,0,0,0,1,0,0,101,84,17,28.29,319,37,7
utilityscore_2016,-1,-1,1,1,1,0,0,0,1,1,1,1,1,1,1,0,0,0,0,0,0,1,0,0,0,-1,0,0,0,1,1,0,0,0,0,-1,0,0,1,1,1,1,-1,-1,0,0,1,1,1,0,0,-1,1,0,1,1,1,0,1,,-1,-1,0,0,0,0,0,1,0,0,0,0,-1,0,0,1,0,0,0,0,0,0,0,0,1,1,-1,-1,1,1,1,-1,-1,-1,-1,-1,0,0,0,,1,1,1,1,1,0,0,0,0,0,0,0,-1,-1,0,0,0,0,0,0,0,0,0,0,0,-1,-1,0,0,0,0,0,0,1,1,-1,-1,0,0,0,0,1,1,1,0,0,0,1,0,-1,-1,0,0,0,0,0,0,1,1,1,1,0,0,1,0,0,0,0,0,1,1,0,0,1,1,1,0,1,0,0,1,1,0,0,0,0,0,0,0,0,0,-1,0,0,0,0,1,0,0,-1,1,1,-1,-1,-1,-1,-1,1,1,-1,-1,1,1,0,0,-1,-1,,1,1,0,-1,-1,0,0,0,0,,,,0,0,,0,0,,0,0,,-1,-1,-1,0,0,0,0,1,1,1,1,-1,-1,-1,-1,1,1,1,1,1,1,0,-1,0,0,0,0,0,1,-1,-1,0,0,1,0,0,0,0,1,1,1,1,1,0,0,0,-1,1,1,1,1,0,0,1,1,1,1,1,1,1,0,1,1,1,0,0,1,1,1,-1,-1,0,1,0,1,1,1,1,1,1,0,0,-1,0,0,0,1,-1,0,0,0,-1,1,1,1,0,0,0,0,0,0,0,-1,0,1,0,0,1,0,0,1,0,0,0,0,0,0,0,1,0,0,0,0,1,115,97,18,32.21,299,55,9
waterbit_inc_2016,-1,-1,-1,-1,-1,-1,-1,-1,-1,-1,-1,-1,-1,-1,-1,1,1,-1,1,1,1,1,0,0,-1,1,1,-1,-1,1,1,0,0,1,1,1,0,0,1,0,-1,1,0,0,0,1,1,1,1,0,-1,-1,-1,-1,1,1,-1,-1,-1,0,0,-1,0,1,1,1,1,-1,0,0,0,1,1,0,0,1,1,1,0,0,-1,0,-1,-1,-1,0,0,0,0,-1,-1,-1,-1,-1,-1,-1,0,0,0,-1,-1,-1,-1,1,0,1,-1,-1,0,0,-1,0,-1,-1,0,0,0,0,0,0,0,0,0,1,1,0,0,0,0,0,0,0,0,-1,-1,0,0,1,1,-1,-1,1,1,1,0,-1,-1,-1,0,-1,0,-1,-1,0,0,0,0,1,0,1,1,0,0,1,1,0,0,0,-1,0,0,0,0,-1,0,-1,-1,-1,-1,-1,0,-1,0,-1,-1,-1,0,-1,-1,-1,0,0,0,0,-1,-1,0,0,0,,0,0,0,0,-1,-1,-1,0,0,0,0,0,0,0,0,0,0,0,0,0,0,0,0,0,0,0,0,,,,0,0,0,0,0,0,0,0,0,0,0,0,0,0,0,0,0,0,0,0,-1,-1,-1,0,1,1,1,1,1,1,0,-1,1,1,1,1,1,1,0,0,0,0,1,1,1,1,0,1,1,1,-1,-1,1,0,0,0,1,1,1,1,0,0,1,1,1,1,1,1,0,0,1,1,1,1,1,1,1,1,1,1,0,1,1,1,1,1,1,1,1,0,0,-1,1,1,1,1,1,-1,-1,0,1,-1,1,-1,-1,1,1,1,1,1,1,-1,-1,0,0,1,1,-1,-1,-1,-1,-1,-1,-1,0,0,0,0,0,0,0,0,0,107,84,23,29.97,260,99,4
drop_on_solar_2016,-1,-1,-1,-1,-1,0,0,0,-1,-1,-1,-1,-1,-1,-1,-1,-1,0,1,1,1,1,1,1,0,1,1,1,1,1,1,,1,1,1,1,1,1,1,1,1,1,1,1,1,1,,,1,,,1,1,1,1,1,1,1,-1,,,1,1,1,1,1,1,1,1,1,1,1,1,1,1,1,1,1,1,0,1,0,-1,-1,1,1,1,1,1,1,1,-1,-1,-1,-1,-1,-1,-1,-1,-1,-1,-1,-1,1,1,1,1,1,1,1,1,1,1,1,1,1,1,1,1,1,1,1,1,1,1,1,1,1,1,1,1,1,1,1,1,1,1,1,1,1,1,1,1,1,1,1,1,1,1,-1,1,1,1,1,1,1,1,1,1,1,1,1,1,1,1,1,1,1,1,1,1,1,1,1,1,1,1,1,1,1,1,1,1,1,1,1,1,1,1,1,1,1,1,1,1,1,1,1,1,0,1,1,1,1,1,1,1,-1,-1,-1,-1,-1,-1,-1,-1,1,1,,1,1,1,1,1,0,0,1,0,,,,1,0,0,0,0,0,0,0,0,-1,-1,-1,0,0,0,0,1,1,1,1,1,1,1,1,1,-1,-1,0,0,0,1,1,1,1,0,0,0,1,1,1,1,1,1,0,0,-1,0,1,1,1,1,1,1,0,0,1,1,1,1,1,0,0,1,1,1,1,1,1,1,-1,1,1,1,-1,1,1,1,1,1,1,1,1,1,,1,1,1,1,1,-1,1,,1,1,1,1,1,-1,1,1,1,1,1,1,1,1,1,1,1,1,1,1,1,1,-1,1,1,1,1,1,1,1,1,1,1,1,1,1,1,-1,-1,0,1,262,227,35,73.39,299,51,13
tinyfarms_2017,-1,-1,-1,-1,-1,,1,1,-1,-1,-1,1,1,1,1,1,1,1,1,1,-1,0,1,1,0,1,-1,1,1,1,1,0,0,1,0,1,0,0,0,0,1,-1,0,0,0,0,0,0,0,0,0,1,-1,0,1,-1,0,0,0,0,0,1,0,0,0,-1,-1,0,0,0,0,0,0,0,0,0,1,0,0,0,1,0,-1,-1,1,0,0,0,0,0,1,0,0,0,0,0,0,0,0,-1,-1,-1,-1,1,1,0,0,0,0,0,0,0,0,0,0,0,0,0,0,0,0,0,0,0,0,0,0,0,0,0,0,0,0,0,0,0,0,0,0,0,0,0,0,0,0,0,0,1,,0,0,1,1,0,0,0,0,1,0,1,0,0,0,0,0,0,0,-1,0,0,1,0,1,1,0,1,1,1,1,1,0,1,0,1,1,1,1,1,1,1,0,1,0,0,0,1,1,0,,-1,0,0,-1,-1,-1,-1,-1,0,0,0,0,0,0,0,0,0,0,0,0,0,0,0,0,0,0,0,0,,,,0,0,0,0,0,0,0,0,0,0,0,0,0,0,0,0,0,0,-1,-1,-1,-1,-1,-1,1,1,1,1,1,1,0,-1,-1,0,0,0,0,-1,0,0,0,0,1,-1,-1,1,0,1,1,1,1,-1,1,0,0,0,1,1,1,1,0,1,1,1,0,1,1,1,-1,0,0,1,0,1,-1,-1,1,1,0,0,0,1,0,-1,1,1,1,1,0,0,0,0,1,1,0,1,1,0,1,0,1,0,1,0,0,0,0,0,1,0,0,-1,0,1,-1,0,1,0,0,0,0,0,0,0,0,0,0,0,0,-1,0,0,0,96,83,13,26.89,310,47,6
ect_services_solutions_inc_2017,-1,-1,-1,-1,-1,,1,1,0,0,0,0,0,0,0,1,1,0,-1,-1,-1,-1,0,0,-1,1,-1,-1,-1,1,1,0,0,0,0,-1,-1,0,0,0,-1,1,-1,0,0,0,0,0,-1,-1,-1,-1,1,-1,-1,1,0,-1,-1,0,-1,-1,0,0,0,-1,-1,0,-1,-1,-1,-1,1,0,0,-1,-1,-1,0,-1,0,0,0,0,1,1,0,0,1,-1,-1,0,-1,-1,-1,-1,0,0,0,0,0,0,0,1,-1,1,-1,-1,-1,-1,0,0,0,0,-1,-1,-1,-1,-1,-1,1,0,0,1,1,-1,-1,0,0,0,-1,0,-1,-1,-1,-1,-1,-1,-1,-1,0,0,0,0,-1,-1,0,0,-1,-1,-1,0,0,0,0,-1,-1,-1,-1,-1,-1,-1,0,0,0,0,0,0,-1,-1,-1,-1,0,0,0,0,0,0,0,-1,-1,0,-1,-1,0,-1,-1,0,0,0,0,-1,-1,-1,-1,-1,0,0,0,0,-1,-1,-1,-1,-1,-1,-1,0,0,0,0,0,0,-1,-1,-1,-1,-1,-1,-1,-1,0,0,-1,0,-1,-1,,,,0,0,,0,0,,0,0,,0,0,0,0,0,,-1,0,0,0,0,-1,-1,-1,-1,1,0,0,-1,-1,-1,-1,0,0,0,0,0,0,-1,0,0,0,0,-1,0,0,0,-1,1,1,-1,-1,-1,-1,-1,-1,-1,-1,0,-1,-1,-1,-1,-1,-1,-1,-1,-1,-1,-1,0,-1,0,0,0,0,0,0,0,0,0,-1,-1,-1,-1,-1,-1,-1,0,-1,0,-1,0,0,-1,-1,-1,0,0,0,0,0,0,0,-1,-1,-1,-1,0,0,-1,-1,-1,0,0,-1,-1,-1,0,0,-1,0,0,0,0,0,0,0,0,0,-1,-1,0,0,22,20,2,6.16,188,167,8
prosumergrid_inc_2017,-1,-1,-1,-1,-1,0,0,0,-1,-1,-1,1,1,1,1,1,1,0,1,1,-1,0,0,0,0,1,-1,1,1,1,1,0,1,1,0,0,0,0,1,0,-1,1,1,0,0,1,1,1,0,0,0,1,1,0,-1,1,1,0,1,1,1,-1,0,0,0,1,1,1,0,0,0,0,0,0,0,-1,0,0,0,0,0,0,-1,-1,1,1,1,1,-1,1,-1,1,0,0,0,0,0,0,0,0,0,0,0,-1,1,1,0,0,0,0,0,0,1,1,0,0,0,0,0,0,0,0,0,1,1,0,0,0,0,0,0,0,0,0,0,0,0,1,1,1,1,1,1,1,0,0,1,1,0,-1,0,0,0,0,0,0,0,0,0,0,0,0,0,0,-1,1,1,0,0,0,0,0,-1,0,0,1,1,1,1,1,0,-1,0,1,-1,0,0,0,1,1,0,-1,0,0,1,1,0,0,0,-1,1,1,1,1,1,1,1,1,1,1,1,1,1,1,1,1,1,,1,1,0,-1,-1,0,0,,1,,,,1,0,0,0,0,0,1,0,0,0,0,0,1,0,0,0,1,1,1,1,1,1,1,1,1,1,1,1,1,1,1,1,1,1,1,1,1,1,1,1,1,1,1,1,1,1,1,1,1,1,1,1,1,0,0,1,1,1,1,1,1,-1,1,1,1,1,1,1,1,1,0,1,1,0,-1,0,1,1,1,1,1,1,1,1,1,1,1,1,1,0,0,-1,1,1,0,1,1,0,1,0,1,0,-1,1,0,1,1,1,0,1,1,1,1,-1,1,1,1,1,1,1,1,1,1,1,1,1,1,1,1,1,0,-1,0,183,160,23,51.26,324,34,5
carpoolworld_2017,-1,-1,-1,-1,-1,,1,1,-1,-1,-1,1,1,1,1,1,1,0,1,1,1,0,0,0,0,1,-1,1,1,1,1,1,-1,-1,-1,1,-1,0,1,1,1,1,0,0,0,1,1,1,1,0,0,1,-1,1,1,-1,-1,0,-1,0,1,-1,0,0,0,1,1,0,0,0,-1,1,1,-1,-1,1,0,0,-1,0,0,0,-1,-1,1,-1,-1,-1,1,1,-1,-1,0,0,0,0,0,0,0,,1,1,1,1,1,-1,0,0,0,0,0,0,0,0,0,0,0,0,0,0,0,0,0,0,0,0,0,0,0,0,0,0,0,0,0,0,0,0,0,0,-1,-1,-1,-1,0,0,0,1,-1,1,1,-1,-1,0,-1,1,-1,1,1,1,1,0,0,-1,-1,-1,0,0,0,0,-1,0,1,1,-1,1,1,1,1,1,0,1,0,1,1,1,0,1,1,1,0,1,0,0,1,1,0,0,0,0,-1,-1,-1,-1,-1,1,-1,0,0,0,0,0,0,0,0,0,0,-1,-1,-1,0,1,1,0,-1,0,0,,,,0,0,0,0,0,0,0,0,0,0,0,0,0,0,0,0,1,1,-1,-1,1,-1,-1,-1,1,0,0,1,1,1,0,-1,1,-1,-1,-1,-1,1,0,0,0,0,1,-1,-1,-1,0,1,1,1,-1,0,-1,0,0,1,1,1,1,1,0,1,1,-1,1,1,1,1,1,0,1,1,1,1,1,1,0,1,0,0,0,-1,-1,-1,1,1,1,1,1,-1,1,-1,1,0,-1,0,0,0,0,-1,1,1,1,0,-1,1,0,0,1,1,-1,-1,0,0,0,1,1,1,1,1,1,1,1,1,1,1,1,-1,0,-1,0,0,0,128,109,19,35.85,276,82,5
optimus_technologies_2017,0,0,0,0,0,-1,-1,-1,0,0,0,-1,-1,-1,-1,-1,-1,,1,1,1,0,0,0,0,1,1,1,1,0,0,1,1,-1,1,-1,-1,0,1,0,1,1,1,1,1,-1,1,1,-1,0,0,1,-1,1,0,-1,0,1,0,0,1,1,0,0,0,0,0,1,1,1,1,0,0,1,0,0,1,-1,1,1,0,-1,-1,-1,1,-1,1,1,0,0,0,1,,1,1,1,0,0,0,,,,,1,0,1,0,0,0,0,0,0,0,0,1,0,0,0,0,0,-1,0,0,1,1,0,0,1,0,-1,0,0,0,0,0,0,1,0,0,0,-1,-1,-1,-1,0,-1,1,1,,1,1,1,1,0,-1,1,0,1,1,-1,1,1,1,1,1,0,0,1,0,0,0,0,-1,1,0,0,1,1,1,1,0,1,0,1,-1,-1,-1,1,1,1,0,1,0,0,0,-1,1,1,,-1,-1,-1,-1,-1,-1,-1,-1,-1,-1,-1,-1,-1,-1,-1,-1,-1,-1,-1,-1,-1,1,0,0,1,0,0,0,,,,0,0,0,0,0,0,0,0,0,0,0,0,0,0,0,0,0,0,1,1,-1,-1,-1,-1,1,1,1,1,1,1,1,0,1,1,1,1,1,0,0,0,0,0,1,1,1,0,1,1,1,0,0,0,0,0,0,1,0,0,0,0,0,0,1,0,0,-1,-1,-1,-1,1,1,0,0,0,1,0,0,0,0,0,0,1,1,0,0,0,0,0,0,0,1,1,0,1,0,0,0,0,0,0,0,0,0,0,0,0,1,0,0,0,0,0,0,0,1,0,1,0,0,0,0,0,0,0,0,0,0,0,0,0,0,1,1,110,101,9,30.81,288,64,11
aquafresco_inc_2017,-1,-1,-1,-1,-1,,1,1,-1,-1,-1,-1,-1,-1,-1,1,1,0,0,0,0,-1,0,0,0,1,0,1,1,1,1,0,0,-1,1,0,0,0,0,0,1,1,-1,-1,0,0,0,0,0,0,0,1,1,1,1,-1,0,0,-1,0,1,-1,0,0,0,1,1,0,-1,-1,0,0,0,0,0,-1,-1,0,0,0,0,0,0,0,1,-1,-1,-1,0,0,0,-1,0,0,0,0,0,0,0,-1,-1,-1,-1,1,-1,0,0,0,-1,-1,0,-1,-1,-1,0,0,0,0,0,0,0,0,0,0,0,0,0,0,0,0,-1,0,0,0,0,0,0,0,0,0,0,0,0,0,0,0,0,1,,0,0,1,1,-1,0,-1,0,-1,0,1,0,0,0,0,1,0,0,0,0,0,-1,0,1,1,0,1,1,1,1,1,0,1,0,1,1,1,0,1,1,1,0,0,0,0,1,1,0,0,,1,1,1,-1,-1,-1,-1,-1,-1,-1,0,0,0,0,0,0,0,0,-1,-1,-1,0,0,0,0,0,0,1,,,,0,0,0,0,0,0,0,0,0,0,0,0,0,0,0,-1,0,0,-1,-1,-1,-1,-1,-1,1,0,0,-1,-1,-1,0,0,1,0,0,0,0,1,0,0,0,0,1,0,0,0,-1,1,1,0,1,1,1,-1,0,0,0,1,-1,-1,0,1,1,1,0,1,1,1,1,0,-1,0,0,0,0,0,0,0,0,0,0,0,0,0,0,0,0,0,-1,0,0,0,0,0,0,0,0,0,-1,-1,0,0,0,0,0,0,-1,0,0,0,0,0,0,0,0,0,0,0,0,0,0,0,0,0,0,0,0,0,0,0,0,0,0,63,58,5,17.65,286,71,6
storen_technologies_inc_2017,-1,-1,-1,-1,-1,-1,-1,-1,-1,-1,-1,-1,-1,-1,-1,1,1,0,1,1,1,1,0,0,0,0,-1,-1,-1,1,1,0,1,0,0,0,0,0,0,0,-1,0,0,0,0,1,1,1,1,0,0,1,0,0,-1,-1,-1,-1,0,0,-1,-1,0,0,0,-1,-1,0,0,0,0,1,1,0,0,0,1,-1,-1,0,1,0,-1,-1,1,-1,0,0,0,-1,1,0,,1,1,1,0,0,0,-1,-1,-1,-1,1,-1,-1,0,0,0,0,0,0,0,0,0,0,0,0,0,0,0,-1,-1,0,0,0,0,0,0,0,0,0,0,0,0,0,0,0,0,0,0,0,0,0,0,0,-1,1,-1,-1,0,1,1,-1,0,-1,0,1,1,1,-1,0,0,0,0,0,0,0,0,-1,0,0,-1,1,0,1,-1,1,-1,-1,0,1,0,1,1,1,-1,-1,1,1,-1,0,0,0,1,-1,0,0,0,0,1,1,-1,-1,-1,1,-1,-1,-1,-1,-1,0,0,-1,-1,0,0,,1,1,-1,0,0,0,0,0,0,,,,0,0,0,0,0,0,0,0,0,,1,1,0,0,0,0,1,1,1,1,1,-1,-1,1,1,0,0,1,1,1,1,-1,1,0,0,0,0,-1,0,0,0,0,1,0,0,-1,0,1,1,0,1,1,1,0,0,1,-1,1,0,0,0,0,1,1,0,1,1,1,0,0,0,1,1,0,1,0,1,0,1,0,-1,1,-1,1,1,1,1,-1,1,-1,0,0,1,0,0,0,0,-1,0,1,0,0,0,-1,0,-1,1,0,1,1,1,-1,0,1,0,1,1,1,1,1,1,1,1,1,-1,0,1,1,0,1,0,0,-1,102,84,18,28.57,274,83,6
resonant_energy_2017,-1,-1,-1,-1,-1,,1,1,-1,-1,-1,-1,-1,-1,-1,1,1,0,-1,-1,1,0,0,0,0,1,1,-1,-1,1,1,1,1,-1,0,1,0,0,1,-1,1,1,0,-1,0,1,-1,0,-1,0,0,0,-1,1,1,1,0,-1,0,0,1,1,-1,1,1,1,1,-1,0,0,0,0,1,-1,1,0,1,1,0,0,0,0,-1,-1,1,0,0,0,1,1,-1,1,0,0,0,0,0,0,0,0,0,0,0,-1,-1,1,0,0,0,0,0,0,0,0,0,0,0,0,0,0,0,0,0,1,1,0,0,-1,0,0,0,1,0,1,1,0,1,1,1,1,0,-1,-1,-1,0,1,0,0,0,1,0,-1,1,-1,-1,-1,0,0,-1,0,0,0,0,-1,0,-1,0,0,0,0,0,0,-1,1,0,1,1,1,-1,-1,0,1,1,-1,1,1,1,1,-1,-1,0,0,0,-1,1,1,0,0,1,0,-1,-1,-1,-1,-1,-1,-1,0,0,0,0,0,0,0,0,0,0,0,0,0,-1,-1,-1,0,0,0,0,,,,0,0,0,0,0,0,0,0,0,0,0,0,0,0,0,0,0,0,0,0,-1,-1,-1,-1,1,-1,-1,-1,-1,-1,1,0,0,0,-1,-1,-1,1,0,0,0,0,1,0,0,1,0,1,1,1,1,1,-1,0,0,0,1,1,-1,-1,0,-1,1,-1,0,1,1,1,1,-1,1,1,1,-1,1,1,-1,1,1,0,0,1,-1,1,1,1,1,0,-1,-1,0,0,1,1,1,-1,0,0,-1,1,1,0,1,-1,0,0,-1,0,1,1,1,0,0,1,0,0,-1,0,0,-1,-1,-1,-1,-1,1,0,0,0,0,-1,0,-1,0,99,86,13,27.73,265,94,4
renw_2017,0,0,0,0,0,-1,-1,-1,0,0,0,0,0,0,0,1,1,1,-1,-1,-1,0,0,0,0,1,1,1,1,1,1,-1,-1,0,0,0,1,0,-1,1,1,1,0,0,0,1,1,1,1,0,0,0,0,0,-1,0,0,0,0,0,1,1,0,0,0,1,1,-1,0,0,1,1,1,0,0,1,-1,-1,0,0,-1,0,-1,-1,0,0,1,1,0,-1,0,0,0,0,0,0,0,0,0,-1,-1,-1,-1,1,0,-1,0,0,0,0,0,0,0,0,0,0,0,0,0,0,0,0,0,-1,-1,0,0,0,0,0,0,0,0,0,0,0,0,0,0,0,0,-1,-1,-1,0,0,0,1,1,1,0,1,1,0,0,0,0,0,-1,0,0,0,0,0,0,-1,1,1,0,0,1,1,1,-1,0,1,1,1,1,1,0,1,0,1,1,1,0,1,1,1,0,0,0,0,1,1,0,-1,1,-1,-1,-1,-1,-1,-1,-1,-1,-1,-1,1,1,1,1,0,0,-1,-1,0,0,0,1,-1,-1,0,0,0,0,,,,0,0,0,0,0,0,0,0,0,0,0,0,0,0,0,0,-1,-1,-1,-1,1,-1,-1,-1,1,0,0,0,0,0,0,-1,1,0,0,0,0,1,1,1,0,0,1,0,0,1,0,1,1,1,1,0,1,0,0,1,1,1,1,1,0,1,1,1,1,1,1,1,-1,0,-1,-1,-1,1,1,1,-1,0,-1,-1,0,1,0,-1,1,1,1,1,1,0,0,-1,1,-1,-1,0,0,0,0,0,0,0,-1,0,0,1,1,0,1,0,0,0,0,0,0,1,-1,1,1,1,1,0,0,0,0,0,0,0,0,0,-1,0,0,101,86,15,28.29,293,67,3
proton_new_energy_future_inc_2017,-1,-1,-1,-1,-1,-1,-1,-1,-1,-1,-1,-1,-1,-1,-1,1,1,1,1,1,1,0,0,0,0,1,1,1,1,1,1,0,0,0,0,1,0,0,1,1,0,1,0,0,0,1,1,1,1,0,0,1,0,1,1,1,1,1,0,0,1,1,0,0,0,1,1,0,0,0,0,0,1,0,0,1,0,0,0,0,1,0,1,1,1,0,1,1,0,1,1,0,-1,-1,-1,-1,-1,-1,-1,-1,-1,-1,-1,1,0,0,0,0,0,0,0,0,0,0,0,0,0,0,0,0,0,0,0,0,0,0,0,0,0,0,0,0,0,0,0,0,0,0,0,0,0,0,0,0,0,0,0,1,0,1,0,1,1,0,0,1,0,1,1,1,1,0,0,0,0,0,0,0,0,0,0,0,1,1,0,1,1,1,1,1,0,1,0,1,1,1,0,1,1,1,0,0,0,0,1,1,0,0,0,-1,1,1,-1,-1,-1,-1,-1,-1,-1,0,0,1,1,0,0,0,0,-1,-1,-1,0,-1,-1,0,0,0,0,,,,0,0,0,0,0,0,0,0,0,0,0,0,0,0,0,0,-1,-1,0,0,1,-1,-1,-1,1,0,0,1,1,1,0,1,1,0,0,0,0,1,0,0,0,0,1,0,0,1,0,1,1,1,1,0,1,0,0,1,1,1,1,1,0,1,1,1,1,1,1,1,0,0,0,0,0,0,0,0,0,0,0,0,0,0,0,0,0,0,0,0,0,0,0,0,0,0,0,0,0,0,0,0,0,0,0,0,0,0,0,0,0,0,0,0,0,0,0,0,0,0,0,0,0,0,0,0,0,0,0,0,0,0,0,0,0,97,87,10,27.17,316,44,3
poem_technology_llc_2017,0,0,-1,-1,-1,,1,1,0,0,0,0,0,0,0,0,0,1,0,0,1,0,0,0,0,1,1,1,1,1,1,0,0,1,0,1,0,0,1,1,1,1,1,1,0,1,1,1,1,0,1,1,0,0,1,0,0,1,0,0,1,1,0,0,0,0,0,0,0,0,0,0,0,0,0,0,0,0,0,0,0,0,0,0,0,0,0,0,1,0,0,0,0,0,0,0,0,0,0,,1,1,1,1,1,0,0,0,0,0,0,0,0,0,0,0,0,0,0,0,0,0,0,0,0,0,0,0,0,0,0,0,0,0,0,0,0,0,0,0,0,0,0,0,0,0,0,1,,,0,,0,0,0,0,0,1,0,1,0,0,0,0,0,0,0,0,0,0,0,0,0,0,0,0,0,0,0,0,0,0,0,0,0,0,0,0,0,0,0,1,0,0,0,0,0,0,,,-1,-1,-1,-1,-1,-1,-1,1,1,0,0,1,1,0,0,0,0,0,0,0,0,0,0,0,0,0,0,,,,0,0,0,0,0,0,0,0,0,0,0,0,0,0,0,0,0,0,0,0,1,-1,1,-1,1,,,1,1,1,1,,,,,,,1,1,1,1,1,1,1,1,1,0,1,1,1,1,0,0,0,0,1,1,1,1,1,1,1,1,1,0,1,1,1,1,0,1,0,1,1,0,1,0,0,0,0,1,1,0,0,1,1,1,0,0,0,0,0,1,1,0,0,0,0,0,1,0,0,0,0,1,1,0,0,1,1,1,1,0,0,0,0,1,0,0,1,0,0,0,0,0,0,0,0,1,1,0,1,0,98,79,19,27.45,333,12,18
pecos_wind_power_2017,-1,-1,1,1,1,-1,-1,-1,-1,-1,-1,-1,-1,-1,-1,1,1,1,1,1,1,0,1,1,0,1,0,1,1,1,1,1,1,1,1,1,0,0,1,1,1,1,1,0,-1,-1,1,1,-1,0,0,1,1,1,1,1,-1,1,0,0,1,1,1,0,0,1,1,1,1,1,-1,1,1,0,-1,1,1,1,-1,1,1,1,0,0,-1,0,0,0,-1,1,1,0,-1,-1,-1,-1,0,0,0,-1,-1,-1,-1,1,-1,1,1,1,1,1,-1,0,-1,-1,-1,1,1,1,1,0,0,-1,-1,1,1,0,0,0,0,0,0,0,0,-1,-1,0,0,1,1,-1,0,-1,-1,-1,1,-1,1,1,,1,-1,-1,-1,0,0,1,0,1,0,1,0,0,0,-1,1,1,0,0,1,0,1,1,-1,1,0,1,1,1,1,1,0,1,1,1,1,1,1,0,1,1,0,1,0,1,1,1,0,1,,-1,1,1,-1,-1,-1,-1,1,-1,-1,1,1,-1,-1,-1,-1,-1,-1,-1,-1,-1,0,-1,-1,-1,-1,0,-1,,,,,,,,,,,,,0,0,0,,,,,1,1,1,1,-1,-1,1,1,1,0,0,1,1,1,1,1,1,0,-1,-1,-1,1,-1,-1,-1,-1,1,1,1,1,0,0,0,1,1,1,0,0,0,1,1,1,1,1,-1,0,1,1,1,1,1,1,1,0,1,1,1,1,-1,-1,1,-1,1,1,1,1,1,-1,0,0,0,0,0,0,0,1,1,0,1,1,-1,-1,0,0,-1,0,1,0,0,0,-1,0,0,1,0,1,0,0,1,1,1,0,0,0,0,0,0,0,1,-1,0,0,0,0,1,-1,1,158,135,23,44.26,256,89,18
palmos_2017,-1,-1,-1,-1,-1,-1,-1,-1,-1,-1,-1,1,1,1,1,1,1,1,1,1,1,0,-1,-1,0,1,1,1,1,1,1,-1,0,1,0,0,-1,0,1,1,1,1,0,0,0,1,1,-1,-1,0,-1,1,-1,0,1,1,0,1,0,0,1,-1,0,1,1,1,1,0,0,0,0,1,1,0,0,0,1,0,0,0,0,0,-1,-1,1,0,0,0,0,-1,0,0,-1,-1,-1,-1,-1,-1,-1,-1,-1,-1,-1,1,-1,1,0,0,0,0,0,0,0,0,0,-1,-1,-1,-1,0,0,0,0,1,1,-1,-1,0,0,0,-1,-1,0,-1,-1,0,0,1,1,1,0,1,1,1,-1,0,0,-1,0,0,-1,1,1,0,0,0,0,1,0,1,0,0,-1,0,0,0,0,0,0,0,0,-1,1,1,0,-1,-1,0,1,-1,0,1,0,1,1,1,0,1,1,1,0,0,0,0,1,1,0,0,0,,1,1,-1,-1,-1,-1,-1,1,1,-1,-1,1,1,-1,-1,0,0,-1,-1,-1,0,-1,-1,0,0,0,0,,,,0,0,0,0,0,0,0,0,0,0,0,0,0,0,0,-1,-1,-1,1,1,-1,-1,-1,-1,1,0,0,-1,-1,-1,-1,1,-1,1,1,1,1,1,1,1,0,0,1,0,0,0,0,1,1,1,1,1,1,0,0,-1,1,1,1,1,0,-1,1,1,1,1,1,1,1,0,1,1,-1,1,1,-1,1,1,1,1,-1,1,1,1,1,1,1,-1,1,-1,-1,1,1,-1,1,1,-1,-1,1,-1,1,-1,-1,-1,1,1,0,-1,-1,1,0,-1,-1,-1,0,0,1,0,0,-1,0,0,0,0,0,1,0,0,0,-1,1,1,1,126,107,19,35.29,258,101,4
p2s_technologies_inc_2017,-1,-1,-1,-1,-1,,1,1,-1,-1,-1,-1,-1,-1,-1,1,1,0,1,1,1,0,0,0,0,1,1,1,1,1,1,0,0,0,1,0,0,0,0,0,1,1,0,0,1,0,0,0,0,0,0,1,1,0,1,0,0,1,1,0,1,0,1,0,0,1,1,0,0,0,0,1,0,0,1,0,0,0,0,0,1,0,0,0,1,0,0,0,1,0,0,0,0,0,0,0,0,0,0,,1,1,1,0,0,0,0,0,0,0,0,0,0,0,0,0,0,0,0,0,0,0,0,0,0,0,0,0,0,0,0,0,0,0,0,0,0,0,0,0,0,0,0,0,0,0,0,1,1,0,0,1,1,0,0,0,0,1,0,1,0,0,0,0,1,1,0,0,0,0,1,0,1,1,0,1,1,1,1,1,0,0,0,1,1,1,0,1,1,1,0,0,0,0,1,1,0,0,1,1,1,1,-1,-1,-1,-1,-1,0,0,0,0,0,0,0,0,0,0,-1,-1,-1,0,0,0,0,0,0,0,,,,0,0,0,0,0,0,0,0,0,0,0,0,0,0,0,0,0,0,1,1,-1,-1,-1,-1,1,0,0,1,1,1,0,0,1,1,0,0,0,1,0,0,0,0,1,0,0,0,0,1,1,1,1,1,1,0,0,0,1,0,1,1,0,1,1,1,1,1,1,1,0,0,1,1,1,1,1,1,1,1,1,0,0,1,0,1,1,1,1,0,0,0,0,0,1,1,0,1,1,0,1,0,1,0,0,0,0,0,0,0,1,0,0,1,0,1,1,1,1,0,0,1,1,0,0,0,0,1,1,1,0,1,0,0,0,120,98,22,33.61,334,24,5
mimic_systems_inc_2017,-1,-1,-1,-1,-1,,1,1,-1,-1,-1,1,1,1,1,1,1,1,1,1,1,0,1,1,0,1,0,1,1,1,1,-1,0,-1,1,1,0,0,1,1,0,1,0,0,0,1,1,1,-1,0,0,1,0,-1,-1,-1,0,0,0,0,-1,1,0,0,0,1,1,0,0,0,0,0,1,0,0,0,0,0,0,0,0,0,0,0,-1,0,1,1,0,-1,0,0,-1,-1,-1,-1,0,0,0,-1,-1,-1,-1,1,-1,0,0,0,0,0,0,0,0,0,0,0,0,0,0,0,0,0,0,0,0,0,0,0,0,0,0,0,0,0,0,0,0,0,0,0,0,0,0,0,0,0,0,1,0,1,0,1,1,0,0,-1,0,1,-1,-1,1,0,0,0,0,0,0,-1,0,0,0,0,1,1,0,1,1,1,1,1,0,1,0,1,1,1,0,1,1,1,0,0,0,0,1,1,0,0,-1,0,-1,-1,-1,-1,-1,-1,-1,1,1,-1,-1,0,0,0,0,0,0,-1,-1,-1,0,0,0,0,0,0,0,,,,0,0,0,0,0,0,0,0,0,0,0,0,0,0,0,0,0,0,-1,-1,1,-1,-1,-1,1,0,0,1,1,1,0,0,0,0,0,0,0,1,1,1,0,0,1,0,0,1,0,1,1,1,1,0,1,0,0,1,1,1,1,1,0,0,1,1,1,1,1,1,0,0,0,1,1,1,1,1,,1,0,0,0,1,-1,1,1,1,1,1,1,0,1,0,1,0,1,0,0,0,-1,0,1,1,1,1,0,0,1,0,1,1,0,-1,0,1,-1,0,1,0,0,-1,0,0,0,0,1,0,0,0,0,-1,1,0,0,112,97,15,31.37,304,54,5
medley_thermal_2017,-1,-1,-1,-1,-1,-1,-1,-1,1,1,1,1,1,1,1,1,1,-1,-1,-1,1,0,0,0,0,1,1,1,1,1,1,0,0,1,1,1,0,0,1,1,1,1,0,1,0,1,-1,1,-1,0,0,1,1,0,1,0,0,1,0,0,1,1,0,0,0,1,1,0,0,0,0,1,1,0,0,-1,1,1,-1,0,0,0,0,0,0,0,0,0,0,0,1,1,0,0,0,0,0,0,0,,1,1,1,0,1,0,0,0,0,0,0,0,0,0,0,0,0,0,0,0,0,0,0,-1,-1,0,0,0,0,0,0,0,0,1,1,0,0,0,0,0,0,1,1,1,0,0,0,1,0,1,1,-1,1,0,0,0,0,0,0,0,1,0,0,0,1,1,0,1,0,0,1,0,1,1,0,1,,1,1,1,0,1,0,1,1,1,1,1,1,1,0,0,0,0,0,1,0,0,0,-1,1,1,-1,-1,1,-1,-1,1,1,1,1,0,0,0,0,-1,-1,-1,-1,-1,1,0,0,0,-1,0,0,,,,0,0,0,0,0,0,0,0,0,0,0,0,0,0,0,0,-1,-1,0,0,-1,-1,-1,1,1,0,0,1,1,1,0,0,0,1,0,0,0,1,1,1,0,0,1,0,0,1,0,1,1,0,0,1,1,0,0,0,1,1,1,1,0,0,1,1,1,0,0,0,1,0,-1,1,1,1,0,0,1,0,1,1,0,1,0,0,0,0,0,0,0,0,0,1,0,1,1,1,0,1,0,0,0,0,1,0,0,-1,0,0,0,0,0,1,0,0,1,0,0,0,0,0,0,0,0,0,0,0,0,0,0,0,1,0,1,121,105,16,33.89,322,36,5
joro_2017,-1,-1,-1,-1,-1,,1,1,-1,-1,-1,-1,-1,-1,-1,1,1,-1,1,1,1,0,-1,-1,0,1,1,1,1,1,1,-1,0,-1,1,-1,-1,0,-1,-1,1,1,0,0,-1,-1,-1,-1,-1,0,0,1,1,-1,1,-1,0,0,1,-1,1,1,-1,0,0,1,1,0,-1,-1,0,1,1,0,1,-1,0,-1,-1,0,-1,0,-1,-1,-1,0,0,0,0,1,0,0,0,0,0,0,0,0,0,0,0,0,0,1,0,0,0,0,0,0,0,0,0,0,0,0,0,0,0,0,0,0,0,0,0,0,0,0,0,0,0,0,0,-1,-1,0,0,0,0,0,0,0,0,0,0,0,0,1,0,0,-1,1,-1,0,0,0,0,0,0,0,0,0,0,-1,-1,0,1,-1,0,0,-1,0,1,1,0,1,1,1,1,1,0,1,-1,1,1,1,0,1,1,1,0,0,0,-1,1,1,0,0,0,1,-1,-1,-1,-1,-1,-1,-1,-1,-1,-1,-1,-1,-1,0,0,0,0,0,0,0,0,0,0,0,0,0,0,,,,0,0,0,0,0,0,0,0,0,0,0,0,0,0,0,0,0,0,-1,-1,-1,-1,-1,-1,1,-1,-1,-1,-1,-1,-1,0,-1,-1,-1,-1,-1,1,-1,-1,0,0,1,-1,-1,-1,0,-1,-1,1,-1,-1,-1,0,0,1,1,1,1,1,0,-1,1,-1,1,1,1,1,1,-1,-1,1,1,1,-1,-1,1,1,-1,-1,1,1,1,-1,1,1,1,-1,1,0,-1,-1,-1,1,-1,1,1,0,1,0,1,-1,1,1,0,-1,1,0,-1,-1,1,-1,0,0,1,-1,-1,0,0,1,1,0,0,0,0,1,1,0,0,-1,-1,0,-1,90,76,14,25.21,246,113,4
gaia_x_2017,-1,-1,-1,-1,-1,0,0,0,-1,-1,-1,-1,-1,-1,-1,1,1,1,1,1,1,0,1,1,0,1,1,1,1,1,1,0,0,0,1,0,0,0,1,0,1,1,0,0,0,0,0,0,0,0,0,1,0,1,1,0,0,0,0,0,1,1,0,0,0,1,1,0,1,1,-1,0,1,0,0,1,0,0,0,0,1,0,1,1,1,0,1,1,0,1,1,0,-1,-1,-1,-1,-1,-1,-1,-1,-1,-1,-1,1,0,0,0,0,0,0,0,0,0,0,0,0,0,0,0,0,0,0,0,0,0,0,0,0,0,0,0,0,0,0,0,0,0,0,0,0,0,0,0,0,0,0,0,1,0,1,0,1,1,0,0,0,0,1,1,1,1,0,0,0,0,0,0,0,0,0,0,0,1,1,0,1,1,1,1,1,0,1,0,1,1,1,0,1,1,1,0,0,0,0,1,1,0,0,0,-1,-1,-1,-1,-1,-1,1,-1,1,1,1,1,0,0,-1,-1,0,0,0,0,0,0,0,0,0,0,0,0,,,,0,0,0,0,0,0,0,0,0,0,0,0,0,0,0,0,-1,-1,-1,-1,1,-1,-1,-1,1,0,0,0,0,0,0,0,1,1,0,0,0,0,0,0,0,0,1,0,0,0,0,1,1,1,0,0,0,0,0,0,1,1,0,0,0,0,0,0,1,1,1,1,0,0,0,1,1,1,1,0,1,0,1,0,0,1,1,1,1,1,1,1,1,0,0,0,1,0,0,1,0,0,0,0,0,0,0,0,0,1,1,0,1,1,0,1,0,1,1,0,1,0,0,0,0,0,0,0,1,0,0,0,1,1,0,0,0,108,91,17,30.25,320,40,3
flipswitch_2017,-1,-1,-1,-1,-1,,1,1,-1,-1,-1,-1,-1,-1,-1,1,1,0,-1,-1,1,0,1,1,0,1,1,1,1,1,1,0,0,1,1,1,1,0,1,-1,1,1,-1,-1,0,1,1,1,0,0,0,1,1,0,-1,-1,0,-1,0,0,0,1,-1,0,0,1,1,0,0,0,1,1,1,-1,0,0,0,0,1,0,0,0,0,0,1,1,0,0,1,1,0,1,0,0,0,0,0,0,0,0,0,0,0,1,1,0,0,0,0,0,0,0,0,0,0,0,0,0,0,0,0,0,0,0,0,0,0,0,0,0,0,-1,0,-1,-1,0,0,0,0,0,0,-1,-1,-1,0,-1,0,1,0,-1,0,0,0,0,0,-1,0,1,0,0,0,0,0,-1,1,0,1,1,0,0,1,0,1,1,0,1,1,1,1,1,0,1,0,1,1,1,0,1,1,1,0,0,0,0,1,1,0,0,0,0,0,0,0,-1,-1,-1,-1,0,0,-1,-1,0,0,0,0,0,0,0,0,0,0,0,0,0,0,0,0,,,,0,0,0,0,0,0,0,0,0,0,0,0,0,0,0,0,-1,-1,1,1,-1,-1,-1,-1,1,0,0,1,1,1,-1,0,-1,0,-1,-1,-1,1,-1,-1,0,0,1,0,0,1,0,1,1,1,1,-1,-1,0,0,1,1,1,1,1,0,-1,1,1,1,1,1,1,0,0,0,0,1,-1,1,1,1,-1,1,-1,0,1,0,0,1,1,1,1,1,0,0,0,0,-1,-1,1,0,0,-1,0,-1,0,0,0,0,0,0,0,1,-1,0,0,0,0,0,0,1,0,0,0,0,0,0,0,0,0,0,0,0,0,-1,1,1,101,83,18,28.29,296,63,4
electra_vehicles_inc_2017,0,0,-1,-1,-1,-1,-1,-1,0,0,0,-1,-1,-1,-1,1,1,0,0,0,1,-1,0,0,-1,1,1,1,1,1,1,0,0,0,0,-1,-1,0,1,1,-1,1,1,-1,0,-1,-1,-1,1,0,-1,-1,0,-1,-1,1,1,1,0,0,1,-1,0,-1,-1,1,1,-1,0,0,0,1,1,0,0,0,1,-1,0,-1,-1,0,-1,-1,-1,0,-1,-1,-1,1,0,0,-1,-1,-1,-1,0,0,0,0,0,0,0,1,-1,1,0,0,0,0,0,0,0,0,0,0,0,0,0,0,0,0,0,1,1,0,0,0,0,0,0,0,-1,1,1,1,1,0,0,1,0,0,0,0,0,0,0,1,0,0,-1,1,-1,0,0,1,-1,1,0,-1,1,-1,-1,0,1,-1,-1,-1,-1,-1,1,0,0,1,0,0,0,0,0,0,-1,0,0,1,0,0,0,0,1,0,0,0,0,0,0,0,0,0,0,1,-1,-1,-1,-1,-1,-1,-1,-1,-1,-1,-1,-1,-1,-1,-1,-1,-1,-1,-1,-1,1,-1,-1,-1,0,-1,0,,,,0,0,,0,0,0,0,0,0,-1,-1,-1,0,0,,0,-1,-1,-1,-1,-1,-1,-1,-1,1,1,1,1,1,1,0,0,1,1,1,1,1,1,1,1,0,0,1,0,0,1,0,1,1,1,1,1,1,0,0,1,1,1,0,0,0,0,-1,-1,0,1,1,1,1,1,1,,1,1,1,1,1,1,1,1,1,1,1,1,1,1,1,1,1,1,0,1,1,1,1,1,1,1,1,1,1,1,1,1,-1,1,1,1,0,0,1,0,0,1,1,0,1,0,0,1,0,0,0,0,1,0,0,1,0,0,0,0,0,117,95,22,32.77,265,92,6
ecolectro_inc_2017,-1,-1,-1,-1,-1,-1,-1,-1,-1,-1,-1,-1,-1,-1,-1,1,1,0,-1,-1,1,1,1,1,-1,1,-1,1,1,1,1,-1,0,0,-1,0,1,-1,1,-1,1,1,-1,0,-1,1,1,1,-1,-1,1,1,1,1,1,1,1,1,-1,-1,1,1,0,-1,-1,1,1,0,1,1,0,1,1,1,-1,1,0,-1,1,1,1,-1,-1,-1,-1,0,1,1,1,1,1,0,-1,-1,-1,-1,-1,-1,-1,-1,-1,-1,-1,1,-1,1,0,0,0,0,0,0,0,0,0,0,0,0,0,0,0,0,0,1,1,0,0,0,0,0,0,1,-1,1,1,0,0,1,1,0,1,1,1,1,0,0,0,1,,-1,1,-1,-1,-1,-1,1,-1,1,-1,1,1,-1,-1,-1,1,1,-1,-1,-1,1,-1,0,1,-1,-1,1,1,-1,1,1,0,-1,0,1,1,0,-1,1,1,1,-1,-1,-1,1,1,-1,1,1,-1,,1,1,-1,-1,-1,-1,-1,1,1,-1,-1,-1,-1,-1,-1,1,1,-1,-1,-1,1,-1,-1,0,-1,1,-1,,,,0,0,0,0,0,0,0,0,0,-1,-1,-1,0,0,,0,1,1,-1,-1,-1,-1,1,1,1,1,1,0,0,0,0,0,1,1,1,1,1,1,1,1,1,1,1,1,1,-1,-1,1,1,1,1,-1,0,1,1,1,-1,1,0,0,0,0,1,0,1,1,1,1,1,0,1,1,1,1,1,1,1,1,1,1,1,1,1,-1,1,1,1,1,1,1,1,1,1,1,1,1,1,1,1,0,0,0,1,1,0,-1,0,1,1,-1,0,1,0,0,1,1,1,1,1,1,1,1,1,1,1,1,1,0,0,-1,1,-1,0,169,141,28,47.34,249,108,6
coolcomposites_2017,-1,-1,-1,-1,-1,,1,1,-1,-1,-1,1,1,1,1,1,1,1,-1,-1,1,-1,-1,-1,0,-1,-1,1,1,1,1,0,0,0,0,1,-1,0,1,-1,1,1,1,-1,1,1,1,1,-1,-1,-1,1,0,1,1,1,0,1,0,0,1,1,0,0,0,1,1,0,0,0,0,1,1,0,-1,-1,0,0,0,-1,1,0,-1,-1,1,-1,1,1,0,1,1,0,-1,-1,-1,-1,-1,-1,-1,-1,-1,-1,-1,1,-1,-1,0,0,0,0,0,0,0,0,0,-1,-1,-1,-1,-1,0,0,0,-1,-1,0,0,0,-1,0,0,-1,0,-1,-1,0,0,-1,-1,0,0,0,0,0,0,0,0,1,,-1,-1,-1,1,-1,0,-1,0,1,-1,1,-1,-1,0,-1,1,-1,0,0,-1,-1,0,0,1,1,0,1,1,1,1,1,0,1,0,1,1,1,0,1,1,1,0,-1,0,0,1,1,-1,0,1,1,0,0,-1,-1,-1,-1,-1,-1,-1,-1,-1,1,1,-1,-1,1,1,0,0,0,-1,-1,-1,0,0,0,0,,,,1,0,0,0,0,0,0,0,,0,0,0,0,0,,0,-1,-1,0,0,-1,-1,-1,-1,1,0,0,1,1,1,-1,-1,-1,1,-1,-1,-1,1,1,1,-1,-1,1,1,1,-1,-1,1,1,1,1,1,1,0,0,1,1,1,-1,-1,0,-1,1,1,-1,1,1,1,1,1,1,1,1,1,1,1,1,1,1,1,0,1,1,1,1,1,1,-1,1,1,0,-1,0,0,-1,1,0,1,1,0,0,-1,-1,1,1,-1,0,0,-1,0,-1,1,-1,0,0,0,-1,0,0,0,0,0,0,0,1,0,0,0,0,0,1,0,0,122,102,20,34.17,245,111,7
consilience_systems_2017,-1,-1,-1,-1,-1,,1,1,-1,-1,-1,1,1,1,1,1,1,1,1,1,1,0,1,1,0,1,1,1,1,1,1,0,0,1,1,1,0,0,1,1,1,1,0,0,0,0,0,0,0,0,0,1,1,1,1,1,1,0,0,0,0,1,0,0,0,1,1,0,0,0,1,1,1,0,0,0,1,1,0,0,1,0,-1,-1,0,0,0,0,0,0,0,1,0,0,0,0,0,0,0,0,0,0,0,1,0,1,0,0,0,0,0,1,0,0,1,0,0,0,0,0,0,0,0,1,1,0,0,0,0,0,0,0,0,0,0,0,0,1,1,1,0,1,1,1,1,0,1,1,0,1,0,1,1,0,0,1,1,1,1,0,1,0,0,1,1,1,0,0,0,0,1,0,1,1,1,1,1,1,1,1,0,1,0,1,1,1,0,1,1,1,0,1,0,0,1,1,0,1,1,,-1,-1,0,0,-1,,-1,0,0,-1,-1,0,0,0,0,-1,-1,-1,-1,-1,0,-1,-1,0,0,0,0,,,,0,0,,0,0,,0,0,,,1,1,0,0,,-1,-1,-1,-1,-1,,,-1,1,1,0,0,0,0,0,0,1,1,1,0,0,0,0,1,1,1,1,1,0,0,0,0,1,1,1,1,1,1,0,0,0,1,1,0,0,0,0,1,0,1,0,0,0,1,0,0,,1,0,1,0,0,1,0,0,0,0,0,0,0,0,0,0,0,0,0,1,0,0,0,0,0,0,0,0,0,0,0,0,0,0,0,0,0,0,0,1,0,0,0,1,0,1,1,1,1,0,0,0,0,0,0,0,0,0,0,0,0,123,111,12,34.45,320,29,14
changewater_labs_2017,-1,-1,-1,-1,-1,,1,1,1,1,1,1,1,1,1,1,1,1,1,1,1,1,1,1,0,1,1,1,1,1,1,0,1,1,1,1,0,0,1,1,0,1,0,0,0,1,1,1,1,0,1,1,0,0,0,1,0,0,0,0,1,1,0,0,0,1,1,0,0,0,0,1,1,0,0,0,0,0,0,0,0,-1,0,0,1,1,1,1,0,1,0,1,-1,-1,-1,-1,0,0,0,-1,-1,-1,-1,-1,0,0,0,0,0,0,0,0,0,0,0,0,0,0,0,0,0,0,0,0,0,0,0,0,0,0,0,0,0,0,0,0,0,0,0,0,0,0,0,0,0,0,0,1,0,1,0,1,1,0,0,0,0,1,0,1,0,0,0,0,0,0,1,0,0,0,1,0,1,1,0,1,1,1,1,1,0,1,0,1,1,1,0,1,1,1,0,0,0,0,1,1,0,0,0,,-1,-1,-1,-1,-1,-1,-1,-1,-1,1,1,0,0,-1,-1,0,0,-1,-1,-1,0,0,0,0,0,0,0,,,,0,0,0,0,0,0,0,0,0,0,0,0,0,0,,0,-1,-1,1,1,1,-1,-1,-1,1,0,0,1,1,1,0,0,1,0,0,0,0,1,1,1,0,0,1,0,0,1,0,1,1,1,1,1,1,0,0,1,1,1,1,1,0,0,1,1,1,1,1,1,0,0,1,1,,1,1,1,1,0,1,0,0,1,0,1,1,1,1,1,1,0,0,0,1,0,1,1,0,0,0,0,0,1,1,0,0,1,1,0,1,1,1,1,0,1,1,1,1,0,0,1,0,0,0,0,1,0,0,0,1,1,0,0,0,139,114,25,38.94,322,34,7
brightcharge_2017,-1,-1,-1,-1,-1,,1,1,-1,-1,-1,-1,-1,-1,-1,1,1,1,1,1,1,0,0,0,0,1,1,1,1,0,0,0,1,0,1,0,1,0,0,0,1,1,0,0,1,0,0,0,0,0,0,1,1,0,1,0,0,0,1,0,1,1,0,1,1,1,1,0,0,0,0,1,1,0,0,0,0,0,0,0,0,0,0,0,1,0,0,0,0,0,0,0,0,0,0,0,0,0,0,0,0,0,0,0,0,0,0,0,0,0,0,0,0,0,0,0,0,0,0,0,0,0,0,0,0,0,0,0,0,0,0,0,0,0,0,0,0,0,0,0,0,0,0,0,0,0,0,1,0,0,0,1,1,0,0,0,0,1,0,1,0,0,0,0,0,0,0,0,0,0,0,0,1,1,0,1,1,1,1,1,0,1,0,1,1,1,0,1,1,1,0,0,0,0,1,1,0,0,1,1,-1,-1,-1,-1,-1,-1,-1,0,0,0,0,0,0,0,0,0,0,0,0,0,0,0,0,0,0,0,0,,,,0,0,0,0,0,0,0,0,0,0,0,0,0,0,0,0,1,1,1,1,-1,-1,-1,-1,1,1,1,1,1,1,1,0,1,1,0,0,0,1,0,0,0,0,1,0,0,1,0,1,1,1,1,1,1,0,0,1,1,1,1,1,0,1,1,1,1,1,1,1,1,0,0,1,1,1,1,1,1,1,1,0,1,1,1,1,1,1,1,0,0,0,0,0,1,1,1,1,1,0,1,0,1,1,1,0,0,1,1,0,1,0,0,1,1,0,0,1,1,0,0,1,1,1,1,1,1,1,1,0,0,0,1,0,0,129,111,18,36.13,336,23,4
blue_institute_at_cape_cod_inc_2017,1,1,1,1,1,,1,1,1,1,1,1,1,1,1,1,1,1,1,1,1,0,1,1,0,0,0,1,1,1,1,1,0,1,0,1,0,0,1,0,1,1,0,0,-1,1,1,1,1,0,0,1,0,0,1,1,0,0,0,0,0,1,0,0,0,1,1,0,0,0,-1,1,1,0,0,0,0,0,0,0,0,0,-1,-1,0,0,1,1,0,0,0,0,0,0,0,0,0,0,0,-1,-1,-1,-1,1,0,0,0,0,0,0,0,0,0,0,0,0,0,0,0,0,0,0,0,0,0,0,0,0,0,0,0,0,0,0,0,0,0,0,0,0,0,0,0,0,0,0,0,1,,1,1,1,1,0,0,0,0,0,0,0,0,0,0,1,1,0,0,0,0,0,0,0,1,1,0,1,1,1,1,1,0,1,0,1,1,1,0,1,1,1,0,1,0,0,1,1,0,1,0,,0,0,0,-1,-1,-1,-1,0,0,0,0,0,0,0,0,0,0,0,0,0,0,0,0,0,0,0,0,,,,0,0,0,0,0,0,0,0,0,0,0,0,0,0,0,0,0,0,0,0,0,0,-1,0,1,1,1,1,1,1,0,0,0,0,0,0,0,1,0,0,0,0,1,0,0,0,0,1,1,1,1,1,1,0,0,0,1,0,1,1,0,0,1,1,1,1,1,1,0,1,1,0,0,0,1,0,1,0,0,0,0,1,0,0,0,0,0,0,1,0,0,0,1,0,0,0,0,0,0,0,0,0,0,0,0,1,0,0,0,1,1,1,0,0,1,0,0,0,0,0,0,0,0,0,0,0,0,0,0,0,0,0,0,107,92,15,29.97,344,13,6
arrecife_energy_systems_2017,-1,-1,-1,-1,-1,-1,-1,-1,-1,-1,-1,-1,-1,-1,-1,1,1,1,-1,-1,1,-1,-1,-1,0,1,1,-1,-1,1,1,-1,0,0,0,1,0,0,0,0,0,1,-1,0,1,1,1,1,1,0,-1,1,-1,-1,-1,1,1,1,0,-1,0,0,0,0,0,0,0,0,0,0,0,0,0,0,0,-1,1,1,1,1,1,0,-1,-1,-1,-1,0,0,0,1,-1,-1,0,0,0,0,0,0,0,0,0,0,0,1,-1,-1,0,0,0,0,0,0,0,0,0,1,1,1,1,0,-1,0,0,0,0,0,0,0,-1,0,0,-1,-1,0,0,0,-1,0,0,0,1,0,0,0,0,0,0,1,0,-1,1,1,1,0,1,1,1,1,0,1,1,0,-1,0,0,-1,0,1,0,0,0,0,1,1,0,1,1,-1,1,1,0,1,0,-1,1,1,0,1,0,1,0,1,0,0,1,1,1,0,1,0,1,1,-1,-1,-1,-1,-1,-1,-1,-1,-1,1,1,-1,-1,1,1,-1,-1,-1,-1,-1,-1,-1,-1,-1,-1,,,,1,0,0,0,0,0,0,0,0,0,0,0,0,0,,0,1,1,1,1,-1,-1,-1,-1,1,-1,-1,0,0,0,-1,-1,-1,0,1,1,1,1,0,0,1,1,1,1,1,-1,0,-1,-1,-1,-1,-1,-1,0,-1,1,-1,-1,0,0,0,0,1,1,-1,1,1,1,-1,0,0,1,1,1,1,1,-1,1,-1,0,1,-1,1,1,0,0,0,1,1,0,0,0,0,0,-1,1,0,0,0,0,0,1,1,1,1,-1,1,1,0,1,1,1,1,1,1,1,-1,0,0,0,0,0,0,0,0,0,1,0,0,0,1,1,1,114,94,20,31.93,263,96,4
applied_biorefinery_sciences_l_2017,-1,-1,-1,-1,-1,,1,1,-1,-1,-1,0,0,0,0,1,1,-1,-1,-1,1,1,0,0,0,-1,-1,1,1,0,0,0,0,1,0,1,0,0,0,0,1,1,0,0,0,1,1,1,0,0,0,1,0,0,1,1,0,0,0,0,1,1,0,0,0,1,1,0,0,0,0,1,0,0,0,1,0,0,0,0,1,0,1,1,1,1,0,0,1,1,1,1,,1,1,1,-1,-1,-1,,1,1,1,1,1,1,0,0,1,1,1,1,0,0,0,0,0,0,0,0,0,1,1,1,1,0,0,0,0,1,1,1,0,0,0,0,0,1,1,1,1,0,0,0,0,1,1,1,0,0,1,0,0,0,0,0,0,1,1,1,1,1,0,0,1,1,0,0,0,0,0,0,0,1,1,0,0,0,0,1,0,0,0,0,0,0,0,0,0,0,0,0,0,0,0,0,0,0,0,1,-1,-1,-1,-1,-1,-1,-1,1,1,0,0,1,1,0,0,-1,-1,-1,-1,-1,0,1,1,0,0,0,0,,,,0,0,,0,0,0,0,0,0,0,0,0,0,0,0,0,1,1,1,1,-1,-1,-1,-1,1,0,0,0,0,0,0,1,0,0,1,1,1,1,0,0,0,0,1,0,0,0,1,1,1,1,1,0,0,0,0,1,0,1,0,0,0,0,1,1,0,1,1,1,0,0,-1,1,1,1,0,1,0,0,0,0,0,1,0,0,1,1,1,0,1,1,0,1,1,0,0,1,0,0,1,0,0,0,0,0,1,-1,0,0,1,1,0,0,0,0,0,1,1,0,0,0,1,0,0,0,1,0,0,0,0,0,0,1,0,123,105,18,34.45,322,34,7
allied_microbiota_2017,-1,-1,-1,-1,-1,,1,1,-1,-1,-1,-1,-1,-1,-1,1,1,0,0,0,1,1,1,1,-1,1,1,1,1,0,0,0,1,-1,-1,1,0,0,0,0,1,1,0,0,0,-1,-1,-1,0,0,0,1,-1,0,1,-1,-1,0,0,0,1,1,1,1,1,1,1,0,0,0,0,1,1,-1,0,-1,-1,0,0,0,1,-1,-1,-1,0,0,0,0,1,1,1,0,0,0,0,0,0,0,0,-1,-1,-1,-1,1,1,-1,0,0,0,0,0,0,0,0,0,0,0,0,0,0,0,0,0,0,0,0,0,0,0,0,0,0,0,0,0,0,0,0,0,0,0,-1,-1,-1,0,0,0,1,1,0,0,1,1,0,0,0,0,1,0,1,1,0,0,0,0,0,-1,1,0,0,0,0,1,1,0,1,1,1,1,-1,0,1,0,1,1,1,0,1,1,1,0,0,0,0,1,1,0,0,1,1,-1,-1,-1,-1,-1,-1,-1,1,1,1,1,-1,-1,0,0,0,0,0,0,0,0,0,0,0,0,0,0,,,,0,0,0,0,0,0,0,0,0,0,0,0,0,0,0,0,1,1,-1,-1,-1,-1,-1,-1,1,-1,-1,1,1,1,0,0,0,0,0,0,0,1,0,0,0,0,1,0,0,-1,0,1,1,1,1,0,1,0,0,-1,1,1,1,1,0,1,1,1,1,1,1,1,-1,0,-1,1,1,0,1,1,1,1,0,0,0,1,0,1,1,1,1,0,0,0,0,0,1,1,0,1,1,-1,1,0,1,0,-1,-1,-1,1,0,0,1,-1,1,-1,0,-1,1,1,1,0,0,1,0,0,0,0,0,0,1,0,0,0,0,0,1,112,93,19,31.37,294,65,4
advanceh2o_2017,-1,-1,1,1,1,-1,-1,-1,-1,-1,-1,1,1,1,1,1,1,1,-1,-1,1,0,0,0,0,1,1,1,1,1,1,0,0,0,0,-1,0,0,1,0,1,1,0,0,0,1,1,1,1,0,0,1,1,1,1,0,0,1,1,1,1,1,0,0,0,1,1,0,0,0,-1,0,1,0,0,1,0,0,1,0,1,0,-1,-1,1,0,1,1,0,1,1,0,0,0,0,0,0,0,0,,,,,1,0,0,0,0,0,0,0,0,0,0,0,0,0,0,0,0,0,0,0,0,0,0,0,0,0,0,0,1,0,1,1,0,1,0,0,0,0,0,0,0,0,0,0,-1,0,-1,0,1,1,0,0,1,0,0,1,0,-1,0,0,0,0,0,0,0,0,0,0,0,1,1,0,1,1,1,1,1,0,1,0,1,1,1,0,1,1,1,0,0,0,0,1,1,0,0,0,,-1,-1,-1,-1,-1,1,-1,1,1,0,0,1,1,0,0,0,0,0,0,0,0,-1,-1,0,0,0,0,,,,0,0,0,0,0,0,0,0,0,0,0,0,0,0,0,0,1,1,-1,-1,1,-1,-1,-1,1,0,0,1,1,1,0,0,1,0,0,0,0,1,0,0,0,0,1,0,0,0,0,1,1,1,1,0,0,0,0,1,1,1,1,1,0,1,1,1,1,1,1,1,1,0,1,1,1,0,1,0,1,1,0,1,0,1,1,1,,,,0,1,0,0,0,0,0,0,0,0,0,0,0,1,0,0,1,0,1,0,0,-1,1,0,1,0,1,0,1,1,0,0,-1,1,0,0,0,0,0,0,0,0,1,0,0,0,122,102,20,34.17,320,32,11
adappt_intelligence_2017,-1,-1,-1,-1,-1,,1,1,-1,-1,-1,-1,-1,-1,-1,1,1,1,-1,-1,-1,0,0,0,0,1,0,1,1,1,1,0,0,0,0,0,0,0,1,1,1,1,0,0,0,1,1,1,1,0,0,1,0,1,1,1,1,1,0,0,1,1,0,0,0,1,1,0,0,0,0,0,1,1,-1,1,0,0,0,0,1,0,0,0,0,0,-1,-1,-1,1,0,0,,1,1,1,0,0,0,,1,1,1,1,1,0,0,0,0,0,0,0,0,0,0,0,0,0,0,0,0,0,0,0,0,-1,-1,0,0,0,0,0,0,0,0,0,0,0,0,0,0,0,0,0,0,0,0,1,1,1,0,1,1,0,0,1,0,1,1,1,-1,0,0,0,0,0,0,0,0,0,0,0,1,1,0,1,1,1,1,1,0,1,0,1,1,1,0,1,1,1,0,0,0,0,1,1,0,1,1,-1,1,1,-1,1,-1,-1,-1,-1,-1,1,1,0,0,0,0,0,0,-1,-1,-1,0,-1,-1,0,0,0,0,,,,0,0,0,0,0,0,0,0,0,0,0,0,0,0,0,-1,-1,-1,-1,-1,-1,-1,-1,-1,1,0,0,1,1,1,0,1,0,0,0,0,0,1,1,1,-1,-1,1,0,0,0,0,1,1,1,1,0,1,0,0,1,1,1,1,1,0,1,1,1,1,1,1,1,1,0,1,1,1,1,1,1,1,1,1,1,1,1,1,1,1,1,1,1,1,-1,0,1,1,0,1,1,-1,0,0,1,1,-1,1,-1,-1,1,1,0,1,1,1,1,1,1,-1,1,1,1,1,1,1,0,0,0,1,0,0,0,0,0,-1,0,0,141,114,27,39.5,305,52,6
human_lift_2017,,,,,,,,,,,,,,,,,,,,,,,,,,,,,,,,,,,,,,,,,,,,,,,,,,,,,,,,,,,,,,,,,,,,,,,,,,,,,,,,,,,,,,,,,,,,,,,,,,,,,,,,,,,,,,,,,,,,,,,,,,,,,,,,,,,,,,,,,,,,,,,,,,,,,,,,,,,,,,,,,,,,,,,,,,,,,,,,,,,,,,,,,,,,,,,,,,,,,,,,,,,,,,,,,,,,,,,,,,,,,,,,,,,,,,,,,,,,,,,,,,,,,,,,,,,,,,,,,,,,,,,,,,,,,,,,,,,,,,,,,,,,,,,,,,,,,,,,,,,,,,,,,,,,,,,,,,,,,,,,,,,,,,,,,,,,,,,,,,,,,,,,,,,,,,,,,,,,,,,,,,,,0,0,0,0.0,0,0,363
atlas_energy_systems_llc_2017,,,,,,,,,,,,,,,,,,,,,,,,,,,,,,,,,,,,,,,,,,,,,,,,,,,,,,,,,,,,,,,,,,,,,,,,,,,,,,,,,,,,,,,,,,,,,,,,,,,,,,,,,,,,,,,,,,,,,,,,,,,,,,,,,,,,,,,,,,,,,,,,,,,,,,,,,,,,,,,,,,,,,,,,,,,,,,,,,,,,,,,,,,,,,,,,,,,,,,,,,,,,,,,,,,,,,,,,,,,,,,,,,,,,,,,,,,,,,,,,,,,,,,,,,,,,,,,,,,,,,,,,,,,,,,,,,,,,,,,,,,,,,,,,,,,,,,,,,,,,,,,,,,,,,,,,,,,,,,,,,,,,,,,,,,,,,,,,,,,,,,,,,,,,,,,,,,,,,,,,,,,,0,0,0,0.0,0,0,363
amebagone_inc_2017,,,,,,,,,,,,,,,,,,,,,,,,,,,,,,,,,,,,,,,,,,,,,,,,,,,,,,,,,,,,,,,,,,,,,,,,,,,,,,,,,,,,,,,,,,,,,,,,,,,,,,,,,,,,,,,,,,,,,,,,,,,,,,,,,,,,,,,,,,,,,,,,,,,,,,,,,,,,,,,,,,,,,,,,,,,,,,,,,,,,,,,,,,,,,,,,,,,,,,,,,,,,,,,,,,,,,,,,,,,,,,,,,,,,,,,,,,,,,,,,,,,,,,,,,,,,,,,,,,,,,,,,,,,,,,,,,,,,,,,,,,,,,,,,,,,,,,,,,,,,,,,,,,,,,,,,,,,,,,,,,,,,,,,,,,,,,,,,,,,,,,,,,,,,,,,,,,,,,,,,,,,,0,0,0,0.0,0,0,363
sofis_taste_kineto_2017,,,,,,,,,,,,,,,,,,,,,,,,,,,,,,,,,,,,,,,,,,,,,,,,,,,,,,,,,,,,,,,,,,,,,,,,,,,,,,,,,,,,,,,,,,,,,,,,,,,,,,,,,,,,,,,,,,,,,,,,,,,,,,,,,,,,,,,,,,,,,,,,,,,,,,,,,,,,,,,,,,,,,,,,,,,,,,,,,,,,,,,,,,,,,,,,,,,,,,,,,,,,,,,,,,,,,,,,,,,,,,,,,,,,,,,,,,,,,,,,,,,,,,,,,,,,,,,,,,,,,,,,,,,,,,,,,,,,,,,,,,,,,,,,,,,,,,,,,,,,,,,,,,,,,,,,,,,,,,,,,,,,,,,,,,,,,,,,,,,,,,,,,,,,,,,,,,,,,,,,,,,,0,0,0,0.0,0,0,363
clearflame_engines_inc_2017,,,,,,,,,,,,,,,,,,,,,,,,,,,,,,,,,,,,,,,,,,,,,,,,,,,,,,,,,,,,,,,,,,,,,,,,,,,,,,,,,,,,,,,,,,,,,,,,,,,,,,,,,,,,,,,,,,,,,,,,,,,,,,,,,,,,,,,,,,,,,,,,,,,,,,,,,,,,,,,,,,,,,,,,,,,,,,,,,,,,,,,,,,,,,,,,,,,,,,,,,,,,,,,,,,,,,,,,,,,,,,,,,,,,,,,,,,,,,,,,,,,,,,,,,,,,,,,,,,,,,,,,,,,,,,,,,,,,,,,,,,,,,,,,,,,,,,,,,,,,,,,,,,,,,,,,,,,,,,,,,,,,,,,,,,,,,,,,,,,,,,,,,,,,,,,,,,,,,,,,,,,,0,0,0,0.0,0,0,363
teqnizan_2017,,,,,,,,,,,,,,,,0,0,0,0,0,0,0,0,0,0,0,0,0,0,0,0,0,0,0,0,0,0,0,0,0,0,0,0,0,0,0,0,0,0,0,0,0,0,0,0,0,0,0,0,0,0,0,0,0,0,0,0,0,0,0,0,0,0,0,0,0,0,0,0,0,0,0,0,0,0,0,0,0,0,0,0,0,0,0,0,0,0,0,0,0,0,0,0,0,0,0,0,0,0,0,0,0,0,0,0,0,0,0,0,0,0,0,0,0,0,0,0,0,0,0,0,0,0,0,0,0,0,0,0,0,0,0,0,0,0,0,0,0,,0,0,0,0,0,0,0,0,0,0,0,0,0,0,0,0,0,0,0,0,0,0,0,0,0,0,0,0,0,0,0,0,0,0,0,0,0,0,0,0,0,0,0,0,0,0,0,0,0,,,0,0,0,0,0,0,0,0,0,0,0,0,0,0,0,0,0,0,0,0,0,0,0,0,0,0,0,,,,0,0,0,0,0,0,0,0,0,0,0,0,0,0,0,0,0,0,0,0,0,0,0,0,0,0,0,0,0,0,0,0,0,0,0,0,0,0,0,0,0,0,0,0,0,0,0,0,0,0,0,0,0,0,0,0,0,0,0,0,0,0,0,0,0,0,0,0,0,0,0,0,0,0,0,0,0,0,0,0,0,0,0,0,0,0,0,0,0,0,0,0,0,0,0,0,0,0,0,0,0,0,0,0,0,0,0,0,0,0,0,0,0,0,0,0,0,0,0,0,0,0,0,0,0,0,0,0,0,0,0,0,0,0,0,0,0.0,342,0,21
accelerate_wind_2017,,,,,,,,,,,,,,,,,,,,,,,,,,,,,,,,,,,,,,,,,,,,,,,,,,,,,,,,,,,,,,,,,,,,,,,,,,,,,,,,,,,,,,,,,,,,,,,,,,,,,,,,,,,,,,,,,,,,,,,,,,,,,,,,,,,,,,,,,,,,,,,,,,,,,,,,,,,,,,,,,,,,,,,,,,,,,,,,,,,,,,,,,,,,,,,,,,,,,,,,,,,,,,,,,,,,,,,,,,,,,,,,,,,,,,,,,,,,,,,,,,,,,,,,,,,,,,,,,,,,,,,,,,,,,,,,,,,,,,,,,,,,,,,,,,,,,,,,,,,,,,,,,,,,,,,,,,,,,,,,,,,,,,,,,,,,,,,,,,,,,,,,,,,,,,,,,,,,,,,,,,,,0,0,0,0.0,0,0,363
kronfeld_motors_2017,,,,,,,,,,,,,,,,0,0,0,0,0,0,0,0,0,0,0,0,0,0,0,0,0,0,0,0,0,0,0,0,0,0,0,0,0,0,0,0,0,0,0,0,0,0,0,0,0,0,0,0,0,0,0,0,0,0,0,0,0,0,0,0,0,0,0,0,0,0,0,0,0,0,0,0,0,0,0,0,0,0,0,0,0,0,0,0,0,0,0,0,0,0,0,0,0,0,0,0,0,0,0,0,0,0,0,0,0,0,0,0,0,0,0,0,0,0,0,0,0,0,0,0,0,0,0,0,0,0,0,0,0,0,0,0,0,0,0,0,0,,0,0,0,0,0,0,0,0,0,0,0,0,0,0,0,0,0,0,0,0,0,0,0,0,0,0,0,0,0,0,0,0,0,0,0,0,0,0,0,0,0,0,0,0,0,0,0,0,0,,,0,0,0,0,0,0,0,0,0,0,0,0,0,0,0,0,0,0,0,0,0,0,0,0,0,0,0,,,,0,0,0,0,0,0,0,0,0,0,0,0,0,0,0,0,0,0,0,0,0,0,0,0,0,0,0,0,0,0,0,0,0,0,0,0,0,0,0,0,0,0,0,0,0,0,0,0,0,0,0,0,0,0,0,0,0,0,0,0,0,0,0,0,0,0,0,0,0,0,0,0,0,0,0,0,0,0,0,0,0,0,0,0,0,0,0,0,0,0,0,0,0,0,0,0,0,0,0,0,0,0,0,0,0,0,0,0,0,0,0,0,0,0,0,0,0,0,0,0,0,0,0,0,0,0,0,0,0,0,0,0,0,0,0,0,0.0,342,0,21
activated_research_company_2017,,,,,,,,,,,,,,,,,,,,,,,,,,,,,,,,,,,,,,,,,,,,,,,,,,,,,,,,,,,,,,,,,,,,,,,,,,,,,,,,,,,,,,,,,,,,,,,,,,,,,,,,,,,,,,,,,,,,,,,,,,,,,,,,,,,,,,,,,,,,,,,,,,,,,,,,,,,,,,,,,,,,,,,,,,,,,,,,,,,,,,,,,,,,,,,,,,,,,,,,,,,,,,,,,,,,,,,,,,,,,,,,,,,,,,,,,,,,,,,,,,,,,,,,,,,,,,,,,,,,,,,,,,,,,,,,,,,,,,,,,,,,,,,,,,,,,,,,,,,,,,,,,,,,,,,,,,,,,,,,,,,,,,,,,,,,,,,,,,,,,,,,,,,,,,,,,,,,,,,,,,,,0,0,0,0.0,0,0,363
emergy_labs_2017,,,,,,,,,,,,,,,,,,,,,,,,,,,,,,,,,,,,,,,,,,,,,,,,,,,,,,,,,,,,,,,,,,,,,,,,,,,,,,,,,,,,,,,,,,,,,,,,,,,,,,,,,,,,,,,,,,,,,,,,,,,,,,,,,,,,,,,,,,,,,,,,,,,,,,,,,,,,,,,,,,,,,,,,,,,,,,,,,,,,,,,,,,,,,,,,,,,,,,,,,,,,,,,,,,,,,,,,,,,,,,,,,,,,,,,,,,,,,,,,,,,,,,,,,,,,,,,,,,,,,,,,,,,,,,,,,,,,,,,,,,,,,,,,,,,,,,,,,,,,,,,,,,,,,,,,,,,,,,,,,,,,,,,,,,,,,,,,,,,,,,,,,,,,,,,,,,,,,,,,,,,,0,0,0,0.0,0,0,363
the_mackinac_technology_company_2017,,,,,,,,,,,,,,,,,,,,,,,,,,,,,,,,,,,,,,,,,,,,,,,,,,,,,,,,,,,,,,,,,,,,,,,,,,,,,,,,,,,,,,,,,,,,,,,,,,,,,,,,,,,,,,,,,,,,,,,,,,,,,,,,,,,,,,,,,,,,,,,,,,,,,,,,,,,,,,,,,,,,,,,,,,,,,,,,,,,,,,,,,,,,,,,,,,,,,,,,,,,,,,,,,,,,,,,,,,,,,,,,,,,,,,,,,,,,,,,,,,,,,,,,,,,,,,,,,,,,,,,,,,,,,,,,,,,,,,,,,,,,,,,,,,,,,,,,,,,,,,,,,,,,,,,,,,,,,,,,,,,,,,,,,,,,,,,,,,,,,,,,,,,,,,,,,,,,,,,,,,,,0,0,0,0.0,0,0,363
rwedi_solutions_inc_2017,-1,-1,-1,-1,-1,0,0,0,0,0,0,0,0,0,0,1,1,0,-1,-1,1,0,0,0,0,0,0,1,1,1,1,0,0,1,1,1,1,0,0,1,1,0,0,0,0,1,1,0,0,0,0,1,1,0,1,1,0,0,0,0,1,0,0,0,0,0,0,0,0,0,0,0,0,0,0,0,0,0,0,1,0,1,0,0,1,0,0,0,0,0,0,0,-1,-1,-1,-1,-1,-1,-1,-1,-1,-1,-1,1,0,1,0,0,0,0,1,1,1,1,0,0,0,0,0,,0,0,0,0,0,0,0,1,0,0,0,0,0,1,1,0,0,0,0,0,1,1,1,1,1,1,1,1,0,1,0,1,1,0,1,0,0,1,1,1,0,0,0,0,1,1,0,0,0,1,1,1,1,1,1,1,0,0,1,1,1,0,0,1,0,0,1,1,0,1,1,0,1,1,0,0,0,0,0,,-1,-1,-1,-1,-1,-1,-1,-1,-1,0,0,-1,-1,-1,-1,-1,-1,-1,-1,-1,1,0,0,1,0,1,-1,,,,1,0,0,1,0,0,0,0,,-1,-1,-1,0,0,,-1,0,0,0,0,-1,-1,-1,-1,1,0,0,0,0,0,1,0,1,1,0,0,0,0,0,0,0,0,1,0,0,1,1,1,1,0,0,0,0,0,0,0,0,0,0,0,1,1,0,0,0,1,1,1,1,1,1,0,1,1,0,0,0,0,1,1,1,1,0,0,1,1,1,1,1,0,0,0,0,0,1,,,,,0,0,0,0,0,1,0,1,0,0,1,1,1,0,0,1,1,0,1,1,1,0,1,1,1,0,0,0,0,0,1,1,1,1,117,100,17,32.77,307,45,11
switched_source_2017,,,,,,,,,,,,,,,,0,0,0,0,0,0,0,0,0,0,0,0,0,0,0,0,0,0,0,0,0,0,0,0,0,0,0,0,0,0,0,0,0,0,0,0,0,0,0,0,0,0,0,0,0,0,0,0,0,0,0,0,0,0,0,0,0,0,0,0,0,0,0,0,0,0,0,0,0,0,0,0,0,0,0,0,0,0,0,0,0,0,0,0,0,0,0,0,0,0,0,0,0,0,0,0,0,0,0,0,0,0,0,0,0,0,0,0,0,0,0,0,0,0,0,0,0,0,0,0,0,0,0,0,0,0,0,0,0,0,0,0,0,,0,0,0,0,0,0,0,0,0,0,0,0,0,0,0,0,0,0,0,0,0,0,0,0,0,0,0,0,0,0,0,0,0,0,0,0,0,0,0,0,0,0,0,0,0,0,0,0,0,,,0,0,0,0,0,0,0,0,0,0,0,0,0,0,0,0,0,0,0,0,0,0,0,0,0,0,0,,,,0,0,0,0,0,0,0,0,0,0,0,0,0,0,0,0,0,0,0,0,0,0,0,0,0,0,0,0,0,0,0,0,0,0,0,0,0,0,0,0,0,0,0,0,0,0,0,0,0,0,0,0,0,0,0,0,0,0,0,0,0,0,0,0,0,0,0,0,0,0,0,0,0,0,0,0,0,0,0,0,0,0,0,0,0,0,0,0,0,0,0,0,0,0,0,0,0,0,0,0,0,0,0,0,0,0,0,0,0,0,0,0,0,0,0,0,0,0,0,0,0,0,0,0,0,0,0,0,0,0,0,0,0,0,0,0,0.0,342,0,21
elinor_specialty_coatings_2017,1,1,1,1,1,-1,-1,-1,1,1,1,1,1,1,1,1,1,1,1,1,1,0,1,1,0,1,1,1,1,0,0,,,,,,,,,,,1,,,,,,,,,,,0,,,,,,0,0,0,1,0,0,0,,,,,,,,,,,,,,,,,,,,,,,,,,,,,,,,,,,,,,,,,,,,,,,,,,,,,,,,,,,,,,,,,,,,,,,,,,,,,,,,,,,,,,,,,,,,,,,,,,,,,,,,,,,,,,,,,,,,,,,,,,,,,,,,,,,,,,,,,,,,,,,,,,,,,,,,,,,,,,,,,,,,,,,,,,,,,,,,,,,,,,,,,,,,,,,,,,,,,,,,,,,,,,,,,,,,,,,,,,,,,,,,,,,,,,,,,,,,,,,,,,,,,,,,,,,,,,,,,,,,,,,,,,,,,,,,,,,,,,,,,,,,,,,,,,,,,,,,,,,26,25,1,7.28,37,3,323
reinvia_2017,,,,,,,,,,,,,,,,,,,,,,,,,,,,,,,,,,,,,,,,,,,,,,,,,,,,,,,,,,,,,,,,,,,,,,,,,,,,,,,,,,,,,,,,,,,,,,,,,,,,,,,,,,,,,,,,,,,,,,,,,,,,,,,,,,,,,,,,,,,,,,,,,,,,,,,,,,,,,,,,,,,,,,,,,,,,,,,,,,,,,,,,,,,,,,,,,,,,,,,,,,,,,,,,,,,,,,,,,,,,,,,,,,,,,,,,,,,,,,,,,,,,,,,,,,,,,,,,,,,,,,,,,,,,,,,,,,,,,,,,,,,,,,,,,,,,,,,,,,,,,,,,,,,,,,,,,,,,,,,,,,,,,,,,,,,,,,,,,,,,,,,,,,,,,,,,,,,,,,,,,,,,0,0,0,0.0,0,0,363
fgc_plasma_solutions_2017,,,,,,,,,,,,,,,,,,,,,,,,,,,,,,,,,,,,,,,,,,,,,,,,,,,,,,,,,,,,,,,,,,,,,,,,,,,,,,,,,,,,,,,,,,,,,,,,,,,,,,,,,,,,,,,,,,,,,,,,,,,,,,,,,,,,,,,,,,,,,,,,,,,,,,,,,,,,,,,,,,,,,,,,,,,,,,,,,,,,,,,,,,,,,,,,,,,,,,,,,,,,,,,,,,,,,,,,,,,,,,,,,,,,,,,,,,,,,,,,,,,,,,,,,,,,,,,,,,,,,,,,,,,,,,,,,,,,,,,,,,,,,,,,,,,,,,,,,,,,,,,,,,,,,,,,,,,,,,,,,,,,,,,,,,,,,,,,,,,,,,,,,,,,,,,,,,,,,,,,,,,,0,0,0,0.0,0,0,363
plasma_stream_technologies_inc_2017,-1,-1,-1,-1,-1,-1,-1,-1,-1,-1,-1,-1,-1,-1,-1,1,1,0,0,0,1,0,0,0,1,1,1,0,0,1,1,0,0,1,1,0,0,1,1,0,0,1,0,1,1,0,0,0,0,1,1,1,1,0,0,1,0,0,0,0,1,1,0,0,0,0,0,0,0,0,0,1,1,0,1,1,1,0,0,0,0,0,-1,-1,1,1,0,0,0,0,0,0,,1,1,1,,1,1,,1,1,1,0,0,1,0,0,0,0,0,1,0,0,0,,,,,0,0,0,0,1,1,0,0,0,0,0,0,0,0,0,0,0,1,0,0,0,0,0,0,0,0,0,0,1,0,1,1,0,0,0,0,0,0,0,1,0,0,1,1,1,1,1,1,0,1,1,1,1,0,0,0,1,1,1,1,1,0,0,1,1,1,0,0,1,1,0,0,0,0,0,0,0,0,0,0,,-1,-1,-1,-1,-1,-1,-1,0,0,0,0,0,0,0,0,0,0,-1,-1,-1,1,0,0,0,0,1,0,,,,0,0,0,0,0,0,0,0,0,-1,-1,-1,0,0,0,-1,-1,-1,-1,-1,-1,-1,-1,0,1,0,0,0,0,0,1,1,1,0,0,0,0,0,0,0,0,0,1,1,1,1,1,1,1,0,0,0,0,0,0,0,0,0,0,0,1,1,1,0,1,1,1,1,1,1,0,1,0,1,0,0,1,1,0,0,0,1,1,0,1,1,1,1,1,0,1,0,1,1,0,0,0,0,0,0,1,0,1,0,0,0,0,0,0,0,1,1,0,0,1,0,1,0,0,0,0,0,0,0,1,0,0,0,1,0,0,0,0,110,93,17,30.81,314,38,11
shero_llp_2017,1,1,-1,-1,-1,,1,1,-1,-1,-1,1,1,1,1,0,0,1,-1,-1,1,1,0,0,1,0,1,1,1,1,1,1,1,-1,0,-1,1,0,1,1,-1,1,1,1,1,-1,-1,-1,0,0,1,1,1,1,1,0,0,1,,0,1,1,1,1,1,1,1,1,1,1,1,1,1,0,0,-1,1,1,0,0,0,0,0,0,-1,0,-1,-1,1,1,1,1,0,0,0,0,0,0,0,0,0,0,0,1,0,1,1,1,1,1,1,0,1,1,1,0,0,0,0,0,0,0,0,1,1,0,0,0,0,0,0,-1,0,1,1,0,0,1,1,1,0,1,1,1,0,1,1,1,0,0,0,0,0,0,0,0,0,0,0,0,0,0,0,0,0,0,0,0,0,-1,0,0,-1,1,1,0,0,-1,0,0,0,1,0,0,0,-1,0,1,0,0,0,0,0,0,0,0,0,0,0,0,-1,-1,-1,-1,-1,-1,-1,0,0,0,0,0,0,0,0,0,0,0,0,0,1,0,0,1,0,1,0,,,,0,0,0,0,0,0,0,0,0,0,0,0,0,0,,0,0,0,0,0,-1,-1,-1,-1,1,-1,-1,1,1,1,1,0,0,0,0,0,0,1,0,0,0,0,1,0,0,0,0,0,0,0,-1,-1,0,0,0,1,1,0,0,0,0,0,1,1,1,1,1,1,1,-1,0,,1,0,1,1,1,1,0,0,0,1,-1,-1,0,0,0,1,1,0,1,1,1,1,-1,1,1,1,1,0,1,0,1,1,1,-1,1,0,0,1,1,1,1,0,0,-1,1,1,1,1,1,1,1,1,1,0,0,-1,0,1,-1,0,0,132,110,22,36.97,310,46,7
inergy_solar_2017,-1,-1,1,1,1,,1,1,-1,-1,-1,1,1,1,1,-1,-1,1,-1,-1,1,-1,1,1,0,0,1,1,1,1,1,0,1,-1,0,1,-1,0,-1,0,1,1,1,1,-1,1,1,-1,1,0,1,1,1,-1,1,1,0,1,1,1,1,1,1,1,1,1,1,1,0,0,0,1,-1,0,0,0,-1,-1,0,-1,1,0,-1,-1,-1,0,0,0,0,1,1,0,-1,-1,-1,-1,0,0,0,,,,,1,0,0,0,0,0,0,0,0,0,0,0,0,0,0,0,0,0,0,0,0,0,0,0,0,0,0,0,1,0,1,1,0,0,0,0,-1,0,-1,-1,-1,0,0,0,1,1,1,0,0,0,0,0,1,0,1,0,1,-1,0,0,0,-1,-1,-1,0,-1,0,-1,0,1,1,-1,1,1,1,1,1,0,1,1,1,1,1,-1,1,-1,1,0,0,0,0,1,1,0,0,0,0,1,1,-1,-1,-1,-1,-1,0,0,-1,-1,0,0,-1,-1,-1,-1,-1,-1,-1,1,1,1,0,0,-1,0,,,,0,0,0,0,0,0,0,0,0,0,0,0,0,0,0,0,-1,-1,-1,-1,-1,-1,-1,-1,1,-1,-1,1,1,1,-1,-1,0,0,1,1,1,1,1,1,-1,-1,1,0,0,1,0,1,1,1,1,-1,-1,0,0,1,1,1,1,1,0,0,1,1,1,1,1,1,1,-1,1,1,1,1,-1,1,-1,1,1,1,0,1,-1,-1,1,1,1,-1,1,0,0,-1,1,1,1,1,-1,1,1,0,1,0,1,-1,1,-1,-1,0,1,1,-1,0,-1,1,1,0,1,1,1,1,-1,0,0,0,0,1,0,0,0,0,1,0,-1,138,122,16,38.66,269,86,8
yotta_solar_2017,-1,-1,-1,-1,-1,,1,1,-1,-1,-1,-1,-1,-1,-1,1,1,1,-1,-1,-1,-1,0,0,1,-1,-1,1,1,1,1,-1,0,0,0,-1,-1,0,-1,-1,1,1,-1,-1,0,-1,1,1,0,0,-1,1,-1,1,1,1,1,1,-1,1,1,1,1,1,1,1,1,1,0,0,0,1,-1,0,0,-1,-1,-1,-1,0,-1,0,-1,-1,-1,0,0,0,-1,1,0,-1,0,0,0,0,0,0,0,-1,-1,-1,-1,1,0,1,0,0,0,0,0,0,-1,-1,-1,0,0,0,0,0,0,0,0,1,1,0,0,0,0,0,0,0,0,1,1,-1,1,-1,-1,-1,0,1,1,1,0,-1,0,1,0,1,0,1,1,0,0,0,0,1,0,-1,0,0,0,0,1,-1,0,0,0,0,0,0,1,1,-1,1,1,-1,1,1,0,-1,-1,1,-1,1,0,1,1,1,0,0,0,0,-1,1,0,0,1,0,0,0,-1,-1,-1,-1,-1,1,1,1,1,1,1,1,1,0,0,0,0,0,0,0,0,0,-1,0,0,,,,0,0,0,0,0,0,0,0,0,0,0,0,0,0,0,0,-1,-1,1,1,-1,-1,-1,-1,1,-1,-1,1,1,1,-1,0,0,0,-1,-1,-1,1,1,1,1,1,1,-1,-1,-1,0,1,1,1,1,-1,-1,0,0,-1,1,-1,1,1,0,-1,1,1,1,1,1,1,1,0,1,1,1,1,-1,-1,1,1,1,-1,-1,1,-1,-1,1,1,1,0,-1,-1,-1,-1,-1,-1,1,-1,-1,0,-1,-1,1,0,1,-1,0,1,0,0,1,1,-1,-1,0,-1,0,1,1,0,0,0,-1,-1,-1,-1,-1,-1,-1,-1,0,1,1,-1,-1,115,101,14,32.21,243,116,4
xyber_technologies_2017,-1,-1,1,1,1,,1,1,-1,-1,-1,1,1,1,1,1,1,1,1,1,1,1,-1,-1,0,-1,0,1,1,1,1,-1,-1,-1,0,1,-1,0,-1,0,1,1,0,0,0,0,0,0,0,0,1,1,0,-1,1,1,1,0,0,0,1,1,0,-1,-1,-1,-1,-1,0,0,1,1,1,0,0,1,-1,0,-1,0,1,0,1,1,-1,0,1,1,1,1,1,0,-1,-1,-1,-1,-1,-1,-1,-1,-1,-1,-1,1,-1,1,0,0,0,0,0,0,-1,-1,0,0,0,0,0,0,0,0,0,1,1,0,0,0,0,0,0,0,-1,1,1,0,1,0,0,-1,0,1,1,1,-1,-1,1,1,0,-1,0,1,1,0,0,0,0,1,0,1,1,0,0,0,1,0,0,0,0,0,0,0,0,1,0,1,1,1,1,1,0,1,1,1,1,1,1,1,1,1,0,0,0,0,0,1,-1,0,-1,0,-1,-1,-1,-1,-1,-1,-1,0,0,0,0,0,0,0,0,0,0,-1,-1,-1,-1,0,0,0,-1,0,0,,,,0,0,,0,0,0,0,0,0,-1,-1,-1,0,0,0,0,1,1,1,1,-1,-1,-1,-1,1,-1,-1,1,1,1,-1,-1,1,0,0,0,0,1,1,1,-1,-1,1,-1,-1,1,0,1,1,1,1,1,-1,0,0,0,-1,-1,-1,-1,0,-1,1,-1,1,1,1,1,-1,-1,-1,1,1,1,-1,0,1,-1,1,-1,0,1,0,0,-1,-1,-1,-1,0,0,0,0,-1,1,1,0,0,0,0,0,1,1,1,-1,0,0,0,0,1,1,0,0,0,0,0,0,-1,0,0,0,0,0,0,0,1,0,-1,0,0,1,1,0,0,116,104,12,32.49,267,91,5
shower_stream_2017,-1,-1,-1,-1,-1,-1,-1,-1,-1,-1,-1,1,1,1,1,1,1,0,1,1,1,0,0,0,0,-1,0,0,0,1,1,0,0,0,1,0,1,0,1,1,1,1,0,0,0,1,1,1,0,0,0,0,0,1,1,1,0,0,0,0,1,0,0,0,0,1,1,0,0,0,0,1,1,0,0,1,0,0,1,0,1,0,0,0,1,0,0,0,0,0,1,1,-1,-1,-1,-1,0,0,0,-1,-1,-1,-1,1,0,1,1,1,1,1,1,1,1,1,1,1,1,1,1,0,1,0,0,1,1,0,0,0,0,0,0,0,0,1,1,0,-1,1,1,1,1,1,1,1,1,1,1,1,0,1,0,1,1,0,0,0,0,1,0,1,0,0,0,0,1,0,0,0,0,0,0,0,1,1,0,1,1,0,1,1,0,1,0,1,1,1,0,1,1,1,0,0,0,0,1,1,1,0,0,,-1,-1,0,0,-1,-1,-1,0,0,-1,-1,-1,-1,0,0,0,0,-1,-1,-1,0,0,0,0,0,0,0,,,,0,0,0,0,0,0,0,0,0,0,0,0,0,0,0,0,0,0,0,0,-1,-1,-1,0,1,1,1,1,1,1,1,0,-1,0,1,1,1,1,0,0,0,0,1,0,0,-1,0,1,1,1,1,1,1,0,0,1,1,0,1,1,0,0,1,1,1,1,1,1,0,1,1,1,1,1,1,0,1,1,0,0,0,1,1,0,1,1,1,1,1,0,0,1,1,0,1,1,1,0,0,0,1,0,1,1,1,1,1,0,1,1,0,1,0,1,1,1,1,0,0,0,0,0,0,0,1,0,0,0,0,0,1,0,0,150,129,21,42.02,321,38,4
inovues_2017,1,1,-1,-1,-1,0,0,0,-1,-1,-1,-1,-1,-1,-1,1,1,1,-1,-1,1,1,0,0,0,0,1,1,1,1,1,0,0,1,0,0,0,0,1,-1,-1,1,0,0,0,1,1,1,1,0,-1,-1,0,-1,1,1,-1,0,0,0,-1,-1,0,0,0,1,1,-1,0,0,0,1,-1,0,-1,-1,1,1,0,0,1,0,-1,-1,0,0,-1,-1,-1,-1,0,-1,0,0,0,0,0,0,0,-1,-1,-1,-1,1,0,1,1,1,0,0,0,0,0,0,0,-1,-1,-1,-1,0,0,0,0,1,1,0,0,0,0,0,0,0,0,-1,-1,0,1,1,1,1,-1,1,1,1,0,1,1,1,0,1,0,-1,1,0,0,0,0,1,0,1,1,0,-1,1,1,0,0,0,0,0,0,0,1,1,0,1,1,1,1,1,0,1,0,-1,1,1,1,1,1,1,0,0,0,0,1,1,0,0,0,,-1,-1,-1,-1,-1,-1,-1,-1,-1,-1,-1,0,0,0,0,0,0,-1,-1,-1,-1,-1,-1,0,0,0,0,,,,0,0,0,0,0,0,0,0,0,0,0,0,0,0,0,0,-1,-1,1,1,-1,-1,-1,-1,1,-1,-1,0,0,0,0,0,1,1,0,0,0,1,-1,-1,-1,-1,1,-1,-1,0,0,1,1,1,1,-1,1,0,0,1,1,1,1,1,0,0,1,1,1,1,1,1,-1,0,1,-1,1,1,1,0,-1,1,1,1,1,1,1,1,1,1,1,1,1,1,-1,1,1,1,1,1,1,-1,0,0,0,0,-1,0,0,,0,-1,1,1,-1,1,0,1,1,-1,-1,0,0,0,0,0,0,0,1,0,0,0,0,-1,1,-1,-1,119,100,19,33.33,268,90,5
tx2o_2017,-1,-1,-1,-1,-1,-1,-1,-1,-1,-1,-1,-1,-1,-1,-1,1,1,1,0,0,1,0,0,0,1,0,0,1,1,1,1,0,0,-1,0,1,-1,0,0,0,1,1,0,0,0,1,1,1,0,0,1,1,-1,1,1,1,1,1,0,0,-1,1,1,1,1,0,0,1,-1,-1,1,1,-1,0,0,1,0,0,1,0,1,0,-1,-1,0,0,0,0,0,1,0,0,0,0,0,0,0,0,0,-1,-1,-1,-1,1,0,1,0,0,0,0,0,0,1,1,0,0,0,0,0,0,0,0,0,1,1,0,0,0,0,0,0,0,0,1,1,0,1,-1,-1,0,0,1,1,1,0,0,1,1,0,1,0,1,-1,0,0,0,0,1,0,0,0,0,0,0,1,1,0,0,0,0,0,0,-1,1,0,1,1,1,1,1,0,1,1,1,1,1,0,1,1,-1,0,0,0,0,0,1,0,0,1,0,0,0,-1,1,-1,-1,1,1,1,1,1,1,1,1,1,0,0,0,0,0,0,0,0,0,-1,0,0,,,,0,0,0,0,0,0,0,0,0,0,0,0,0,0,0,0,-1,-1,1,1,1,1,1,-1,1,0,0,1,1,1,0,0,0,0,1,1,1,1,1,1,1,1,1,1,1,1,0,1,1,1,1,1,1,0,0,1,-1,0,1,1,0,0,1,1,1,1,1,1,-1,0,0,1,1,1,1,0,1,1,1,0,0,1,0,0,1,1,1,0,0,0,1,0,0,1,1,1,0,0,0,0,1,0,1,0,0,1,0,0,1,1,0,0,0,0,0,-1,1,0,0,0,0,1,1,1,0,0,-1,0,0,1,1,0,1,140,121,19,39.22,316,44,3
katz_water_technologies_2017,-1,-1,-1,-1,-1,,1,1,-1,-1,-1,-1,-1,-1,-1,1,1,1,0,0,1,1,1,1,0,1,1,1,1,0,0,0,0,0,0,0,0,0,0,0,0,0,0,0,0,0,0,0,0,0,0,0,0,0,0,0,0,0,0,0,0,0,0,0,0,1,1,0,0,0,0,1,-1,-1,1,1,1,1,-1,-1,-1,-1,-1,-1,-1,0,1,1,0,1,0,0,-1,-1,-1,-1,-1,-1,-1,-1,-1,-1,-1,1,0,1,1,1,1,1,-1,0,1,1,-1,0,0,0,0,0,0,0,0,1,1,0,0,0,0,0,0,0,0,1,1,1,-1,1,1,1,0,1,1,1,-1,-1,1,1,0,1,-1,1,1,0,0,-1,-1,1,-1,1,1,0,0,-1,-1,0,0,1,0,0,1,-1,1,1,1,-1,-1,1,1,1,0,1,0,1,1,1,-1,1,1,1,0,-1,0,0,1,1,0,0,0,,-1,-1,-1,-1,-1,-1,-1,0,0,-1,-1,0,0,-1,-1,-1,-1,-1,-1,-1,1,0,0,0,0,0,0,,,,0,0,0,0,0,0,0,0,0,0,0,0,0,0,0,0,-1,-1,-1,-1,-1,-1,-1,-1,1,1,1,1,1,1,-1,1,1,-1,-1,-1,-1,1,0,0,0,0,1,0,0,0,0,1,1,1,-1,-1,-1,0,-1,0,1,1,-1,-1,-1,0,-1,1,1,1,1,1,1,1,1,1,-1,1,1,0,1,1,1,1,-1,1,-1,-1,1,1,1,0,-1,-1,-1,1,1,1,1,1,-1,-1,1,-1,1,1,1,0,0,1,0,0,1,1,1,-1,0,0,-1,1,1,1,1,1,0,0,0,0,0,0,0,0,0,1,1,-1,0,122,106,16,34.17,260,98,5
nova_gas_solutions_2017,1,1,-1,-1,-1,-1,-1,-1,-1,-1,-1,1,1,1,1,1,1,1,0,0,0,1,1,1,0,1,1,1,1,1,1,0,0,0,0,1,0,0,0,0,-1,1,0,0,0,0,0,0,0,0,0,1,1,1,1,1,0,-1,1,0,1,1,0,1,1,1,1,1,0,0,0,0,0,0,1,1,1,1,0,0,0,0,0,0,0,0,0,0,1,1,0,0,0,0,0,0,0,0,0,-1,-1,-1,-1,1,1,1,0,0,0,0,0,0,0,0,0,0,0,0,0,0,0,0,0,1,1,0,0,0,0,0,0,0,0,0,0,0,0,1,1,1,1,1,1,1,0,1,0,1,0,0,0,1,1,0,0,0,0,1,-1,0,0,0,0,0,0,0,0,0,0,0,0,0,1,1,0,1,1,1,1,1,0,1,0,1,1,1,0,1,1,1,0,0,0,0,1,1,0,0,0,,1,1,-1,1,1,-1,-1,0,0,0,0,0,0,0,0,0,0,-1,-1,-1,0,0,0,0,0,0,0,,,,0,0,0,0,0,0,0,0,0,0,0,0,0,0,0,0,1,1,1,1,-1,-1,-1,-1,1,1,1,1,1,1,0,0,1,0,0,0,0,1,0,0,1,1,-1,0,0,0,0,1,1,1,1,1,1,0,0,1,1,1,1,1,0,0,1,1,1,1,1,1,1,0,1,1,1,0,0,0,1,1,1,1,1,1,1,0,0,0,0,0,1,1,0,1,1,1,0,1,1,0,1,1,1,0,1,1,0,0,0,0,1,1,1,0,0,0,0,1,1,0,0,1,1,1,1,1,1,0,0,0,0,1,0,1,0,143,122,21,40.06,332,27,4
terra_ferma_2017,1,1,-1,-1,-1,,1,1,-1,-1,-1,1,1,1,1,1,1,-1,1,1,1,0,0,0,0,1,1,1,1,1,1,0,0,1,-1,0,1,0,-1,0,1,1,0,0,0,0,-1,1,1,0,0,1,0,-1,1,1,-1,-1,0,0,1,1,0,0,0,1,1,0,0,0,1,0,0,-1,1,0,0,0,1,0,1,0,1,1,1,0,0,0,-1,1,1,1,-1,-1,-1,-1,0,0,0,-1,-1,-1,-1,1,0,1,0,0,0,0,0,0,0,0,0,0,0,0,0,0,0,0,0,1,1,0,0,0,0,0,0,0,0,-1,-1,0,0,0,0,0,0,1,1,1,0,0,0,1,0,1,0,-1,1,0,0,-1,0,1,0,1,0,0,0,0,0,0,1,1,0,0,-1,0,1,1,0,1,1,1,1,1,0,1,1,1,1,1,0,1,1,1,0,0,0,0,0,1,0,0,1,0,0,0,1,-1,1,-1,-1,0,0,0,0,0,0,0,0,0,0,0,0,0,0,0,0,0,0,0,0,,,,0,0,0,0,0,0,0,0,0,0,0,0,0,0,0,0,-1,-1,-1,-1,-1,-1,1,-1,1,0,0,1,1,1,0,0,-1,0,-1,-1,-1,1,0,0,0,0,1,0,0,1,0,1,1,-1,1,0,1,0,0,1,1,1,1,1,0,0,1,1,1,1,1,1,1,-1,0,1,1,-1,0,0,0,1,0,0,0,1,0,0,0,0,0,0,0,0,0,0,0,0,0,-1,0,0,0,0,1,-1,1,0,0,1,0,1,0,0,0,0,0,0,0,0,1,0,0,0,0,0,0,0,0,0,0,0,0,0,0,0,1,109,98,11,30.53,312,47,4
sunlytix_2017,-1,-1,-1,-1,-1,,1,1,-1,-1,-1,-1,-1,-1,-1,1,1,1,1,1,1,1,1,1,0,0,1,1,1,1,1,0,0,0,0,0,1,1,1,1,0,1,,0,0,0,0,0,1,0,0,1,1,0,0,0,0,1,0,0,1,0,0,0,0,1,1,0,1,1,0,1,0,0,0,1,1,1,1,0,0,0,-1,-1,0,0,0,0,0,1,0,0,0,0,0,0,0,0,0,0,0,0,0,1,1,1,1,1,0,0,0,0,0,0,0,0,0,0,0,0,0,0,0,1,1,0,0,0,0,1,0,0,0,1,1,1,0,0,0,0,0,1,1,1,0,0,1,1,0,0,0,0,0,0,0,-1,0,1,0,1,0,0,0,0,0,0,0,0,0,1,0,0,0,-1,0,-1,-1,-1,-1,0,0,-1,0,-1,-1,-1,0,-1,-1,-1,0,0,0,0,-1,-1,0,0,0,,0,0,-1,-1,-1,-1,-1,0,0,0,0,0,0,0,0,0,0,0,0,0,1,0,0,1,0,1,0,,,,0,0,,0,0,,0,0,,0,0,0,0,0,,-1,0,0,0,0,-1,-1,-1,-1,1,0,0,0,0,0,1,1,-1,0,0,0,0,1,0,0,0,0,1,0,0,0,0,1,1,0,-1,0,1,0,0,-1,1,-1,1,1,0,0,1,0,0,1,1,1,0,0,1,1,0,1,0,0,-1,1,1,1,0,1,0,0,1,1,1,0,0,0,1,0,0,0,1,1,0,0,0,0,1,0,0,0,0,1,0,0,1,0,1,0,0,0,0,0,1,0,0,0,0,0,0,0,0,0,0,0,0,1,1,0,0,93,80,13,26.05,309,44,10
renewwest_2017,-1,-1,-1,-1,-1,0,0,0,-1,-1,-1,1,1,1,1,1,1,1,1,1,1,0,-1,-1,0,1,1,1,1,1,1,0,0,0,0,0,0,0,0,0,0,1,0,0,0,1,1,1,,0,0,1,0,1,1,0,0,0,0,0,0,-1,0,0,0,1,1,0,0,0,0,1,1,0,0,-1,0,0,0,0,-1,0,1,1,-1,0,1,1,1,1,1,0,0,0,0,0,0,0,0,,1,1,1,1,1,1,0,0,0,0,0,1,1,1,0,0,0,0,0,0,0,0,0,1,1,0,0,0,0,0,0,0,0,0,0,0,0,1,1,1,1,1,1,1,-1,1,1,0,0,1,0,1,1,0,0,1,0,0,0,0,0,0,0,0,0,0,0,0,0,0,0,0,-1,1,0,1,1,1,1,1,0,1,-1,1,1,1,0,1,1,-1,0,0,0,0,-1,1,0,0,0,,-1,-1,-1,-1,-1,-1,1,0,0,0,0,0,0,0,0,0,0,0,0,0,0,-1,-1,0,0,0,0,,,,0,0,0,0,0,0,0,0,0,0,0,0,0,0,0,0,0,0,0,0,-1,-1,1,-1,1,0,0,0,0,0,-1,0,0,0,-1,-1,-1,1,0,0,0,0,1,0,0,0,0,1,1,1,1,1,1,0,0,1,1,0,0,0,0,0,0,1,0,0,0,0,0,0,1,1,1,0,-1,1,1,1,0,0,0,1,1,1,0,0,0,0,-1,0,0,0,1,1,0,1,1,0,0,1,-1,0,0,1,1,0,0,0,0,1,0,0,0,0,1,-1,-1,0,0,1,0,0,0,0,0,0,0,0,0,1,1,0,-1,106,87,19,29.69,317,40,6
hyperion_energy_2017,-1,-1,-1,-1,-1,-1,-1,-1,-1,-1,-1,-1,-1,-1,-1,1,1,-1,1,1,1,1,0,0,-1,-1,1,1,1,1,1,0,-1,-1,-1,1,0,0,1,1,1,1,0,0,0,-1,-1,-1,1,0,0,1,0,1,1,1,-1,0,0,0,1,0,0,0,0,1,1,-1,0,0,1,1,-1,0,0,-1,0,0,0,0,1,0,-1,-1,-1,0,1,1,0,0,0,1,-1,-1,-1,-1,0,0,0,0,0,0,0,0,0,1,1,1,0,0,0,-1,1,1,0,0,0,0,0,0,0,0,0,1,1,0,0,0,0,0,0,0,-1,-1,-1,0,0,1,1,0,-1,1,1,1,0,0,1,1,0,0,-1,1,1,0,0,0,0,1,0,1,1,0,0,1,1,0,1,1,0,0,1,0,1,1,0,1,1,1,1,1,0,1,0,-1,1,1,0,0,-1,1,0,-1,0,0,1,1,0,0,0,,0,0,-1,-1,-1,-1,-1,-1,-1,-1,-1,0,0,-1,-1,0,0,0,0,0,0,0,0,0,0,0,0,,,,0,0,0,0,0,0,0,0,0,0,0,0,0,0,0,0,0,0,0,0,-1,-1,-1,-1,1,0,0,1,1,1,0,0,-1,0,-1,-1,-1,1,0,0,0,0,1,0,0,0,0,1,1,1,1,0,1,0,0,0,1,1,-1,-1,0,0,1,1,1,1,1,1,0,0,1,-1,-1,1,1,0,,-1,0,0,-1,1,-1,1,1,1,1,1,1,0,1,0,1,0,1,1,1,-1,0,0,0,0,0,-1,1,0,0,0,1,-1,-1,1,0,0,1,1,1,0,0,0,0,0,0,0,0,0,0,0,0,-1,1,-1,0,108,94,14,30.25,282,76,5
5th_element_energy_services_llc_2017,-1,-1,-1,-1,-1,,1,1,-1,-1,-1,-1,-1,-1,-1,-1,-1,1,-1,-1,1,0,0,0,0,1,0,1,1,1,1,0,0,0,0,1,0,0,-1,0,0,1,0,0,0,1,1,1,0,0,0,1,-1,-1,1,1,0,0,0,0,0,0,0,-1,-1,1,1,0,0,0,0,1,0,0,0,0,0,0,0,0,1,0,-1,-1,0,0,0,0,0,1,1,-1,0,0,0,0,0,0,0,0,0,0,0,1,1,1,0,0,0,0,0,0,0,0,0,-1,-1,-1,-1,0,0,0,0,1,1,0,0,0,0,0,0,0,0,1,1,0,0,1,1,0,1,1,1,1,0,0,0,1,0,-1,0,1,1,0,0,0,0,1,0,0,0,0,0,0,1,0,0,0,0,0,0,0,1,1,0,1,1,1,1,1,0,1,0,1,1,1,0,1,1,1,0,0,0,0,1,1,0,0,0,,0,0,-1,-1,-1,-1,-1,0,0,1,1,0,0,-1,-1,-1,-1,0,0,0,0,0,0,0,0,0,0,,,,0,0,0,0,0,0,0,0,0,0,0,0,0,0,0,0,1,1,1,1,-1,-1,1,-1,1,0,0,0,0,0,0,0,0,0,1,1,1,1,0,0,0,0,0,0,0,1,0,0,0,0,0,0,0,0,0,1,0,0,0,0,0,0,1,0,0,1,1,1,0,1,1,0,1,1,1,0,0,0,0,0,0,1,0,1,0,0,0,1,0,0,0,0,1,0,1,1,1,0,0,0,0,0,0,0,0,0,0,0,0,1,1,1,0,1,1,1,0,0,0,1,0,0,0,0,0,0,0,0,0,0,1,0,0,95,78,17,26.61,317,41,5
opcondys_inc_2017,-1,-1,-1,-1,-1,0,0,0,-1,-1,-1,-1,-1,-1,-1,1,1,1,1,1,1,1,1,1,0,1,0,1,1,1,1,0,0,0,0,0,0,0,0,0,-1,1,1,1,,1,1,,1,1,1,1,0,1,0,1,-1,1,0,0,1,-1,0,0,0,1,1,1,0,0,1,1,0,0,0,0,-1,1,0,0,1,0,-1,-1,1,-1,0,0,0,-1,1,0,0,0,0,0,0,0,0,0,0,0,0,1,0,1,0,0,0,0,0,0,1,1,0,0,0,0,0,0,0,0,0,1,1,0,0,0,0,0,0,1,0,1,1,0,0,1,1,1,0,1,1,1,0,1,1,1,0,1,0,1,1,1,0,1,1,1,-1,1,1,0,0,0,1,1,1,1,1,-1,1,1,1,1,1,0,-1,-1,-1,1,1,1,1,1,-1,-1,1,1,-1,1,0,0,0,0,1,1,0,0,0,,-1,-1,-1,-1,-1,-1,-1,1,1,0,0,0,0,0,0,0,0,0,0,0,0,0,0,-1,0,-1,0,,,,0,0,0,0,0,0,0,0,0,0,0,0,0,0,0,0,0,0,-1,-1,-1,-1,-1,-1,1,1,1,1,1,1,-1,-1,0,0,1,1,1,1,0,0,0,0,1,0,0,-1,0,1,1,1,1,-1,1,0,0,1,1,1,1,1,0,0,1,-1,0,1,1,1,1,1,1,1,1,1,1,1,1,1,1,0,0,1,0,0,1,1,1,0,1,-1,0,1,0,1,1,1,0,1,1,-1,1,1,0,1,1,1,0,0,1,-1,-1,0,0,0,0,0,1,0,0,1,0,1,1,1,0,0,0,-1,0,-1,-1,0,1,144,125,19,40.34,302,55,6
general_engineering_research_2017,-1,-1,1,1,1,,1,1,1,1,1,1,1,1,1,1,1,1,-1,-1,1,1,1,1,0,1,1,1,1,1,1,1,1,1,1,1,0,0,1,1,1,1,1,0,0,0,0,0,0,0,-1,1,1,1,1,1,0,1,1,0,1,1,-1,-1,-1,1,1,1,-1,-1,-1,1,1,-1,-1,1,1,1,-1,0,0,0,0,0,0,0,0,0,0,1,0,1,0,0,0,0,0,0,0,-1,-1,-1,-1,1,0,0,0,0,0,0,0,0,0,0,0,0,0,0,0,0,0,0,0,0,0,0,0,0,0,0,0,0,0,-1,-1,0,1,0,0,0,-1,0,0,0,0,0,0,1,0,0,-1,0,0,0,0,-1,0,-1,0,-1,0,-1,0,-1,1,-1,0,-1,0,-1,-1,0,0,0,0,0,0,0,0,0,0,0,0,0,0,0,0,0,1,0,0,-1,0,0,1,0,0,-1,0,0,-1,-1,-1,-1,0,0,0,0,0,0,0,0,0,0,0,-1,-1,-1,-1,-1,0,-1,-1,0,0,0,0,,,,0,0,0,0,0,0,0,0,0,0,0,0,0,0,0,0,-1,-1,0,0,-1,-1,-1,-1,1,1,1,1,1,1,0,-1,0,0,1,1,1,1,0,0,0,0,-1,0,0,1,0,1,1,1,0,0,0,0,0,-1,0,0,1,1,0,0,1,0,0,1,1,1,1,-1,1,1,1,0,1,,1,1,0,0,0,1,,,1,1,1,-1,1,-1,-1,1,1,1,0,1,1,-1,-1,0,1,-1,1,1,-1,0,-1,-1,-1,1,1,0,0,1,0,0,1,0,0,0,0,0,0,0,0,0,0,1,0,1,0,0,1,107,87,20,29.97,292,64,7
lilac_solutions_inc_2017,-1,-1,-1,-1,-1,-1,-1,-1,-1,-1,-1,1,1,1,1,1,1,1,1,1,1,0,0,0,0,1,1,1,1,1,1,0,0,0,0,-1,0,0,,1,1,1,1,0,1,1,1,1,1,1,1,0,1,0,1,-1,0,0,0,0,1,1,1,-1,-1,0,0,0,1,1,0,1,1,0,0,0,1,1,0,0,-1,-1,-1,-1,0,0,-1,-1,-1,1,1,0,-1,-1,-1,-1,-1,-1,-1,0,0,0,0,-1,-1,1,0,0,0,0,0,0,0,0,0,0,0,0,0,0,0,0,0,0,0,0,0,0,0,0,0,0,0,0,0,0,0,0,0,0,0,0,0,0,0,0,1,1,1,1,1,1,1,1,1,1,1,1,0,1,1,0,0,0,0,0,1,1,1,1,0,0,0,1,0,0,1,1,1,1,1,1,1,1,1,1,1,1,1,1,1,1,0,1,1,1,1,1,1,0,1,1,1,-1,-1,1,1,1,1,1,1,1,1,1,1,1,1,,1,1,0,1,1,0,-1,1,0,,,,0,0,0,0,0,0,0,0,,,1,1,0,0,0,0,1,1,1,1,1,1,-1,-1,1,1,1,1,1,1,1,1,1,1,0,0,0,1,0,0,0,0,1,1,1,0,0,0,0,1,0,0,0,0,0,1,1,0,0,0,0,0,1,1,1,1,1,1,1,1,0,1,0,1,1,1,1,0,0,0,0,1,0,0,0,0,0,0,0,0,0,1,1,0,1,1,0,0,1,0,1,0,0,0,0,0,0,1,0,0,0,1,0,1,1,0,0,0,0,0,0,0,0,0,1,0,0,0,1,0,1,1,1,156,137,19,43.7,320,36,7
novasolix_inc_2017,0,0,0,0,0,,1,1,-1,-1,-1,0,0,0,0,1,1,1,-1,-1,1,0,0,0,0,0,1,1,1,1,1,0,0,1,1,1,1,0,1,1,0,0,1,0,1,0,1,0,1,0,0,1,1,0,1,1,0,0,1,0,1,1,0,0,0,0,0,1,0,0,0,1,0,0,0,1,1,1,0,0,0,0,-1,-1,0,0,0,0,0,1,0,0,,1,1,1,,1,1,,,,,1,1,0,0,0,0,0,0,0,1,1,0,0,0,0,0,0,0,-1,-1,1,1,-1,-1,0,-1,0,0,-1,0,1,1,0,0,0,0,0,0,1,1,1,1,0,,1,0,0,1,1,1,1,0,1,1,1,1,1,1,0,0,-1,-1,1,1,1,1,1,1,1,1,1,-1,0,1,1,1,1,1,0,0,1,1,1,0,1,1,0,1,0,-1,0,1,1,0,0,1,-1,1,1,1,-1,-1,1,1,1,1,1,1,1,1,1,1,-1,-1,,1,1,0,1,1,1,-1,1,-1,,,,0,0,,0,0,,0,0,0,,1,1,0,0,0,0,1,1,1,1,1,-1,1,1,1,0,0,1,1,1,0,1,1,1,1,1,1,1,1,1,1,1,1,0,0,1,0,1,1,-1,-1,1,1,1,1,1,1,1,1,1,0,0,1,1,1,1,1,1,1,0,1,1,1,1,0,1,1,1,1,1,0,1,-1,1,0,0,0,0,1,-1,0,1,1,1,1,1,1,0,1,-1,0,-1,1,0,1,1,0,1,1,1,1,1,1,1,1,1,1,0,0,0,1,0,0,0,1,0,0,1,0,0,1,0,0,184,158,26,51.54,317,31,15
climate_solutions_net_2017,-1,-1,-1,-1,-1,,1,1,-1,-1,-1,-1,-1,-1,-1,1,1,1,0,0,1,0,1,1,0,1,1,1,1,1,1,0,0,0,-1,1,0,0,0,0,1,1,0,0,0,0,0,0,0,0,0,0,0,0,1,0,0,0,0,0,0,0,0,0,0,1,1,0,0,0,0,0,-1,0,0,0,0,0,0,0,0,0,0,0,0,0,0,0,0,0,0,0,0,0,0,0,0,0,0,0,0,0,0,0,0,0,0,0,0,0,0,0,0,0,0,0,0,0,0,0,0,0,0,0,0,0,0,0,0,0,0,0,0,0,0,0,0,0,0,0,0,0,0,0,0,0,0,0,0,0,0,0,0,0,0,0,0,0,0,0,0,0,0,0,0,0,0,0,0,0,0,0,0,0,0,0,0,0,0,0,0,0,0,0,0,0,0,0,0,0,0,0,0,0,0,0,0,0,0,,0,0,0,0,0,0,0,0,0,0,0,0,0,0,0,0,0,0,0,0,0,0,0,0,0,0,0,,,,0,0,0,0,0,0,0,0,0,0,0,0,0,0,0,0,0,0,0,0,0,0,0,0,-1,0,0,0,0,0,0,0,0,0,0,0,0,1,1,1,0,0,1,0,0,0,0,0,0,0,0,1,0,0,0,1,1,0,0,0,0,0,0,0,0,1,1,1,0,0,0,-1,1,-1,1,1,1,1,1,1,0,1,0,-1,1,1,1,1,0,0,0,-1,1,1,0,-1,-1,0,1,0,0,1,1,0,0,0,-1,0,1,0,0,0,0,-1,-1,0,1,0,0,1,0,0,0,0,1,0,0,0,0,1,0,0,0,52,41,11,14.57,334,24,5
secco2_engines_2017,-1,-1,-1,-1,-1,0,0,0,-1,-1,-1,-1,-1,-1,-1,,,,-1,-1,1,,1,1,,1,1,1,1,1,1,0,0,0,1,0,0,0,1,-1,0,1,0,1,1,0,0,0,1,0,1,,1,,,1,1,1,0,0,1,0,0,0,0,1,1,0,1,1,1,,1,1,1,,0,0,0,,,0,,,0,0,0,0,0,0,1,0,0,0,0,0,0,0,0,0,0,0,0,1,0,1,,,,,0,,0,0,,,,,,0,0,0,0,1,1,,,1,0,0,0,1,0,0,0,1,-1,1,1,1,0,1,1,1,-1,0,0,1,0,0,0,0,0,0,1,0,1,1,0,1,1,1,1,1,0,0,0,0,0,1,1,0,0,0,0,0,0,0,0,0,0,0,0,0,0,0,,0,0,0,0,1,0,0,0,0,1,0,0,0,-1,-1,-1,1,1,1,1,1,1,1,1,-1,-1,1,1,-1,-1,-1,-1,-1,1,-1,-1,1,0,1,-1,,,,,,,,,,,,,0,0,0,,,,,1,1,0,0,1,1,1,1,1,1,1,1,1,1,1,1,1,-1,0,0,0,0,0,0,1,1,1,1,1,0,-1,0,0,1,1,1,0,0,0,0,-1,-1,-1,-1,,0,1,1,1,1,1,1,1,,1,0,0,1,1,0,1,1,1,,0,,-1,1,1,1,1,0,1,0,1,,1,1,0,1,0,0,0,0,0,0,1,1,1,,1,1,1,,1,0,0,0,1,1,1,1,1,1,1,1,1,1,1,1,0,1,1,0,0,1,1,137,120,17,38.38,276,37,50
carbon_quest_2017,-1,-1,-1,-1,-1,,1,1,-1,-1,-1,-1,-1,-1,-1,1,1,1,-1,-1,1,1,-1,-1,0,1,1,1,1,0,0,0,0,0,1,1,0,0,0,0,0,1,0,0,0,1,1,1,0,0,0,1,1,1,1,1,1,1,0,0,1,1,0,0,0,1,1,0,1,1,-1,1,1,1,1,1,0,0,0,1,0,0,0,0,0,0,0,0,0,0,0,0,0,0,0,0,0,0,0,0,0,0,0,0,0,1,0,0,0,0,0,0,0,0,0,0,0,0,0,0,0,0,0,1,1,0,0,0,0,0,0,0,0,0,0,0,0,0,0,0,0,0,0,0,0,0,0,1,1,1,0,1,1,0,0,0,-1,-1,1,-1,0,0,0,0,0,0,1,1,0,0,0,0,1,1,0,1,1,1,1,1,-1,1,-1,1,1,1,0,1,1,1,0,1,0,-1,1,1,1,1,1,-1,-1,-1,-1,-1,-1,-1,-1,-1,-1,-1,-1,-1,-1,-1,-1,0,0,0,0,0,0,0,0,-1,-1,0,0,,,,0,0,0,0,0,0,0,0,0,0,0,0,0,0,0,0,1,1,-1,-1,-1,-1,-1,-1,1,0,0,0,0,0,0,0,0,0,1,1,1,1,0,0,0,0,-1,0,0,0,0,0,0,0,0,1,0,0,0,-1,-1,-1,1,1,0,0,0,0,-1,1,1,1,-1,0,0,-1,1,1,1,1,0,0,0,1,0,1,0,-1,-1,-1,-1,1,1,0,0,0,0,0,1,0,0,0,0,0,0,0,-1,0,0,1,0,-1,0,0,0,0,0,0,1,0,1,0,0,0,0,0,0,0,0,0,0,0,0,1,-1,0,0,93,77,16,26.05,298,61,4
whisper_energy_systems_inc_2017,-1,-1,-1,-1,-1,-1,-1,-1,-1,-1,-1,-1,-1,-1,-1,1,1,1,-1,-1,1,0,-1,-1,0,1,1,1,1,0,0,0,0,0,0,0,0,0,0,0,1,1,-1,-1,-1,-1,-1,1,0,0,0,-1,-1,0,1,1,0,1,0,0,0,0,0,0,0,0,0,0,0,0,1,0,0,0,0,0,0,0,0,0,1,0,1,1,1,0,0,0,0,,1,1,0,0,0,0,0,0,0,-1,-1,-1,-1,0,0,0,0,0,,,0,0,,,0,0,0,0,0,0,0,0,0,0,0,0,0,0,0,0,0,0,0,-1,-1,0,0,0,0,0,0,0,0,0,-1,-1,,1,,0,0,-1,-1,-1,1,0,0,1,0,1,0,0,0,0,1,1,1,0,0,-1,1,0,0,1,0,0,1,0,1,0,0,0,0,0,0,0,0,0,1,1,0,0,0,0,0,0,0,0,,1,1,1,-1,1,1,1,-1,-1,-1,0,0,0,0,0,0,-1,-1,-1,-1,-1,1,-1,-1,0,0,0,0,,,,0,0,0,0,0,0,0,0,0,-1,-1,-1,0,0,0,0,-1,-1,1,1,-1,1,1,1,-1,1,1,0,0,0,0,1,1,1,1,1,1,1,0,0,0,0,0,0,0,0,0,1,1,1,1,1,1,0,0,0,1,0,1,1,0,0,-1,0,1,1,1,1,0,1,1,1,1,0,-1,0,1,1,1,1,1,1,1,1,1,1,1,0,0,0,0,0,0,1,1,1,1,,0,0,0,0,0,0,,1,0,0,1,1,0,1,0,1,0,0,,0,0,1,0,0,0,0,0,0,0,1,0,1,0,0,0,95,79,16,26.61,291,58,14
clean_terawatts_2017,-1,-1,-1,-1,-1,-1,-1,-1,-1,-1,-1,1,1,1,1,1,1,0,1,1,1,1,1,1,0,1,1,1,1,1,1,0,0,0,0,1,0,0,1,1,1,1,1,1,0,1,1,1,,0,0,0,1,0,1,1,1,1,1,,1,1,1,1,1,0,0,1,0,0,1,1,1,0,1,1,1,1,0,1,1,1,1,1,1,1,1,1,0,1,1,1,0,0,0,0,0,0,0,0,0,0,0,1,1,-1,0,0,0,0,0,0,0,0,0,0,0,0,0,0,0,0,0,0,0,0,0,0,0,0,0,0,0,0,0,0,0,0,0,0,0,0,0,0,0,0,0,0,0,0,0,1,1,1,0,0,0,0,0,0,0,0,0,0,0,0,0,0,0,0,0,0,1,1,1,1,1,1,1,1,0,1,1,1,1,1,1,1,1,1,1,0,1,1,1,1,0,0,1,,-1,-1,-1,-1,-1,1,1,1,1,1,1,1,1,1,1,1,1,0,0,0,0,0,0,0,0,0,0,,,,,,,,,,,,,0,0,0,,,,,1,1,1,1,1,1,1,-1,1,0,0,0,0,0,0,0,0,0,1,1,1,1,1,1,1,1,1,1,1,1,0,1,1,1,0,1,1,1,1,0,1,1,1,1,1,0,1,1,0,1,1,1,1,0,1,0,0,1,0,0,0,0,0,0,0,0,1,0,0,0,0,0,0,0,0,0,0,0,1,0,0,0,1,0,0,0,0,0,0,0,0,0,0,0,0,0,0,0,0,0,0,0,0,0,0,0,0,0,0,0,0,0,0,0,1,0,0,143,129,14,40.06,326,18,19
cyclescp_inc_2017,-1,-1,-1,-1,-1,,1,1,-1,-1,-1,1,1,1,1,1,1,1,-1,-1,1,0,-1,-1,0,1,1,1,1,1,1,0,0,1,-1,-1,0,0,-1,-1,1,-1,-1,0,0,1,1,-1,-1,0,-1,1,1,0,-1,1,1,0,1,-1,-1,0,-1,1,1,-1,-1,-1,1,1,0,1,1,0,0,0,-1,1,0,0,0,0,0,0,-1,-1,0,0,0,1,0,0,0,0,0,0,0,0,0,,,,,1,-1,0,0,0,0,0,0,0,0,0,0,0,0,0,0,-1,0,0,0,0,0,0,0,0,0,0,0,0,0,0,0,0,0,0,0,0,0,0,0,0,-1,0,0,1,1,1,0,-1,1,-1,0,1,0,1,1,0,1,0,0,-1,1,0,-1,1,0,0,-1,0,-1,1,1,1,1,1,1,1,0,1,0,-1,1,1,-1,1,1,1,0,-1,0,0,1,1,-1,0,1,-1,-1,-1,-1,-1,-1,-1,-1,0,0,0,0,0,0,-1,-1,0,0,0,0,0,1,0,0,0,-1,0,0,,,,0,0,0,0,0,0,0,0,0,0,0,0,0,0,0,0,0,0,0,0,-1,-1,-1,-1,1,-1,-1,0,0,0,1,-1,-1,-1,1,1,1,1,-1,-1,0,0,1,0,0,-1,-1,1,1,-1,-1,1,1,0,0,0,-1,1,-1,-1,0,0,1,0,1,1,1,1,0,0,1,-1,1,1,-1,1,1,1,1,-1,0,1,-1,0,1,1,1,1,1,0,-1,0,1,-1,1,1,0,-1,1,0,-1,1,1,1,1,-1,0,0,1,0,0,0,1,0,0,0,-1,0,0,0,-1,0,0,0,0,-1,0,0,0,-1,1,0,-1,102,89,13,28.57,268,87,8
hyper_chute_systems_llc_2017,-1,-1,-1,-1,-1,-1,-1,-1,-1,-1,-1,-1,-1,-1,-1,1,1,-1,-1,-1,1,0,0,0,0,1,1,0,0,1,1,1,1,-1,0,0,0,0,-1,-1,0,1,0,0,0,1,1,1,1,0,0,1,-1,0,-1,1,0,0,0,0,1,1,0,0,0,1,1,0,0,0,0,1,-1,0,0,-1,0,0,0,1,1,0,-1,-1,0,0,0,0,0,1,1,1,,1,1,1,,1,1,-1,-1,-1,-1,1,0,0,0,0,0,0,0,0,0,0,0,0,0,0,0,0,0,0,0,0,0,0,0,0,0,0,0,0,0,0,0,0,0,0,0,0,0,0,0,0,0,0,0,1,0,1,0,1,1,0,0,-1,0,1,0,1,1,0,0,0,0,0,0,0,0,1,0,0,1,1,0,1,1,1,1,1,0,1,0,1,1,1,0,1,1,1,0,-1,0,0,1,1,0,0,0,,-1,-1,-1,-1,-1,-1,-1,-1,-1,-1,-1,-1,-1,1,1,0,0,-1,-1,-1,1,0,0,-1,0,0,0,,,,0,0,0,0,0,0,0,0,0,-1,-1,-1,0,0,0,0,1,1,1,1,-1,-1,-1,-1,1,0,0,1,1,1,0,0,1,0,0,0,0,1,-1,-1,-1,-1,1,-1,-1,1,0,1,1,1,1,0,1,0,0,1,1,1,1,1,0,1,1,1,1,1,1,1,0,1,1,0,1,0,1,0,0,0,1,-1,0,1,0,0,1,1,1,1,0,0,0,0,-1,-1,-1,-1,0,0,0,0,0,0,0,0,0,-1,1,0,1,0,0,0,0,0,0,0,1,0,0,0,0,0,0,0,1,0,0,0,0,-1,0,0,0,102,91,11,28.57,287,70,6
operant_solar_2017,0,0,-1,-1,-1,-1,-1,-1,-1,-1,-1,-1,-1,-1,-1,1,1,1,-1,-1,1,1,1,1,1,1,1,1,1,1,1,0,0,0,0,1,,1,0,0,0,1,0,0,0,0,0,0,1,1,1,1,-1,1,-1,-1,0,0,0,0,-1,1,1,,,,,0,0,0,0,,,0,0,0,,,0,,,0,0,0,0,0,0,0,-1,1,1,0,0,0,0,0,0,0,0,0,0,0,0,,,-1,,,,,,,,,,0,0,0,0,0,1,,,0,0,1,1,1,,,,-1,-1,-1,-1,-1,0,-1,-1,0,0,0,0,0,0,0,,1,0,0,1,1,0,1,1,1,,0,0,0,1,0,0,0,0,0,0,0,0,0,0,0,0,1,0,1,0,0,0,0,1,0,0,0,0,0,0,1,0,0,0,1,1,0,0,0,,,,0,-1,-1,0,0,0,0,-1,-1,-1,0,0,0,0,0,0,0,0,-1,-1,-1,0,0,0,,0,0,0,,,,0,0,0,0,0,0,0,0,0,0,0,0,0,0,0,0,-1,-1,0,0,0,0,0,0,1,1,1,0,0,0,1,0,0,0,0,0,0,0,0,0,0,0,0,0,0,1,0,0,0,1,0,0,1,0,0,0,0,1,0,0,1,0,1,0,0,0,0,0,1,1,0,1,0,0,1,0,0,0,,,,0,0,0,1,1,1,1,0,0,0,0,1,0,0,1,1,1,0,0,0,1,0,0,0,1,0,1,1,1,1,0,0,0,0,,1,0,0,0,0,0,0,0,0,0,1,0,0,0,0,0,1,74,61,13,20.73,285,38,40
prandtl_2017,-1,-1,-1,-1,-1,-1,-1,-1,-1,-1,-1,-1,-1,-1,-1,-1,-1,1,-1,-1,0,0,1,1,1,-1,1,1,1,0,0,0,0,0,0,0,0,0,1,0,1,1,0,1,0,1,0,0,1,0,0,0,0,1,0,0,1,0,0,0,-1,0,1,0,0,1,1,0,0,0,0,1,,,,0,0,0,0,1,0,0,-1,-1,0,0,1,1,0,0,0,0,0,0,0,0,0,0,0,0,0,0,0,0,0,1,,,0,0,0,0,0,0,0,0,0,0,0,0,0,0,0,1,1,0,0,0,0,0,1,1,0,0,0,0,0,0,0,0,0,1,1,1,1,1,,1,0,0,0,0,0,0,0,0,0,1,0,0,0,0,0,0,0,1,0,1,0,0,0,0,0,0,0,0,0,0,0,0,1,0,0,0,0,0,0,0,0,0,0,1,0,0,1,0,0,0,0,,0,0,-1,0,0,0,0,0,0,0,0,0,0,0,0,0,0,0,0,0,0,0,0,0,0,0,0,,,,0,0,0,0,0,0,0,0,0,0,0,0,0,0,0,0,0,0,0,0,-1,-1,-1,0,1,,,0,0,0,0,0,,0,0,0,0,,,,0,0,0,0,0,0,0,0,0,0,0,0,,1,1,0,0,0,0,0,0,0,1,0,0,0,0,0,0,0,0,1,0,1,1,1,,1,1,0,0,,0,0,0,0,0,0,1,1,1,1,0,1,,1,1,0,1,0,0,0,0,0,0,0,1,1,1,1,1,1,1,1,0,0,0,0,0,1,0,1,1,1,1,1,0,0,0,1,1,1,1,75,58,17,21.01,316,27,20
meyers_ev_2017,1,1,-1,-1,-1,,1,1,-1,-1,-1,-1,-1,-1,-1,-1,-1,-1,-1,-1,-1,1,-1,-1,0,-1,-1,1,1,-1,-1,0,-1,-1,1,1,-1,0,0,0,-1,-1,-1,0,0,0,0,0,0,0,0,1,-1,1,1,-1,0,-1,0,0,-1,-1,0,-1,-1,1,1,-1,-1,-1,-1,1,-1,-1,-1,-1,-1,-1,-1,0,-1,0,1,1,1,0,-1,-1,-1,-1,-1,0,0,0,0,0,0,0,0,-1,-1,-1,-1,1,-1,0,0,0,0,0,0,0,0,0,0,-1,-1,-1,-1,0,0,0,0,0,0,0,0,0,0,0,0,-1,0,0,0,0,0,0,0,0,0,0,0,0,0,0,0,1,,-1,0,-1,-1,0,0,0,0,1,0,-1,0,0,0,0,1,1,0,0,0,0,0,0,1,-1,-1,-1,-1,-1,1,-1,0,-1,0,-1,-1,-1,-1,1,1,-1,0,0,0,0,-1,1,0,0,0,-1,-1,-1,-1,-1,-1,-1,-1,0,0,0,0,0,0,0,0,0,0,-1,-1,-1,0,0,0,0,0,0,0,,,,0,0,0,0,0,0,0,0,0,-1,-1,-1,0,0,0,0,-1,-1,-1,-1,-1,-1,-1,-1,1,-1,-1,1,1,1,0,-1,1,1,0,0,0,1,0,0,0,0,-1,0,0,-1,0,1,1,1,1,1,0,0,0,0,1,-1,1,1,0,-1,1,1,-1,1,1,1,1,1,0,1,1,0,1,1,,1,0,0,0,1,0,-1,1,1,1,-1,1,-1,-1,-1,1,-1,0,1,1,-1,1,-1,1,-1,-1,-1,0,0,0,0,1,-1,-1,0,0,0,0,1,1,0,0,-1,-1,0,0,0,0,1,-1,-1,-1,0,0,0,0,69,57,12,19.33,230,127,6
carbonblu_2017,0,0,-1,-1,-1,-1,-1,-1,-1,-1,-1,-1,-1,-1,-1,1,1,0,1,1,1,0,0,0,-1,1,1,1,1,1,1,1,1,1,-1,1,0,0,1,0,1,-1,0,0,0,-1,1,1,1,0,0,1,0,1,1,1,0,1,0,0,-1,1,0,0,0,0,0,0,-1,-1,1,0,0,0,0,0,0,0,0,0,1,0,-1,-1,1,0,1,1,1,1,1,0,0,0,0,0,0,0,0,,1,1,1,1,1,-1,0,0,0,0,0,0,0,0,0,0,0,0,0,0,0,0,0,0,0,0,0,0,0,0,0,0,0,0,0,0,0,0,0,0,0,0,0,0,0,0,0,1,1,1,0,-1,1,0,0,0,0,1,-1,1,1,0,0,0,0,0,0,0,0,0,0,0,-1,1,0,1,1,1,1,1,0,1,0,1,1,1,0,1,1,1,0,1,0,0,1,1,1,0,1,-1,1,1,-1,-1,-1,-1,-1,0,0,0,0,0,0,0,0,0,0,-1,-1,-1,1,-1,-1,0,0,0,0,,,,0,0,0,0,0,0,0,0,0,0,0,0,0,0,0,0,1,1,-1,-1,-1,-1,-1,-1,1,0,0,1,1,1,0,0,0,0,0,0,0,1,1,1,-1,-1,1,0,0,1,0,1,1,1,1,0,1,0,0,1,1,1,1,1,0,-1,1,1,1,1,1,1,1,0,1,0,1,1,1,0,1,0,1,1,0,1,1,0,1,1,1,1,1,0,0,0,1,0,1,-1,0,0,0,-1,1,1,0,0,1,0,0,0,1,1,1,1,0,1,0,1,1,-1,-1,1,0,0,0,0,0,0,0,0,-1,0,0,0,0,122,103,19,34.17,308,51,4
advanced_paving_technologies_in_2017,-1,-1,0,0,0,,1,1,0,0,0,0,0,0,0,-1,-1,-1,-1,-1,1,-1,0,0,0,-1,-1,-1,-1,1,1,-1,0,1,-1,0,0,0,0,-1,-1,1,0,0,0,-1,1,-1,0,0,0,-1,0,-1,1,1,0,0,0,0,-1,1,0,-1,-1,-1,-1,1,-1,-1,-1,-1,1,0,0,1,1,-1,0,1,1,-1,-1,-1,-1,-1,0,0,-1,0,1,-1,-1,-1,-1,-1,-1,-1,-1,,1,1,1,-1,-1,1,0,0,0,0,1,0,0,0,1,0,0,0,0,0,0,0,0,-1,-1,0,0,0,0,0,0,0,0,0,0,0,0,-1,-1,1,0,-1,-1,-1,1,-1,1,1,1,0,0,0,0,0,0,-1,0,-1,-1,-1,-1,0,0,-1,1,-1,-1,1,0,0,1,1,1,1,1,1,-1,1,-1,-1,0,1,0,1,1,-1,0,-1,-1,-1,0,0,0,-1,0,1,0,0,1,-1,-1,-1,1,-1,1,1,-1,0,0,0,0,0,0,0,0,-1,-1,-1,-1,-1,1,1,1,-1,0,-1,0,,,,0,0,0,0,0,0,0,0,0,-1,-1,-1,0,0,,0,-1,-1,1,1,-1,-1,-1,-1,1,-1,-1,0,0,0,-1,0,0,0,0,0,0,1,1,1,1,1,1,0,0,-1,1,1,1,1,-1,0,-1,0,0,1,1,-1,0,0,0,0,1,1,1,1,1,1,-1,-1,1,1,1,1,0,-1,1,1,1,0,1,1,-1,0,1,1,1,0,1,0,-1,1,1,1,1,1,1,-1,0,1,0,-1,1,1,1,1,-1,0,,1,1,-1,0,-1,1,-1,1,-1,-1,-1,0,0,0,0,1,0,0,-1,0,-1,1,0,-1,100,84,16,28.01,241,115,7
tenkiv_2017,-1,-1,-1,-1,-1,,1,1,-1,-1,-1,-1,-1,-1,-1,1,1,1,-1,-1,-1,0,1,1,0,-1,1,1,1,1,1,0,0,0,0,1,,0,0,0,,1,0,0,,0,0,0,0,0,1,1,0,1,1,1,0,,0,0,0,0,0,0,0,,,0,,,,,,1,,,0,0,0,,-1,-1,,,1,1,0,0,1,0,-1,0,-1,-1,-1,-1,0,0,0,-1,-1,-1,-1,0,0,0,,,0,0,0,,0,0,0,0,0,0,0,0,0,0,0,0,0,0,0,0,,0,0,0,0,0,0,0,0,0,0,0,0,0,0,0,0,0,,1,,0,0,,0,0,0,0,0,1,-1,-1,0,0,1,0,0,1,0,0,0,1,0,0,0,0,0,0,0,0,0,0,0,0,0,0,0,0,0,0,0,0,1,0,1,1,1,1,0,0,,,-1,-1,-1,-1,1,1,-1,-1,-1,0,0,0,0,-1,-1,0,0,-1,-1,-1,0,1,1,0,0,1,0,,,,,,,,,,,,,0,0,0,,,,,1,1,0,0,-1,-1,-1,-1,1,-1,-1,1,1,1,1,0,0,1,0,0,0,1,0,0,1,1,1,,,0,0,1,1,1,0,0,0,0,0,1,0,1,0,0,1,1,1,1,1,1,1,1,1,1,1,0,1,0,0,0,1,1,0,0,-1,1,-1,0,1,1,1,1,,0,0,,0,0,,0,1,0,0,0,0,0,0,0,0,1,0,0,1,0,0,0,0,0,1,0,1,0,0,1,0,0,0,0,0,0,0,0,0,0,1,1,0,82,70,12,22.97,267,49,47
3rd_gen_renewables_2018,-1,-1,-1,-1,-1,0,0,0,-1,-1,-1,-1,-1,-1,-1,1,1,0,1,1,1,-1,0,0,0,-1,0,0,0,-1,-1,0,0,0,0,0,0,0,0,0,0,1,0,0,0,0,0,0,0,0,0,0,0,0,1,0,0,0,0,0,0,0,0,0,0,0,0,0,0,0,0,-1,1,-1,0,0,0,0,0,0,0,0,0,0,0,0,0,0,0,0,0,0,0,0,0,0,0,0,0,0,0,0,0,0,0,1,0,0,0,0,0,0,0,0,0,0,0,0,0,0,0,0,0,1,1,0,0,0,0,0,0,0,0,0,0,0,0,1,1,1,0,0,0,0,0,-1,0,0,0,-1,0,0,0,0,0,0,0,0,0,0,0,0,0,0,1,0,0,0,0,0,0,0,0,0,0,,,,,,0,,,,,,,,,,,0,,,,,0,0,-1,1,-1,-1,-1,-1,-1,-1,-1,0,0,0,0,0,0,0,0,0,0,-1,-1,-1,0,0,0,0,0,0,0,,,,0,0,0,0,0,0,0,0,0,0,0,0,0,0,0,0,0,0,0,0,-1,-1,-1,-1,1,0,0,0,0,0,0,0,0,0,1,1,1,1,0,0,0,0,1,0,0,0,-1,0,0,0,0,1,1,0,0,0,0,0,-1,-1,0,0,1,0,1,1,1,1,-1,0,0,1,0,0,0,1,1,1,0,0,0,1,0,-1,0,0,0,0,0,0,0,1,-1,0,0,1,-1,0,0,0,,,,,,0,,,,0,0,-1,-1,0,0,1,0,0,0,0,1,0,0,0,0,0,0,0,0,-1,0,0,0,38,31,7,10.64,288,45,30
altervia_2018,-1,-1,-1,-1,-1,0,0,0,0,0,0,0,0,0,0,1,1,0,0,0,-1,-1,0,0,0,0,0,0,0,1,1,0,0,0,0,0,0,0,0,0,0,1,0,0,0,0,0,0,0,0,0,0,0,0,1,-1,-1,0,0,0,-1,-1,0,0,0,0,0,0,0,0,-1,0,-1,0,0,0,0,0,0,-1,1,-1,-1,-1,1,0,0,0,0,1,-1,-1,0,0,0,0,0,0,0,0,0,0,0,1,1,0,0,0,0,0,0,0,0,0,0,0,0,0,0,0,0,0,0,0,0,0,0,0,0,0,0,0,0,0,0,0,0,0,0,0,0,0,0,0,0,0,0,0,0,0,1,1,0,0,0,0,0,1,0,1,-1,0,0,0,0,0,0,0,0,0,0,0,1,0,0,0,0,0,1,0,0,0,0,0,0,0,0,0,0,0,0,0,0,0,0,0,0,0,0,,-1,-1,0,0,0,0,0,0,0,0,0,1,1,0,0,-1,-1,-1,-1,-1,0,0,0,0,0,0,0,,,,0,0,0,0,0,0,0,0,0,-1,-1,-1,0,0,0,0,-1,-1,0,0,-1,0,0,0,1,0,0,1,1,1,1,-1,0,0,1,1,1,1,0,0,0,0,0,0,0,0,-1,-1,-1,1,-1,1,-1,0,0,0,0,0,0,0,0,0,-1,0,0,1,1,1,-1,-1,0,1,1,-1,1,-1,1,-1,-1,-1,0,1,-1,0,0,0,0,0,0,0,0,0,0,0,-1,0,0,0,0,0,,,,,,-1,,,,-1,0,-1,0,0,0,0,1,0,0,0,0,0,0,0,0,0,0,0,0,-1,-1,0,-1,39,32,7,10.92,296,55,12
angel_city_lumber_2018,-1,-1,-1,-1,-1,-1,-1,-1,0,0,0,0,0,0,0,1,1,0,0,0,-1,0,1,1,0,0,-1,-1,-1,1,1,1,1,1,1,0,-1,0,0,0,1,1,0,0,0,1,1,1,-1,-1,1,0,0,0,1,0,0,0,0,0,1,1,0,0,0,1,1,0,0,0,-1,1,1,1,1,1,0,0,0,0,0,0,0,0,-1,-1,0,0,-1,1,1,0,0,0,0,0,0,0,0,0,0,0,0,0,0,0,0,0,0,0,0,0,0,0,0,0,0,0,0,0,0,0,0,0,0,0,0,0,0,0,0,0,0,0,0,0,0,0,0,0,0,0,0,0,0,0,0,0,0,0,0,0,0,0,0,0,0,0,0,0,0,0,0,0,0,0,0,0,0,0,0,0,0,0,0,0,0,0,0,0,0,0,0,0,0,0,0,0,0,0,0,0,0,0,0,0,0,0,0,,0,0,0,0,0,0,0,0,0,0,0,0,0,0,0,0,0,0,0,0,0,0,0,0,0,0,0,,,,0,0,0,0,0,0,0,0,0,0,0,0,0,0,0,0,0,0,0,0,0,0,0,0,1,0,0,1,1,1,1,0,0,0,0,0,0,1,-1,-1,0,0,1,0,0,0,1,0,0,0,1,1,-1,0,0,1,0,1,0,0,0,0,1,0,0,1,1,1,0,0,0,1,1,1,1,1,1,1,1,1,0,1,0,1,0,0,0,0,1,0,-1,-1,0,0,1,1,0,0,0,0,,,,,,0,,,,1,0,0,0,0,0,0,-1,0,0,0,0,0,0,0,0,0,0,0,0,-1,1,0,1,61,40,21,17.09,325,26,12
apeiron_technology_2018,-1,-1,-1,-1,-1,0,0,0,-1,-1,-1,-1,-1,-1,-1,1,1,0,0,0,-1,0,0,0,0,0,0,0,0,0,0,0,0,0,0,0,0,0,0,0,0,1,0,0,0,1,1,1,0,0,0,-1,0,-1,-1,0,0,0,0,0,0,0,0,0,0,0,0,0,0,0,-1,0,-1,-1,0,0,0,0,0,-1,-1,0,-1,-1,0,0,0,0,0,1,-1,0,0,0,0,0,0,0,0,0,0,0,0,1,0,1,0,0,0,0,0,0,1,1,0,0,0,0,0,0,0,0,0,1,1,0,0,0,0,0,0,0,0,0,0,0,0,0,0,0,0,1,1,1,0,0,1,0,0,0,0,0,0,0,0,0,0,0,0,0,0,0,0,0,0,0,0,0,0,0,0,0,0,0,0,0,0,0,0,0,0,0,0,0,0,0,0,0,0,0,0,0,0,0,0,0,0,0,0,,0,0,0,0,0,0,0,0,0,0,0,0,0,0,0,0,0,0,0,0,0,0,0,0,0,0,0,,,,0,0,0,0,0,0,0,0,0,0,0,0,0,0,0,0,0,0,0,0,0,0,0,0,1,0,0,0,0,0,1,0,0,0,-1,-1,-1,-1,0,0,0,0,-1,0,0,0,0,0,0,0,1,0,0,1,1,1,1,0,0,0,0,0,1,0,-1,1,1,1,-1,0,0,1,1,1,1,1,1,1,1,1,0,1,1,0,0,0,0,0,0,0,0,0,0,0,-1,0,0,0,0,0,,,,,,1,,,,1,0,-1,0,0,0,0,1,0,0,0,0,0,0,0,0,0,0,0,0,0,1,0,1,44,32,12,12.32,318,33,12
aqua_free_waterless_car_wash_tu_2018,-1,-1,-1,-1,-1,0,0,0,-1,-1,-1,1,1,1,1,1,1,-1,0,0,0,-1,-1,-1,0,-1,-1,-1,-1,1,1,0,0,0,0,1,0,0,0,0,-1,1,0,0,0,1,1,1,0,0,0,0,0,0,1,0,0,0,0,0,0,0,0,0,0,0,0,0,0,0,0,1,0,0,0,0,0,0,0,1,1,0,-1,-1,0,0,0,0,0,1,0,-1,0,0,0,0,0,0,0,0,0,0,0,1,0,0,0,0,0,0,0,0,0,0,0,0,0,0,0,0,0,0,0,0,0,0,0,0,0,0,0,0,0,0,0,0,0,0,0,0,0,0,0,0,0,0,0,0,0,0,0,0,0,0,0,0,0,0,0,0,0,0,0,0,0,0,0,0,0,0,0,0,0,0,0,0,0,0,0,0,0,0,0,0,0,0,0,0,0,0,0,0,0,0,0,0,0,0,0,,0,0,0,-1,-1,0,0,0,0,-1,-1,0,0,0,0,0,0,0,0,0,0,0,0,0,0,0,0,,,,0,0,0,0,0,0,0,0,0,0,0,0,0,0,0,0,-1,-1,0,0,-1,-1,-1,-1,-1,0,0,0,0,0,0,0,0,0,0,0,0,0,0,0,0,0,0,0,0,0,0,0,0,0,0,0,0,-1,0,-1,0,0,0,0,0,0,0,0,0,0,0,0,0,0,-1,1,1,1,1,1,1,1,1,-1,0,1,1,0,0,0,0,0,0,0,0,-1,0,0,1,0,0,0,0,0,,,,,,1,,,,1,0,-1,0,-1,0,0,1,0,0,0,0,0,0,0,0,0,0,0,0,0,-1,0,1,34,19,15,9.52,312,39,12
arctica_solar_2018,-1,-1,1,1,1,0,0,0,-1,-1,-1,-1,-1,-1,-1,1,1,0,-1,-1,-1,-1,-1,-1,0,0,0,0,0,1,1,0,0,0,0,-1,0,0,-1,1,-1,1,-1,0,0,1,1,1,-1,-1,0,1,0,-1,1,-1,-1,0,0,0,0,-1,0,0,0,1,1,0,0,0,0,-1,-1,0,0,0,0,0,0,1,-1,-1,-1,-1,-1,0,0,0,0,1,-1,1,-1,-1,-1,-1,0,0,0,0,0,0,0,1,1,1,0,0,1,1,0,0,1,1,0,0,0,0,0,0,0,0,0,1,1,0,0,0,0,0,0,0,0,1,1,0,1,1,1,1,0,1,1,1,0,1,1,0,0,0,0,0,0,0,0,0,0,0,0,0,0,0,0,0,0,0,0,0,0,0,0,0,0,0,0,0,0,0,1,0,0,0,0,0,0,0,-1,0,0,0,0,0,0,1,1,0,0,0,0,,-1,-1,0,0,-1,-1,-1,-1,-1,-1,-1,-1,-1,-1,-1,-1,-1,-1,-1,-1,0,-1,-1,1,-1,-1,-1,,,,0,0,0,0,0,0,0,0,0,-1,-1,-1,0,0,0,0,-1,-1,-1,-1,1,0,-1,0,1,0,0,0,0,0,1,0,0,0,1,1,1,1,1,1,-1,-1,-1,1,1,1,0,0,0,1,1,0,0,1,1,1,1,-1,1,1,1,1,1,1,-1,1,1,1,0,-1,0,1,1,1,1,1,1,1,-1,-1,0,1,1,0,0,0,0,0,0,0,0,-1,0,0,1,-1,-1,0,0,0,,,,,,1,,,,1,-1,-1,0,0,0,0,1,0,0,0,0,0,0,0,0,0,0,0,0,0,1,-1,1,85,70,15,23.81,268,83,12
astrolabe_analytics_2018,1,1,-1,-1,-1,-1,-1,-1,-1,-1,-1,-1,-1,-1,-1,1,1,-1,-1,-1,0,0,0,0,0,-1,-1,0,0,-1,-1,0,-1,0,0,0,0,0,-1,-1,0,1,-1,0,0,1,1,1,0,0,0,1,0,-1,-1,-1,0,0,0,0,0,0,0,0,0,0,0,0,0,0,0,0,0,0,0,0,0,0,0,0,0,0,-1,-1,1,0,0,0,1,1,1,1,0,0,0,0,0,0,0,0,0,0,0,1,1,1,0,0,0,0,0,0,0,0,0,0,0,0,0,0,0,0,0,1,1,0,0,0,0,0,0,0,0,1,1,0,0,-1,-1,0,-1,-1,-1,-1,0,0,0,0,0,0,0,0,0,0,0,-1,0,0,0,0,0,0,0,0,0,0,0,0,0,0,0,0,0,0,0,0,0,0,0,0,0,0,0,0,0,0,0,0,0,0,0,0,0,0,0,0,0,0,0,,0,0,0,0,0,0,0,-1,-1,0,0,0,0,0,0,0,0,0,0,0,0,0,0,0,0,0,0,,,,0,0,0,0,0,0,0,0,0,0,0,0,0,0,0,0,-1,-1,0,0,0,0,0,0,1,0,0,1,1,1,-1,1,1,1,1,1,1,1,1,1,0,0,1,0,0,0,0,0,0,1,1,1,1,0,0,1,1,1,1,1,0,0,1,1,-1,1,1,1,1,1,0,1,1,1,1,1,1,1,1,1,0,1,1,0,0,0,0,0,0,0,0,0,0,0,1,-1,0,0,0,0,,,,,,1,,,,1,-1,-1,0,0,0,0,1,0,0,0,0,0,0,0,0,-1,-1,-1,0,0,1,0,1,68,55,13,19.05,303,48,12
biopower_enterprises_2018,-1,-1,1,1,1,0,0,0,-1,-1,-1,1,1,1,1,1,1,0,-1,-1,0,0,-1,-1,-1,-1,-1,0,0,1,1,-1,0,0,0,-1,-1,0,0,1,0,1,0,0,0,1,1,1,0,0,0,1,0,0,1,0,0,0,0,0,-1,-1,0,0,0,1,1,0,0,0,-1,-1,0,0,0,0,0,0,-1,1,0,0,0,0,0,0,0,0,0,1,0,1,0,0,0,0,0,0,0,0,0,0,0,1,1,1,0,0,-1,-1,0,0,1,1,-1,0,0,0,0,0,0,0,0,1,1,0,0,0,0,0,0,0,0,1,1,0,1,1,1,1,0,1,1,1,0,1,1,0,0,-1,0,-1,-1,0,0,0,0,-1,0,-1,0,0,0,-1,-1,0,-1,-1,0,0,0,0,-1,0,0,1,1,1,1,1,0,1,0,0,0,1,0,,1,1,0,0,0,0,1,1,0,0,0,,0,0,-1,-1,-1,-1,-1,0,0,0,0,0,0,0,0,0,0,0,0,0,0,0,0,0,0,0,0,,,,0,0,0,0,0,0,0,0,0,0,0,0,0,0,0,0,-1,-1,0,0,-1,-1,-1,-1,1,0,0,0,0,0,1,0,0,0,1,1,1,1,1,1,1,1,1,1,1,1,0,-1,-1,1,1,-1,0,1,1,1,1,0,1,1,1,1,1,1,0,1,1,1,0,0,-1,1,1,1,1,1,1,1,1,1,0,1,1,0,-1,-1,-1,0,-1,0,0,0,0,-1,1,-1,0,0,0,-1,,,,,,1,,,,1,-1,-1,0,-1,0,0,1,0,0,-1,-1,0,0,0,-1,0,0,0,0,0,-1,0,1,97,81,16,27.17,288,62,13
carbon_analytics_2018,0,0,0,0,0,0,0,0,0,0,0,0,0,0,0,1,1,0,1,1,1,0,0,0,0,0,0,0,0,1,1,0,0,0,1,1,0,0,1,0,0,1,0,0,0,1,1,1,-1,0,0,0,1,0,1,1,0,0,0,0,0,1,0,-1,-1,1,1,0,0,0,-1,1,-1,0,0,0,0,0,0,0,0,0,-1,-1,1,1,0,0,0,1,0,0,0,0,0,0,0,0,0,0,0,0,0,1,0,0,0,0,0,0,0,0,0,0,0,0,0,0,0,0,0,0,0,0,0,0,0,0,0,0,0,0,0,0,0,0,0,0,0,0,0,0,0,0,0,0,0,1,0,1,0,1,1,0,0,0,0,1,0,0,0,0,0,1,1,0,1,0,0,0,0,0,1,0,0,,,,,,0,,,,,,,,,,,1,,,,,0,0,0,,1,1,-1,-1,-1,-1,-1,-1,-1,1,1,0,0,0,0,-1,-1,-1,-1,-1,0,-1,-1,0,-1,0,-1,,,,0,0,,0,0,0,0,0,0,-1,-1,-1,0,0,,0,1,1,1,1,-1,-1,-1,-1,1,1,1,0,0,0,1,0,1,-1,1,1,1,1,0,0,0,0,0,0,0,1,1,1,1,1,1,0,0,0,0,1,0,0,0,0,0,0,1,1,1,1,1,1,1,0,0,1,0,0,0,1,1,1,1,0,0,1,0,0,1,1,1,0,1,0,0,0,0,1,0,1,0,0,0,0,,,,,,-1,,,,1,1,1,1,1,0,0,0,0,0,0,0,0,0,0,0,0,0,0,0,0,0,0,0,83,69,14,23.25,298,32,33
correlate_2018,1,1,-1,-1,-1,0,0,0,-1,-1,-1,1,1,1,1,1,1,0,1,1,1,1,-1,-1,0,-1,0,0,0,1,1,1,-1,-1,1,1,0,0,-1,1,1,1,1,-1,0,1,1,1,1,0,-1,1,1,1,1,1,1,1,0,0,1,1,0,0,0,0,0,1,0,0,1,0,-1,0,1,-1,-1,0,1,0,-1,0,-1,-1,0,0,0,0,1,1,1,0,0,0,0,0,0,0,0,-1,-1,-1,-1,1,-1,1,1,1,1,1,0,0,1,1,0,,,,,1,1,0,0,1,1,0,0,0,0,0,0,1,0,1,1,0,0,1,1,0,0,1,1,1,0,0,1,-1,0,0,0,1,1,-1,0,1,0,0,0,0,0,0,0,1,1,1,0,-1,0,0,-1,0,-1,1,0,1,-1,-1,0,0,0,0,0,-1,-1,-1,-1,-1,-1,0,0,0,-1,-1,-1,-1,0,0,0,,1,1,-1,-1,-1,-1,-1,0,0,-1,-1,-1,-1,0,0,1,1,-1,-1,-1,-1,-1,-1,0,0,-1,-1,,,,0,0,,0,0,0,0,0,0,-1,-1,-1,0,0,,0,-1,-1,-1,-1,1,-1,-1,-1,1,0,0,1,1,1,1,0,-1,-1,-1,-1,-1,1,-1,-1,0,0,1,1,1,-1,0,-1,-1,-1,1,1,0,1,1,1,-1,0,1,1,0,0,1,1,0,1,1,1,1,-1,1,1,1,1,1,1,1,1,1,-1,-1,1,1,1,1,1,1,1,-1,0,-1,-1,1,1,1,1,-1,-1,-1,0,1,1,1,1,1,1,1,1,0,1,1,1,1,-1,-1,1,1,1,1,1,1,-1,-1,-1,-1,1,1,-1,-1,1,1,-1,1,140,113,27,39.22,254,99,10
enerdapt_inc_2018,-1,-1,-1,-1,-1,0,0,0,-1,-1,-1,-1,-1,-1,-1,1,1,0,-1,-1,1,1,0,0,0,0,0,0,0,1,1,-1,0,0,-1,0,0,0,1,1,,1,1,0,0,1,1,1,1,0,0,1,0,1,1,1,0,0,0,0,1,1,1,1,1,,,,,,,,,,,,,,,0,1,0,-1,-1,1,0,0,0,1,1,-1,0,0,0,0,0,0,0,0,,1,1,1,1,1,1,0,0,0,0,0,0,0,0,0,1,1,1,1,1,1,0,0,1,1,0,0,0,0,0,0,1,0,1,1,0,1,1,1,1,0,1,1,1,0,1,0,0,0,0,0,0,0,0,0,0,0,0,0,0,0,0,0,0,0,0,0,0,0,0,0,0,0,0,0,0,0,0,0,0,0,0,0,0,0,0,0,0,0,0,0,0,0,0,0,0,0,0,0,,-1,-1,-1,-1,-1,-1,-1,0,0,0,0,0,0,0,0,0,0,0,0,0,0,0,0,0,0,0,0,,,,0,0,0,0,0,0,0,0,0,0,0,0,0,0,0,0,0,0,0,0,-1,-1,-1,-1,1,0,0,0,0,0,1,0,0,0,0,0,0,1,1,1,1,1,0,0,0,0,0,0,0,1,1,1,-1,1,0,1,0,0,1,1,0,0,-1,0,0,1,1,1,1,1,-1,1,1,0,1,1,1,0,1,0,0,-1,1,1,0,0,0,0,0,0,0,1,1,1,1,1,1,1,1,0,1,1,1,0,0,1,0,0,,0,1,0,0,0,0,0,1,0,0,1,0,0,0,0,0,0,0,0,0,1,1,0,0,96,75,21,26.89,308,34,21
everflux_technologies_2018,-1,-1,-1,-1,-1,0,0,0,-1,-1,-1,-1,-1,-1,-1,-1,-1,0,-1,-1,1,0,0,0,0,0,0,0,0,1,1,0,0,0,0,0,0,0,1,1,-1,0,0,0,0,1,1,1,1,0,0,1,0,1,1,1,1,0,0,0,0,-1,0,0,0,1,1,0,0,0,0,0,0,0,0,0,0,0,0,1,1,0,0,0,1,0,0,0,1,-1,0,1,0,0,0,0,0,0,0,-1,-1,-1,-1,1,1,1,0,0,0,0,0,0,0,0,0,0,0,0,0,1,0,1,1,1,1,1,1,0,0,0,0,1,0,1,1,0,0,1,1,0,0,1,1,1,1,0,0,0,0,0,0,0,0,0,0,0,0,0,0,0,0,0,0,0,0,0,0,0,0,0,0,0,0,0,0,0,0,0,0,0,0,0,0,0,0,0,0,0,0,0,0,0,0,0,0,0,0,0,0,,0,0,0,-1,-1,0,-1,0,0,0,0,0,0,0,0,-1,-1,0,0,0,0,0,0,0,0,0,0,,,,0,0,0,0,0,0,0,0,0,0,0,0,0,0,0,0,1,1,0,0,-1,-1,-1,0,1,0,0,0,0,0,1,0,0,0,1,1,1,1,1,1,0,0,0,0,0,0,0,-1,-1,0,1,0,0,-1,-1,1,1,0,1,1,0,0,1,-1,1,1,1,1,0,0,0,1,1,1,1,-1,1,1,1,-1,1,1,1,-1,1,1,1,1,1,0,0,1,1,0,1,1,0,0,1,0,0,0,1,0,0,0,0,0,0,1,1,1,0,0,0,-1,1,0,0,1,0,0,0,0,0,0,0,0,0,-1,1,1,0,88,68,20,24.65,318,41,4
fluency_lighting_technologies_2018,1,1,1,1,1,0,0,0,1,1,1,1,1,1,1,1,1,0,0,0,1,1,0,0,0,0,0,0,0,1,1,0,0,0,0,0,0,0,-1,1,1,1,-1,0,0,1,1,1,1,0,0,1,0,1,1,1,1,0,0,0,1,1,0,0,0,1,1,0,0,0,0,0,0,0,0,0,0,0,0,1,0,-1,-1,-1,0,0,0,0,0,1,0,-1,-1,-1,-1,-1,-1,-1,-1,0,0,0,0,1,0,1,0,0,0,0,0,0,0,0,0,0,0,0,0,0,0,0,0,1,1,0,0,0,0,0,0,0,0,1,1,0,1,1,1,1,0,1,1,1,1,1,0,1,0,0,0,0,0,0,0,0,0,1,0,1,0,0,0,0,0,0,0,0,0,-1,0,0,0,0,0,0,0,0,0,0,0,0,0,0,0,0,0,0,0,0,0,0,0,0,0,0,0,0,0,,-1,-1,-1,-1,-1,-1,-1,-1,-1,0,0,-1,-1,0,0,-1,-1,0,0,0,0,-1,-1,0,0,0,0,,,,0,0,0,0,0,0,0,0,0,0,0,0,0,0,0,0,-1,-1,-1,-1,-1,-1,-1,-1,1,0,0,0,0,0,1,0,0,1,1,1,1,1,1,1,0,0,0,1,1,-1,0,1,1,1,1,0,0,1,-1,1,-1,0,1,1,0,0,1,0,1,1,1,1,1,0,1,1,1,-1,-1,1,1,1,1,1,0,1,0,1,1,1,1,-1,-1,0,1,1,0,1,0,1,0,0,0,0,1,0,0,-1,1,1,1,0,0,1,0,1,0,0,0,1,1,-1,-1,1,0,0,0,0,0,0,0,0,0,1,1,0,0,107,89,18,29.97,312,47,4
glint_photonics_2018,1,1,1,1,1,0,0,0,-1,-1,-1,1,1,1,1,1,1,0,1,1,1,1,0,0,0,0,0,0,0,1,1,0,-1,-1,-1,1,0,0,1,1,1,1,1,0,0,1,1,1,1,0,0,1,0,1,1,1,1,0,0,0,1,1,0,0,0,-1,-1,1,1,1,0,0,0,0,-1,-1,1,0,0,0,1,1,1,1,0,0,0,0,0,1,1,0,-1,-1,-1,-1,-1,-1,-1,,1,1,1,1,1,1,-1,-1,0,0,0,0,-1,-1,0,0,0,0,0,0,0,0,0,1,1,0,0,0,0,0,0,0,0,1,1,0,-1,1,1,0,0,1,1,1,0,1,-1,1,0,0,0,0,0,0,0,1,0,1,0,1,1,0,0,1,1,1,0,0,0,0,0,0,-1,1,0,0,0,0,0,0,0,0,0,0,0,0,0,0,1,0,0,0,0,0,0,0,0,0,0,,1,1,0,0,-1,1,0,1,1,0,0,1,1,0,0,-1,-1,-1,-1,-1,0,-1,-1,0,0,1,-1,,,,0,0,0,0,0,0,0,0,0,0,0,0,0,0,0,0,-1,-1,-1,-1,1,0,0,0,1,1,1,-1,-1,-1,1,-1,-1,-1,1,1,1,1,-1,-1,0,0,0,0,0,0,0,0,0,0,1,0,0,1,-1,1,1,1,1,1,0,0,1,1,-1,1,1,1,-1,0,0,1,-1,1,1,1,1,1,1,1,0,1,1,-1,1,1,1,0,1,0,0,1,1,1,1,1,1,0,1,1,1,0,1,1,0,1,0,0,0,1,1,1,1,1,0,1,1,-1,-1,1,-1,-1,-1,-1,0,-1,-1,0,0,0,1,-1,0,134,110,24,37.54,299,59,5
hydrobee_2018,-1,-1,-1,-1,-1,0,0,0,-1,-1,-1,-1,-1,-1,-1,1,1,0,-1,-1,0,0,0,0,0,0,0,0,0,-1,-1,-1,0,0,0,-1,0,0,-1,0,0,-1,-1,0,0,1,1,1,-1,0,0,1,0,1,-1,-1,-1,0,0,0,0,0,0,0,0,0,0,0,0,0,0,-1,0,0,0,-1,0,0,0,0,-1,1,-1,-1,1,1,0,0,1,-1,-1,-1,0,0,0,0,0,0,0,-1,-1,-1,-1,1,1,1,0,0,0,0,0,0,0,0,0,0,0,0,0,0,0,0,0,1,1,0,0,0,0,0,0,0,0,0,0,0,0,-1,-1,0,0,0,0,0,0,0,-1,-1,0,0,0,1,1,-1,0,0,0,0,0,0,0,0,0,0,0,0,0,0,0,0,0,0,1,0,0,0,0,1,0,0,0,0,0,0,0,1,1,1,1,1,0,0,0,0,0,0,0,0,0,,1,1,-1,-1,-1,-1,-1,0,0,0,0,0,0,0,0,-1,-1,-1,-1,-1,0,0,0,0,0,0,0,,,,0,0,0,0,0,0,0,0,0,0,0,0,0,0,0,0,1,1,1,1,-1,-1,-1,-1,1,1,1,-1,-1,-1,1,0,0,0,1,1,1,1,0,0,-1,-1,0,0,0,0,0,-1,-1,0,1,0,0,1,1,1,1,-1,1,1,0,-1,1,-1,0,1,1,1,0,0,-1,-1,-1,1,-1,1,0,0,0,0,0,1,0,0,1,1,1,-1,0,0,1,0,1,1,1,1,0,1,0,0,1,0,1,0,0,1,0,1,1,1,0,1,0,1,-1,0,1,0,0,1,0,0,0,0,0,0,0,0,0,0,1,-1,0,73,63,10,20.45,286,73,4
intertie_2018,-1,-1,-1,-1,-1,0,0,0,-1,-1,-1,-1,-1,-1,-1,1,1,0,1,1,1,0,0,0,0,0,0,0,0,1,1,1,1,1,1,-1,-1,0,1,1,,1,0,0,0,1,1,1,1,0,0,1,-1,1,1,1,1,1,0,0,1,1,0,0,0,1,1,0,0,0,-1,1,1,0,0,-1,0,0,-1,1,1,0,1,1,1,1,-1,-1,0,1,1,1,-1,-1,-1,-1,-1,-1,-1,-1,-1,-1,-1,1,1,1,1,1,1,1,1,0,1,1,1,0,0,0,0,0,0,0,0,1,1,0,0,0,0,1,0,1,0,1,1,0,1,1,1,1,0,1,1,1,1,1,1,1,0,-1,0,-1,1,0,0,0,0,1,0,1,-1,-1,-1,-1,-1,0,0,0,0,0,0,0,1,0,0,0,-1,-1,0,0,0,0,0,0,0,1,1,1,1,1,0,0,0,-1,-1,0,0,0,0,,-1,-1,-1,-1,-1,-1,-1,-1,-1,0,0,0,0,0,0,-1,-1,-1,-1,-1,-1,0,0,0,0,0,-1,,,,0,0,0,0,0,0,0,0,0,0,0,0,0,0,,0,0,0,0,0,-1,-1,-1,-1,1,0,0,0,0,0,1,0,-1,0,1,1,1,1,0,0,0,0,0,-1,-1,1,0,-1,-1,-1,1,-1,-1,1,1,1,1,1,1,1,0,0,1,-1,0,1,1,1,-1,1,1,1,1,1,0,1,1,1,1,0,0,1,0,0,1,1,1,0,0,0,-1,-1,0,0,1,1,1,1,0,0,1,0,1,0,0,1,1,1,0,1,0,1,0,1,0,1,0,1,1,0,1,1,1,1,0,0,0,0,0,0,1,0,0,128,108,20,35.85,283,74,6
kilowatt_killer_2018,1,1,-1,-1,-1,0,0,0,-1,-1,-1,1,1,1,1,1,1,0,1,1,1,1,-1,-1,0,0,0,0,0,-1,-1,-1,-1,-1,0,0,0,0,-1,-1,-1,-1,-1,-1,0,-1,1,-1,-1,0,0,1,0,-1,1,0,-1,-1,0,0,-1,-1,0,0,0,-1,-1,0,0,0,-1,0,-1,0,-1,0,-1,0,-1,0,-1,0,-1,-1,1,0,0,0,0,1,0,0,-1,-1,-1,-1,-1,-1,-1,0,0,0,0,1,0,1,-1,-1,-1,-1,0,0,-1,-1,0,-1,-1,-1,-1,0,0,0,0,1,1,0,0,0,0,0,0,-1,0,1,1,0,0,1,1,0,0,1,1,1,0,0,1,0,0,0,0,0,1,0,0,0,0,1,0,1,0,0,0,0,0,0,0,0,0,0,1,1,1,0,0,1,1,0,0,0,0,0,0,0,0,1,1,1,1,1,0,0,1,1,1,0,0,0,0,,-1,-1,1,1,1,1,1,-1,-1,-1,-1,-1,-1,-1,-1,0,0,0,0,0,0,0,0,0,0,0,0,,,,0,0,0,0,0,0,0,0,0,0,0,0,0,0,0,0,-1,-1,-1,-1,1,1,1,1,1,0,0,-1,-1,-1,1,0,-1,-1,1,1,1,0,0,0,0,0,0,0,0,1,0,0,0,0,1,0,0,1,1,1,0,1,1,1,0,-1,0,-1,0,1,1,1,0,0,1,1,1,1,-1,0,0,-1,1,0,-1,1,0,-1,-1,-1,-1,0,-1,0,-1,-1,0,0,-1,-1,-1,0,0,0,1,0,-1,-1,0,1,0,0,-1,-1,0,1,0,1,-1,-1,1,-1,-1,1,-1,0,0,0,0,0,0,0,0,0,-1,0,1,83,73,10,23.25,260,99,4
lucent_optics_2018,1,1,-1,-1,-1,0,0,0,1,1,1,1,1,1,1,1,1,-1,1,1,1,0,0,0,0,0,1,1,1,1,1,1,0,0,1,0,0,0,1,0,0,1,0,0,0,-1,1,1,1,0,0,1,1,1,1,1,1,-1,0,0,0,1,0,0,0,0,0,0,0,0,0,0,0,-1,-1,0,0,0,0,1,1,1,1,1,1,0,0,0,1,1,1,1,,1,1,1,,1,1,-1,-1,-1,-1,1,1,1,0,0,0,0,-1,0,0,0,0,0,0,0,0,0,0,0,0,1,1,0,0,-1,0,0,0,-1,0,1,1,0,1,1,1,1,1,1,1,1,0,1,-1,0,0,0,0,1,1,0,0,0,0,1,0,1,0,0,0,0,0,0,0,0,0,0,0,0,0,0,0,1,0,0,0,0,0,0,0,0,0,0,0,0,1,0,0,0,0,1,1,0,0,0,0,,-1,-1,-1,-1,-1,-1,-1,1,1,0,0,-1,-1,-1,-1,0,0,-1,-1,-1,0,0,0,0,0,0,0,,,,0,0,0,0,0,0,0,0,0,-1,-1,-1,0,0,0,0,1,1,-1,-1,-1,-1,-1,-1,1,0,0,0,0,0,1,0,0,0,1,1,1,1,1,1,1,1,0,1,1,1,0,0,0,0,1,1,0,1,1,1,1,1,1,1,0,-1,1,1,0,1,1,1,0,1,-1,1,1,1,-1,1,1,1,1,1,1,1,-1,0,1,1,1,1,1,0,1,1,1,1,1,1,1,0,0,0,0,0,1,1,0,1,0,1,1,1,-1,-1,-1,1,0,-1,1,0,0,1,-1,0,0,0,0,0,-1,0,0,-1,1,0,0,136,120,16,38.1,307,50,6
maxout_renewables_2018,-1,-1,-1,-1,-1,0,0,0,0,0,0,0,0,0,0,1,1,0,0,0,0,0,0,0,0,0,0,0,0,1,1,0,0,0,1,0,0,0,0,0,0,1,0,0,0,0,0,0,0,0,1,0,0,0,1,0,0,0,0,0,0,0,0,0,0,1,1,0,0,0,0,1,0,0,-1,0,0,0,0,0,0,0,0,0,0,0,0,0,0,0,0,0,,1,1,1,,1,1,0,0,0,0,1,0,0,0,0,0,0,0,0,0,0,0,0,0,0,0,0,0,0,0,0,0,0,0,0,0,0,0,0,0,0,0,0,0,0,0,0,0,0,0,0,0,0,0,0,0,0,0,0,0,0,0,0,0,0,0,0,0,0,0,0,0,0,0,0,0,0,0,0,1,0,0,0,1,1,0,0,0,0,0,0,0,0,0,0,0,0,0,0,0,0,0,0,0,0,0,,1,1,-1,-1,-1,-1,-1,1,1,0,0,0,0,1,1,0,0,-1,-1,-1,0,0,0,0,0,0,0,,,,0,0,0,0,0,0,0,0,0,0,0,0,0,0,0,0,0,0,1,1,-1,-1,-1,-1,1,1,1,0,0,0,0,1,0,0,1,1,1,1,0,0,0,0,0,0,0,0,1,1,1,1,1,0,0,0,0,0,1,1,0,0,0,0,1,1,1,1,1,1,0,0,0,0,0,0,0,0,0,0,0,0,0,0,0,0,0,0,0,0,0,0,0,0,0,0,0,0,0,0,0,0,0,0,0,0,0,0,0,0,0,0,0,0,0,0,0,0,0,0,0,0,0,0,0,0,0,0,0,0,0,0,0,0,0,49,45,4,13.73,339,18,6
mmcisolar_2018,-1,-1,-1,-1,-1,0,0,0,-1,-1,-1,1,1,1,1,1,1,0,0,0,1,-1,0,0,0,0,0,1,1,1,1,1,0,0,0,-1,0,0,1,1,1,1,0,0,0,1,1,-1,0,0,0,1,0,-1,-1,1,0,0,0,0,1,-1,0,0,0,1,1,0,0,0,0,1,0,-1,0,0,1,0,0,0,1,0,-1,-1,0,0,-1,-1,0,0,0,0,,1,1,1,,1,1,-1,-1,-1,-1,1,1,1,0,0,0,0,0,0,0,0,0,0,0,0,0,0,0,0,0,1,1,0,0,0,0,0,0,0,0,1,1,-1,1,1,1,1,-1,1,1,1,0,1,1,0,0,0,0,0,0,0,0,0,0,1,0,1,0,0,0,0,0,0,0,0,0,0,0,0,0,0,0,0,0,0,0,0,0,0,0,0,0,-1,0,0,0,0,0,0,1,-1,0,0,0,0,0,,-1,-1,-1,-1,-1,-1,-1,-1,-1,-1,-1,-1,-1,-1,-1,-1,-1,0,0,0,0,0,0,-1,0,0,-1,,,,0,0,0,0,0,0,0,0,0,0,0,0,0,0,0,0,0,0,1,1,-1,-1,-1,-1,1,-1,-1,0,0,0,1,-1,0,0,1,1,1,1,1,1,0,0,0,0,0,0,0,0,0,0,0,1,0,-1,-1,-1,1,1,1,1,0,0,0,0,0,0,0,0,0,0,1,1,-1,1,0,1,1,1,1,0,0,1,-1,0,0,0,0,0,0,0,0,0,-1,1,0,1,1,0,-1,0,1,1,0,0,0,0,1,1,1,1,1,1,0,1,1,1,1,1,1,1,0,0,0,0,0,1,1,0,0,-1,0,0,0,93,78,15,26.05,296,61,6
msbai_2018,-1,-1,-1,-1,-1,0,0,0,-1,-1,-1,-1,-1,-1,-1,1,1,0,-1,-1,1,0,0,0,0,0,0,0,0,0,0,-1,1,0,0,1,0,0,0,1,-1,1,0,0,0,1,1,1,,0,0,0,0,0,1,0,0,0,0,0,0,1,-1,0,0,1,1,0,0,0,0,0,-1,0,1,1,0,0,0,0,0,0,0,0,0,0,0,0,0,1,1,0,0,0,0,0,0,0,0,-1,-1,-1,-1,1,0,1,0,0,0,0,0,0,1,1,1,1,1,1,1,1,1,0,0,1,1,0,0,0,0,0,0,-1,0,1,1,0,1,1,1,1,1,1,1,1,-1,1,1,0,0,0,0,0,0,0,0,0,0,1,0,1,0,0,0,0,0,0,0,0,0,0,0,0,0,0,0,0,0,0,0,0,0,0,0,0,0,0,0,1,1,1,0,0,1,1,1,0,0,0,0,,-1,-1,-1,-1,-1,0,1,0,0,0,0,0,0,0,0,0,0,0,0,0,0,0,0,0,0,0,-1,,,,0,0,0,0,0,0,0,0,0,0,0,0,0,0,0,0,1,1,-1,-1,1,-1,-1,-1,1,0,0,0,0,0,1,0,0,0,1,1,1,1,1,1,-1,-1,-1,1,1,1,0,0,0,0,1,-1,0,1,1,1,1,1,1,1,0,0,1,0,0,-1,-1,-1,0,0,1,1,1,1,-1,-1,1,1,1,1,1,1,1,0,1,1,1,0,-1,0,-1,1,1,0,1,1,1,0,1,0,,,,,-1,-1,0,1,0,1,0,1,0,1,1,0,1,0,0,1,0,0,0,0,0,0,0,0,-1,-1,1,0,0,103,85,18,28.85,304,50,9
nativus_2018,1,1,-1,-1,-1,0,0,0,-1,-1,-1,-1,-1,-1,-1,1,1,0,0,0,-1,0,0,0,0,0,0,0,0,1,1,-1,-1,-1,0,0,0,0,-1,-1,0,1,-1,0,0,1,1,1,0,0,-1,-1,0,-1,-1,0,0,0,0,0,-1,0,0,0,0,0,0,0,-1,-1,0,-1,0,0,0,0,0,0,0,0,0,0,0,0,-1,-1,0,0,-1,-1,1,-1,0,0,0,0,0,0,0,0,0,0,0,1,-1,1,0,0,-1,-1,0,0,-1,-1,0,0,0,0,0,0,0,0,0,1,1,0,0,0,0,0,0,0,0,-1,-1,0,0,-1,-1,1,0,-1,-1,-1,0,1,1,1,0,0,0,0,0,0,0,0,0,1,1,1,0,0,0,0,0,0,0,0,0,1,1,0,0,0,0,0,0,0,0,0,1,0,0,0,0,0,0,0,0,0,0,0,0,0,0,0,0,0,0,,0,0,0,0,-1,0,-1,-1,-1,1,1,0,0,0,0,-1,-1,0,0,0,0,-1,-1,0,0,0,0,,,,0,0,0,0,0,0,0,0,0,0,0,0,0,0,0,0,-1,-1,0,0,-1,0,0,-1,1,0,0,0,0,0,1,-1,0,0,-1,-1,-1,1,1,1,1,1,1,-1,-1,-1,0,0,0,1,1,0,0,-1,0,1,1,0,1,1,1,-1,1,-1,0,1,1,1,-1,0,0,1,1,1,1,1,1,1,1,1,0,1,1,0,0,0,0,0,0,0,0,0,0,0,1,0,0,0,0,0,,0,0,0,0,1,0,0,0,0,0,0,0,0,0,0,1,0,0,1,0,0,0,0,0,0,0,0,0,0,1,0,1,63,50,13,17.65,293,65,5
opus_12_inc_2018,-1,-1,-1,-1,-1,-1,-1,-1,-1,-1,-1,-1,-1,-1,-1,1,1,0,1,1,1,0,0,0,-1,0,0,0,0,1,1,0,-1,0,-1,1,-1,0,0,0,0,1,0,0,0,1,1,1,0,0,0,-1,1,-1,-1,0,0,0,-1,0,-1,0,0,-1,-1,1,1,0,0,0,0,-1,0,0,0,0,0,0,0,1,1,1,1,1,-1,0,0,0,0,-1,1,-1,,1,1,1,,1,1,0,0,0,0,1,0,1,0,0,0,0,0,0,-1,-1,0,0,0,0,0,0,0,0,0,1,1,0,0,0,0,0,0,1,1,1,1,1,1,1,1,0,-1,1,1,1,0,0,1,1,0,1,-1,1,-1,0,-1,0,0,0,0,0,0,0,0,0,0,0,0,0,0,-1,0,0,1,0,0,,,,,,0,,,,,,,,,,,0,,,,,0,0,0,-1,1,1,-1,-1,-1,-1,-1,1,1,1,1,1,1,1,1,1,1,,1,1,-1,-1,-1,0,0,-1,1,,,,0,0,,0,0,0,1,0,0,-1,-1,-1,1,0,0,-1,-1,-1,1,1,-1,-1,-1,-1,1,1,1,1,1,1,-1,-1,1,1,1,1,1,1,-1,-1,-1,-1,-1,0,0,0,0,0,0,-1,1,0,-1,0,0,1,-1,1,1,1,0,0,1,1,1,1,1,1,1,1,0,1,0,0,0,-1,1,-1,0,1,-1,1,-1,1,-1,-1,-1,0,0,0,0,1,0,0,-1,-1,0,1,0,0,,,,,,1,,,,1,-1,1,1,1,1,1,-1,1,1,1,1,0,0,0,0,-1,0,1,0,-1,0,-1,0,109,97,12,30.53,248,81,34
people_power_solar_cooperative_2018,1,1,-1,-1,-1,0,0,0,-1,-1,-1,1,1,1,1,1,1,0,0,0,-1,0,-1,-1,-1,0,0,0,0,1,1,-1,-1,-1,0,0,0,0,-1,0,-1,-1,0,0,0,1,1,1,-1,0,0,-1,0,-1,-1,-1,-1,0,0,0,1,1,0,0,0,0,0,0,-1,-1,0,0,-1,0,0,-1,-1,0,0,0,0,0,0,0,-1,0,0,0,1,-1,-1,1,0,0,0,0,0,0,0,-1,-1,-1,-1,0,0,0,0,0,0,0,1,0,0,0,1,0,0,0,0,0,0,0,0,0,0,0,0,0,0,0,0,0,0,1,1,0,1,0,0,1,0,0,0,0,0,1,0,0,0,0,0,1,1,0,0,1,0,1,0,1,0,0,0,1,1,1,0,0,0,0,0,0,0,0,0,0,0,0,0,0,0,0,0,0,0,0,0,0,0,0,0,0,0,0,0,0,0,0,0,,0,0,0,1,0,-1,0,0,0,0,0,0,0,0,0,0,0,0,0,0,0,0,0,0,0,0,0,,,,0,0,0,0,0,0,0,0,0,0,0,0,0,0,0,0,-1,-1,-1,-1,1,-1,-1,1,1,-1,-1,-1,-1,-1,-1,0,0,0,1,1,1,1,1,1,1,1,-1,1,1,-1,0,0,0,0,-1,0,0,-1,-1,1,-1,0,1,1,1,0,1,0,0,1,1,1,-1,-1,1,-1,1,1,-1,-1,1,1,0,-1,1,1,0,0,0,0,0,0,0,0,0,0,1,-1,1,1,-1,0,0,-1,-1,-1,-1,-1,-1,1,0,0,0,-1,-1,0,0,-1,0,-1,0,0,0,-1,0,0,0,0,0,0,-1,0,0,0,1,-1,0,66,58,8,18.49,285,74,4
positive_energy_community_2018,0,0,0,0,0,0,0,0,0,0,0,0,0,0,0,1,1,0,0,0,1,0,0,0,0,0,0,0,0,1,1,0,0,0,1,1,0,0,0,0,0,-1,0,0,0,0,0,0,0,0,0,0,0,0,1,0,0,0,0,0,0,0,0,0,0,1,1,0,0,0,0,0,1,0,0,0,0,0,0,0,0,0,0,0,1,0,0,0,0,0,0,0,-1,-1,-1,-1,0,0,0,0,0,0,0,1,0,0,0,0,0,0,0,0,0,0,0,0,0,0,0,0,0,0,0,0,0,0,0,0,0,0,0,0,0,0,0,0,0,0,0,0,0,0,0,0,0,0,0,1,0,0,0,1,1,0,0,0,0,0,0,-1,0,0,0,0,0,0,0,0,0,0,0,0,-1,0,0,1,0,1,0,0,0,0,0,1,1,1,1,1,1,1,0,0,1,1,1,1,0,0,0,-1,1,1,-1,-1,-1,-1,-1,0,0,-1,-1,0,0,-1,-1,-1,-1,-1,-1,-1,1,0,0,0,0,0,-1,,,,0,0,0,0,0,0,0,0,0,0,0,0,0,0,0,0,1,1,1,1,-1,-1,-1,-1,1,0,0,0,0,0,1,0,1,0,1,1,1,1,0,0,0,0,0,0,0,-1,0,0,0,0,1,1,1,0,0,0,1,0,0,0,0,0,1,1,1,1,1,1,1,0,0,0,-1,0,-1,0,0,0,0,0,0,1,0,0,0,0,0,0,0,0,0,0,1,0,0,1,0,0,0,0,0,0,1,0,0,0,0,0,0,0,0,1,0,1,1,0,0,0,0,0,0,0,0,0,0,0,0,0,0,0,0,0,0,61,56,5,17.09,330,30,3
prime_lightworks_inc_2018,-1,-1,-1,-1,-1,0,0,0,-1,-1,-1,1,1,1,1,-1,-1,-1,-1,-1,1,-1,-1,-1,0,-1,-1,0,0,1,1,-1,0,0,-1,0,0,0,-1,-1,-1,-1,1,0,0,1,1,1,-1,0,0,-1,0,0,-1,0,0,0,0,0,-1,0,-1,0,0,0,0,-1,-1,-1,0,0,0,0,0,0,-1,0,0,0,0,0,0,0,0,0,0,0,0,0,0,0,0,0,0,0,0,0,0,0,0,0,0,0,0,-1,1,1,1,1,0,1,1,1,0,0,0,0,0,0,1,0,0,-1,-1,0,0,0,0,0,0,0,0,1,1,0,-1,1,1,-1,-1,-1,-1,-1,-1,0,1,-1,0,0,0,0,0,0,0,-1,0,-1,0,-1,-1,0,0,0,0,0,-1,0,0,0,0,0,0,-1,0,0,0,0,0,0,0,0,0,0,0,0,0,0,0,0,0,-1,0,0,0,0,-1,0,0,,-1,-1,-1,-1,-1,1,-1,-1,-1,-1,-1,0,0,0,0,-1,-1,0,0,0,-1,-1,-1,0,0,0,0,,,,0,0,0,0,0,0,0,0,,0,0,0,0,0,0,0,-1,-1,0,0,-1,-1,-1,-1,1,1,1,0,0,0,1,0,-1,1,1,1,1,1,1,1,0,0,-1,0,0,-1,-1,1,1,-1,-1,0,0,0,0,1,1,-1,1,1,-1,1,1,1,1,-1,-1,-1,-1,-1,-1,1,1,-1,1,-1,1,-1,1,-1,1,-1,1,1,-1,-1,-1,-1,-1,-1,1,1,1,0,-1,1,-1,1,1,1,1,-1,-1,0,0,-1,0,0,0,1,-1,1,1,1,0,0,1,0,0,0,0,0,0,0,-1,0,0,0,0,-1,-1,-1,-1,67,50,17,18.77,249,109,5
ride_svp_2018,-1,-1,1,1,1,0,0,0,-1,-1,-1,1,1,1,1,1,1,0,-1,-1,1,-1,1,1,0,0,0,0,0,1,1,-1,0,1,1,0,-1,0,1,1,1,1,-1,-1,0,1,1,1,1,0,1,1,1,1,1,1,-1,0,-1,0,1,1,-1,,,1,1,1,-1,-1,,1,-1,-1,1,-1,1,-1,-1,0,0,0,0,0,0,0,1,1,-1,1,0,1,0,0,0,0,0,0,0,0,0,0,0,1,0,1,1,1,1,1,1,0,1,1,1,1,1,1,1,0,1,0,0,1,1,0,0,0,0,0,0,0,0,1,1,0,1,1,1,1,-1,1,1,1,0,1,1,1,0,0,0,0,0,0,0,1,0,0,0,0,0,0,0,1,1,0,0,0,0,0,0,0,0,1,0,0,0,0,0,0,0,0,0,0,0,0,0,0,0,0,0,0,0,0,0,0,0,0,0,,0,0,0,0,1,1,-1,0,0,1,1,0,0,-1,-1,1,1,0,0,0,0,-1,-1,0,0,1,-1,,,,0,0,0,0,0,0,0,0,0,0,0,0,0,0,0,0,0,0,0,0,1,-1,1,0,1,-1,-1,1,1,1,1,0,-1,1,1,1,1,1,1,1,-1,-1,0,-1,-1,1,0,0,0,0,-1,1,1,-1,-1,1,1,-1,1,1,0,0,1,-1,1,1,1,1,1,0,1,1,1,1,1,1,1,1,1,1,0,1,1,1,-1,-1,-1,-1,-1,1,1,1,1,1,-1,1,-1,0,1,-1,1,-1,1,1,-1,-1,1,0,0,1,1,1,1,1,0,1,-1,1,1,1,1,1,1,1,-1,-1,0,0,0,0,1,-1,0,147,119,28,41.18,298,58,7
rna_innovations_2018,-1,-1,1,1,1,0,0,0,-1,-1,-1,-1,-1,-1,-1,1,1,1,1,1,1,1,0,0,0,1,1,1,1,,,-1,-1,-1,0,-1,0,0,1,1,1,1,0,0,0,1,1,1,1,0,-1,-1,0,0,1,0,0,0,0,0,-1,-1,0,0,0,1,1,1,0,0,0,1,0,0,0,1,-1,-1,0,0,1,1,-1,-1,1,0,0,0,0,1,1,0,-1,-1,-1,-1,-1,-1,-1,,1,1,1,1,1,0,-1,-1,-1,-1,0,0,0,0,0,0,0,0,0,0,0,0,0,-1,-1,0,0,0,0,0,0,0,0,1,1,-1,1,1,1,1,0,1,1,1,0,1,-1,1,0,0,0,-1,-1,0,0,1,0,1,0,1,1,0,0,-1,1,-1,0,0,0,0,0,0,-1,1,0,-1,-1,-1,0,0,0,0,-1,-1,-1,1,0,-1,0,-1,-1,0,-1,-1,-1,0,0,0,0,,-1,-1,-1,-1,-1,-1,-1,0,0,0,0,0,0,0,0,-1,-1,-1,-1,-1,1,1,1,0,0,0,0,,,,0,0,0,0,0,0,0,0,0,-1,-1,-1,0,0,0,0,1,1,-1,-1,-1,-1,-1,-1,1,1,1,0,0,0,1,-1,1,0,1,1,1,1,1,1,1,1,0,-1,-1,0,0,0,0,0,1,0,0,1,1,1,1,-1,1,1,-1,0,-1,0,,1,1,1,0,0,0,1,1,1,1,1,-1,1,0,0,0,1,-1,-1,-1,-1,-1,0,0,0,0,1,1,1,0,1,1,1,1,1,1,0,1,0,1,1,0,0,1,1,1,1,0,0,0,1,1,-1,-1,1,1,-1,-1,-1,0,-1,-1,0,0,1,-1,0,0,112,90,22,31.37,261,94,8
sepion_technologies_2018,-1,-1,-1,-1,-1,-1,-1,-1,-1,-1,-1,-1,-1,-1,-1,1,1,0,1,1,1,-1,0,0,0,0,0,0,0,1,1,0,0,-1,-1,0,0,0,-1,-1,-1,-1,0,0,0,-1,-1,-1,-1,0,0,-1,0,-1,-1,-1,0,0,0,0,1,-1,0,-1,-1,0,0,0,0,0,0,1,0,0,0,-1,-1,-1,0,-1,1,-1,-1,-1,1,-1,0,0,0,1,1,-1,,1,1,1,-1,-1,-1,-1,-1,-1,-1,1,-1,0,-1,-1,1,1,0,0,1,1,0,0,0,0,0,0,0,0,0,0,0,0,0,0,0,0,0,0,0,-1,-1,0,0,0,0,0,0,0,0,0,0,0,1,1,0,-1,0,-1,-1,0,0,-1,0,1,0,1,-1,0,0,-1,-1,-1,0,0,0,0,0,0,0,-1,0,0,0,0,0,0,0,0,0,0,0,0,0,0,0,0,0,0,0,0,0,0,0,0,0,,1,1,-1,-1,-1,-1,-1,-1,-1,0,0,-1,-1,1,1,-1,-1,,1,1,0,-1,-1,0,0,-1,-1,,,,0,0,,0,0,0,0,0,,0,0,0,0,0,,0,-1,-1,-1,-1,-1,-1,-1,-1,1,0,0,-1,-1,-1,1,0,0,0,1,1,1,1,1,1,0,0,0,0,0,-1,0,0,0,0,1,0,-1,1,-1,1,1,-1,1,1,0,-1,0,1,0,1,1,1,-1,0,1,1,-1,-1,1,0,1,-1,1,1,-1,1,-1,-1,-1,-1,-1,-1,0,0,0,-1,-1,0,0,1,0,0,0,-1,-1,0,-1,-1,-1,1,-1,1,-1,1,-1,1,-1,1,1,1,-1,1,1,1,1,-1,-1,-1,-1,0,1,-1,0,-1,0,-1,0,69,60,9,19.33,230,124,9
south_8_technologies_2018,-1,-1,-1,-1,-1,0,0,0,-1,-1,-1,-1,-1,-1,-1,1,1,0,-1,-1,1,1,0,0,0,0,0,-1,-1,1,1,0,0,0,-1,0,0,0,1,1,0,-1,-1,0,0,1,1,1,0,0,0,1,0,-1,-1,-1,-1,0,0,0,0,-1,0,0,0,0,0,0,0,0,0,1,0,0,0,0,0,0,0,1,1,1,-1,-1,0,0,0,0,0,1,0,-1,,1,1,1,-1,-1,-1,-1,-1,-1,-1,-1,-1,1,0,0,-1,-1,0,-1,-1,-1,0,0,0,0,0,0,0,1,1,1,1,1,1,0,0,0,0,0,0,1,1,-1,0,1,1,0,-1,1,1,1,0,0,-1,0,0,0,0,0,0,0,0,0,0,1,0,1,0,0,0,0,0,0,0,0,0,0,0,0,0,0,0,0,0,0,0,0,0,0,0,0,0,0,0,0,0,0,0,0,0,0,0,0,0,0,0,,-1,-1,-1,-1,-1,-1,-1,-1,-1,-1,-1,-1,-1,-1,-1,0,0,-1,-1,-1,0,0,0,0,0,0,0,,,,0,0,,0,0,,0,0,0,0,0,0,0,0,,0,-1,-1,-1,-1,-1,-1,-1,-1,1,-1,-1,0,0,0,1,-1,0,0,1,1,1,1,1,1,0,0,0,-1,-1,-1,0,0,0,0,1,-1,0,0,0,1,1,-1,1,1,0,-1,1,0,-1,1,1,1,-1,1,0,0,0,0,0,0,0,0,0,0,0,0,0,0,0,0,0,0,0,0,0,0,0,0,0,0,0,0,0,0,0,0,0,0,0,0,0,0,0,0,0,0,0,0,0,0,0,0,0,0,0,0,0,0,0,0,0,0,0,0,0,0,0,54,48,6,15.13,274,81,8
spread_energy_2018,-1,-1,-1,-1,-1,0,0,0,-1,-1,-1,-1,-1,-1,-1,1,1,0,-1,-1,0,0,0,0,0,0,0,0,0,0,0,0,0,0,0,0,0,0,0,0,0,0,0,0,0,0,0,0,0,0,0,0,0,0,0,0,0,0,0,0,0,0,0,0,0,0,0,0,0,0,0,0,0,0,0,0,0,0,0,0,1,0,-1,-1,1,0,0,0,0,-1,-1,1,0,0,0,0,0,0,0,0,0,0,0,1,-1,0,0,0,0,0,0,0,0,0,0,0,0,0,0,0,0,0,0,0,0,0,0,0,0,0,0,0,0,0,0,0,0,0,0,0,0,0,0,0,0,0,0,0,0,0,0,-1,-1,0,0,0,0,0,0,0,0,0,0,0,0,0,0,0,0,0,0,0,0,0,0,-1,0,0,0,0,0,0,0,0,0,0,0,0,-1,0,0,0,0,-1,-1,0,0,0,0,,-1,-1,-1,-1,-1,-1,-1,-1,-1,-1,-1,0,0,-1,-1,0,0,0,0,0,0,0,0,0,0,-1,-1,,,,0,0,,0,0,,0,0,0,0,0,0,0,0,,0,-1,-1,-1,-1,-1,-1,-1,-1,1,-1,-1,-1,-1,-1,1,-1,0,0,-1,-1,-1,1,-1,-1,-1,-1,0,-1,-1,-1,0,-1,-1,-1,-1,0,0,0,0,1,1,-1,-1,-1,0,-1,-1,-1,-1,1,1,1,-1,-1,1,-1,1,1,1,0,-1,0,1,0,0,1,0,0,-1,-1,-1,1,1,-1,1,0,0,0,0,1,0,0,-1,0,-1,0,-1,0,0,-1,0,1,1,1,0,0,0,0,0,0,0,0,0,0,0,0,0,0,0,0,0,0,0,0,0,0,0,27,22,5,7.56,269,87,7
storagy_2018,1,1,1,1,1,0,0,0,1,1,1,1,1,1,1,1,1,-1,-1,-1,0,0,0,0,0,0,-1,0,0,1,1,0,0,0,0,0,0,0,0,1,0,1,-1,0,0,1,1,1,0,0,0,1,0,0,1,0,0,0,0,0,0,0,0,0,0,1,1,0,0,0,0,0,0,0,0,0,0,0,0,-1,0,0,0,0,0,0,0,0,0,1,0,1,0,0,0,0,0,0,0,0,0,0,0,1,1,-1,0,0,-1,-1,0,0,-1,-1,0,0,0,0,0,0,0,0,0,-1,-1,0,0,0,0,0,0,0,0,-1,-1,0,-1,-1,-1,-1,0,-1,-1,-1,0,-1,-1,1,0,0,0,0,0,0,0,0,0,0,0,0,0,0,0,0,0,1,0,0,0,0,1,0,1,1,0,,,,,,0,,,,,,,,,,,0,,,,,0,0,0,,0,0,0,0,-1,-1,-1,-1,-1,0,0,0,0,0,0,0,0,0,0,0,0,-1,-1,0,0,0,0,,,,0,0,0,0,0,0,0,0,0,0,0,0,0,0,0,0,-1,-1,-1,-1,-1,0,0,0,1,0,0,0,0,0,1,0,0,0,1,1,1,1,-1,-1,-1,-1,-1,-1,-1,-1,0,0,0,1,1,0,0,1,1,1,1,-1,1,1,-1,-1,1,1,0,1,1,1,0,0,0,-1,1,1,1,1,-1,1,1,-1,-1,1,-1,0,-1,-1,-1,-1,-1,0,0,0,-1,-1,1,-1,-1,0,-1,0,,0,0,0,0,1,0,0,0,0,0,0,0,0,0,0,1,0,0,,,,,,,,,,,0,1,-1,1,65,53,12,18.21,266,63,34
sunswarm_solar_2018,1,1,-1,-1,-1,0,0,0,-1,-1,-1,1,1,1,1,1,1,0,-1,-1,1,-1,0,0,0,0,0,0,0,1,1,-1,0,0,-1,0,-1,0,-1,-1,0,1,-1,-1,-1,-1,-1,-1,0,0,-1,-1,0,-1,-1,-1,-1,0,0,0,-1,-1,-1,-1,-1,-1,-1,0,0,0,0,-1,-1,1,-1,0,0,0,0,-1,-1,-1,1,1,-1,-1,0,0,1,1,1,-1,0,0,0,0,0,0,0,-1,-1,-1,-1,1,-1,1,-1,-1,-1,-1,0,0,-1,-1,0,0,0,0,0,0,0,-1,-1,1,1,0,0,-1,0,0,0,-1,0,-1,-1,0,1,1,1,1,-1,-1,-1,-1,-1,1,-1,-1,0,0,0,-1,-1,0,0,0,0,-1,0,-1,0,0,0,0,0,0,0,0,0,0,0,0,0,0,0,-1,0,0,0,0,0,0,0,0,0,0,0,0,-1,0,0,0,0,-1,-1,0,0,0,0,,-1,-1,-1,-1,-1,-1,-1,-1,-1,-1,-1,-1,-1,-1,-1,-1,-1,-1,-1,-1,0,0,0,0,0,0,-1,,,,0,0,,0,0,,0,0,0,-1,-1,-1,0,0,0,0,-1,-1,-1,-1,-1,-1,-1,-1,1,-1,-1,-1,-1,-1,1,0,0,-1,1,1,1,-1,-1,-1,1,1,-1,-1,-1,-1,-1,-1,-1,0,-1,0,-1,-1,1,1,-1,-1,1,1,0,1,-1,-1,0,-1,-1,-1,-1,-1,1,0,1,1,-1,-1,1,-1,1,0,-1,-1,-1,0,-1,-1,-1,0,-1,0,-1,0,1,-1,1,-1,1,0,0,-1,1,-1,-1,0,-1,-1,0,0,-1,-1,1,1,0,1,0,-1,-1,-1,-1,-1,-1,-1,-1,-1,-1,-1,0,-1,0,-1,1,0,-1,52,44,8,14.57,189,168,6
vega_energy_systems_2018,0,0,0,0,0,0,0,0,0,0,0,0,0,0,0,0,0,0,0,0,1,-1,0,0,0,0,0,0,0,-1,-1,0,0,0,0,0,0,0,-1,-1,-1,1,0,0,0,-1,-1,-1,0,0,0,0,0,0,-1,0,0,0,0,0,0,0,0,0,0,-1,-1,0,0,0,0,0,-1,0,0,0,0,0,0,0,0,0,0,0,0,0,0,0,0,0,0,0,-1,-1,-1,-1,-1,-1,-1,0,0,0,0,-1,0,0,0,0,0,0,0,0,0,0,0,0,0,0,0,0,0,0,0,0,0,0,0,0,0,0,0,0,0,0,0,0,0,0,0,0,0,0,0,0,0,0,0,1,0,1,0,1,1,0,0,0,0,0,0,0,0,0,0,0,0,0,0,0,0,0,0,0,0,0,0,,,,,,0,,,,,,,,,,,0,,,,,0,0,0,0,1,1,-1,-1,-1,-1,-1,0,0,1,1,0,0,0,0,-1,-1,-1,-1,-1,1,1,1,0,0,0,-1,,,,0,0,0,0,0,,0,0,0,0,0,0,0,0,0,0,1,1,1,1,-1,-1,-1,-1,1,0,0,0,0,0,-1,0,1,0,-1,-1,-1,1,0,0,0,0,-1,-1,-1,0,0,0,0,-1,1,0,0,0,0,-1,-1,0,0,0,0,0,1,0,-1,-1,-1,-1,0,0,0,1,0,0,-1,0,-1,-1,1,0,0,-1,0,0,0,0,0,0,0,0,0,0,0,0,0,-1,0,0,0,0,0,0,0,0,0,0,0,0,0,0,0,0,0,0,0,0,0,0,0,,,,,,,,,,,0,0,0,0,24,23,1,6.72,275,55,33
wildnote_2018,-1,-1,-1,-1,-1,0,0,0,-1,-1,-1,1,1,1,1,-1,-1,-1,-1,-1,-1,0,0,0,0,0,0,-1,-1,-1,-1,0,0,0,-1,0,0,0,-1,0,-1,1,0,-1,0,0,-1,-1,0,0,0,-1,-1,-1,-1,-1,-1,0,0,0,-1,-1,-1,0,0,,,-1,0,0,-1,0,0,0,0,0,0,0,0,0,-1,-1,-1,-1,-1,-1,0,0,-1,-1,-1,-1,0,0,0,0,-1,-1,-1,0,0,0,0,1,-1,1,0,0,0,0,0,0,0,0,0,0,0,0,0,-1,0,-1,-1,1,1,0,0,0,0,0,0,1,-1,-1,-1,0,-1,-1,-1,-1,-1,1,1,1,-1,1,-1,0,0,0,-1,0,0,0,0,0,0,0,0,0,0,0,0,0,0,0,0,0,0,0,0,0,0,0,0,0,-1,0,0,0,0,0,0,0,0,0,0,0,0,0,0,-1,0,0,0,0,0,0,0,,-1,-1,-1,-1,-1,-1,-1,0,0,0,0,0,0,0,0,0,0,0,0,0,0,0,0,0,0,0,0,,,,0,0,,0,0,,0,0,0,0,0,0,0,0,0,0,0,0,0,0,-1,-1,-1,-1,1,0,0,-1,-1,-1,1,0,0,0,-1,-1,-1,-1,0,0,-1,-1,-1,-1,-1,0,0,-1,-1,-1,-1,-1,0,-1,-1,-1,-1,0,-1,-1,0,0,-1,1,1,-1,-1,-1,-1,0,1,-1,1,-1,0,-1,-1,1,1,1,-1,1,-1,-1,1,1,1,1,0,0,0,-1,-1,1,0,-1,-1,0,-1,0,-1,1,0,0,0,0,0,0,0,1,-1,-1,0,0,0,1,1,1,1,0,0,0,0,0,0,,,,,0,0,0,-1,35,30,5,9.8,231,120,12
yousolar_2018,1,1,-1,-1,-1,0,0,0,-1,-1,-1,-1,-1,-1,-1,1,1,-1,1,1,1,-1,-1,-1,-1,-1,1,1,1,-1,-1,-1,-1,0,0,0,0,0,-1,0,0,-1,-1,0,0,-1,-1,-1,-1,0,0,-1,-1,-1,-1,0,0,-1,-1,0,1,-1,0,0,0,0,0,0,0,0,0,0,-1,-1,0,-1,0,0,-1,-1,-1,0,0,0,1,-1,0,0,-1,-1,0,-1,0,0,0,0,0,0,0,-1,-1,-1,-1,-1,-1,-1,0,0,0,0,0,0,0,0,0,0,0,0,0,0,0,0,0,0,0,0,0,0,0,0,0,0,0,-1,-1,0,0,0,0,0,0,0,0,0,0,0,-1,-1,0,0,0,0,0,0,0,-1,0,-1,0,-1,0,0,0,-1,-1,-1,0,-1,-1,0,0,0,0,-1,0,-1,0,0,0,0,0,0,0,0,0,0,0,0,0,0,-1,0,0,0,0,0,0,0,0,,1,1,0,0,-1,0,1,1,1,1,1,0,0,0,0,-1,-1,-1,-1,-1,0,-1,-1,0,0,0,0,,,,0,0,0,0,0,0,0,0,0,-1,-1,-1,0,0,0,0,1,1,1,1,1,0,1,-1,1,-1,-1,1,1,1,-1,-1,0,-1,-1,-1,-1,-1,0,0,0,0,1,0,0,0,0,-1,-1,-1,1,-1,-1,-1,-1,-1,-1,-1,-1,-1,-1,0,-1,-1,-1,-1,-1,-1,-1,1,-1,-1,-1,-1,0,0,1,-1,1,-1,-1,-1,-1,-1,0,0,0,0,0,0,-1,-1,-1,-1,-1,1,0,0,0,0,-1,0,-1,-1,0,1,0,0,0,-1,1,-1,0,0,-1,0,1,0,0,0,-1,-1,-1,-1,0,0,0,0,0,-1,-1,0,-1,38,34,4,10.64,224,135,4
zevway_2018,-1,-1,-1,-1,-1,0,0,0,-1,-1,-1,-1,-1,-1,-1,1,1,0,1,1,-1,-1,0,0,0,0,0,0,0,1,1,0,1,0,-1,0,0,0,0,0,0,1,0,0,0,0,0,0,0,0,0,0,0,0,1,0,0,0,0,0,-1,-1,-1,0,0,0,0,0,0,0,0,0,0,0,0,0,0,0,0,0,0,0,0,0,0,0,0,0,0,0,0,0,-1,-1,-1,-1,0,0,0,0,0,0,0,0,0,0,0,0,0,0,0,0,0,0,0,0,0,0,0,0,0,0,0,0,0,0,0,0,0,0,0,0,0,0,0,0,0,0,0,0,0,0,0,0,0,0,0,1,0,1,0,1,1,0,0,0,0,1,0,0,0,0,0,0,0,0,0,0,0,0,0,0,0,0,0,-1,1,1,0,0,0,0,0,1,1,1,1,1,1,1,1,0,1,1,0,,0,0,1,-1,1,1,-1,-1,-1,-1,-1,0,0,-1,-1,0,0,-1,-1,-1,-1,-1,-1,-1,-1,1,1,-1,-1,-1,-1,,,,0,0,0,0,0,0,0,0,0,-1,-1,-1,0,0,0,0,-1,-1,1,1,-1,-1,-1,-1,1,0,0,0,0,0,0,0,1,-1,1,1,1,1,0,0,0,0,0,0,0,-1,0,0,0,0,1,0,0,0,0,0,0,0,0,0,0,0,1,0,1,-1,-1,-1,0,0,0,1,-1,0,0,0,1,-1,1,0,0,1,0,0,0,0,0,0,0,0,0,1,-1,0,0,-1,-1,0,0,0,-1,0,1,0,0,1,0,0,0,0,0,0,0,1,0,0,0,0,0,0,0,0,0,0,0,0,0,0,0,0,0,0,0,50,45,5,14.01,296,63,4
the_solar_payoff_llc_2018,-1,-1,-1,-1,-1,0,0,0,-1,-1,-1,-1,-1,-1,-1,1,1,0,0,0,1,-1,0,0,0,-1,-1,0,0,1,1,0,0,0,0,0,-1,0,-1,-1,-1,1,1,0,0,0,1,1,-1,0,0,-1,0,0,1,0,0,0,0,0,0,0,0,0,0,0,0,0,0,0,1,0,0,-1,0,-1,1,-1,0,0,0,0,0,0,1,-1,0,0,-1,1,0,0,0,0,0,0,0,0,0,0,0,0,0,1,1,1,0,0,0,0,0,0,0,0,0,0,0,0,0,0,0,0,0,1,1,-1,-1,0,0,0,0,1,-1,1,1,0,-1,0,0,0,0,0,0,0,0,0,1,1,1,1,1,-1,-1,0,1,1,0,-1,-1,-1,-1,0,0,0,1,0,-1,0,0,0,0,0,0,1,0,1,1,1,1,1,0,1,1,1,1,1,0,1,1,0,0,1,0,0,1,1,-1,0,1,-1,-1,-1,-1,-1,-1,-1,-1,-1,-1,-1,-1,-1,-1,-1,-1,-1,-1,-1,-1,-1,-1,-1,-1,0,-1,-1,0,,,,0,0,0,0,0,0,0,0,0,0,0,0,0,0,,-1,-1,-1,-1,-1,-1,-1,-1,-1,1,-1,-1,0,0,0,0,0,-1,0,1,1,1,1,0,0,0,0,1,0,0,0,0,1,1,1,0,-1,-1,0,0,1,-1,0,0,0,0,0,1,0,-1,1,1,1,1,0,0,0,-1,0,0,0,-1,0,0,0,0,-1,0,0,0,0,0,0,0,0,0,0,0,-1,0,-1,0,0,0,0,,,,,,0,,,,0,0,0,0,0,0,0,0,-1,-1,-1,0,0,0,0,0,-1,0,0,0,0,0,0,0,62,57,5,17.37,262,89,12
t2m_global_2018,-1,-1,0,0,0,0,0,0,0,0,0,0,0,0,0,1,1,-1,1,1,1,1,0,0,-1,-1,0,-1,-1,1,1,0,0,0,-1,-1,0,0,0,0,-1,1,0,-1,0,0,0,0,0,0,0,-1,1,0,1,0,0,0,-1,-1,1,-1,-1,1,1,1,1,1,0,0,0,1,-1,0,0,-1,0,0,0,0,-1,0,-1,-1,-1,0,0,0,0,1,1,1,-1,-1,-1,-1,0,0,0,0,0,0,0,1,-1,0,-1,-1,1,1,0,0,0,0,0,0,0,0,0,0,0,0,0,-1,-1,0,0,0,0,0,0,0,0,-1,-1,0,0,1,1,0,0,0,0,0,0,0,0,1,0,1,0,1,1,0,0,-1,0,1,0,1,0,0,0,-1,-1,0,0,0,0,0,0,0,1,0,0,1,1,1,1,1,0,1,0,1,1,1,0,1,1,1,0,0,0,0,0,1,0,0,0,-1,1,1,-1,-1,1,-1,1,-1,-1,1,1,0,0,0,0,-1,-1,,1,1,1,-1,-1,0,-1,1,-1,,,,0,0,0,0,0,0,0,0,0,,1,1,0,0,,0,1,1,1,1,1,-1,-1,-1,1,0,0,0,0,0,0,0,1,-1,1,1,1,1,0,0,0,0,-1,0,0,0,0,-1,-1,-1,1,-1,-1,-1,-1,-1,1,0,0,0,0,0,1,0,1,1,1,1,-1,-1,-1,1,1,-1,1,-1,0,1,-1,0,0,1,0,0,1,1,1,-1,1,0,-1,-1,-1,1,-1,1,0,-1,0,0,,,,,,0,,,,-1,0,1,0,1,-1,0,1,0,0,-1,-1,-1,-1,-1,-1,0,0,0,0,0,-1,0,0,90,79,11,25.21,267,82,14
spark_box_2018,0,0,0,0,0,0,0,0,0,0,0,0,0,0,0,1,1,0,1,1,1,1,1,1,0,-1,-1,1,1,-1,-1,0,0,0,0,-1,0,0,1,1,-1,1,-1,0,0,1,1,1,1,0,0,0,1,1,1,1,-1,-1,1,0,1,0,0,0,0,1,1,-1,-1,-1,1,-1,-1,0,0,-1,1,-1,0,0,0,0,-1,-1,1,0,0,0,0,1,1,1,-1,-1,-1,-1,-1,-1,-1,0,0,0,0,1,1,1,1,1,1,1,1,0,1,1,1,1,1,1,1,-1,-1,-1,-1,1,1,0,0,0,0,0,0,0,0,1,1,0,1,1,1,1,0,1,1,1,-1,1,1,1,0,-1,0,1,1,0,0,0,0,1,0,1,0,0,0,1,1,0,0,0,0,0,0,0,0,0,0,1,1,1,1,1,0,1,0,1,1,1,0,1,1,1,0,0,0,0,-1,1,0,0,0,-1,-1,-1,-1,-1,-1,-1,-1,-1,-1,-1,-1,0,0,0,0,-1,-1,-1,-1,-1,1,-1,-1,0,0,0,0,,,,0,0,0,0,0,0,0,0,0,-1,-1,-1,0,0,0,0,-1,-1,1,1,-1,-1,-1,-1,1,0,0,1,1,1,1,-1,1,1,1,1,1,-1,0,0,0,0,1,0,0,-1,0,1,1,1,1,1,1,0,0,1,1,0,1,1,0,0,1,0,1,1,1,1,1,1,1,1,1,0,1,-1,1,1,1,0,0,1,-1,-1,1,1,1,0,1,-1,1,1,1,1,0,1,-1,-1,0,0,,,,,,1,,,,1,1,1,-1,1,0,1,-1,1,1,1,1,1,1,1,1,0,0,0,0,0,0,0,0,141,124,17,39.5,281,71,11
hi_z_technology_inc_2018,0,0,0,0,0,0,0,0,0,0,0,0,0,0,0,1,1,0,1,1,1,-1,0,0,0,1,1,-1,-1,1,1,-1,-1,0,0,-1,0,0,1,1,1,1,1,0,0,0,0,0,0,0,0,1,0,1,1,1,1,1,0,0,-1,-1,0,0,0,-1,-1,1,0,0,0,1,0,0,1,0,1,1,0,0,0,0,-1,-1,1,1,-1,-1,-1,1,0,1,0,0,0,0,0,0,0,0,0,0,0,1,1,1,1,1,0,0,1,0,0,0,1,0,0,0,0,0,0,0,0,1,1,0,0,0,0,0,0,1,0,0,0,0,0,1,1,1,0,0,0,0,0,1,1,1,,1,0,0,0,0,0,0,0,1,0,-1,1,0,-1,1,1,1,-1,0,0,1,-1,-1,1,-1,,1,-1,1,1,1,1,1,0,0,1,1,0,1,1,1,0,0,,0,0,1,0,0,,0,1,1,-1,-1,-1,-1,1,1,1,-1,-1,1,1,-1,-1,-1,-1,-1,-1,-1,1,1,1,0,-1,0,-1,,,,0,0,0,0,0,,0,0,0,-1,-1,-1,0,0,,0,-1,-1,1,1,1,-1,-1,-1,1,1,1,1,1,1,-1,1,-1,1,1,1,1,1,0,0,1,1,1,0,0,0,1,1,1,1,1,-1,0,0,0,0,1,0,0,0,0,0,1,-1,-1,1,1,1,-1,0,1,0,-1,0,1,1,1,1,0,0,0,1,0,0,0,0,0,0,0,1,1,1,1,1,0,1,-1,1,0,0,,,,,,0,,,,0,1,1,1,1,0,-1,0,0,0,0,0,0,0,0,0,0,0,0,0,0,0,0,0,120,105,15,33.61,292,54,17
hapi_water_solutions_2018,0,0,0,0,0,0,0,0,0,0,0,0,0,0,0,1,1,0,1,1,1,0,0,0,0,0,0,0,0,0,0,0,0,0,0,0,0,0,-1,0,1,,0,0,0,1,1,1,0,0,0,0,-1,0,0,-1,0,-1,0,0,-1,0,0,1,1,-1,-1,-1,0,0,0,1,-1,0,0,-1,0,0,0,0,0,0,0,0,0,0,0,0,0,0,-1,-1,0,0,0,0,0,0,0,0,0,0,0,0,0,1,-1,-1,-1,-1,0,0,0,0,0,-1,-1,-1,-1,0,0,0,0,1,1,0,0,0,0,0,0,0,0,0,0,0,0,1,1,0,0,0,0,0,0,0,-1,0,0,1,0,0,0,0,0,0,0,0,0,0,0,0,0,0,0,0,0,0,0,0,0,0,1,0,0,0,0,0,1,0,0,0,0,0,0,0,0,0,0,0,0,0,0,0,0,0,0,0,0,0,1,1,-1,-1,-1,-1,-1,0,0,-1,-1,0,0,0,0,0,0,,1,1,1,1,1,0,0,0,0,,,,0,0,0,0,0,0,0,0,0,0,0,0,0,0,0,0,0,0,-1,-1,-1,-1,-1,-1,1,0,0,0,0,0,0,0,0,0,1,1,1,1,-1,-1,0,0,1,0,0,0,-1,0,0,0,-1,0,0,0,0,1,-1,0,-1,-1,0,0,1,0,1,0,0,0,0,0,0,0,0,0,-1,0,0,0,-1,-1,0,-1,0,0,0,0,0,0,-1,0,0,0,0,0,0,-1,0,0,0,0,,,,,,0,,,,0,0,0,-1,0,0,0,0,0,0,0,-1,-1,-1,-1,0,0,0,0,0,0,0,0,0,36,32,4,10.08,298,52,13
halo_industries_inc_2018,0,0,0,0,0,0,0,0,0,0,0,0,0,0,0,1,1,0,1,1,1,1,0,0,-1,0,0,1,1,1,1,0,0,0,0,0,0,0,1,-1,1,1,1,0,0,0,0,0,0,0,0,0,0,-1,1,0,0,1,0,0,-1,0,0,1,1,1,1,1,0,0,-1,1,1,0,-1,1,0,0,0,0,1,0,1,1,0,0,-1,-1,0,1,1,0,-1,-1,-1,-1,-1,-1,-1,0,0,0,0,-1,0,0,1,1,1,1,-1,0,0,0,0,0,0,0,0,0,0,0,0,1,1,0,0,0,0,0,0,0,0,0,0,0,0,1,1,-1,0,0,0,0,0,0,-1,1,,1,1,1,0,0,1,0,0,1,1,1,1,0,0,0,1,1,1,1,1,1,1,1,1,0,0,,,,,,1,,,,,,,,,,,0,,,,,1,0,,-1,-1,-1,-1,1,1,1,1,1,1,1,1,1,1,1,1,-1,-1,-1,-1,-1,1,-1,-1,0,0,0,-1,,,,0,0,,0,0,,0,0,,0,0,0,1,0,0,-1,1,1,-1,-1,1,1,1,-1,1,-1,-1,1,1,1,0,-1,1,1,1,1,1,1,0,0,0,0,1,0,0,1,0,0,0,1,1,0,-1,0,0,0,1,0,0,0,0,0,1,-1,1,1,1,1,-1,1,0,1,1,0,1,0,1,1,1,0,0,-1,-1,1,0,0,0,0,1,1,-1,1,0,-1,0,1,0,1,-1,0,,,,,,0,,,,0,0,1,0,1,-1,0,1,0,0,0,-1,0,0,0,0,0,0,0,0,0,0,0,0,112,96,16,31.37,280,48,35
from_wild_surfaces_2018,0,0,0,0,0,0,0,0,0,0,0,0,0,0,0,1,1,-1,1,1,1,1,0,0,0,-1,1,-1,-1,1,1,0,0,0,0,-1,0,0,1,1,1,1,0,-1,0,0,0,0,0,0,0,1,1,1,1,1,0,1,0,0,1,0,1,0,0,1,1,-1,0,0,-1,1,1,0,0,0,-1,0,0,0,-1,0,0,0,1,0,0,0,0,1,0,0,0,0,0,0,0,0,0,0,0,0,0,1,0,1,0,0,0,0,0,0,0,0,0,0,0,0,0,-1,-1,0,0,1,1,0,0,0,0,0,0,0,0,0,0,0,0,-1,-1,0,0,0,0,0,0,0,0,0,0,-1,0,-1,-1,0,0,0,0,0,0,0,0,0,0,-1,-1,-1,0,0,0,0,0,0,0,0,0,0,0,0,0,0,0,0,0,0,0,0,0,0,0,0,0,0,0,0,-1,-1,0,0,0,-1,1,1,-1,-1,-1,-1,-1,-1,-1,-1,-1,-1,-1,-1,-1,-1,-1,-1,-1,-1,-1,0,0,0,0,0,-1,,,,,,,,,,,,,0,0,0,,,,,0,0,0,0,-1,-1,-1,-1,1,1,1,1,1,1,0,-1,0,0,1,1,1,1,0,0,0,0,1,0,0,-1,0,1,1,1,0,1,-1,0,0,1,1,1,1,1,0,0,1,-1,1,1,1,1,-1,-1,1,1,1,0,1,1,1,1,-1,0,0,1,0,0,-1,-1,-1,0,-1,0,1,-1,-1,1,-1,1,1,0,0,0,,,,,,-1,,,,1,1,-1,-1,-1,0,-1,1,-1,-1,-1,-1,-1,-1,-1,-1,-1,-1,0,0,0,0,-1,0,73,58,15,20.45,262,77,24
freedom_motors_2018,0,0,0,0,0,0,0,0,0,0,0,0,0,0,0,1,1,0,1,1,1,1,1,1,0,-1,-1,-1,-1,1,1,0,0,0,0,-1,0,0,1,1,1,1,-1,0,0,0,0,0,0,0,0,1,1,1,1,0,0,0,0,0,1,1,0,1,1,1,1,-1,0,0,0,1,-1,0,0,-1,1,1,0,0,0,0,-1,-1,1,0,0,0,-1,1,-1,0,-1,-1,-1,-1,-1,-1,-1,0,0,0,0,1,0,1,1,1,1,1,0,-1,1,1,0,1,1,1,1,0,0,1,1,1,1,0,0,0,0,0,0,0,0,1,1,0,0,1,1,0,-1,1,1,1,0,0,1,1,0,0,0,-1,-1,-1,0,-1,0,-1,0,-1,-1,0,0,0,-1,-1,-1,-1,0,0,-1,0,-1,0,0,-1,-1,-1,-1,-1,0,-1,0,-1,-1,-1,0,-1,-1,-1,0,0,0,0,-1,-1,0,0,0,0,-1,-1,-1,-1,-1,-1,-1,-1,-1,-1,-1,-1,-1,-1,-1,-1,-1,0,0,0,0,-1,-1,0,0,0,0,,,,0,0,0,0,0,0,0,0,,0,0,0,0,0,0,-1,-1,-1,1,1,-1,-1,-1,-1,1,1,1,1,1,1,-1,-1,1,1,1,1,1,1,0,0,0,0,0,1,1,0,0,1,1,1,0,0,-1,0,0,0,1,0,1,1,0,0,1,1,-1,1,1,1,-1,-1,-1,0,-1,0,0,0,0,-1,-1,0,-1,-1,0,0,0,0,0,0,0,0,-1,-1,-1,0,0,0,0,-1,0,0,,,,,,0,,,,-1,-1,-1,-1,0,-1,-1,0,-1,-1,-1,-1,-1,-1,-1,-1,0,0,0,0,0,0,-1,0,81,76,5,22.69,245,106,12
ecotel_2018,-1,-1,-1,-1,-1,-1,-1,-1,-1,-1,-1,-1,-1,-1,-1,1,1,0,-1,-1,0,0,0,0,0,0,0,0,0,-1,-1,-1,-1,-1,0,0,0,0,-1,-1,0,-1,0,0,0,-1,-1,-1,-1,0,0,-1,0,-1,-1,-1,-1,0,0,0,0,0,0,0,0,0,0,-1,0,0,0,0,0,0,0,-1,-1,0,0,0,-1,0,0,0,1,1,-1,-1,1,1,1,-1,0,0,0,0,0,0,0,0,0,0,0,1,-1,1,0,0,1,1,0,0,-1,-1,0,0,0,0,0,0,0,0,0,1,1,0,0,0,0,0,0,0,0,-1,-1,0,0,1,1,1,0,1,1,1,0,1,1,1,0,0,0,0,0,0,0,0,0,0,0,0,0,0,0,0,0,0,0,0,0,1,0,0,0,1,0,1,1,0,1,0,1,1,1,1,0,0,0,0,0,0,0,0,0,0,0,0,0,0,0,,0,0,-1,-1,1,-1,-1,-1,-1,0,0,0,0,0,0,0,0,,1,1,,0,0,0,0,0,0,,,,0,0,0,0,0,0,0,0,0,-1,-1,-1,0,0,0,0,-1,-1,1,1,1,-1,-1,-1,1,0,0,0,0,0,-1,0,0,0,1,1,1,1,1,1,1,1,1,0,0,0,0,0,0,-1,1,0,0,0,0,1,-1,0,1,1,1,1,1,1,0,-1,-1,-1,1,0,-1,-1,-1,-1,-1,0,-1,-1,-1,0,0,-1,-1,-1,-1,-1,-1,0,0,0,0,-1,-1,-1,-1,-1,-1,-1,0,-1,,,,,,-1,,,,0,0,-1,0,-1,-1,0,0,0,0,-1,0,0,0,0,-1,0,0,0,0,0,-1,0,0,56,55,1,15.69,254,95,14
tendocean_2018,-1,-1,-1,-1,-1,0,0,0,-1,-1,-1,0,0,0,0,-1,-1,0,1,1,1,0,0,0,0,-1,0,-1,-1,-1,-1,0,0,0,0,0,0,0,0,-1,-1,-1,-1,0,0,-1,-1,-1,-1,-1,-1,0,-1,-1,-1,0,0,0,0,0,-1,0,0,0,0,0,0,-1,-1,-1,0,0,0,1,0,0,0,0,0,0,0,0,-1,-1,-1,-1,-1,-1,0,-1,-1,-1,-1,-1,-1,-1,-1,-1,-1,-1,-1,-1,-1,1,-1,1,0,0,0,0,0,0,0,0,0,0,0,0,0,0,0,0,0,1,1,0,0,0,0,0,0,1,0,-1,-1,0,0,0,0,0,0,-1,-1,-1,0,0,0,-1,0,0,-1,0,0,0,0,0,0,-1,0,-1,0,0,0,0,0,-1,-1,0,0,0,0,0,0,0,0,0,0,0,0,0,0,0,0,0,0,0,0,-1,0,0,0,0,0,0,0,0,0,0,0,1,0,0,0,0,0,0,0,0,0,0,0,0,0,0,0,0,0,0,0,0,0,0,0,0,0,0,0,,,,0,0,0,0,0,0,0,0,0,0,0,0,0,0,0,0,0,0,0,0,0,0,0,0,1,-1,-1,-1,-1,-1,-1,-1,-1,-1,-1,-1,-1,-1,0,0,0,0,-1,0,0,0,0,0,0,0,0,0,0,0,0,1,1,1,1,1,0,0,1,-1,0,-1,-1,-1,1,0,1,0,-1,-1,1,0,1,-1,-1,0,1,1,0,0,0,0,0,0,0,0,0,0,-1,0,1,1,-1,-1,-1,0,1,0,1,-1,-1,1,0,0,0,-1,-1,-1,0,0,-1,-1,0,0,0,1,0,0,0,0,0,1,1,0,1,0,-1,1,0,33,28,5,9.24,261,99,3
sulis_2018,-1,-1,-1,-1,-1,-1,-1,-1,-1,-1,-1,1,1,1,1,1,1,0,1,1,1,-1,-1,-1,-1,1,0,0,0,0,0,0,0,0,0,0,1,0,1,1,1,1,-1,-1,-1,1,1,1,1,0,0,0,-1,0,1,0,0,0,-1,0,1,0,0,1,1,1,1,-1,-1,-1,1,1,0,0,0,0,0,0,0,-1,1,0,-1,-1,1,-1,1,1,0,1,1,1,0,0,0,0,0,0,0,,1,1,1,1,0,0,0,0,0,0,0,0,0,0,1,1,1,1,1,0,0,0,0,0,0,0,0,0,0,0,0,1,0,0,0,0,0,0,0,0,0,0,0,0,0,0,0,1,0,0,0,-1,-1,0,0,1,0,1,0,1,0,0,0,0,1,1,0,0,0,0,0,0,-1,0,0,0,0,-1,-1,-1,0,-1,0,0,-1,-1,1,0,-1,-1,0,0,0,0,0,-1,0,0,-1,1,-1,-1,1,1,1,1,1,-1,-1,-1,-1,1,1,-1,-1,-1,-1,-1,-1,-1,-1,-1,-1,1,-1,0,-1,,,,0,0,0,0,0,0,0,0,0,-1,-1,-1,0,0,0,0,-1,-1,1,1,1,-1,1,-1,1,1,1,-1,-1,-1,-1,-1,1,1,1,1,1,1,0,0,0,0,1,0,0,0,0,0,0,0,1,1,-1,1,0,1,1,-1,1,1,0,0,1,1,1,1,1,1,1,1,1,1,,,0,0,0,-1,0,0,0,1,0,-1,0,0,0,0,1,0,1,1,1,-1,1,1,0,-1,1,0,,,,,,1,,,,1,-1,1,,0,1,0,1,1,1,0,0,0,0,0,0,1,0,1,0,1,1,1,-1,111,96,15,31.09,270,78,15
codecycle_llc_2018,0,0,0,0,0,0,0,0,0,0,0,0,0,0,0,0,0,0,0,0,0,0,0,0,0,0,0,0,0,0,0,0,0,0,0,0,0,0,0,0,0,0,0,0,0,0,0,0,0,0,0,0,0,0,0,0,0,0,0,0,0,0,0,0,0,0,0,0,0,0,0,0,0,0,0,0,0,0,0,0,-1,0,0,0,0,0,0,0,0,0,0,0,-1,-1,-1,-1,-1,-1,-1,0,0,0,0,1,1,0,0,0,0,0,0,0,0,0,0,0,0,0,0,0,0,0,0,0,0,0,0,0,0,0,0,0,0,0,0,0,0,0,0,0,0,0,0,0,0,0,0,0,0,0,0,0,0,0,0,0,0,0,0,0,0,0,0,0,0,0,0,0,0,0,0,0,0,0,0,,,,,,0,,,,,,,,,,,0,,,,,0,0,0,,-1,-1,-1,-1,-1,-1,-1,0,0,0,0,0,0,0,0,0,0,0,0,0,1,0,0,0,0,0,0,,,,0,0,,0,0,,0,0,,0,0,0,0,0,,-1,0,0,0,0,-1,-1,-1,-1,0,0,0,0,0,0,0,0,0,0,0,0,0,0,0,0,0,0,0,0,0,0,0,0,0,0,0,0,0,0,0,0,0,0,0,0,0,0,0,0,0,0,0,0,0,0,0,0,0,0,0,0,0,0,0,0,0,0,0,0,0,0,0,0,0,0,0,0,0,0,0,0,0,0,0,0,,,,,,0,,,,0,0,0,0,0,0,0,0,0,0,0,0,0,0,0,0,0,0,0,0,0,0,0,0,3,3,0,0.84,308,20,35
chargeme_2018,-1,-1,-1,-1,-1,-1,-1,-1,-1,-1,-1,-1,-1,-1,-1,1,1,0,0,0,1,0,0,0,0,0,0,0,0,1,1,0,-1,1,0,0,0,0,0,0,0,1,1,1,0,0,0,0,0,0,0,0,1,0,0,0,0,0,1,1,1,0,0,0,0,1,1,1,0,0,1,1,1,0,0,1,0,0,1,0,0,0,-1,-1,1,1,0,0,1,1,0,1,0,0,0,0,0,0,0,0,0,0,0,1,1,0,0,0,0,0,0,0,0,0,0,0,0,0,0,0,0,0,0,0,0,0,0,0,0,0,0,0,0,0,0,0,0,0,0,0,0,0,0,0,0,0,0,0,0,0,0,0,0,0,0,0,0,0,0,0,1,0,0,0,0,0,-1,0,0,0,0,0,1,0,0,,,,,,0,,,,,,,,,,,0,,,,,0,0,0,-1,-1,-1,-1,1,-1,-1,-1,0,0,0,0,0,0,0,0,-1,-1,-1,-1,-1,1,0,0,0,0,0,-1,,,,0,0,,0,0,,0,0,,0,0,0,0,0,,-1,-1,-1,0,0,-1,-1,-1,-1,1,1,1,1,1,1,0,0,0,0,1,1,1,1,,,,,1,1,1,0,0,1,1,-1,1,0,0,0,0,0,1,0,0,0,0,0,1,,1,1,1,1,1,0,0,0,1,0,1,0,0,0,1,0,0,0,0,0,0,0,0,0,0,1,1,1,0,0,0,0,0,0,0,0,,,,,,0,,,,0,0,1,0,0,1,0,,0,0,0,0,0,0,0,0,0,0,0,0,0,0,0,0,63,54,9,17.65,283,40,40
lotuswrf_2018,-1,-1,-1,-1,-1,-1,-1,-1,-1,-1,-1,-1,-1,-1,-1,1,1,0,-1,-1,-1,0,-1,-1,0,0,0,0,0,0,0,0,0,0,0,0,0,0,0,-1,-1,-1,-1,0,0,0,0,0,0,0,0,0,0,0,0,0,0,0,0,0,-1,0,0,0,0,1,1,1,-1,-1,-1,0,0,0,-1,0,0,0,0,0,0,0,0,0,0,0,0,0,-1,0,0,0,0,0,0,0,0,0,0,0,0,0,0,0,0,1,0,0,0,0,0,0,0,0,0,0,0,0,0,0,0,0,0,1,1,0,0,0,0,0,0,0,0,0,0,0,0,1,1,0,1,0,0,0,0,0,0,0,0,0,0,0,0,0,0,0,0,0,0,0,0,0,0,0,0,0,0,0,0,0,0,0,0,0,0,0,0,0,0,0,0,0,0,0,0,,,,,,,0,,,,,0,0,0,,0,0,0,0,0,0,0,0,0,-1,-1,0,0,0,0,-1,-1,0,0,0,-1,0,0,0,0,0,0,,,,0,0,0,0,0,0,0,0,0,0,0,0,0,0,0,0,0,0,0,0,-1,0,0,0,1,0,0,1,1,1,-1,0,0,0,1,1,1,1,0,0,0,0,-1,0,0,0,0,0,0,0,-1,0,0,-1,-1,1,-1,1,0,0,0,0,1,0,0,1,1,1,0,0,1,0,0,0,1,0,1,1,-1,0,-1,1,1,-1,-1,-1,-1,0,0,0,0,0,0,1,1,1,0,0,0,0,,,,,,0,,,,0,-1,0,0,0,,0,0,0,0,0,0,0,0,0,0,0,0,0,0,0,-1,0,0,34,30,4,9.52,290,50,23
terracoh_inc_2018,-1,-1,-1,-1,-1,-1,-1,-1,-1,-1,-1,1,1,1,1,-1,-1,0,0,0,-1,1,1,1,-1,1,1,1,1,0,0,0,0,0,0,0,0,0,-1,0,-1,0,0,0,0,-1,-1,-1,0,0,0,0,0,0,0,0,0,0,0,0,0,0,0,0,0,0,0,0,0,0,0,0,-1,0,0,0,0,0,0,1,1,0,-1,-1,0,0,0,0,0,0,1,1,,1,1,1,,1,1,0,0,0,0,0,0,-1,0,0,0,0,0,0,0,0,0,0,0,0,0,0,0,0,0,-1,-1,0,0,0,0,0,0,0,0,-1,-1,0,-1,-1,-1,0,0,1,1,1,0,0,0,0,0,0,0,0,0,0,0,0,0,0,0,0,0,0,0,0,0,0,0,0,0,0,0,0,0,0,0,0,0,0,0,0,0,0,0,0,0,0,0,0,0,0,0,0,0,0,0,0,0,0,0,,0,0,0,0,0,0,0,0,0,0,0,0,0,0,0,0,0,0,0,0,0,0,0,0,0,0,0,,,,0,0,0,0,0,0,0,0,0,0,0,0,0,0,0,0,0,0,0,0,0,0,0,0,1,-1,-1,1,1,1,1,1,-1,-1,-1,-1,-1,1,0,0,0,0,0,0,0,0,0,0,0,0,0,0,-1,-1,-1,1,-1,0,-1,-1,0,0,1,0,0,-1,-1,-1,1,0,1,-1,1,0,1,-1,,,0,0,-1,1,0,0,0,0,0,0,0,0,0,1,0,1,0,0,0,0,-1,0,,,,,,1,,,,1,-1,-1,0,-1,0,0,,0,0,0,0,0,0,0,0,0,0,0,0,1,0,0,-1,42,37,5,11.76,291,55,17
woorides_2018,0,0,0,0,0,0,0,0,0,0,0,0,0,0,0,1,1,1,-1,-1,1,1,1,1,0,1,1,1,1,1,1,1,1,1,1,0,1,0,1,1,1,1,1,1,1,0,-1,0,1,1,1,1,1,0,1,0,0,-1,1,-1,1,1,-1,-1,-1,1,1,1,1,1,1,1,-1,1,1,0,1,0,1,0,0,0,-1,-1,1,-1,1,1,0,1,0,1,0,0,0,0,0,0,0,0,0,0,0,1,1,1,1,1,1,1,1,0,-1,-1,1,1,1,1,1,1,1,1,1,1,1,1,1,1,1,0,0,0,0,1,1,0,0,1,1,1,0,-1,-1,-1,1,1,1,0,,-1,0,1,-1,0,0,1,0,0,0,0,1,0,0,-1,-1,0,0,0,0,0,0,0,0,0,0,1,1,1,1,1,0,1,0,1,1,1,0,1,1,1,0,0,0,-1,0,-1,0,0,,-1,1,1,-1,-1,-1,1,1,-1,-1,-1,-1,-1,-1,0,0,-1,-1,-1,-1,-1,1,-1,-1,0,0,0,-1,,,,0,0,0,0,0,0,0,0,0,-1,-1,-1,0,0,0,0,-1,-1,1,1,1,-1,-1,-1,1,1,1,1,1,1,-1,-1,-1,-1,1,1,1,1,1,1,1,1,1,1,1,1,0,1,1,0,1,0,1,0,0,1,1,0,1,1,1,0,1,0,1,1,1,1,0,0,1,-1,1,1,,-1,1,1,-1,0,1,1,0,-1,0,0,0,0,-1,0,1,1,0,1,1,1,1,-1,0,0,1,0,1,1,1,1,0,-1,0,1,1,1,1,1,0,1,-1,1,1,1,1,1,1,1,0,0,0,0,0,-1,1,0,0,168,148,20,47.06,295,62,6
weavair_2018,0,0,0,0,0,0,0,0,0,0,0,0,0,0,0,-1,-1,0,-1,-1,1,0,0,0,0,0,1,-1,-1,1,1,0,0,0,0,1,0,0,,,1,1,1,0,-1,0,0,0,0,0,0,0,1,0,1,0,0,0,-1,-1,1,1,-1,0,0,0,0,0,0,0,0,0,0,0,0,0,-1,0,0,-1,0,0,-1,-1,1,0,0,0,0,1,-1,0,0,0,0,0,0,0,0,0,0,0,0,1,0,0,0,0,0,0,0,0,0,0,0,0,0,0,0,0,0,0,0,0,0,0,0,0,0,0,0,0,0,-1,-1,0,0,0,0,0,0,0,0,0,0,0,0,1,,1,,0,-1,0,0,0,0,-1,1,-1,1,0,0,0,0,0,0,0,0,1,0,0,1,0,0,1,1,1,1,1,1,1,0,1,1,1,0,0,1,1,0,-1,0,0,0,1,-1,0,,-1,0,0,-1,-1,-1,-1,-1,1,1,-1,-1,1,1,1,1,-1,-1,0,0,0,1,-1,-1,1,0,1,-1,,,,0,0,,0,0,0,0,0,0,0,0,0,0,0,,0,-1,-1,-1,-1,-1,-1,-1,-1,1,1,1,-1,-1,-1,0,0,1,1,-1,-1,-1,1,0,0,0,0,0,0,0,0,-1,0,0,0,1,1,0,0,0,0,-1,0,0,0,0,0,-1,0,1,1,1,1,0,0,0,0,0,0,-1,0,-1,0,0,0,0,1,0,0,0,0,0,0,0,0,0,0,0,0,0,1,-1,1,0,0,-1,1,1,1,-1,0,0,0,0,0,0,0,0,0,1,0,0,0,0,0,0,0,0,0,0,0,0,0,0,0,0,0,0,62,57,5,17.37,296,57,10
water_solution_strategies_2018,0,0,0,0,0,0,0,0,0,0,0,0,0,0,0,1,1,1,1,1,1,0,-1,-1,0,0,0,1,1,1,1,0,0,0,1,-1,0,0,0,0,1,1,1,1,0,0,0,0,0,0,0,0,1,0,0,0,0,0,0,0,1,1,-1,0,0,0,0,0,0,0,0,0,0,0,0,0,0,0,-1,1,0,0,0,0,0,0,0,0,0,1,1,0,0,0,0,0,0,0,0,-1,-1,-1,-1,0,0,0,0,0,0,0,0,0,0,0,0,0,0,0,0,0,0,0,0,0,0,0,0,0,0,0,0,0,0,0,0,0,0,0,0,0,0,0,0,0,0,0,0,1,,1,0,0,0,0,0,0,0,0,0,0,0,0,0,0,0,0,0,0,0,0,0,0,1,0,0,1,1,1,1,0,0,-1,0,1,1,1,0,0,1,1,0,0,0,0,0,1,0,0,,-1,-1,-1,-1,-1,-1,-1,-1,0,0,0,0,0,0,1,1,-1,-1,-1,-1,-1,1,0,0,0,0,0,-1,,,,0,0,0,0,0,0,0,0,0,0,0,0,0,0,0,0,1,1,-1,-1,1,-1,-1,-1,1,1,1,1,1,1,0,0,0,0,1,1,1,1,1,1,0,0,0,0,0,0,1,0,0,0,0,0,0,0,0,0,0,0,0,0,0,0,0,0,1,0,0,0,0,0,0,1,,0,-1,0,1,1,-1,0,0,0,0,0,0,0,0,0,0,0,-1,1,-1,0,0,1,1,0,0,0,0,0,0,-1,0,0,0,0,0,0,0,0,0,0,-1,0,0,0,0,0,0,0,0,0,0,0,0,0,0,-1,-1,0,0,60,54,6,16.81,320,37,6
vorticity_2018,-1,-1,-1,-1,-1,0,0,0,-1,-1,-1,-1,-1,-1,-1,0,0,0,0,0,0,1,0,0,0,0,0,0,0,0,0,0,0,-1,0,1,0,0,1,1,1,1,1,0,0,0,0,0,0,0,0,0,1,0,0,-1,0,0,0,0,1,-1,0,0,0,0,0,1,0,0,0,1,0,1,0,0,0,0,1,0,1,0,0,0,0,0,-1,-1,0,-1,0,0,0,0,0,0,0,0,0,0,0,0,0,-1,0,0,0,0,0,0,0,0,0,0,0,0,0,0,0,0,0,0,0,-1,-1,1,1,0,0,0,0,0,0,0,0,0,0,1,1,1,-1,-1,-1,-1,0,0,0,-1,0,1,-1,1,1,0,0,0,0,-1,0,0,0,0,0,0,1,0,0,0,0,0,0,0,0,0,0,1,1,1,1,1,0,1,0,1,1,1,0,1,1,1,0,0,0,0,-1,-1,0,0,1,-1,0,0,-1,-1,-1,-1,-1,-1,-1,-1,-1,-1,-1,0,0,-1,-1,0,0,0,0,-1,-1,1,0,0,-1,,,,0,0,0,0,0,0,0,0,0,0,0,0,0,0,0,0,-1,-1,-1,-1,-1,-1,-1,-1,1,0,0,1,1,1,1,1,0,0,1,1,1,1,0,0,0,0,1,0,0,0,0,0,0,0,1,1,0,1,0,1,1,1,1,1,0,0,1,1,1,0,0,0,0,0,1,-1,1,1,1,1,1,1,1,1,-1,1,-1,-1,0,0,0,,0,0,0,0,1,1,1,1,0,1,0,0,0,1,1,-1,0,1,0,-1,0,0,0,-1,0,0,0,0,0,0,0,1,-1,0,0,0,0,0,0,0,0,0,1,0,1,80,70,10,22.41,296,63,4
volta_reserve_power_llc_2018,0,0,0,0,0,0,0,0,0,0,0,0,0,0,0,0,0,0,0,0,-1,-1,-1,-1,0,1,1,1,1,1,1,0,-1,0,-1,-1,1,0,1,1,1,1,1,1,0,0,0,0,0,0,0,0,1,0,1,1,0,0,1,0,1,-1,-1,0,0,-1,-1,0,0,0,1,-1,0,0,-1,0,1,-1,1,0,0,0,0,0,1,0,1,1,,1,0,-1,0,0,0,0,0,0,0,-1,-1,-1,-1,1,-1,1,0,0,-1,-1,0,0,0,0,0,,,,,0,0,0,0,1,1,0,0,0,0,0,0,0,0,1,1,0,0,1,1,0,1,-1,-1,-1,0,0,-1,1,1,1,1,-1,-1,0,0,0,0,1,0,1,1,0,0,0,0,0,0,0,0,0,-1,0,1,0,0,1,1,0,0,0,0,1,0,1,1,1,1,1,1,1,0,1,0,0,-1,-1,0,0,1,-1,1,1,-1,-1,-1,-1,-1,0,0,0,0,0,0,0,0,-1,-1,-1,-1,-1,1,-1,-1,-1,-1,-1,0,,,,0,0,0,0,0,0,0,0,0,-1,-1,-1,0,0,0,0,-1,-1,1,1,-1,-1,-1,-1,1,0,0,-1,-1,-1,0,-1,1,1,1,1,1,1,1,1,1,1,-1,1,1,0,-1,0,0,0,1,1,1,0,0,0,1,0,1,1,0,0,1,0,1,1,1,1,-1,0,0,1,0,0,1,-1,1,0,1,1,0,-1,-1,1,0,0,0,1,1,0,0,1,-1,1,0,1,0,-1,1,1,1,0,1,0,0,0,0,0,0,1,-1,1,-1,1,1,0,0,-1,-1,0,1,1,1,1,0,-1,0,1,0,-1,0,0,0,107,93,14,29.97,281,74,8
uficient_2018,-1,-1,-1,-1,-1,0,0,0,1,1,1,1,1,1,1,1,1,0,-1,-1,1,0,0,0,0,0,0,0,0,-1,-1,-1,0,0,0,0,0,0,1,1,-1,1,-1,0,0,-1,-1,-1,1,0,0,-1,0,-1,-1,-1,0,0,0,0,0,-1,0,-1,-1,-1,-1,0,-1,-1,-1,0,0,0,0,0,1,0,0,0,0,-1,-1,-1,-1,0,-1,-1,0,1,0,1,0,0,0,0,0,0,0,0,0,0,0,1,0,1,-1,-1,-1,-1,-1,-1,-1,-1,0,,,,,,,0,0,1,1,0,0,0,0,0,0,0,0,1,1,0,0,1,1,1,1,1,1,1,1,1,-1,0,0,1,0,1,1,0,0,-1,0,0,0,0,0,0,0,0,-1,-1,0,0,0,0,0,0,1,0,0,1,1,1,1,1,0,0,0,1,1,1,0,1,1,1,0,0,0,0,1,1,0,0,1,,0,0,-1,-1,-1,-1,-1,-1,-1,-1,-1,-1,-1,-1,-1,-1,-1,0,0,0,1,-1,-1,-1,0,0,0,,,,0,0,0,0,0,,0,0,0,0,0,0,0,0,0,0,-1,-1,-1,-1,1,-1,-1,-1,1,1,1,-1,-1,-1,1,1,0,0,1,1,1,1,1,1,1,1,1,0,0,0,1,1,1,-1,1,1,1,0,0,1,1,1,-1,-1,0,0,1,1,1,1,1,1,0,1,-1,-1,1,1,1,-1,1,1,1,1,1,1,0,-1,-1,-1,-1,-1,-1,0,0,-1,1,0,1,1,-1,-1,-1,0,1,0,1,1,-1,1,-1,0,0,-1,-1,1,0,-1,0,1,,1,1,1,1,0,0,0,0,0,0,0,0,0,1,1,0,106,97,9,29.69,257,94,12
triocup_2018,0,0,0,0,0,0,0,0,0,0,0,0,0,0,0,1,1,0,-1,-1,1,1,0,0,0,1,1,0,0,1,1,-1,-1,-1,,1,1,0,0,0,1,1,1,0,0,0,0,0,0,0,1,-1,1,0,1,0,0,-1,1,0,-1,0,1,1,1,1,1,1,0,0,0,0,-1,0,0,0,0,0,1,1,0,0,-1,-1,1,0,1,1,0,1,1,0,0,0,0,0,0,0,0,0,0,0,0,1,1,0,1,1,1,1,1,1,1,1,1,0,0,0,0,0,0,0,0,0,0,0,0,0,0,0,0,0,0,-1,-1,-1,0,0,0,0,0,1,1,1,1,1,0,1,0,0,0,-1,1,0,0,1,0,1,0,1,0,0,0,0,1,1,0,0,0,-1,0,0,-1,0,0,1,1,1,0,1,-1,1,0,1,1,1,1,0,1,1,0,0,0,0,0,1,0,0,-1,-1,-1,-1,-1,-1,-1,-1,-1,0,0,-1,-1,0,0,-1,-1,0,0,0,0,0,1,-1,-1,0,0,0,0,,,,0,0,0,0,0,0,0,0,0,0,0,0,0,0,,0,0,0,0,0,-1,-1,-1,-1,1,0,0,1,1,1,0,0,1,-1,-1,-1,-1,1,1,1,1,1,1,1,1,0,1,1,1,-1,1,-1,-1,0,0,0,0,0,0,0,-1,0,0,0,0,1,1,1,-1,-1,0,1,-1,0,0,0,1,1,-1,0,1,0,-1,-1,1,1,1,0,0,0,1,1,0,1,0,1,0,1,-1,0,-1,0,1,1,0,0,0,0,1,1,0,0,0,-1,0,-1,0,0,0,-1,0,0,0,0,0,0,0,0,0,0,0,0,0,102,94,8,28.57,302,56,5
techstyle_materials_2018,-1,-1,-1,-1,-1,0,0,0,1,1,1,1,1,1,1,1,1,0,-1,-1,1,0,0,0,0,1,0,0,0,1,1,1,0,0,0,1,0,0,1,1,1,1,1,0,0,1,0,0,0,0,0,1,1,1,1,1,1,0,0,0,1,0,0,0,0,0,0,0,0,0,0,0,0,0,0,0,1,1,0,1,1,0,-1,-1,0,0,0,0,0,1,0,0,0,0,0,0,0,0,0,0,0,0,0,1,0,1,,,0,0,1,,1,1,,,,,,,,0,0,1,1,0,0,0,0,0,0,0,0,1,1,0,1,1,1,1,1,1,1,1,1,1,,1,0,0,0,0,0,0,0,0,0,0,1,0,0,0,0,0,0,0,0,0,0,1,0,0,0,0,0,0,0,0,0,0,0,0,0,0,0,0,0,0,0,0,0,0,0,0,0,0,0,0,0,,0,0,-1,1,0,-1,-1,1,1,1,1,-1,-1,-1,-1,1,1,0,0,0,1,0,0,0,0,0,0,,,,0,0,0,0,0,0,0,0,0,0,0,0,0,0,,0,0,0,0,0,0,1,0,1,1,1,1,1,1,1,1,1,0,0,0,0,0,1,1,1,0,0,0,1,1,0,0,1,1,0,0,1,0,1,1,1,1,0,0,0,0,0,1,0,1,1,1,1,0,0,1,1,1,1,,0,1,1,1,0,0,1,0,0,1,1,1,1,0,1,1,1,1,0,1,1,0,0,0,0,0,0,0,1,1,1,1,0,0,0,0,0,0,0,0,0,1,1,1,1,1,1,1,1,1,1,1,1,0,0,1,0,0,125,114,11,35.01,330,16,17
social_solar_2018,-1,-1,-1,-1,-1,0,0,0,-1,-1,-1,1,1,1,1,1,1,1,1,1,1,1,1,1,1,1,1,1,1,1,1,0,-1,0,0,0,0,0,0,-1,1,1,-1,-1,0,1,1,1,1,0,0,1,-1,-1,1,0,0,0,0,0,1,-1,0,0,0,1,1,-1,0,0,-1,1,-1,-1,-1,1,0,0,0,1,1,-1,-1,-1,-1,-1,-1,-1,-1,1,1,-1,0,0,0,0,0,0,0,0,0,0,0,1,1,1,0,0,-1,-1,0,0,0,0,0,0,0,0,0,0,0,0,0,1,1,1,1,1,0,1,-1,1,0,0,0,0,1,1,1,1,0,0,0,0,0,0,0,1,0,0,0,0,0,0,0,-1,0,0,0,0,0,0,0,-1,1,1,0,0,0,0,0,0,-1,-1,0,1,0,0,-1,1,0,0,0,1,0,0,0,0,-1,-1,0,0,0,0,1,0,0,0,1,0,1,1,-1,-1,-1,-1,-1,0,0,-1,-1,1,1,0,0,0,0,-1,-1,-1,1,0,0,0,0,0,0,,,,0,0,,0,0,0,0,0,,0,0,0,0,0,0,0,0,0,0,0,-1,-1,-1,-1,1,-1,-1,-1,-1,-1,1,0,0,0,1,1,1,1,0,0,1,1,1,0,0,0,0,0,0,0,0,0,-1,1,1,1,0,1,1,1,0,1,1,0,1,1,1,1,-1,-1,1,-1,1,1,-1,1,1,1,1,1,0,1,1,0,1,1,1,0,0,0,0,1,0,1,1,-1,-1,-1,-1,0,1,0,1,1,1,-1,-1,1,1,1,1,1,0,0,0,-1,0,-1,-1,0,-1,-1,-1,-1,-1,-1,-1,0,0,0,1,0,1,112,95,17,31.37,279,79,5
shockwave_motors_inc_2018,1,1,-1,-1,-1,0,0,0,-1,-1,-1,-1,-1,-1,-1,1,1,0,1,1,1,1,-1,-1,0,-1,-1,-1,-1,1,1,-1,-1,-1,-1,-1,-1,0,-1,-1,1,1,-1,0,0,1,1,1,1,0,0,1,0,0,1,-1,0,0,0,0,1,-1,-1,-1,-1,1,1,1,0,0,0,-1,0,-1,1,-1,-1,0,-1,1,-1,1,-1,-1,0,0,-1,-1,-1,1,-1,0,0,0,0,0,0,0,0,0,0,0,0,1,1,1,0,0,0,0,0,0,0,0,0,0,0,0,0,0,0,0,0,1,1,-1,-1,-1,0,-1,-1,-1,0,-1,-1,0,1,1,1,1,0,-1,-1,-1,-1,-1,0,1,0,0,0,-1,-1,0,0,-1,0,-1,0,-1,0,0,0,0,1,1,0,0,0,0,0,0,1,1,0,1,0,0,1,1,0,-1,0,1,-1,-1,0,0,1,1,0,0,0,0,-1,0,0,0,1,0,1,1,-1,-1,-1,-1,-1,0,0,-1,-1,1,1,0,0,0,0,-1,-1,-1,1,-1,-1,0,0,0,0,,,,0,0,,0,0,,0,0,0,0,0,0,0,0,0,0,-1,-1,0,0,-1,-1,-1,-1,1,0,0,0,0,0,1,-1,0,0,1,1,1,1,-1,-1,-1,-1,1,-1,-1,0,-1,-1,-1,-1,0,0,-1,1,1,1,0,1,1,1,0,1,1,-1,1,1,1,1,0,0,1,-1,1,1,-1,1,1,1,1,1,-1,1,1,-1,1,1,1,0,-1,0,-1,1,0,1,1,0,-1,0,0,0,1,-1,1,1,1,0,0,0,1,-1,-1,1,0,-1,0,-1,-1,0,0,0,0,0,0,0,0,0,0,0,0,0,1,0,-1,94,81,13,26.33,249,109,5
shared_energy_resources_2018,-1,-1,0,0,0,0,0,0,0,0,0,0,0,0,0,1,1,0,-1,-1,0,0,0,0,0,0,0,0,0,0,0,0,0,0,0,0,0,0,0,0,0,0,0,0,0,0,0,0,0,0,0,0,0,0,0,0,0,0,0,0,0,0,0,0,0,0,0,0,0,0,0,0,0,0,0,0,0,0,0,1,0,0,0,0,0,0,0,0,0,1,0,0,0,0,0,0,0,0,0,0,0,0,0,1,0,0,0,0,0,0,0,0,0,0,0,0,0,0,0,0,0,0,0,0,0,0,0,0,0,0,0,0,0,0,0,0,0,0,0,0,0,0,0,0,0,0,0,1,0,0,0,0,0,0,0,0,0,1,0,1,1,0,0,0,0,0,0,0,0,0,0,0,0,0,0,1,1,1,1,1,0,1,0,1,1,1,0,1,1,1,0,0,0,0,0,1,0,0,0,,0,0,-1,-1,-1,-1,-1,0,0,0,0,0,0,0,0,0,0,0,0,0,1,-1,-1,0,0,0,0,,,,0,0,0,0,0,0,0,0,0,0,0,0,0,0,0,0,0,0,0,0,-1,-1,-1,-1,1,0,0,0,0,0,0,0,1,1,0,0,0,0,0,0,0,0,1,0,0,0,0,0,0,0,0,0,0,0,0,0,0,0,0,0,0,0,0,0,0,0,0,0,0,0,0,0,0,0,0,0,0,0,0,0,0,-1,0,0,0,0,0,0,0,0,0,0,0,0,0,0,0,0,0,0,0,0,0,0,0,0,0,0,0,0,0,0,0,0,0,0,0,0,0,0,0,0,0,0,0,0,0,0,0,0,0,0,0,27,26,1,7.56,343,16,4
sensible_spreader_technologies_2018,-1,-1,-1,-1,-1,0,0,0,-1,-1,-1,-1,-1,-1,-1,-1,-1,0,-1,-1,0,0,1,1,1,1,1,0,0,-1,-1,1,0,0,0,0,0,0,1,1,1,1,1,1,1,-1,1,1,0,0,0,0,1,0,-1,-1,0,0,1,1,1,-1,0,-1,-1,1,1,0,1,1,0,1,-1,0,-1,-1,0,1,0,1,1,0,-1,-1,1,1,1,1,1,1,1,1,,1,1,1,,1,1,-1,-1,-1,-1,1,1,1,0,0,-1,-1,0,0,0,0,0,1,1,1,1,0,0,0,0,1,1,-1,-1,0,0,-1,0,1,0,1,1,0,1,1,1,0,0,1,1,1,1,-1,0,-1,1,-1,0,0,0,0,0,0,0,1,0,1,-1,0,0,0,1,1,0,0,0,0,-1,0,1,1,0,0,1,1,-1,1,0,-1,-1,1,1,1,1,1,1,1,0,-1,0,0,1,1,-1,0,-1,-1,-1,-1,-1,-1,-1,-1,-1,1,1,-1,-1,-1,-1,0,0,-1,-1,0,0,0,1,-1,-1,1,0,0,0,,,,0,0,,0,0,0,0,0,0,0,0,0,0,0,0,0,-1,-1,0,0,1,-1,-1,-1,1,1,1,1,1,1,1,1,-1,-1,1,1,1,1,0,0,0,0,1,0,0,0,0,0,0,0,1,1,1,1,1,1,1,1,1,1,-1,-1,1,1,1,1,1,1,1,1,-1,1,-1,1,1,1,1,1,1,-1,0,1,0,1,0,0,0,0,0,-1,0,-1,1,1,1,1,1,-1,-1,-1,1,0,1,1,1,0,0,0,0,1,1,1,-1,0,1,-1,-1,-1,-1,1,-1,1,1,1,1,1,1,1,0,0,-1,1,1,146,128,18,40.9,268,89,6
sdmanaged_2018,-1,-1,-1,-1,-1,0,0,0,0,0,0,0,0,0,0,1,1,0,-1,-1,1,-1,-1,-1,0,1,1,0,0,1,1,-1,0,0,0,0,0,0,-1,-1,0,-1,1,0,0,0,0,0,0,0,0,-1,1,-1,1,-1,0,0,0,0,0,0,0,0,0,0,0,0,-1,-1,0,0,0,0,0,0,0,0,0,1,1,0,-1,-1,1,-1,1,1,1,1,1,1,-1,-1,-1,-1,-1,-1,-1,0,0,0,0,1,1,0,0,0,0,0,0,0,0,0,0,0,0,0,0,0,0,0,0,0,0,0,0,0,0,0,0,0,0,0,0,0,0,0,0,0,0,0,0,0,0,0,0,0,0,0,0,0,0,0,0,0,0,0,0,0,0,0,0,1,1,-1,0,0,0,0,0,0,0,0,0,1,1,1,1,1,0,1,0,0,0,1,0,0,1,0,0,0,0,0,-1,0,0,0,0,1,1,1,-1,-1,-1,1,-1,-1,-1,0,0,1,1,0,0,-1,-1,-1,-1,-1,0,1,1,0,0,0,0,,,,0,0,0,0,0,0,0,0,0,-1,-1,-1,0,0,,0,-1,-1,1,1,1,-1,-1,-1,1,-1,-1,-1,-1,-1,-1,-1,0,0,-1,-1,-1,1,0,0,0,0,1,0,0,0,0,0,0,1,1,1,1,0,0,0,1,0,0,0,0,0,1,0,1,-1,-1,-1,-1,-1,1,1,-1,0,-1,-1,0,1,0,0,0,1,0,0,0,0,0,0,0,-1,-1,0,-1,-1,0,1,-1,-1,-1,0,-1,0,1,1,1,0,0,0,-1,-1,1,1,-1,0,0,0,-1,0,0,0,0,0,0,0,0,0,0,0,0,1,0,0,0,63,53,10,17.65,279,80,4
sanos_nutrition_llc_2018,-1,-1,-1,-1,-1,0,0,0,-1,-1,-1,-1,-1,-1,-1,1,1,-1,1,1,1,1,0,0,0,1,1,-1,-1,1,1,0,0,0,0,0,0,0,1,1,1,1,0,0,0,1,1,1,0,0,-1,1,0,1,1,1,-1,0,0,0,1,1,0,0,0,0,0,1,-1,-1,1,-1,1,1,0,0,0,0,0,1,1,1,-1,-1,1,0,0,0,0,1,1,1,0,0,0,0,0,0,0,0,0,0,0,1,1,1,-1,-1,1,1,1,0,0,0,1,1,1,1,1,1,1,0,0,1,1,0,0,0,0,0,0,0,0,-1,-1,1,1,1,1,1,1,1,1,1,0,-1,1,1,0,0,0,-1,-1,-1,-1,-1,0,-1,0,-1,-1,0,0,-1,0,0,0,0,0,0,0,0,0,0,0,0,0,0,0,0,0,0,0,0,0,0,0,0,0,0,0,0,0,0,0,0,0,0,0,,0,0,-1,-1,-1,-1,-1,1,1,-1,-1,0,0,-1,-1,-1,-1,-1,-1,-1,0,0,0,0,0,0,0,,,,0,0,0,0,0,0,0,0,,0,0,0,0,0,,0,-1,-1,1,1,-1,-1,-1,-1,1,1,1,-1,-1,-1,1,1,1,1,-1,-1,-1,1,-1,-1,0,0,0,1,1,0,-1,1,1,1,1,1,-1,1,1,1,1,0,0,0,0,0,1,1,-1,1,1,1,-1,-1,1,,,1,-1,1,1,1,1,0,-1,1,1,0,0,0,0,0,0,0,-1,0,0,0,1,0,0,0,0,0,1,0,1,1,0,1,1,1,1,0,0,0,0,-1,0,1,,0,0,-1,1,1,1,1,1,0,0,0,0,0,1,0,,111,100,11,31.09,279,74,10
saitec_offshore_technologies_2018,-1,-1,-1,-1,-1,0,0,0,-1,-1,-1,1,1,1,1,1,1,0,1,1,1,0,0,0,0,0,0,0,0,1,1,0,0,0,0,-1,1,0,1,0,1,1,1,0,0,1,1,1,1,0,0,1,1,-1,1,-1,0,0,0,0,1,-1,0,0,0,1,1,0,-1,-1,0,1,0,0,1,0,1,1,-1,1,1,1,-1,-1,1,1,0,0,1,1,-1,1,,1,1,1,,1,1,0,0,0,0,1,1,1,0,0,0,0,0,0,0,0,0,1,1,1,1,0,0,0,0,1,1,0,0,0,0,0,0,0,0,1,1,1,1,1,1,1,1,1,1,1,1,1,0,0,0,0,0,-1,-1,0,0,0,0,0,0,0,0,0,0,-1,-1,-1,0,0,0,0,0,0,0,0,0,0,0,0,0,0,0,0,0,0,0,0,0,0,0,0,0,0,0,0,0,0,0,0,0,,1,1,-1,-1,-1,-1,-1,0,0,-1,-1,-1,-1,0,0,0,0,,1,1,0,0,0,0,0,0,0,,,,0,0,0,0,0,0,0,0,0,,1,1,0,0,,0,1,1,1,1,1,-1,-1,-1,1,1,1,1,1,1,1,1,-1,-1,0,0,0,1,0,0,0,0,-1,1,1,1,0,0,0,-1,1,1,0,-1,0,1,1,1,-1,-1,0,0,1,1,1,1,1,1,-1,0,1,1,0,1,1,0,1,0,1,0,1,1,0,0,1,1,1,0,0,0,0,0,0,0,1,1,0,0,0,0,1,0,0,0,0,1,1,1,1,0,0,1,0,0,0,1,-1,1,1,1,0,1,1,1,0,0,0,0,0,0,1,1,1,128,112,16,35.85,310,44,9
sabz_house_2018,-1,-1,-1,-1,-1,0,0,0,0,0,0,0,0,0,0,-1,-1,0,0,0,0,0,-1,-1,0,-1,-1,-1,-1,-1,-1,0,0,0,0,0,0,0,-1,-1,1,-1,1,0,0,0,0,0,0,0,0,0,0,0,1,0,0,0,0,0,0,0,0,0,0,0,0,0,0,0,-1,-1,-1,-1,-1,0,0,0,0,0,0,0,0,0,0,0,-1,-1,1,1,-1,0,0,0,0,0,0,0,0,0,0,0,0,1,-1,0,0,0,0,0,0,0,0,0,0,0,0,0,0,0,0,0,0,0,0,0,0,0,0,0,0,0,0,0,0,0,0,0,0,0,0,0,0,0,0,0,0,1,1,1,-1,1,1,0,-1,0,0,-1,0,0,0,0,0,0,1,-1,0,0,0,0,0,0,1,0,0,1,1,1,1,1,0,1,1,1,1,1,1,1,1,1,0,0,0,0,-1,1,0,0,0,-1,-1,-1,-1,-1,-1,-1,-1,0,0,0,0,0,0,0,0,-1,-1,0,0,0,1,0,0,0,0,0,0,,,,0,0,0,0,0,0,0,0,0,0,0,0,0,0,,0,0,0,0,0,-1,-1,-1,-1,1,-1,-1,1,1,1,0,-1,1,1,-1,-1,-1,0,0,0,0,0,1,0,0,0,0,0,0,0,0,0,0,0,0,0,1,0,0,0,0,0,1,0,0,1,1,1,1,0,-1,-1,-1,0,0,0,0,0,0,0,0,-1,-1,-1,-1,-1,-1,-1,0,0,-1,1,-1,-1,0,-1,-1,-1,1,-1,-1,0,0,0,0,0,0,0,0,-1,-1,0,1,0,0,0,0,0,0,0,0,0,0,0,0,0,0,0,0,-1,0,-1,0,45,40,5,12.61,285,74,4
remooble_2018,-1,-1,-1,-1,-1,0,0,0,-1,-1,-1,-1,-1,-1,-1,1,1,0,1,1,1,1,0,0,0,1,1,1,1,0,0,1,1,1,0,0,0,0,0,0,1,0,-1,0,0,1,1,1,1,1,0,1,0,1,1,1,1,1,0,0,1,1,0,0,0,1,1,-1,1,1,0,1,0,0,0,0,0,0,0,1,1,0,0,0,1,0,1,1,1,1,1,0,-1,-1,-1,-1,-1,-1,-1,,1,1,1,1,1,1,1,1,1,1,0,1,0,0,0,0,0,0,0,1,1,0,0,1,1,0,0,0,0,0,0,1,1,1,1,1,1,1,1,1,1,1,1,1,1,1,1,1,0,1,1,1,1,0,0,0,0,1,0,1,1,1,0,1,1,1,1,1,0,1,0,0,1,0,0,0,0,1,0,1,1,1,0,1,0,0,1,1,1,1,1,1,0,0,1,1,1,1,0,,0,0,-1,1,1,-1,1,1,1,1,1,1,1,1,1,1,1,0,0,0,0,0,0,0,0,0,-1,,,,0,0,0,0,0,0,0,0,,0,0,0,0,0,0,-1,1,1,-1,-1,1,1,1,1,1,0,0,1,1,1,1,0,1,0,1,1,1,0,1,1,1,1,0,1,1,0,0,0,0,1,1,1,1,1,1,1,1,1,1,1,0,0,0,0,1,1,1,1,1,1,1,1,1,1,1,1,1,1,0,0,1,1,1,1,1,1,1,1,1,1,1,1,1,1,1,1,1,1,1,0,0,0,1,0,0,1,0,1,0,1,1,1,1,1,1,1,1,0,0,1,1,0,0,0,1,1,1,1,0,1,1,1,1,201,171,30,56.3,330,27,6
radical_plastics_2018,1,1,1,1,1,-1,-1,-1,1,1,1,1,1,1,1,1,1,1,1,1,1,1,1,1,0,1,1,1,1,1,1,0,-1,0,1,1,1,1,1,0,1,1,1,0,0,1,1,1,1,-1,-1,1,1,1,1,1,0,1,-1,-1,1,1,0,0,0,1,1,-1,0,0,1,1,0,0,0,1,0,1,1,0,1,1,-1,-1,1,1,-1,-1,1,1,1,0,-1,-1,-1,-1,0,0,0,0,0,0,0,1,1,1,-1,-1,0,0,0,1,-1,-1,0,-1,-1,-1,-1,-1,1,0,0,1,1,0,0,0,0,0,0,-1,-1,1,1,1,-1,1,1,-1,-1,1,1,1,1,-1,1,1,0,-1,0,-1,-1,0,0,0,0,-1,-1,-1,-1,0,0,0,-1,-1,-1,-1,0,-1,0,0,-1,0,0,0,-1,-1,-1,-1,0,-1,0,-1,-1,-1,-1,-1,-1,-1,0,0,0,0,-1,-1,0,0,0,,0,0,-1,-1,-1,-1,-1,-1,-1,-1,-1,-1,-1,-1,-1,-1,-1,0,0,0,0,-1,-1,0,0,0,,,,,0,0,0,0,0,0,0,0,0,0,0,0,0,0,0,0,1,1,0,0,-1,-1,-1,-1,1,-1,-1,-1,-1,-1,1,0,1,1,-1,-1,-1,0,0,0,0,0,1,-1,-1,0,1,1,1,1,1,1,1,1,1,1,1,-1,-1,-1,0,0,0,1,0,-1,-1,-1,-1,0,1,1,1,1,1,1,1,1,1,1,1,1,1,1,1,1,1,0,1,0,0,1,1,1,1,1,0,1,1,0,1,0,-1,0,1,1,0,1,1,1,1,0,0,1,0,1,1,0,0,1,0,1,1,1,1,0,0,0,0,1,1,1,-1,141,116,25,39.5,259,99,5
pyran_2018,-1,-1,1,1,1,0,0,0,-1,-1,-1,-1,-1,-1,-1,0,0,0,-1,-1,1,0,0,0,0,0,1,1,1,1,1,0,0,0,0,-1,0,0,-1,-1,-1,1,-1,0,0,0,-1,-1,-1,0,0,1,1,-1,-1,-1,0,0,-1,0,-1,-1,0,1,1,-1,-1,0,1,1,0,1,1,0,-1,0,1,0,0,1,1,-1,1,1,0,0,-1,-1,-1,1,1,1,-1,-1,-1,-1,0,0,0,,1,1,1,1,-1,1,0,0,0,0,0,0,1,1,0,0,0,0,0,-1,-1,0,0,1,1,0,0,0,0,0,0,0,-1,1,1,-1,1,1,1,1,1,1,1,1,0,1,0,-1,0,-1,-1,-1,-1,0,-1,0,0,-1,-1,-1,-1,-1,0,-1,-1,-1,-1,-1,0,0,0,0,-1,0,0,-1,-1,-1,-1,-1,0,-1,0,-1,-1,-1,0,-1,-1,-1,0,0,0,0,0,-1,0,0,0,-1,-1,-1,-1,-1,-1,-1,-1,1,1,-1,-1,1,1,-1,-1,-1,-1,0,0,0,0,-1,-1,0,0,0,-1,,,,0,0,0,0,0,0,0,0,0,0,0,0,0,0,,0,-1,-1,-1,-1,-1,-1,-1,-1,1,1,1,1,1,1,1,1,1,1,1,1,1,-1,-1,-1,0,0,1,-1,-1,0,0,1,1,1,-1,-1,-1,1,1,1,1,1,-1,-1,0,0,1,1,1,1,1,1,1,1,-1,1,1,1,1,1,,0,-1,-1,0,1,-1,-1,0,0,0,0,0,-1,0,1,1,0,-1,0,0,-1,-1,0,0,0,1,-1,-1,1,0,0,1,1,1,1,0,1,1,0,0,0,0,0,0,0,0,0,0,0,0,-1,0,-1,1,-1,-1,97,88,9,27.17,236,121,6
phytos_therapeutics_2018,-1,-1,-1,-1,-1,-1,-1,-1,-1,-1,-1,-1,-1,-1,-1,1,1,0,1,1,-1,1,0,0,0,1,1,0,0,1,1,0,0,0,0,-1,0,0,0,0,0,1,-1,0,0,0,0,0,0,0,1,0,0,0,1,1,0,1,0,0,1,0,0,-1,-1,0,0,0,0,0,0,1,1,0,0,0,0,0,0,1,0,0,0,0,1,0,1,1,0,1,1,0,,1,1,1,,1,1,-1,-1,-1,-1,1,1,0,0,0,0,0,0,0,0,0,0,0,0,0,0,0,0,0,0,0,0,0,0,0,0,0,0,0,0,0,0,0,0,0,0,0,0,0,0,0,-1,0,0,-1,0,1,0,1,1,0,0,0,0,1,-1,1,-1,0,0,0,1,0,0,0,0,0,1,0,1,0,0,0,1,1,1,1,0,1,0,1,1,1,0,1,1,1,0,0,0,0,1,1,0,0,0,,0,0,-1,-1,-1,-1,-1,1,1,0,0,1,1,0,0,-1,-1,0,0,0,-1,-1,-1,0,0,0,0,,,,0,0,0,0,0,0,0,0,0,0,0,0,0,0,0,0,0,0,0,0,-1,-1,-1,-1,1,0,0,1,1,1,0,1,-1,0,-1,-1,-1,1,0,0,0,0,1,-1,-1,0,0,0,0,0,1,-1,0,0,0,0,0,0,0,0,0,0,-1,0,1,1,1,1,0,0,0,-1,0,0,-1,-1,0,-1,-1,0,0,1,0,0,0,0,0,0,0,0,0,1,1,1,0,-1,0,0,-1,0,0,0,1,0,0,0,1,0,0,0,-1,1,-1,0,0,0,0,0,0,0,0,0,0,0,0,0,0,0,0,0,0,0,0,74,66,8,20.73,298,59,6
name_pending_2018,-1,-1,-1,-1,-1,0,0,0,0,0,0,0,0,0,0,-1,-1,0,1,1,1,0,0,0,0,0,1,1,1,1,1,0,0,0,-1,-1,0,0,0,0,0,1,0,0,0,0,0,0,0,0,0,0,0,0,1,0,0,0,0,0,0,0,0,0,0,1,1,0,-1,-1,0,-1,-1,0,0,0,-1,0,0,1,-1,-1,-1,-1,0,0,1,1,1,1,-1,1,-1,-1,-1,-1,0,0,0,-1,-1,-1,-1,1,-1,1,0,0,0,0,0,0,-1,-1,0,0,0,0,0,0,0,0,0,-1,-1,0,0,0,0,0,0,0,0,-1,-1,0,-1,-1,-1,-1,-1,-1,-1,-1,0,1,0,1,0,0,0,0,0,0,0,0,0,0,0,0,0,0,0,0,1,1,0,0,0,0,0,0,1,1,0,1,0,0,1,1,0,0,0,1,0,0,0,0,1,1,0,0,0,0,1,0,0,0,1,,-1,-1,-1,-1,-1,-1,-1,-1,-1,-1,-1,-1,-1,-1,-1,0,0,0,0,0,-1,-1,-1,0,0,0,0,,,,0,0,0,0,0,0,0,0,0,0,0,0,0,0,0,0,-1,-1,0,0,-1,-1,-1,-1,0,-1,-1,-1,-1,-1,1,-1,1,1,1,1,1,-1,0,0,0,0,1,-1,-1,0,0,1,1,1,1,-1,-1,-1,-1,0,-1,-1,-1,-1,0,0,1,1,1,1,1,1,1,-1,0,-1,-1,-1,-1,-1,0,0,0,0,0,-1,0,0,0,0,0,0,0,0,0,-1,-1,0,0,0,0,0,0,0,0,0,-1,0,0,-1,0,0,-1,-1,-1,-1,0,-1,-1,0,0,0,0,0,0,0,0,0,0,-1,0,0,0,0,-1,0,0,52,48,4,14.57,257,102,4
oystertracker_2018,1,1,1,1,1,-1,-1,-1,1,1,1,1,1,1,1,1,1,0,1,1,-1,1,-1,-1,-1,1,1,0,0,1,1,0,0,0,0,0,0,0,1,1,1,1,1,1,1,1,-1,1,,0,0,1,1,,1,0,0,1,1,0,1,1,1,,,1,1,1,1,1,1,1,0,0,1,0,0,0,1,1,1,0,-1,-1,1,1,1,1,1,1,1,1,0,0,0,0,0,0,0,0,0,0,0,1,1,0,0,0,0,0,0,0,0,0,1,0,0,0,0,0,0,0,0,0,0,0,0,0,0,-1,0,1,0,1,1,0,0,0,0,0,0,0,0,0,0,0,0,1,0,1,0,-1,1,0,0,0,0,0,0,0,0,0,0,-1,1,1,0,0,0,0,0,0,1,0,0,1,1,1,1,1,0,1,1,1,1,1,-1,1,1,1,0,0,0,0,1,1,0,0,0,,1,1,-1,-1,-1,1,-1,0,0,0,0,-1,-1,-1,-1,1,1,,1,1,1,0,0,0,0,1,0,,,,0,0,0,0,0,0,0,0,0,-1,-1,-1,0,0,0,0,-1,-1,1,1,1,1,1,-1,1,1,1,1,1,1,1,1,0,0,1,1,1,1,-1,-1,-1,-1,1,1,1,1,0,0,0,0,1,1,1,0,0,1,1,1,1,1,1,1,1,1,1,1,1,1,1,1,1,1,1,1,1,1,1,1,1,1,0,1,1,1,1,1,1,1,1,0,0,1,-1,1,1,1,1,1,1,0,1,0,1,1,1,1,0,0,1,1,1,1,-1,0,1,1,1,1,1,1,1,1,1,1,1,1,1,1,1,0,1,-1,1,183,155,28,51.26,319,35,9
orun_ododo_power_company_ltd_2018,-1,-1,-1,-1,-1,0,0,0,0,0,0,0,0,0,0,1,1,-1,-1,-1,1,-1,-1,-1,0,1,1,-1,-1,1,1,-1,0,1,0,-1,0,0,-1,0,0,1,0,0,0,0,0,0,0,0,0,-1,-1,-1,-1,-1,0,-1,0,0,-1,0,0,0,0,1,1,0,0,0,0,1,0,0,0,1,1,0,0,0,0,0,0,0,0,0,1,1,0,0,0,0,0,0,0,0,0,0,0,0,0,0,0,0,0,0,0,0,0,0,0,0,0,0,0,0,0,0,0,0,0,0,0,0,0,0,0,0,0,0,0,0,0,0,0,0,0,0,0,0,0,0,0,0,0,0,0,0,,0,0,-1,-1,0,0,0,0,0,0,0,0,0,0,0,0,0,0,0,0,0,0,0,-1,0,0,-1,-1,0,-1,-1,0,-1,0,-1,-1,-1,0,-1,-1,-1,0,0,0,0,0,1,0,0,,-1,1,1,-1,-1,-1,-1,-1,0,0,0,0,0,0,0,0,-1,-1,-1,-1,-1,1,0,0,0,0,0,0,,,,0,0,0,0,0,0,0,0,0,-1,-1,-1,0,0,0,0,1,1,-1,-1,1,-1,-1,-1,1,1,1,1,1,1,0,0,0,0,1,1,1,1,0,0,0,0,0,0,0,0,0,0,0,-1,0,0,0,0,0,0,0,0,0,0,0,0,0,0,0,0,0,0,0,0,0,-1,-1,0,-1,0,-1,0,0,0,0,0,0,0,0,0,0,0,0,-1,0,-1,-1,-1,0,0,0,0,0,0,-1,0,1,1,0,-1,1,0,0,0,0,0,0,0,0,0,1,0,0,0,0,0,0,0,0,0,0,0,0,-1,0,0,0,37,32,5,10.36,290,68,5
onvector_2018,-1,-1,-1,-1,-1,-1,-1,-1,-1,-1,-1,1,1,1,1,1,1,1,-1,-1,1,1,0,0,0,1,1,1,1,1,1,-1,0,0,0,0,0,0,1,1,0,1,1,0,0,1,1,1,1,0,0,1,-1,0,1,1,0,0,0,0,0,0,0,0,0,1,1,0,1,1,0,0,0,0,0,0,-1,0,0,1,1,-1,-1,-1,0,0,-1,-1,0,1,1,0,-1,-1,-1,-1,-1,-1,-1,0,0,0,0,1,0,1,0,0,0,0,0,0,0,0,0,0,0,0,0,0,0,0,0,0,0,0,0,0,0,0,0,0,0,1,1,0,0,0,0,0,0,1,1,1,0,0,-1,1,0,0,-1,-1,-1,0,0,-1,0,-1,0,-1,-1,0,0,-1,1,0,0,0,0,0,0,0,1,0,0,1,1,1,1,1,0,1,0,0,-1,-1,0,-1,-1,-1,-1,0,0,0,0,1,0,0,0,,0,0,-1,-1,-1,-1,1,1,1,-1,-1,1,1,-1,-1,0,0,0,0,0,-1,-1,-1,0,0,0,0,,,,0,0,0,0,0,0,0,0,0,0,0,0,0,0,0,0,1,1,-1,-1,1,1,1,-1,1,0,0,1,1,1,1,-1,-1,0,1,1,1,1,1,1,0,0,-1,0,0,-1,0,-1,-1,1,1,1,0,0,0,1,1,1,-1,-1,0,0,1,0,-1,1,1,1,-1,0,1,1,1,1,1,-1,1,1,0,1,0,-1,-1,0,-1,-1,-1,-1,0,0,0,-1,-1,0,1,-1,0,0,0,0,-1,-1,-1,1,1,1,0,-1,-1,0,0,1,0,-1,0,0,1,0,0,0,0,0,0,0,-1,0,0,-1,0,-1,-1,0,0,96,83,13,26.89,272,87,4
obaggo_recycling_llc_2018,-1,-1,1,1,1,0,0,0,-1,-1,-1,-1,-1,-1,-1,1,1,0,-1,-1,-1,0,0,0,0,0,0,0,0,1,1,-1,-1,0,0,0,0,0,0,0,0,1,0,0,0,0,0,0,0,0,0,1,0,1,1,1,1,0,0,0,1,1,0,1,1,-1,-1,0,0,0,0,-1,0,0,0,0,0,0,0,-1,-1,-1,-1,-1,0,0,0,0,0,1,-1,0,-1,-1,-1,-1,0,0,0,-1,-1,-1,-1,1,-1,-1,0,0,-1,-1,0,0,0,0,0,0,0,0,0,0,0,0,0,-1,-1,0,0,0,0,0,0,0,0,1,1,0,-1,-1,-1,-1,0,1,1,1,1,1,0,1,0,1,0,-1,-1,0,0,0,0,-1,-1,-1,-1,0,0,-1,1,-1,0,0,0,-1,0,0,1,0,0,-1,-1,-1,1,-1,0,-1,0,-1,-1,-1,-1,-1,-1,-1,0,0,0,0,-1,-1,0,0,-1,-1,-1,-1,-1,-1,-1,-1,-1,0,0,-1,-1,0,0,0,0,0,0,-1,-1,-1,1,-1,-1,0,0,0,0,,,,0,0,0,0,0,0,0,0,0,0,0,0,0,0,0,0,0,0,-1,-1,-1,-1,-1,-1,1,0,0,0,0,0,0,-1,-1,0,-1,-1,-1,-1,-1,-1,0,0,-1,-1,-1,-1,0,-1,-1,-1,-1,0,0,0,0,0,-1,0,-1,-1,0,0,-1,-1,-1,-1,-1,-1,0,0,-1,-1,0,0,-1,0,-1,0,-1,-1,0,-1,0,-1,-1,-1,-1,0,0,0,-1,0,0,-1,0,-1,0,-1,0,0,0,0,0,0,0,0,0,0,-1,-1,0,0,-1,0,0,-1,0,0,0,-1,-1,0,0,0,0,0,0,0,0,0,0,0,0,33,31,2,9.24,228,132,3
oak_square_energy_2018,-1,-1,-1,-1,-1,0,0,0,0,0,0,0,0,0,0,1,1,0,-1,-1,1,1,0,0,0,0,-1,0,0,1,1,1,1,1,-1,1,0,0,-1,-1,-1,1,-1,-1,-1,-1,-1,0,-1,0,0,0,0,0,1,0,0,0,0,0,-1,0,0,0,0,1,1,0,0,0,0,0,1,0,0,0,-1,-1,0,0,0,0,0,0,0,0,0,0,0,0,0,0,0,0,0,0,0,0,0,0,0,0,0,-1,0,0,0,0,0,0,0,0,0,0,0,0,0,0,0,0,0,0,0,0,0,0,0,0,0,0,0,0,0,0,0,0,0,0,0,0,0,0,0,0,0,0,0,1,0,-1,0,-1,-1,0,0,-1,0,-1,0,-1,-1,-1,-1,1,1,-1,0,0,-1,0,-1,0,0,0,0,0,1,0,1,0,0,0,0,0,0,0,0,0,0,0,0,0,0,0,0,0,0,0,0,,1,1,-1,-1,-1,-1,-1,0,0,-1,-1,0,0,-1,-1,-1,-1,-1,-1,-1,-1,0,0,0,0,0,-1,,,,0,0,0,0,0,0,0,0,0,0,0,0,0,0,0,0,1,1,1,1,-1,-1,-1,-1,1,0,0,0,0,0,-1,-1,-1,0,1,1,1,1,0,0,0,0,0,-1,-1,1,0,-1,-1,0,-1,-1,-1,0,0,-1,1,-1,0,0,0,0,1,1,-1,1,1,1,1,0,0,-1,1,0,1,0,-1,-1,0,0,0,1,0,0,-1,-1,-1,0,0,0,-1,0,-1,-1,0,1,0,0,-1,-1,-1,0,1,-1,0,0,0,0,0,0,0,1,0,-1,1,0,0,0,0,0,0,0,0,0,0,0,0,0,0,0,0,0,0,46,39,7,12.89,278,81,4
neuralnet_inc_2018,-1,-1,-1,-1,-1,0,0,0,-1,-1,-1,-1,-1,-1,-1,1,1,0,-1,-1,1,0,0,0,0,0,1,0,0,-1,-1,0,0,0,0,0,0,0,0,0,0,1,0,0,0,0,0,0,0,0,0,0,0,0,1,-1,-1,0,0,0,0,-1,0,0,0,0,0,0,0,0,0,0,0,0,-1,0,0,0,0,1,1,0,-1,-1,0,0,1,1,0,1,1,-1,-1,-1,-1,-1,-1,-1,-1,-1,-1,-1,-1,1,1,1,0,0,0,0,0,0,0,0,0,0,0,0,0,0,0,0,0,1,1,0,0,1,0,0,0,-1,0,1,1,0,0,1,1,0,0,1,1,1,-1,0,0,0,0,0,0,0,0,0,0,0,0,0,0,0,0,0,0,0,-1,0,0,0,0,0,0,0,0,0,0,0,-1,-1,-1,0,0,-1,-1,-1,-1,-1,0,-1,-1,-1,0,0,0,0,0,0,0,0,0,,1,1,-1,-1,-1,1,-1,1,1,-1,-1,-1,-1,0,0,-1,-1,-1,-1,-1,-1,-1,-1,0,0,0,0,,,,0,0,0,0,0,0,0,0,0,-1,-1,-1,1,0,0,0,-1,-1,1,1,1,-1,-1,-1,1,0,0,0,0,0,1,0,0,0,1,1,1,1,1,1,1,1,0,1,1,0,0,0,0,0,1,0,0,0,0,1,1,1,1,1,0,0,-1,1,-1,1,1,1,0,-1,0,-1,-1,-1,0,0,1,0,1,1,-1,-1,-1,0,0,0,0,0,0,0,0,0,-1,0,0,1,0,0,0,0,0,0,0,0,0,0,0,0,0,1,0,1,0,0,0,0,0,0,0,0,1,0,0,0,-1,1,1,0,0,0,-1,-1,0,65,60,5,18.21,274,85,4
muvin_enterprise_2018,-1,-1,-1,-1,-1,0,0,0,0,0,0,0,0,0,0,1,1,-1,-1,-1,1,1,0,0,-1,-1,0,-1,-1,1,1,0,0,0,0,-1,0,0,-1,-1,-1,1,0,0,0,1,1,1,0,0,0,-1,0,-1,1,1,0,0,0,0,-1,0,0,0,0,-1,-1,0,-1,-1,0,1,0,0,0,0,0,0,0,0,-1,0,-1,-1,0,0,-1,-1,0,1,-1,0,-1,-1,-1,-1,-1,-1,-1,-1,-1,-1,-1,1,1,-1,0,0,0,0,0,0,0,0,0,0,0,0,0,0,0,0,0,0,0,0,0,0,0,0,0,0,0,0,0,0,0,0,0,0,0,0,0,0,0,0,0,1,0,-1,0,-1,-1,0,-1,1,0,1,-1,1,1,0,0,-1,1,1,0,0,0,1,-1,-1,1,0,0,-1,-1,-1,1,-1,0,-1,0,-1,-1,-1,0,-1,-1,-1,0,0,,0,1,1,0,0,0,-1,1,1,-1,-1,-1,-1,-1,0,0,-1,-1,-1,-1,0,0,-1,-1,-1,-1,-1,1,-1,-1,0,0,0,-1,,,,0,0,0,0,0,0,0,0,0,0,0,0,0,0,0,0,0,0,1,1,-1,-1,-1,-1,-1,0,0,1,1,1,-1,-1,-1,0,1,1,1,1,0,0,0,0,1,0,0,0,0,-1,-1,-1,1,-1,1,-1,-1,1,1,0,0,0,0,0,1,-1,-1,-1,-1,-1,0,0,-1,1,1,1,1,1,1,-1,0,0,0,1,0,0,1,1,1,0,0,-1,-1,-1,-1,-1,0,1,0,0,0,-1,1,1,-1,-1,-1,0,0,0,-1,1,0,-1,-1,0,0,0,1,0,0,0,0,0,0,0,-1,0,0,0,0,0,-1,0,-1,61,47,14,17.09,245,114,4
municab_2018,-1,-1,-1,-1,-1,0,0,0,-1,-1,-1,-1,-1,-1,-1,1,1,0,1,1,0,-1,0,0,0,1,1,0,0,0,0,0,0,0,0,-1,0,0,1,-1,1,-1,1,0,0,0,0,0,0,0,0,-1,0,0,-1,-1,-1,0,0,0,1,0,0,0,0,0,0,0,1,1,0,0,0,0,0,0,0,0,0,0,0,0,0,0,0,0,0,0,0,0,0,0,0,0,0,0,0,0,0,0,0,0,0,-1,0,0,0,0,0,0,0,0,0,0,0,0,0,0,0,0,0,0,0,0,0,0,0,0,0,0,0,0,0,0,0,0,0,0,0,0,0,0,0,0,0,0,0,1,0,1,1,1,1,0,0,0,0,-1,0,0,0,0,0,0,0,0,0,0,0,0,0,0,1,0,0,1,1,1,1,1,0,1,0,1,1,1,0,1,1,1,0,-1,0,-1,-1,-1,0,0,0,0,-1,-1,-1,-1,-1,1,-1,-1,-1,0,0,0,0,0,0,-1,-1,-1,-1,-1,1,-1,-1,0,0,0,0,,,,0,0,0,0,0,0,0,0,0,0,0,0,0,0,0,0,0,0,-1,-1,-1,-1,-1,-1,1,1,1,1,1,1,0,0,-1,0,0,0,0,-1,0,0,0,0,1,0,0,0,-1,0,0,0,0,-1,0,0,0,0,1,0,0,0,0,0,0,0,1,1,1,1,1,0,-1,1,0,0,0,0,1,0,0,0,0,1,0,0,0,0,0,0,-1,0,0,0,1,1,0,1,0,0,-1,0,1,0,0,-1,0,0,0,0,,0,0,0,0,0,0,0,1,0,0,0,0,0,0,0,0,0,0,0,0,0,0,0,0,53,48,5,14.85,304,55,4
microsurgeonbot_inc_2018,-1,-1,-1,-1,-1,-1,-1,-1,-1,-1,-1,-1,-1,-1,-1,1,1,0,1,1,-1,0,-1,-1,0,1,1,1,1,-1,-1,0,1,0,0,1,0,0,0,0,1,1,1,0,0,-1,1,1,1,0,0,1,0,1,1,1,0,0,0,0,1,1,0,0,0,-1,-1,0,0,0,1,1,1,0,0,0,0,0,0,-1,-1,0,-1,-1,0,0,-1,-1,0,1,-1,1,0,0,0,0,0,0,0,0,0,0,0,1,0,1,0,0,1,1,0,0,0,0,0,1,1,1,1,0,-1,0,0,1,1,-1,-1,0,0,0,0,0,0,1,1,0,1,1,1,1,0,1,1,1,0,-1,0,0,0,0,-1,0,-1,0,-1,0,0,-1,0,0,0,0,0,1,1,1,0,0,0,0,0,1,0,-1,0,-1,-1,-1,-1,-1,0,-1,0,-1,-1,-1,-1,-1,-1,-1,0,0,0,0,0,0,0,0,0,0,-1,-1,-1,-1,-1,-1,-1,1,1,0,0,-1,-1,0,0,-1,-1,-1,-1,-1,0,1,1,0,0,0,-1,,,,0,0,0,0,0,0,0,0,0,0,0,0,0,0,0,0,1,1,-1,-1,-1,-1,-1,-1,-1,0,0,1,1,1,1,0,0,0,1,1,1,1,1,1,0,0,1,1,1,0,0,-1,-1,-1,-1,1,0,1,1,-1,1,1,0,0,0,-1,1,0,1,-1,-1,-1,0,-1,1,1,1,1,1,1,1,1,1,1,1,1,1,-1,0,0,0,0,1,1,0,1,1,-1,1,1,-1,0,0,0,1,1,1,1,0,0,0,-1,0,1,1,-1,0,0,0,0,1,0,0,1,0,0,0,0,1,0,0,0,-1,0,1,0,1,106,88,18,29.69,270,90,3
meib2_carbon_capture_2018,-1,-1,-1,-1,-1,-1,-1,-1,-1,-1,-1,0,0,0,0,1,1,0,1,1,1,1,-1,-1,0,-1,1,0,0,1,1,0,0,0,0,0,0,0,1,1,1,1,1,0,0,0,0,0,0,0,0,0,-1,0,0,0,0,0,0,0,-1,0,0,0,0,,,0,0,0,1,1,,0,0,0,0,0,0,0,0,0,-1,-1,-1,0,0,0,0,1,0,1,0,0,0,0,0,0,0,0,0,0,0,1,0,0,0,0,0,0,0,0,0,0,0,0,0,0,0,0,0,0,0,1,1,0,0,0,0,0,0,0,0,0,0,0,0,1,1,1,0,0,0,0,0,0,1,0,1,1,0,1,1,0,0,0,0,0,0,0,0,0,0,0,-1,1,0,0,0,0,0,0,1,0,0,1,1,1,1,1,0,-1,-1,1,1,1,1,1,1,1,0,0,0,0,1,1,0,0,1,-1,1,1,-1,-1,-1,-1,-1,-1,-1,-1,-1,0,0,0,0,0,0,-1,-1,-1,1,-1,-1,0,0,0,0,,,,0,0,0,0,0,0,0,0,0,-1,-1,-1,0,0,0,0,0,0,0,0,1,-1,-1,-1,1,1,1,1,1,1,0,1,1,0,0,0,0,0,0,0,0,0,1,0,0,0,0,0,0,0,1,0,0,0,0,0,1,1,0,0,0,0,1,0,1,-1,-1,-1,1,-1,1,1,1,0,0,0,0,-1,0,0,0,1,0,1,0,0,0,0,0,0,0,0,0,0,0,0,0,-1,-1,0,0,0,0,0,0,1,-1,0,0,0,1,1,0,0,0,0,0,1,1,0,1,0,0,0,1,1,-1,0,0,1,0,0,0,79,69,10,22.13,305,52,6
makoto_us_2018,-1,-1,-1,-1,-1,0,0,0,-1,-1,-1,-1,-1,-1,-1,0,0,0,-1,-1,1,-1,-1,-1,0,-1,1,0,0,1,1,-1,-1,0,0,0,0,0,1,1,1,1,1,-1,0,1,1,1,1,0,0,-1,0,-1,-1,-1,0,0,0,0,-1,-1,0,-1,-1,0,0,-1,0,0,0,1,0,0,0,0,0,0,0,0,0,0,-1,-1,0,0,1,1,0,1,0,-1,-1,-1,-1,-1,-1,-1,-1,-1,-1,-1,-1,0,0,1,0,0,0,0,0,0,0,0,0,0,0,0,0,0,1,0,0,1,1,0,0,0,0,0,0,-1,0,1,1,0,0,1,1,0,0,1,1,1,0,1,1,0,0,0,0,-1,1,0,0,0,0,0,0,0,1,0,-1,1,0,0,0,0,0,0,0,-1,1,0,0,1,1,1,1,1,0,1,0,0,1,1,0,0,1,1,0,0,0,0,1,0,0,0,1,-1,0,0,-1,-1,-1,-1,-1,-1,-1,-1,-1,0,0,-1,-1,-1,-1,0,0,0,1,-1,-1,0,0,0,0,,,,0,0,0,0,0,0,0,0,0,0,0,0,0,0,0,0,1,1,1,1,-1,-1,-1,-1,1,0,0,1,1,1,1,1,0,0,-1,-1,-1,1,1,1,1,1,1,0,0,-1,0,0,0,0,1,1,1,1,1,1,1,1,1,1,-1,0,-1,0,-1,-1,-1,-1,0,0,1,-1,1,1,-1,-1,-1,-1,0,0,-1,1,-1,0,-1,-1,-1,0,0,0,-1,0,-1,1,1,1,0,1,-1,0,-1,0,1,0,-1,-1,0,0,0,-1,1,0,0,-1,0,-1,0,-1,-1,1,0,0,0,0,1,-1,0,0,0,0,1,0,0,86,75,11,24.09,260,100,3
majik_water_2018,1,1,-1,-1,-1,0,0,0,-1,-1,-1,0,0,0,0,1,1,0,1,1,1,-1,0,0,0,0,1,1,1,-1,-1,-1,-1,0,0,1,0,0,-1,-1,-1,-1,1,0,0,0,0,0,0,0,0,-1,-1,-1,-1,1,0,1,-1,-1,1,0,-1,-1,-1,0,0,-1,-1,-1,0,1,0,0,0,-1,0,0,0,-1,0,0,-1,-1,-1,0,0,0,0,-1,0,-1,-1,-1,-1,-1,-1,-1,-1,-1,-1,-1,-1,-1,0,1,0,0,0,0,0,0,0,0,0,0,0,0,0,0,0,0,0,-1,-1,0,0,0,0,0,0,0,0,0,0,0,0,0,0,0,0,0,0,0,0,0,-1,1,0,-1,0,-1,0,0,0,0,0,1,0,-1,1,0,0,-1,1,1,-1,-1,0,0,0,0,1,0,0,-1,-1,-1,1,-1,0,-1,0,0,-1,-1,-1,-1,-1,-1,0,0,0,0,-1,-1,0,0,0,,1,1,-1,-1,-1,-1,1,0,0,-1,-1,0,0,0,0,-1,-1,-1,-1,-1,1,0,0,1,0,0,0,,,,0,0,0,0,0,0,0,0,0,0,0,0,0,0,,0,0,0,1,1,1,-1,-1,-1,1,1,1,1,1,1,0,0,1,1,1,1,1,1,1,1,1,1,1,1,1,0,0,1,1,1,1,1,1,0,0,0,1,0,0,0,0,0,1,0,1,1,1,1,1,0,0,1,0,0,-1,0,0,-1,0,-1,-1,0,0,-1,-1,-1,-1,0,-1,-1,-1,1,-1,-1,0,1,0,-1,-1,-1,0,0,-1,0,0,-1,0,0,0,-1,-1,0,1,-1,-1,0,-1,-1,-1,0,-1,0,0,0,0,-1,-1,0,0,1,0,-1,0,69,63,6,19.33,247,111,5
magnomer_2018,-1,-1,-1,-1,-1,0,0,0,-1,-1,-1,-1,-1,-1,-1,-1,-1,0,0,0,-1,-1,0,0,0,1,1,0,0,1,1,0,1,-1,0,0,0,0,-1,0,-1,-1,0,0,0,0,0,0,-1,0,0,0,0,0,1,1,-1,0,0,0,0,-1,0,0,0,1,1,-1,0,0,0,0,0,0,0,0,0,0,0,0,-1,0,-1,-1,0,0,1,1,1,1,-1,0,0,0,0,0,0,0,0,-1,-1,-1,-1,1,1,1,0,0,0,0,0,0,0,0,0,0,0,0,0,0,0,0,0,1,1,0,0,0,-1,0,0,0,0,1,1,-1,0,1,1,0,0,1,1,1,-1,0,0,0,,0,0,0,1,0,1,-1,-1,0,0,1,0,0,0,0,-1,0,0,0,0,0,0,0,1,0,0,1,1,1,1,1,0,1,1,1,1,1,1,-1,1,1,0,0,0,0,0,-1,0,0,,0,0,0,-1,-1,-1,-1,-1,1,1,0,0,0,0,1,1,0,0,0,0,0,-1,0,0,0,0,0,0,,,,0,0,0,0,0,0,0,0,0,0,0,0,0,0,0,0,-1,-1,0,0,-1,-1,-1,-1,1,1,1,-1,-1,-1,1,0,0,0,1,1,1,1,0,0,0,0,1,0,0,0,0,0,0,-1,-1,0,0,0,0,1,1,0,-1,-1,0,0,1,1,0,0,0,0,0,-1,0,1,-1,1,0,1,0,0,-1,-1,0,1,0,-1,0,0,0,0,0,0,0,0,0,0,-1,1,-1,0,-1,0,0,1,1,1,0,0,0,1,0,0,0,-1,0,0,0,0,-1,0,0,-1,0,0,0,0,-1,0,0,0,0,0,-1,0,0,68,61,7,19.05,286,72,5
lithio_storage_2018,-1,-1,-1,-1,-1,0,0,0,-1,-1,-1,-1,-1,-1,-1,1,1,0,-1,-1,1,-1,0,0,0,0,0,0,0,1,1,0,0,0,0,0,0,0,0,0,0,0,1,0,0,0,0,0,0,0,0,0,0,0,1,0,0,0,0,0,1,0,0,0,0,0,0,0,0,0,0,0,0,0,0,0,0,0,0,0,0,0,0,0,0,0,0,0,0,0,0,0,0,0,0,0,0,0,0,0,0,0,0,0,0,0,0,0,0,0,0,0,0,0,0,0,0,0,0,0,0,0,0,0,0,0,0,0,0,0,0,0,0,0,0,0,0,0,0,0,0,0,0,0,0,0,0,1,0,-1,0,-1,-1,0,0,0,0,1,0,0,1,0,0,0,-1,0,0,0,0,0,0,0,1,0,0,-1,-1,-1,1,-1,0,-1,0,-1,-1,-1,-1,-1,-1,-1,0,0,0,0,-1,-1,0,0,-1,-1,1,1,-1,-1,-1,-1,-1,-1,-1,-1,-1,0,0,0,0,0,0,-1,-1,-1,1,-1,-1,-1,0,0,0,,,,0,0,0,0,0,0,0,0,0,0,0,0,0,0,0,0,0,0,1,1,-1,-1,-1,-1,1,0,0,0,0,0,0,0,-1,0,0,0,0,1,0,0,0,0,1,0,0,-1,0,0,0,0,1,0,0,0,0,0,1,0,0,0,0,0,1,0,1,0,0,0,0,0,0,-1,0,0,0,0,0,-1,-1,0,0,-1,0,0,0,0,0,0,0,0,0,0,0,0,0,-1,0,0,0,0,0,0,0,0,0,0,0,0,0,0,0,-1,-1,0,0,0,0,0,0,0,0,0,0,0,0,0,0,0,0,0,0,0,0,25,23,2,7.0,297,63,3
kosmik_energy_inc_2018,-1,-1,-1,-1,-1,0,0,0,-1,-1,-1,-1,-1,-1,-1,-1,-1,0,-1,-1,1,-1,-1,-1,0,1,1,0,0,0,0,0,0,0,0,0,1,0,-1,-1,1,-1,1,0,0,0,0,0,0,0,0,0,0,0,0,1,0,0,0,0,1,1,0,0,0,-1,-1,0,0,0,-1,1,0,0,0,0,0,0,0,0,0,0,0,0,0,0,0,0,0,0,0,0,0,0,0,0,0,0,0,0,0,0,0,-1,0,1,0,0,0,0,0,0,0,0,0,0,0,0,0,1,-1,0,0,1,1,0,0,0,0,0,0,0,0,1,1,0,0,1,1,1,1,1,1,1,0,0,0,1,0,-1,-1,-1,-1,0,0,0,0,-1,0,0,0,0,0,0,1,-1,0,0,0,0,-1,0,1,0,0,1,1,1,1,1,0,1,0,0,1,1,0,1,1,1,0,0,0,0,-1,1,0,0,0,-1,-1,-1,-1,-1,-1,-1,1,-1,-1,0,0,-1,-1,0,0,0,0,0,0,0,0,-1,-1,0,0,0,0,,,,0,0,0,0,0,0,0,0,0,0,0,0,0,0,0,0,-1,-1,0,0,-1,-1,-1,-1,1,0,0,0,0,0,0,0,-1,0,0,0,0,1,1,1,0,0,1,0,0,0,0,0,0,1,1,1,0,0,0,0,1,0,0,0,0,0,0,-1,0,0,0,0,-1,0,-1,0,0,0,0,0,1,1,-1,0,0,1,-1,0,0,0,0,0,0,0,0,0,0,0,0,0,0,0,0,0,1,0,0,-1,0,0,0,0,0,0,0,0,0,0,0,1,0,1,1,1,1,1,1,1,0,-1,-1,0,0,0,0,0,0,60,56,4,16.81,297,63,3
insanerator_2018,-1,-1,1,1,1,0,0,0,-1,-1,-1,-1,-1,-1,-1,1,1,1,1,1,1,0,0,0,1,1,-1,1,1,0,0,0,0,0,0,0,0,0,1,1,1,1,1,0,0,1,-1,1,1,0,0,0,0,0,0,0,0,0,0,0,0,0,0,0,0,0,0,0,0,0,0,0,0,0,0,0,0,0,0,1,0,0,-1,-1,0,0,-1,-1,0,0,-1,0,0,0,0,0,0,0,0,0,0,0,0,1,0,1,0,0,0,0,0,0,0,0,0,1,1,1,1,1,0,0,0,1,1,0,0,0,0,0,0,0,0,1,1,0,0,1,1,1,1,1,1,1,0,1,1,0,0,0,0,0,0,0,0,0,0,1,0,1,-1,0,0,1,1,1,0,0,0,0,0,0,1,0,0,0,1,1,1,1,0,1,0,1,1,1,0,1,1,1,0,0,0,0,0,1,0,0,0,,0,0,-1,-1,-1,-1,-1,-1,-1,-1,-1,-1,-1,-1,-1,0,0,0,0,0,0,0,0,0,0,0,0,,,,0,0,0,0,0,0,0,0,0,0,0,0,0,0,0,0,-1,-1,-1,-1,1,-1,-1,-1,1,1,1,1,1,1,1,1,1,0,1,1,1,1,1,1,1,1,1,0,0,0,0,0,0,0,1,-1,0,-1,0,1,1,1,0,0,0,0,1,-1,1,-1,-1,-1,0,0,0,-1,1,1,1,0,1,0,1,1,-1,1,0,0,1,1,1,0,0,0,0,1,0,0,1,1,0,0,0,0,1,0,0,1,0,0,0,0,1,0,0,1,0,-1,0,1,-1,1,1,1,1,1,1,1,1,1,1,0,0,0,1,0,0,114,103,11,31.93,312,47,4
hygge_power_2018,1,1,-1,-1,-1,-1,-1,-1,-1,-1,-1,1,1,1,1,1,1,-1,1,1,1,1,-1,-1,-1,1,1,-1,-1,1,1,0,0,0,0,0,0,0,-1,-1,1,1,-1,0,0,1,1,1,1,0,0,1,1,-1,1,-1,-1,0,0,0,1,-1,0,0,0,1,1,-1,0,0,-1,1,0,0,0,0,0,0,0,1,1,-1,-1,-1,0,0,-1,-1,0,1,1,0,0,0,0,0,0,0,0,0,0,0,0,1,-1,1,-1,-1,0,0,-1,0,-1,-1,0,-1,-1,-1,-1,-1,0,0,0,1,1,-1,-1,-1,0,-1,-1,-1,0,0,0,-1,-1,1,1,1,-1,-1,-1,-1,0,0,-1,1,0,0,0,0,0,0,0,0,0,0,0,0,0,0,0,0,1,-1,0,0,0,0,0,0,1,-1,0,1,-1,-1,1,1,0,-1,0,-1,-1,-1,0,-1,1,1,0,0,0,0,-1,-1,0,0,-1,,-1,-1,-1,-1,-1,-1,-1,0,0,-1,-1,-1,-1,0,0,0,0,0,0,0,-1,0,0,0,0,0,0,,,,0,0,,0,0,0,0,0,0,0,0,0,0,0,0,0,-1,-1,-1,-1,-1,-1,-1,-1,1,-1,-1,-1,-1,-1,1,-1,-1,0,1,1,1,1,-1,-1,1,1,1,0,0,0,0,-1,-1,-1,-1,-1,0,1,-1,1,-1,1,-1,-1,0,-1,1,-1,1,1,1,1,0,0,-1,0,-1,1,-1,0,1,1,1,1,0,1,-1,0,1,1,1,0,0,0,0,-1,0,1,1,-1,0,0,0,0,1,-1,1,1,1,0,-1,1,0,-1,-1,1,0,0,0,1,0,1,1,1,1,1,1,1,1,1,1,0,0,0,1,0,-1,94,83,11,26.33,242,116,5
hyperborean_llc_2018,-1,-1,1,1,1,-1,-1,-1,-1,-1,-1,-1,-1,-1,-1,1,1,0,-1,-1,1,0,0,0,0,0,-1,0,0,1,1,0,0,0,,0,0,0,-1,-1,0,,0,0,0,-1,-1,-1,0,1,0,0,0,0,0,0,0,0,0,0,,0,0,0,0,0,0,0,0,0,0,0,0,0,0,0,0,0,1,-1,0,0,-1,-1,0,0,0,0,0,-1,-1,0,0,0,0,0,0,0,0,0,0,0,0,1,0,1,1,1,1,1,,1,0,0,-1,0,0,0,0,0,0,0,0,1,1,0,0,0,0,-1,-1,0,0,-1,-1,0,0,1,1,1,0,0,0,0,-1,-1,1,-1,0,0,0,0,0,0,0,0,0,0,0,0,0,0,0,0,-1,0,0,0,0,0,0,0,-1,0,0,-1,-1,-1,-1,-1,0,-1,-1,0,-1,-1,0,-1,-1,-1,0,0,0,0,0,-1,0,0,0,,1,1,-1,-1,-1,1,-1,1,1,0,0,1,1,1,1,0,0,-1,-1,-1,0,-1,-1,0,0,0,0,,,,0,0,0,0,0,0,0,0,0,-1,-1,-1,0,0,0,0,0,0,0,0,1,-1,-1,-1,-1,-1,-1,-1,-1,-1,-1,-1,1,0,0,0,0,-1,-1,-1,0,0,1,0,0,0,0,0,0,0,-1,-1,0,-1,-1,-1,-1,-1,1,1,0,0,-1,0,-1,-1,-1,-1,0,0,0,0,0,-1,0,0,-1,0,-1,0,0,-1,0,0,0,0,0,0,0,0,-1,0,0,0,-1,-1,0,0,0,0,0,0,0,0,-1,-1,0,0,0,0,0,-1,0,0,0,1,0,1,1,0,1,-1,-1,-1,0,1,1,1,0,0,-1,-1,-1,44,42,2,12.32,253,102,8
heliotrope_energy_2018,-1,-1,-1,-1,-1,0,0,0,-1,-1,-1,-1,-1,-1,-1,-1,-1,0,1,1,1,1,0,0,0,1,1,0,0,-1,-1,0,0,0,0,0,1,0,1,0,0,1,-1,0,0,0,0,0,0,0,0,0,1,0,0,1,0,0,0,0,-1,0,1,1,1,0,0,0,-1,-1,1,0,0,0,0,0,1,0,1,0,-1,0,-1,-1,0,0,0,0,0,0,0,0,-1,-1,-1,-1,-1,-1,-1,0,0,0,0,-1,0,0,0,0,0,0,0,0,0,0,0,0,0,0,0,0,0,0,0,0,0,0,0,0,0,0,0,0,0,0,0,0,0,0,0,0,0,0,0,0,0,0,0,1,0,-1,1,1,1,0,0,0,0,-1,0,0,1,0,0,-1,1,0,0,0,0,0,0,0,1,0,1,1,1,1,1,1,0,1,1,1,1,1,0,1,1,1,0,0,0,0,1,1,0,0,0,-1,-1,-1,-1,-1,-1,1,1,1,1,-1,-1,1,1,-1,-1,-1,-1,-1,-1,-1,-1,-1,-1,1,0,0,-1,,,,0,0,0,0,0,0,0,0,0,0,0,0,0,0,0,0,-1,-1,-1,-1,1,-1,1,-1,1,0,0,-1,-1,-1,-1,1,1,1,1,1,1,1,0,0,0,0,1,0,0,0,0,0,0,0,-1,1,1,0,0,0,1,-1,0,0,0,0,-1,1,1,1,1,1,1,0,0,1,1,0,0,0,0,0,0,0,0,1,0,0,0,0,0,0,0,0,0,1,1,0,0,1,1,1,0,0,0,0,,0,,0,0,0,0,1,1,1,1,0,1,0,0,0,0,0,0,0,0,0,0,0,0,0,0,0,0,1,0,81,72,9,22.69,292,66,5
heat_inverse_llc_2018,1,1,1,1,1,-1,-1,-1,1,1,1,1,1,1,1,1,1,0,1,1,1,-1,0,0,0,1,1,0,0,1,1,1,-1,-1,0,1,0,0,1,1,1,1,1,0,0,1,1,1,1,0,0,1,-1,1,1,1,1,-1,0,0,0,1,0,0,0,1,1,0,0,0,1,0,0,0,0,0,0,0,0,1,1,0,-1,-1,0,0,-1,-1,0,1,0,1,0,0,0,0,0,0,0,0,0,0,0,1,0,1,0,0,0,0,0,0,0,0,0,1,1,1,1,0,0,0,0,1,1,0,0,0,0,0,0,0,0,1,1,0,0,1,1,1,1,1,1,1,1,1,0,0,0,0,0,0,0,0,0,0,0,0,0,0,0,0,0,0,1,0,0,0,0,0,0,0,1,0,0,1,1,1,1,1,0,1,0,0,1,1,0,1,1,1,0,0,0,0,0,1,0,0,0,,0,0,-1,-1,1,-1,-1,1,1,-1,-1,1,1,0,0,0,0,0,0,0,0,0,0,0,0,0,0,,,,0,0,0,0,0,0,0,0,0,0,0,0,0,0,0,0,1,1,0,0,1,-1,-1,-1,1,1,1,1,1,1,1,1,0,0,1,1,1,1,1,1,1,1,1,0,0,0,1,1,1,1,1,1,0,1,1,1,1,1,0,0,-1,0,1,-1,1,1,1,1,0,1,0,-1,1,1,1,0,1,1,1,1,0,1,0,0,1,1,1,0,0,0,0,1,0,0,1,1,0,0,0,0,1,1,1,1,0,1,0,1,1,0,0,0,0,0,0,1,1,1,1,1,1,1,1,1,1,1,1,0,0,0,1,1,0,155,141,14,43.42,335,24,4
h2optimize_2018,-1,-1,-1,-1,-1,0,0,0,0,0,0,0,0,0,0,1,1,0,1,1,1,0,0,0,0,1,1,0,0,0,0,0,0,0,0,0,0,0,0,0,-1,1,1,0,0,0,0,0,0,0,0,0,1,0,1,0,0,-1,1,1,0,0,0,-1,-1,1,1,0,0,0,-1,1,0,0,0,0,0,0,0,0,1,0,-1,-1,0,0,0,0,0,0,0,0,0,0,0,0,0,0,0,0,0,0,0,1,0,1,0,0,0,0,0,0,0,0,0,0,0,0,0,0,0,0,0,0,0,0,0,0,0,0,0,0,0,0,0,0,0,0,0,0,0,0,0,0,0,0,0,1,0,0,0,0,0,0,0,0,0,0,0,0,0,0,0,0,-1,0,0,0,0,0,0,0,1,0,0,1,1,1,1,1,0,1,0,0,1,1,0,1,1,1,0,0,0,0,0,1,0,0,0,,1,1,-1,-1,-1,-1,-1,-1,-1,-1,-1,-1,-1,0,0,0,0,-1,-1,-1,1,-1,-1,0,0,0,0,,,,0,0,0,0,0,0,0,0,0,0,0,0,0,0,0,0,-1,-1,-1,-1,-1,1,-1,-1,-1,0,0,0,0,0,0,1,0,0,1,1,1,0,-1,-1,0,0,1,0,0,0,0,0,0,1,0,1,0,0,0,0,1,0,0,0,0,0,0,-1,1,-1,-1,-1,0,0,0,0,0,0,0,0,0,0,0,0,0,0,0,0,-1,-1,-1,0,1,0,0,0,0,0,0,0,0,0,0,0,-1,0,-1,0,0,0,-1,0,0,0,0,0,0,0,0,0,0,0,0,0,0,0,0,0,0,0,0,0,0,0,0,0,0,47,44,3,13.17,310,49,4
haystack_2018,1,1,1,1,1,-1,-1,-1,1,1,1,1,1,1,1,1,1,-1,1,1,1,1,0,0,0,1,1,1,1,1,1,1,-1,-1,1,1,0,0,1,1,1,1,-1,0,0,1,1,1,1,0,0,1,-1,0,1,1,0,0,0,0,1,-1,0,0,0,1,1,0,1,1,1,0,0,0,0,0,1,0,0,1,0,0,-1,-1,0,0,0,0,0,1,0,1,0,0,0,0,0,0,0,0,0,0,0,1,0,1,0,0,0,0,0,0,0,0,0,1,1,1,1,1,1,0,0,1,1,0,0,0,0,0,0,0,0,1,1,0,1,1,1,1,1,1,1,1,0,1,0,0,0,1,0,1,1,0,0,0,0,0,0,0,0,0,0,0,0,0,0,0,0,0,0,0,1,0,0,1,1,1,1,1,0,1,0,1,1,1,0,1,1,1,0,0,0,0,0,0,0,0,0,,0,0,-1,-1,-1,-1,-1,-1,-1,-1,-1,1,1,1,1,0,0,0,0,0,0,0,0,0,0,0,0,,,,0,0,0,0,0,0,0,0,0,0,0,0,0,0,0,0,0,0,0,0,1,-1,-1,-1,1,1,1,1,1,1,1,1,0,0,1,1,1,1,1,1,0,0,1,0,0,0,0,1,1,1,1,1,0,1,0,1,1,1,0,0,0,0,1,-1,1,1,1,1,0,0,1,0,1,1,1,0,1,1,1,1,1,1,0,0,0,0,0,0,0,0,0,1,-1,0,1,0,-1,0,0,0,0,0,1,1,0,1,0,1,1,0,0,1,0,0,0,1,0,1,1,1,1,1,1,1,1,1,1,0,0,0,1,0,0,149,136,13,41.74,333,26,4
guardion_inc_2018,-1,-1,-1,-1,-1,-1,-1,-1,0,0,0,0,0,0,0,1,1,0,1,1,1,0,0,0,0,-1,-1,0,0,1,1,0,0,0,0,0,0,0,1,1,1,1,-1,0,0,0,0,0,0,0,0,0,1,0,0,0,0,0,1,1,1,0,0,1,1,1,1,0,0,0,0,1,-1,0,0,0,0,0,0,1,0,0,-1,-1,0,0,0,0,0,1,-1,0,0,0,0,0,0,0,0,0,0,0,0,1,0,0,0,0,0,0,0,0,0,0,0,0,0,0,0,0,0,0,0,0,0,0,0,0,0,0,0,0,0,0,0,0,0,0,0,0,0,0,0,0,0,0,0,0,0,-1,0,0,0,0,0,0,0,0,0,0,0,0,0,0,-1,0,0,0,0,0,0,0,1,0,0,1,1,1,1,1,0,1,0,0,1,1,0,1,1,1,0,0,0,0,0,1,0,0,0,,1,1,-1,-1,-1,-1,-1,-1,-1,-1,-1,-1,-1,-1,-1,-1,-1,-1,-1,-1,1,-1,-1,0,0,0,0,,,,0,0,0,0,0,0,0,0,0,-1,-1,-1,0,0,,0,-1,-1,-1,-1,-1,-1,-1,-1,1,0,0,0,0,0,0,-1,0,-1,-1,-1,-1,-1,-1,-1,1,1,0,0,0,0,0,-1,-1,0,1,0,0,0,0,0,1,0,0,0,0,0,1,0,1,-1,-1,-1,0,0,0,-1,0,0,1,0,0,1,1,1,0,0,0,-1,0,0,0,0,0,0,0,-1,0,-1,0,1,-1,0,0,0,0,0,0,0,0,0,1,-1,-1,-1,0,1,0,0,0,0,0,0,0,0,0,0,0,0,0,0,0,0,0,0,0,0,0,53,46,7,14.85,289,69,5
gridspan_energy_2018,-1,-1,-1,-1,-1,0,0,0,-1,-1,-1,-1,-1,-1,-1,1,1,0,1,1,1,-1,0,0,0,1,1,0,0,1,1,0,0,1,0,1,0,0,1,-1,-1,1,-1,0,0,1,1,1,1,0,0,1,0,1,1,1,1,0,0,0,0,0,0,0,0,1,1,0,0,0,1,0,0,0,0,0,0,0,0,1,1,0,-1,-1,0,0,-1,-1,0,1,0,0,0,0,0,0,0,0,0,0,0,0,0,1,0,1,0,0,1,1,0,1,1,1,1,1,1,1,1,0,1,0,0,1,1,0,0,0,0,0,0,0,0,1,1,0,0,1,1,0,1,1,1,1,0,0,0,0,0,0,0,0,0,0,0,0,0,0,0,0,0,0,0,0,1,0,0,0,0,0,0,0,1,0,0,1,1,1,1,1,0,1,0,0,1,1,0,1,1,1,0,0,0,0,0,1,0,0,0,,0,0,-1,-1,-1,-1,-1,1,1,-1,-1,-1,-1,0,0,0,0,0,0,0,0,0,0,0,0,0,0,,,,0,0,0,0,0,0,0,0,0,0,0,0,0,0,0,0,1,1,0,0,-1,-1,-1,-1,1,1,1,1,1,1,1,1,0,0,1,1,1,1,1,1,1,1,1,0,0,0,0,1,1,1,1,-1,0,0,0,1,1,1,0,0,0,0,1,-1,1,1,1,1,1,1,0,0,1,1,1,0,1,1,1,1,0,1,0,0,1,1,1,0,0,0,0,1,0,0,1,1,0,0,0,0,1,1,1,1,0,1,1,1,1,0,0,1,0,0,0,1,0,1,1,1,1,1,1,1,1,1,1,0,0,0,1,1,0,136,122,14,38.1,324,35,4
greenpath_energy_solutions_2018,-1,-1,1,1,1,-1,-1,-1,-1,-1,-1,-1,-1,-1,-1,1,1,-1,1,1,1,0,0,0,1,1,1,-1,-1,1,1,1,-1,0,0,0,0,0,1,1,1,0,1,0,0,1,1,0,1,0,0,1,-1,1,1,1,0,0,0,0,1,1,0,0,0,1,1,0,1,1,1,1,0,0,0,0,0,0,0,1,1,1,1,1,1,0,-1,-1,1,1,1,0,0,0,0,0,0,0,0,0,0,0,0,1,1,1,0,0,0,0,0,0,0,0,0,1,1,1,1,1,1,0,0,1,1,0,0,0,0,0,0,0,0,1,1,0,0,1,1,1,1,1,1,1,0,1,1,1,0,0,0,0,0,0,0,0,0,0,0,0,0,0,0,0,1,0,0,0,0,0,0,0,1,0,0,1,1,1,1,1,0,1,0,0,1,1,0,1,1,1,0,0,0,0,0,1,0,0,0,,0,0,-1,-1,-1,-1,-1,-1,-1,0,0,0,0,0,0,0,0,0,0,0,-1,0,0,0,0,0,0,,,,0,0,0,0,0,0,0,0,0,0,0,0,0,0,0,0,1,1,-1,-1,-1,-1,1,-1,1,1,1,0,0,0,1,1,1,0,1,1,1,1,1,1,1,1,1,-1,-1,0,0,0,0,1,1,1,0,0,0,1,1,1,0,0,0,0,1,-1,1,1,1,1,-1,1,0,0,0,1,1,0,1,1,1,1,0,1,0,0,1,1,1,0,0,0,0,0,0,0,1,0,0,0,0,0,0,0,0,1,1,1,1,0,0,0,0,1,0,0,0,1,0,1,1,1,1,1,1,1,1,1,1,0,0,0,1,0,0,137,124,13,38.38,323,36,4
greenchoice_pbc_2018,1,1,1,1,1,0,0,0,-1,-1,-1,1,1,1,1,-1,-1,0,0,0,0,-1,0,0,0,-1,1,-1,-1,-1,-1,-1,-1,0,0,-1,0,0,-1,-1,-1,-1,0,0,0,-1,-1,-1,-1,0,0,-1,-1,-1,-1,-1,-1,0,0,0,-1,-1,0,0,0,1,1,0,-1,-1,0,1,-1,0,0,0,1,1,-1,1,1,0,-1,-1,0,0,1,1,0,1,1,0,0,0,0,0,0,0,0,0,0,0,0,1,-1,1,0,0,0,0,0,0,0,0,0,0,0,0,0,-1,-1,0,0,1,1,0,0,0,0,0,0,0,0,0,0,0,0,-1,-1,1,-1,0,0,0,0,-1,0,0,0,0,0,0,0,0,0,0,0,0,0,0,0,0,0,0,-1,0,0,0,0,0,0,0,1,0,0,1,1,1,1,1,0,1,0,0,1,1,0,1,1,1,0,0,0,0,0,1,0,0,0,,-1,-1,-1,-1,1,1,-1,-1,-1,-1,-1,-1,-1,-1,-1,0,0,0,0,0,0,0,0,0,-1,-1,-1,,,,0,0,0,0,0,0,0,0,0,0,0,0,0,0,0,0,0,0,0,0,1,1,1,-1,1,-1,-1,1,1,1,1,1,1,1,1,1,1,-1,1,1,1,1,1,-1,-1,0,0,1,1,1,1,-1,0,1,1,1,1,0,0,0,0,0,1,1,1,1,1,1,1,0,1,-1,1,1,-1,1,1,-1,1,0,0,1,-1,0,-1,-1,-1,0,1,0,0,-1,1,-1,-1,1,0,0,0,0,1,1,-1,1,1,1,1,-1,1,1,1,1,1,0,0,1,0,0,0,0,1,0,0,0,1,0,-1,0,0,0,1,0,0,100,89,11,28.01,279,80,4
greater_good_solar_2018,-1,-1,-1,-1,-1,0,0,0,0,0,0,0,0,0,0,-1,-1,0,-1,-1,1,-1,0,0,0,-1,-1,0,0,1,1,1,-1,-1,0,0,0,0,0,0,0,1,0,0,0,0,0,0,0,0,0,-1,-1,-1,1,0,0,0,0,0,1,0,0,0,0,1,1,-1,-1,-1,0,1,1,0,-1,0,-1,-1,0,1,0,0,0,0,1,0,0,0,0,-1,-1,1,0,0,0,0,0,0,0,0,0,0,0,1,0,1,,,,,,0,0,0,0,0,0,0,0,0,0,-1,-1,1,1,-1,-1,0,0,1,0,1,0,1,1,-1,0,1,1,1,-1,1,1,1,1,1,,0,0,0,0,0,0,0,0,0,0,0,0,0,0,0,0,0,0,-1,0,0,0,0,0,-1,1,0,0,1,1,1,1,1,0,1,-1,-1,1,1,0,1,1,-1,0,0,0,0,-1,1,0,0,0,-1,-1,-1,-1,-1,-1,-1,-1,-1,-1,1,1,-1,-1,-1,-1,-1,-1,-1,-1,-1,1,1,1,0,0,0,0,,,,0,0,0,0,0,0,0,0,0,-1,-1,-1,0,0,0,0,-1,-1,1,1,-1,-1,-1,-1,1,0,0,0,0,0,0,0,0,0,-1,-1,-1,1,0,0,0,0,1,0,0,0,0,0,0,1,-1,0,0,0,0,-1,1,0,1,1,1,0,1,1,1,1,1,1,1,-1,-1,0,1,-1,-1,0,-1,1,0,0,-1,1,0,1,0,0,0,0,0,0,1,0,0,1,0,1,1,0,0,0,0,0,1,1,1,0,0,0,0,1,1,0,0,0,0,1,0,1,1,1,1,1,1,1,1,1,1,0,0,0,0,0,0,88,77,11,24.65,278,76,9
ftorion_inc_2018,-1,-1,-1,-1,-1,0,0,0,0,0,0,0,0,0,0,-1,-1,0,-1,-1,1,0,0,0,0,0,0,0,0,-1,-1,0,0,0,0,0,0,0,0,0,-1,0,-1,0,0,0,0,0,0,0,0,0,0,0,1,0,0,0,0,0,1,0,0,0,0,1,1,0,0,0,0,,-1,0,0,0,0,0,0,0,0,0,0,0,0,0,0,0,0,0,0,0,0,0,0,0,0,0,0,0,0,0,0,0,0,0,0,0,0,0,0,0,0,0,0,0,0,0,0,0,0,0,0,0,0,0,0,0,0,0,0,0,0,0,0,0,0,0,0,0,0,0,0,0,0,0,0,1,0,0,0,0,0,0,0,0,0,1,0,1,1,0,0,0,1,-1,0,0,-1,0,0,0,1,0,0,-1,1,-1,1,-1,0,-1,0,0,-1,-1,0,-1,-1,-1,0,0,0,0,0,-1,0,0,0,,1,1,-1,-1,-1,-1,-1,-1,-1,-1,-1,-1,-1,-1,-1,0,0,,1,1,-1,0,0,0,0,0,-1,,,,0,0,0,0,0,,0,0,0,,1,1,0,0,0,0,-1,-1,-1,-1,-1,-1,-1,-1,1,0,0,-1,-1,-1,0,0,-1,0,-1,-1,-1,1,0,0,0,0,0,0,0,0,0,0,0,0,1,1,0,0,0,0,1,0,0,0,0,0,-1,0,1,0,0,0,0,0,0,0,0,0,-1,0,1,0,1,0,0,0,0,0,0,0,0,0,0,0,0,0,-1,0,-1,-1,0,0,0,0,-1,0,0,1,0,0,0,0,0,0,0,0,0,0,0,0,0,0,0,0,0,0,0,0,0,0,0,0,0,0,0,0,0,28,26,2,7.84,293,62,8
footprint_gbc_2018,-1,-1,-1,-1,-1,-1,-1,-1,-1,-1,-1,-1,-1,-1,-1,-1,-1,0,-1,-1,0,0,0,0,-1,1,1,0,0,1,1,0,0,0,0,0,0,0,1,1,1,-1,1,0,0,1,1,1,1,0,0,1,1,1,1,1,-1,0,0,0,0,-1,0,0,0,1,1,0,0,0,-1,1,0,0,0,0,0,0,0,1,1,0,1,1,1,1,-1,-1,1,1,1,1,0,0,0,0,0,0,0,0,0,0,0,1,1,1,0,0,0,0,0,0,0,0,0,1,1,1,1,-1,-1,0,0,1,1,0,0,0,0,0,0,-1,0,1,1,0,0,1,1,-1,1,1,1,1,-1,0,0,-1,0,1,-1,1,1,0,0,0,0,0,0,0,0,0,0,0,-1,0,0,0,0,0,0,0,1,0,0,1,1,1,1,1,0,1,0,1,1,1,0,1,1,1,0,0,0,0,-1,-1,0,0,0,,0,0,-1,-1,-1,-1,1,0,0,0,0,0,0,0,0,-1,-1,0,0,0,0,0,0,0,0,0,0,,,,0,0,0,0,0,0,0,0,0,0,0,0,0,0,0,0,-1,-1,-1,-1,1,-1,-1,-1,1,1,1,1,1,1,1,1,0,0,1,1,1,1,-1,-1,0,0,1,0,0,0,0,-1,-1,0,1,1,-1,0,0,1,1,0,0,0,0,0,1,0,1,1,1,1,-1,-1,-1,0,1,-1,1,1,,1,1,-1,0,1,0,0,0,0,0,-1,-1,0,0,-1,0,1,1,1,0,-1,-1,0,1,0,1,1,1,1,-1,-1,0,1,-1,-1,0,0,0,1,-1,1,1,1,1,0,0,0,1,1,1,1,0,1,1,1,-1,114,97,17,31.93,288,70,5
foodspace_2018,-1,-1,1,1,1,-1,-1,-1,-1,-1,-1,-1,-1,-1,-1,0,0,0,0,0,0,1,0,0,0,1,1,0,0,1,1,1,0,0,1,1,-1,0,1,1,1,0,1,0,-1,1,1,1,1,0,0,1,1,1,1,1,0,0,-1,-1,-1,-1,-1,0,0,-1,-1,-1,1,1,1,-1,-1,-1,-1,-1,-1,0,0,-1,-1,-1,1,1,1,0,-1,-1,1,1,-1,-1,0,0,0,0,0,0,0,0,0,0,0,1,1,1,0,0,0,0,0,0,0,0,0,0,0,0,0,0,0,0,0,1,1,0,0,0,0,0,0,0,1,1,1,0,0,1,1,0,1,1,1,1,1,0,0,0,0,-1,0,1,1,0,0,0,0,0,0,0,0,0,0,0,1,0,0,0,0,0,0,0,0,0,0,1,1,1,1,1,0,1,0,1,1,1,0,1,1,1,0,0,0,0,1,1,0,0,-1,-1,-1,-1,1,-1,-1,-1,1,-1,-1,-1,-1,-1,-1,0,0,-1,-1,-1,-1,-1,0,0,0,1,0,0,0,,,,0,0,0,0,0,0,0,0,0,0,0,0,0,0,0,0,0,0,-1,-1,1,-1,-1,-1,1,0,0,1,1,1,1,1,0,0,1,1,1,1,1,1,0,0,1,-1,-1,0,0,0,0,0,1,1,-1,1,-1,1,1,1,1,1,0,0,-1,1,1,-1,-1,-1,0,0,1,0,1,1,1,1,1,1,1,1,0,1,0,0,0,0,0,1,-1,0,0,0,1,1,1,1,0,1,0,0,0,-1,1,1,-1,1,-1,1,0,0,0,1,0,0,0,0,0,0,0,1,1,0,0,0,-1,0,0,0,0,0,1,0,1,116,99,17,32.49,288,72,3
fitware_llc_2018,-1,-1,-1,-1,-1,,1,1,-1,-1,-1,0,0,0,0,1,1,0,1,1,-1,1,-1,-1,0,0,1,0,0,1,1,1,-1,0,,-1,,0,-1,-1,1,1,1,-1,0,,,,,0,-1,0,,0,,1,0,-1,0,0,0,0,-1,-1,-1,1,1,0,0,0,1,1,1,1,-1,1,1,-1,-1,0,1,0,-1,-1,0,-1,-1,-1,0,1,1,1,0,0,0,0,0,0,0,0,0,0,0,1,1,1,0,0,0,0,0,0,0,0,0,1,1,1,1,0,0,0,0,1,1,0,0,0,0,0,0,0,0,1,1,0,1,1,1,1,0,1,1,1,1,1,0,1,0,1,0,1,1,1,-1,1,1,1,-1,1,1,1,0,1,1,1,0,0,0,-1,0,0,-1,1,0,1,1,-1,1,1,-1,1,0,0,1,1,1,1,1,1,-1,-1,-1,-1,-1,1,-1,-1,0,,1,1,1,-1,1,-1,1,0,0,1,1,0,0,-1,-1,0,0,,1,1,1,0,0,0,0,0,0,,,,0,0,,0,0,,0,0,,0,0,0,0,0,,-1,-1,-1,1,1,-1,-1,1,-1,1,-1,-1,0,0,0,1,0,1,1,-1,-1,-1,1,1,1,0,0,0,0,0,0,-1,0,0,0,1,0,0,1,0,1,1,1,1,1,1,1,1,1,1,1,1,1,1,-1,1,1,-1,1,-1,-1,1,1,0,0,0,1,0,0,0,0,0,0,1,0,-1,1,1,0,0,1,-1,0,-1,0,1,0,1,1,-1,1,1,0,1,0,0,-1,0,0,1,0,0,0,0,-1,-1,-1,-1,-1,1,0,1,-1,0,0,0,0,-1,129,121,8,36.13,271,74,18
entric_analysis_2018,-1,-1,-1,-1,-1,0,0,0,-1,-1,-1,-1,-1,-1,-1,-1,-1,-1,-1,-1,1,1,0,0,0,1,1,-1,-1,1,1,1,0,0,0,-1,0,0,-1,-1,-1,1,1,0,0,1,1,1,1,0,0,1,0,-1,1,0,0,0,0,0,-1,-1,0,0,0,1,1,-1,0,0,0,1,0,0,0,0,0,0,0,1,0,0,-1,-1,-1,0,-1,-1,1,1,-1,1,0,0,0,0,0,0,0,0,0,0,0,1,1,1,0,0,0,0,1,0,0,0,0,1,1,1,1,1,-1,0,0,1,1,0,0,0,0,0,0,0,-1,1,1,0,-1,1,1,1,1,1,1,1,0,1,-1,-1,0,1,0,-1,-1,0,0,0,0,1,0,1,1,0,0,1,1,1,0,0,0,0,-1,0,1,0,0,0,1,1,1,1,0,1,0,-1,1,1,0,1,1,1,0,0,0,0,-1,1,0,0,0,-1,0,0,-1,-1,-1,-1,-1,-1,-1,0,0,-1,-1,-1,-1,-1,-1,0,0,0,1,0,0,0,0,0,0,,,,0,0,0,0,0,0,0,0,0,0,0,0,0,0,0,0,0,0,0,0,1,-1,-1,-1,1,1,1,-1,-1,-1,1,1,-1,-1,1,1,1,1,0,0,-1,-1,1,0,0,0,-1,-1,-1,-1,1,1,-1,1,1,1,1,1,0,0,0,0,1,0,1,1,1,1,-1,0,-1,-1,1,1,1,0,0,1,1,-1,0,1,0,-1,1,1,1,0,0,0,-1,0,0,0,1,1,-1,-1,0,0,1,1,1,1,0,-1,0,0,0,0,-1,1,0,0,-1,1,0,1,1,1,1,1,1,1,1,1,1,0,0,0,1,-1,1,115,100,15,32.21,276,84,3
electrona_robotics_2018,-1,-1,-1,-1,-1,-1,-1,-1,0,0,0,0,0,0,0,1,1,0,1,1,1,1,0,0,0,0,0,0,0,1,1,-1,-1,-1,1,1,0,0,0,0,0,1,0,0,0,0,0,0,0,0,0,0,0,0,1,0,0,0,0,0,0,0,0,0,0,1,1,0,0,0,0,-1,1,0,0,-1,0,0,0,0,0,0,0,0,0,0,0,0,0,0,0,0,0,0,0,0,0,0,0,0,0,0,0,-1,-1,1,0,0,0,0,0,0,0,0,0,0,0,0,0,0,0,0,0,1,1,1,1,1,1,0,0,0,0,0,0,0,0,1,1,1,0,1,1,1,1,1,0,1,0,-1,0,-1,-1,0,0,0,0,1,0,1,1,1,1,1,1,1,0,0,1,0,0,0,0,0,0,0,1,-1,1,0,0,0,0,0,0,0,0,0,0,0,0,0,0,0,0,0,0,0,-1,,-1,-1,-1,-1,-1,-1,-1,0,0,-1,-1,0,0,0,0,0,0,0,0,0,1,-1,-1,0,0,0,-1,,,,0,0,0,0,0,0,0,0,0,0,0,0,0,0,0,0,-1,-1,-1,-1,-1,-1,-1,-1,1,-1,-1,0,0,0,1,0,1,0,1,1,1,1,0,0,0,0,-1,0,0,-1,0,0,0,0,1,1,1,-1,-1,0,1,-1,1,1,0,0,1,1,1,1,1,1,1,0,-1,0,-1,0,1,0,0,0,0,0,0,1,0,0,0,0,0,0,0,0,0,0,1,0,1,-1,0,0,0,1,0,0,-1,0,0,1,0,0,0,0,0,1,-1,1,1,0,0,0,0,0,0,0,0,0,0,0,0,0,0,0,0,0,0,72,67,5,20.17,307,52,4
e_green_llc_2018,1,1,-1,-1,-1,-1,-1,-1,-1,-1,-1,-1,-1,-1,-1,1,1,0,1,1,1,1,-1,-1,0,-1,-1,0,0,1,1,0,0,0,0,-1,-1,0,-1,-1,0,1,1,-1,0,0,0,0,0,0,0,-1,1,-1,-1,0,0,0,1,0,1,-1,1,0,0,1,1,-1,-1,-1,-1,1,0,0,0,0,0,0,-1,0,0,0,0,0,0,0,-1,-1,0,-1,0,0,,1,1,1,,1,1,0,0,0,0,-1,0,-1,0,0,0,0,0,0,0,0,0,-1,-1,-1,-1,0,0,0,0,-1,-1,0,0,0,0,0,0,-1,0,0,0,0,0,0,0,0,0,0,0,0,-1,0,0,1,0,1,-1,-1,-1,0,0,0,0,1,0,1,1,0,0,-1,1,1,-1,0,0,0,-1,0,1,0,0,-1,-1,-1,1,-1,0,-1,0,-1,-1,-1,0,-1,-1,-1,0,-1,0,0,-1,-1,0,0,-1,-1,-1,-1,-1,-1,-1,-1,-1,1,1,-1,-1,1,1,-1,-1,-1,-1,-1,-1,-1,-1,-1,-1,0,0,-1,0,,,,0,0,0,0,0,0,0,0,0,-1,-1,-1,0,0,0,0,-1,-1,1,1,-1,-1,-1,-1,1,1,1,0,0,0,1,1,1,1,1,1,1,1,0,0,0,0,1,0,0,0,0,0,0,-1,0,1,1,1,-1,-1,1,0,-1,-1,0,0,1,0,1,1,1,1,1,-1,1,1,-1,0,1,1,1,0,-1,-1,0,1,0,-1,-1,-1,-1,-1,-1,0,0,1,-1,1,0,1,-1,-1,-1,0,,0,-1,0,0,0,-1,0,-1,1,-1,1,1,0,-1,0,0,-1,-1,-1,0,-1,-1,-1,-1,-1,-1,-1,0,0,0,0,-1,73,63,10,20.45,227,130,6
dimensional_energy_2018,-1,-1,-1,-1,-1,0,0,0,-1,-1,-1,-1,-1,-1,-1,1,1,0,1,1,1,1,-1,-1,0,-1,-1,0,0,-1,-1,0,0,0,0,0,0,0,0,-1,0,-1,1,0,0,0,0,0,0,0,0,0,0,0,0,0,0,0,0,0,1,0,0,0,0,1,1,1,0,0,0,1,-1,-1,-1,0,0,0,0,-1,-1,0,0,0,-1,-1,-1,-1,-1,1,-1,-1,-1,-1,-1,-1,-1,-1,-1,0,0,0,0,1,-1,1,0,0,0,0,0,0,0,0,0,0,0,0,0,-1,0,0,0,1,1,0,0,0,0,0,-1,-1,0,-1,-1,-1,-1,1,1,1,0,-1,-1,-1,0,1,0,1,0,1,0,-1,-1,0,0,0,0,1,0,-1,1,0,0,0,0,0,0,0,0,0,-1,0,1,0,0,-1,-1,-1,1,-1,0,-1,-1,-1,-1,-1,-1,0,-1,-1,0,0,0,0,-1,-1,0,0,0,-1,1,1,-1,-1,-1,-1,-1,-1,-1,-1,-1,-1,-1,-1,-1,-1,-1,-1,-1,-1,0,-1,-1,0,0,0,0,,,,0,0,0,0,0,0,0,0,0,-1,-1,-1,0,0,,-1,-1,-1,-1,-1,-1,-1,-1,-1,1,0,0,0,0,0,0,-1,-1,-1,-1,-1,-1,-1,0,0,-1,-1,1,-1,-1,0,0,0,0,0,-1,1,-1,0,0,0,1,0,1,1,1,-1,-1,0,1,-1,-1,-1,0,0,0,1,-1,0,0,0,-1,-1,-1,-1,0,1,0,0,0,0,0,0,0,0,0,0,-1,0,0,1,0,0,-1,-1,0,0,0,0,0,0,0,0,0,1,1,1,1,0,0,-1,0,1,1,1,1,-1,-1,-1,0,-1,-1,-1,0,0,0,0,0,48,41,7,13.45,225,134,4
dig_y_sol_llc_2018,-1,-1,-1,-1,-1,0,0,0,-1,-1,-1,1,1,1,1,-1,-1,1,-1,-1,1,0,0,0,0,-1,1,1,1,-1,-1,0,0,0,0,1,0,0,1,-1,-1,0,1,0,0,1,1,1,1,0,0,0,1,0,0,0,0,0,0,0,1,1,0,0,0,0,0,0,0,0,0,0,0,0,0,0,0,0,0,1,1,0,-1,-1,1,0,-1,-1,0,1,0,0,0,0,0,0,0,0,0,0,0,0,0,1,0,1,0,0,0,0,0,0,0,0,0,1,1,1,1,1,1,0,0,1,1,0,0,0,0,0,0,0,0,1,1,0,0,1,1,-1,1,1,1,1,0,0,0,-1,0,1,0,-1,-1,0,0,0,0,1,0,1,1,0,0,1,1,1,0,0,0,0,0,0,-1,0,0,0,1,1,1,1,0,1,-1,1,1,1,0,1,1,-1,0,0,0,0,0,1,0,0,0,,-1,-1,-1,-1,-1,-1,-1,0,0,0,0,0,0,0,0,-1,-1,-1,-1,-1,-1,0,0,0,0,0,0,,,,0,0,0,0,0,0,0,0,0,0,0,0,0,0,0,0,1,1,0,0,1,-1,1,1,1,1,1,0,0,0,1,-1,-1,0,1,1,1,1,1,1,1,1,1,0,0,0,0,1,1,1,1,1,1,-1,0,1,1,1,1,1,0,0,1,1,1,1,1,1,0,0,-1,0,1,1,1,-1,1,1,1,1,-1,1,0,0,1,1,1,0,1,1,0,1,0,0,1,1,0,0,0,-1,1,1,1,1,1,1,1,0,-1,0,0,0,0,-1,-1,1,0,1,1,1,1,1,1,1,1,1,1,0,0,0,1,1,0,130,119,11,36.41,307,52,4
diaper_junkie_2018,-1,-1,-1,-1,-1,0,0,0,0,0,0,0,0,0,0,1,1,0,-1,-1,1,1,0,0,0,1,1,1,1,0,0,1,-1,-1,0,-1,0,0,0,-1,-1,1,1,0,0,0,0,0,0,0,0,0,1,0,1,1,0,0,-1,-1,1,0,0,1,1,1,1,0,-1,-1,-1,0,0,0,-1,-1,0,0,1,0,-1,-1,0,0,0,0,0,0,0,0,-1,0,0,0,0,0,0,0,0,0,0,0,0,0,0,0,0,0,0,0,0,0,0,0,0,0,0,0,0,0,0,0,0,0,0,0,0,0,0,0,0,0,0,0,0,0,0,0,0,0,0,0,0,0,0,0,0,1,0,1,0,0,0,0,0,0,0,1,-1,-1,1,0,0,1,1,1,0,0,0,-1,-1,0,1,0,0,-1,1,1,1,1,0,1,0,1,1,1,1,1,1,1,0,1,0,0,0,1,0,0,0,,1,1,-1,-1,1,-1,-1,1,1,-1,-1,-1,-1,-1,-1,-1,-1,-1,-1,-1,0,0,0,0,0,0,0,,,,0,0,0,0,0,0,0,0,0,0,0,0,0,0,0,0,1,1,-1,-1,1,1,-1,1,1,0,0,0,0,0,0,0,-1,-1,0,0,0,0,0,0,0,0,0,0,0,0,0,0,0,0,0,0,0,0,0,0,0,0,0,0,0,0,0,0,0,0,0,0,0,0,0,0,0,0,0,0,0,0,0,0,0,0,0,0,0,0,0,0,0,0,0,0,0,0,0,0,0,0,0,0,1,0,-1,0,0,0,0,0,-1,0,0,0,0,0,0,0,0,0,0,0,0,0,0,0,0,0,0,0,0,0,0,0,0,54,52,2,15.13,310,49,4
cleanvester_2018,-1,-1,-1,-1,-1,0,0,0,-1,-1,-1,0,0,0,0,1,1,0,-1,-1,1,0,0,0,0,1,1,1,1,1,1,0,0,0,0,0,0,0,1,1,1,0,0,0,0,1,1,1,1,0,0,1,-1,1,1,1,0,0,0,0,0,0,0,0,0,1,1,0,1,1,-1,-1,0,0,-1,0,1,0,0,0,0,1,-1,-1,0,0,-1,-1,0,1,0,1,0,0,0,0,0,0,0,0,0,0,0,-1,0,1,0,0,0,0,0,0,0,0,0,0,0,0,0,0,0,-1,-1,1,1,-1,-1,-1,-1,0,0,-1,-1,1,1,-1,-1,1,1,1,1,1,1,1,-1,1,0,0,0,1,0,1,1,0,0,0,0,0,0,0,0,0,0,0,0,0,0,0,0,0,0,0,1,0,0,1,1,1,1,1,0,0,0,1,1,1,0,1,1,1,0,0,0,0,-1,1,0,0,-1,,0,0,-1,-1,-1,1,-1,-1,-1,-1,-1,-1,-1,-1,-1,0,0,0,0,0,1,0,0,0,0,0,0,,,,0,0,0,0,0,0,0,0,0,0,0,0,0,0,0,0,-1,-1,0,0,-1,-1,-1,-1,1,-1,-1,-1,-1,-1,1,1,0,0,1,1,1,1,1,1,-1,-1,1,0,0,0,-1,1,1,0,1,-1,1,-1,0,1,1,1,-1,-1,0,0,1,1,1,1,1,1,0,1,0,0,1,1,-1,-1,1,1,1,1,1,1,-1,0,1,1,1,1,-1,0,0,0,1,-1,1,1,0,0,0,0,1,0,1,1,1,1,-1,1,1,-1,-1,1,0,0,0,1,,1,1,1,1,-1,-1,-1,1,1,1,0,0,0,1,1,0,116,102,14,32.49,285,73,5
cardinal_2018,-1,-1,-1,-1,-1,0,0,0,-1,-1,-1,-1,-1,-1,-1,1,1,0,1,1,1,1,0,0,0,1,1,0,0,1,1,0,0,0,-1,1,0,0,1,1,1,-1,1,0,0,0,0,0,0,0,0,1,1,1,1,1,1,-1,0,0,-1,-1,0,0,0,1,1,0,0,0,-1,1,0,0,0,0,0,0,0,1,1,-1,-1,-1,-1,0,-1,-1,0,1,1,-1,-1,-1,-1,-1,-1,-1,-1,0,0,0,0,1,0,1,1,1,1,1,0,0,1,1,0,1,1,1,1,1,1,0,0,1,1,0,0,0,0,0,0,-1,0,1,1,0,1,1,1,1,1,1,1,1,1,1,1,1,0,1,-1,-1,-1,0,0,0,0,1,0,1,1,0,0,1,1,1,0,0,0,0,-1,0,1,0,0,0,1,1,1,1,0,1,0,1,1,1,0,1,1,1,0,0,0,0,-1,1,0,0,0,,0,0,-1,-1,-1,-1,1,0,0,0,0,0,0,0,0,0,0,0,0,0,-1,0,0,0,0,0,0,,,,0,0,0,0,0,0,0,0,0,0,0,0,0,0,0,0,0,0,0,0,-1,-1,-1,-1,1,1,1,1,1,1,1,1,-1,-1,1,1,1,1,1,1,-1,-1,1,-1,-1,0,0,-1,-1,1,1,0,0,1,0,0,1,1,-1,-1,-1,-1,1,1,1,1,1,1,-1,0,0,-1,-1,1,1,0,1,1,1,1,1,1,-1,-1,-1,-1,-1,0,0,0,0,1,-1,-1,1,1,0,-1,-1,0,1,-1,1,1,0,1,0,0,1,-1,-1,0,0,0,0,1,0,1,1,1,1,1,1,1,1,1,1,-1,-1,0,1,-1,0,133,124,9,37.25,282,77,4
carbonsul_2018,1,1,1,1,1,0,0,0,1,1,1,1,1,1,1,1,1,-1,1,1,1,1,0,0,0,-1,-1,-1,-1,1,1,0,0,0,1,1,0,0,1,1,1,1,1,0,0,1,1,1,1,0,0,0,0,0,1,0,0,0,0,0,1,1,0,0,0,-1,-1,0,0,0,-1,0,0,0,0,0,0,0,0,1,1,0,-1,-1,0,0,-1,-1,0,1,0,1,0,0,0,0,0,0,0,0,0,0,0,1,0,1,0,0,0,0,0,0,0,0,0,1,1,1,1,-1,0,0,0,1,1,0,0,0,0,0,0,0,0,1,1,0,0,1,1,0,1,1,1,1,0,0,0,1,0,1,0,-1,-1,0,0,0,0,1,0,1,1,0,0,1,1,1,0,0,0,0,0,0,-1,0,0,-1,1,1,1,-1,0,1,0,-1,1,1,0,1,1,1,0,0,0,-1,-1,1,0,0,0,,0,0,-1,-1,-1,-1,-1,1,1,1,1,-1,-1,-1,-1,0,0,0,0,0,0,-1,-1,0,0,0,0,,,,0,0,0,0,0,0,0,0,0,0,0,0,0,0,0,0,-1,-1,0,0,1,-1,-1,-1,1,-1,-1,1,1,1,1,-1,-1,0,1,1,1,1,1,1,0,0,-1,0,0,0,0,-1,-1,1,1,-1,0,1,-1,1,1,0,-1,-1,0,0,1,0,1,1,1,1,-1,0,1,1,-1,1,1,0,1,1,1,1,1,1,0,0,0,0,0,-1,0,0,0,0,0,1,1,1,0,0,-1,0,1,0,1,1,1,-1,0,0,-1,-1,0,0,0,0,-1,1,1,1,1,1,1,0,0,0,1,-1,1,0,0,0,1,0,0,124,110,14,34.73,302,57,4
capro_x_2018,-1,-1,1,1,1,0,0,0,-1,-1,-1,-1,-1,-1,-1,1,1,-1,1,1,1,1,0,0,0,1,1,1,1,1,1,-1,-1,-1,0,1,0,0,1,1,1,1,1,0,0,1,1,1,1,0,0,1,-1,1,1,1,0,0,0,0,-1,-1,0,0,0,1,1,-1,1,1,0,0,0,0,0,0,0,0,0,1,1,1,1,1,0,0,-1,-1,1,1,1,1,0,0,0,0,0,0,0,0,0,0,0,1,1,-1,0,0,0,0,0,0,0,0,0,1,1,1,1,1,1,0,0,1,1,0,0,0,0,0,0,0,0,-1,-1,1,0,1,1,0,0,1,1,1,0,0,0,1,0,1,0,-1,-1,-1,0,0,0,1,0,1,1,0,0,1,1,1,0,0,0,0,0,0,-1,0,0,0,1,1,1,1,0,1,0,1,1,1,0,1,-1,-1,0,0,0,0,0,1,0,0,0,,0,0,-1,-1,-1,1,-1,1,1,1,1,1,1,0,0,0,0,0,0,0,0,0,0,0,0,0,0,,,,0,0,0,0,0,0,0,0,0,0,0,0,0,0,0,0,0,0,0,0,1,-1,1,-1,1,1,1,1,1,1,1,1,1,1,1,1,1,1,1,1,1,1,-1,1,1,0,0,1,1,1,1,1,-1,1,1,1,1,1,-1,-1,0,0,1,-1,1,1,1,1,0,0,-1,1,1,1,1,-1,1,1,1,1,0,1,0,0,1,1,1,1,1,0,1,1,0,0,1,1,0,0,0,0,0,1,1,0,1,1,1,1,0,,0,1,0,0,0,1,,1,1,1,1,0,0,0,1,1,1,1,0,0,1,0,0,155,139,16,43.42,316,41,6
cadeion_2018,-1,-1,-1,-1,-1,-1,-1,-1,0,0,0,0,0,0,0,-1,-1,0,-1,-1,1,-1,0,0,0,1,1,0,0,-1,-1,0,0,0,0,1,0,0,1,1,,1,1,0,0,0,0,0,0,0,0,0,1,0,1,1,0,-1,0,0,0,0,-1,0,0,1,1,0,1,1,1,1,-1,0,1,-1,-1,0,0,-1,0,0,0,0,0,0,0,0,0,1,0,0,0,0,0,0,0,0,0,0,0,0,0,1,0,0,0,0,0,0,0,0,0,0,0,0,0,0,0,0,0,0,0,0,0,0,0,0,0,0,0,0,0,-1,-1,0,0,0,0,0,0,0,0,0,0,0,0,1,0,1,0,-1,-1,0,0,0,0,1,0,1,1,0,0,1,1,1,0,0,0,0,0,0,-1,0,0,0,1,1,-1,1,0,1,0,1,1,1,0,1,1,1,0,0,0,0,0,1,0,0,0,,-1,-1,-1,-1,1,1,-1,1,1,-1,-1,-1,-1,-1,-1,-1,-1,-1,-1,-1,-1,-1,-1,0,0,0,-1,,,,0,0,0,0,0,0,0,0,0,0,0,0,0,0,0,0,1,1,-1,-1,1,-1,1,-1,1,0,0,1,1,1,1,1,0,0,1,1,1,1,1,1,0,0,1,0,0,0,1,1,1,1,1,1,0,0,0,0,0,0,1,1,0,0,-1,-1,1,-1,-1,-1,-1,0,0,0,0,0,0,0,-1,1,0,0,0,0,0,0,0,0,0,0,0,0,0,0,0,0,0,0,0,0,0,0,0,-1,0,1,1,0,0,0,0,0,0,0,0,0,0,0,0,0,0,0,0,0,0,0,0,0,0,0,0,0,0,0,0,72,67,5,20.17,299,59,5
bt_solar_hydrogen_energy_2018,-1,-1,0,0,0,0,0,0,0,0,0,0,0,0,0,1,1,0,-1,-1,1,-1,-1,-1,0,-1,-1,0,0,0,0,0,0,0,0,-1,0,0,0,-1,0,-1,0,0,0,0,0,0,0,0,0,0,0,-1,0,0,0,0,0,0,0,0,0,0,0,0,0,0,0,0,0,-1,-1,-1,0,0,0,0,0,0,0,0,0,0,0,0,0,0,0,0,0,0,0,0,0,0,0,0,0,0,0,0,0,0,0,0,0,0,0,0,0,0,0,0,0,0,0,0,0,0,0,0,0,0,0,0,0,0,0,0,0,0,0,0,0,0,0,0,0,0,0,0,0,0,0,0,0,0,0,0,0,-1,-1,0,0,0,0,0,0,0,0,0,0,0,0,0,0,0,0,0,0,0,1,0,-1,-1,-1,-1,-1,-1,0,-1,-1,-1,-1,-1,0,-1,-1,-1,0,0,0,0,-1,-1,0,0,0,-1,-1,-1,-1,-1,-1,-1,-1,0,0,0,0,0,0,0,0,-1,-1,-1,-1,-1,1,0,0,0,0,-1,0,,,,0,0,0,0,0,0,0,0,0,0,0,0,0,0,0,0,0,0,0,0,-1,-1,-1,-1,0,0,0,0,0,0,0,0,0,0,0,0,0,0,0,0,0,0,-1,0,0,0,0,0,0,0,-1,1,-1,0,0,0,1,-1,0,0,0,0,1,-1,0,0,0,0,0,0,-1,1,0,0,0,0,0,0,0,-1,0,-1,0,0,0,0,0,0,0,0,0,0,0,-1,0,-1,0,0,0,0,0,0,0,0,0,-1,0,0,0,0,0,0,0,0,0,0,0,-1,-1,0,1,0,0,0,0,0,0,0,0,0,0,0,0,10,9,1,2.8,295,65,3
brimes_energy_2018,-1,-1,-1,-1,-1,-1,-1,-1,0,0,0,0,0,0,0,1,1,0,1,1,1,1,0,0,0,0,0,-1,-1,1,1,0,0,0,0,0,0,0,0,0,1,1,-1,0,0,-1,-1,-1,0,0,0,0,1,0,1,0,0,0,1,1,1,0,1,0,0,0,0,0,0,0,0,0,0,0,0,0,0,0,0,0,0,0,0,0,0,0,0,0,0,1,0,0,,1,1,1,-1,-1,-1,-1,-1,-1,-1,1,0,1,0,0,0,0,0,0,0,0,0,-1,-1,-1,-1,0,0,0,0,1,1,0,0,0,0,0,0,0,0,1,1,0,1,1,1,1,1,1,1,1,0,-1,0,1,0,0,0,0,0,0,0,-1,0,1,0,1,1,0,0,0,1,1,-1,-1,0,0,-1,0,-1,0,0,-1,-1,-1,1,-1,0,-1,0,-1,-1,-1,0,-1,-1,-1,0,0,0,0,0,-1,0,0,0,,1,1,-1,-1,-1,-1,-1,-1,-1,-1,-1,-1,-1,0,0,-1,-1,-1,-1,-1,1,1,1,-1,0,0,0,,,,0,0,,0,0,0,0,0,0,0,0,0,0,0,,0,-1,-1,1,1,-1,-1,-1,-1,1,-1,-1,0,0,0,0,0,1,0,0,0,0,1,1,1,0,0,1,0,0,0,0,0,0,0,1,1,1,0,0,-1,1,0,1,1,0,0,-1,-1,-1,-1,-1,-1,-1,0,0,-1,0,0,1,-1,1,1,-1,1,0,1,-1,1,0,0,0,0,-1,0,0,1,0,0,0,1,1,0,0,0,0,0,0,0,0,-1,0,0,0,1,1,1,-1,-1,0,1,-1,-1,-1,1,1,1,1,1,0,0,0,-1,0,0,0,0,0,78,67,11,21.85,268,88,7
biological_energy_2018,-1,-1,-1,-1,-1,0,0,0,0,0,0,0,0,0,0,1,1,0,-1,-1,1,1,-1,-1,1,1,1,-1,-1,0,0,0,0,0,0,0,0,0,1,1,,1,1,0,0,0,0,0,0,0,0,0,1,0,1,0,0,0,0,0,-1,0,0,,,-1,-1,0,0,0,1,0,0,0,0,0,-1,0,0,-1,1,0,-1,-1,-1,-1,-1,-1,-1,1,-1,1,-1,-1,-1,-1,-1,-1,-1,-1,-1,-1,-1,1,-1,1,0,0,0,0,0,,,,0,1,1,1,1,0,0,0,0,1,1,1,1,0,0,1,1,0,0,0,0,0,0,1,1,0,0,0,0,0,1,0,0,1,1,1,1,1,1,1,0,0,0,1,0,1,1,0,0,0,0,0,0,0,0,1,1,0,1,0,0,1,1,1,1,1,0,1,1,1,1,1,1,1,1,1,0,0,0,0,1,1,1,1,1,1,-1,-1,-1,-1,1,1,1,-1,-1,-1,-1,1,1,1,1,-1,-1,-1,-1,-1,1,-1,-1,0,0,0,-1,,,,0,0,0,0,0,0,0,0,0,0,0,0,0,0,,0,-1,-1,-1,-1,1,1,-1,-1,1,1,1,0,0,0,0,1,1,1,1,1,1,-1,-1,-1,0,0,1,0,0,0,0,0,0,0,1,1,1,0,0,0,1,1,0,0,0,0,1,-1,1,0,0,0,0,0,1,,1,0,1,1,1,0,0,0,0,1,0,0,0,0,0,0,0,0,0,0,1,1,0,1,1,1,1,1,1,0,1,0,0,0,0,0,0,0,0,1,1,0,1,1,0,1,1,1,1,0,0,0,0,1,1,1,0,0,0,0,0,118,102,16,33.05,290,62,11
atlas_power_systems_2018,-1,-1,1,1,1,-1,-1,-1,-1,-1,-1,-1,-1,-1,-1,1,1,1,1,1,1,1,0,0,0,1,1,1,1,1,1,0,0,0,0,0,0,0,1,1,1,1,0,0,0,1,1,-1,0,0,0,0,0,0,1,1,0,0,0,0,-1,-1,0,0,0,1,1,0,0,0,0,0,0,0,-1,0,-1,0,0,1,1,1,-1,-1,1,1,1,1,1,1,0,1,0,0,0,0,0,0,0,0,0,0,0,1,-1,1,0,0,0,0,0,0,0,0,0,0,0,0,0,1,1,0,0,1,1,0,0,0,0,0,0,0,0,1,1,0,0,1,1,0,1,1,1,1,0,0,0,0,0,1,0,1,1,0,0,0,0,0,0,0,0,0,0,-1,-1,0,0,0,0,0,0,0,1,0,0,1,1,1,1,1,0,0,0,1,1,1,0,1,1,1,0,0,0,0,0,1,0,0,0,,0,0,-1,-1,-1,-1,-1,0,0,0,0,0,0,0,0,1,1,0,0,0,1,-1,-1,0,0,0,0,,,,0,0,0,0,0,0,0,0,0,0,0,0,0,0,,0,1,1,0,0,1,-1,-1,-1,1,-1,-1,-1,-1,-1,-1,-1,0,0,1,1,1,1,0,0,0,0,1,0,0,0,1,1,1,1,1,0,1,0,0,1,1,1,1,1,-1,0,1,0,0,-1,-1,-1,1,0,-1,0,0,1,1,0,1,0,-1,0,0,1,0,0,1,1,1,-1,0,0,-1,1,,1,1,-1,0,0,0,0,-1,1,-1,-1,0,1,,,-1,1,1,1,0,0,0,1,,0,0,1,1,1,1,1,0,0,0,0,-1,0,1,1,0,114,101,13,31.93,301,53,9
aquova_inc_2018,-1,-1,-1,-1,-1,-1,-1,-1,1,1,1,1,1,1,1,1,1,0,0,0,1,-1,-1,-1,0,1,-1,0,0,1,1,0,0,-1,0,-1,0,0,0,0,1,1,0,0,-1,1,1,1,1,0,0,1,0,0,1,0,0,0,0,0,1,-1,0,0,0,1,1,-1,0,0,0,1,0,0,0,0,0,0,0,1,0,0,-1,-1,0,0,0,0,0,1,1,0,-1,-1,-1,-1,0,0,0,0,0,0,0,0,0,1,0,0,0,0,0,0,0,0,0,0,0,0,0,0,0,0,0,1,1,0,0,0,0,0,0,0,0,1,1,0,1,1,1,1,0,1,1,1,0,1,0,1,0,0,0,0,0,0,0,0,0,1,0,1,0,0,0,0,1,1,0,0,0,0,0,0,1,1,0,1,0,0,1,1,0,0,0,1,0,0,0,0,1,1,0,0,0,0,1,0,0,0,1,,1,1,-1,-1,-1,-1,-1,0,0,-1,-1,1,1,0,0,0,0,-1,-1,-1,1,0,0,0,0,0,0,,,,0,0,,0,0,0,0,0,0,0,0,0,0,0,0,0,0,0,-1,-1,-1,-1,-1,-1,1,0,0,0,0,0,1,0,1,1,1,1,1,1,-1,-1,-1,-1,-1,0,0,0,0,0,0,-1,1,0,0,0,0,1,1,0,1,1,0,0,1,0,1,1,1,1,0,0,1,0,1,1,0,1,1,1,1,1,0,1,1,0,-1,-1,-1,0,0,0,0,1,1,1,1,-1,0,0,0,0,0,0,0,1,1,0,0,0,0,1,0,0,0,0,0,0,0,1,1,1,1,-1,-1,-1,0,0,0,1,0,0,1,0,0,102,89,13,28.57,306,52,5
aquaring_energy_2018,-1,-1,-1,-1,-1,0,0,0,-1,-1,-1,-1,-1,-1,-1,1,1,1,-1,-1,1,1,0,0,0,1,1,0,0,1,1,1,-1,-1,0,0,0,0,1,1,1,1,1,0,0,1,1,1,,0,0,1,0,1,1,1,-1,0,0,0,-1,-1,0,0,0,0,0,0,1,1,1,0,0,-1,1,0,-1,0,0,1,-1,1,-1,-1,0,0,1,1,0,0,-1,0,0,0,0,0,0,0,0,0,0,0,0,0,0,1,0,0,-1,-1,0,0,0,0,0,1,1,1,1,1,1,-1,-1,1,1,0,0,0,0,0,0,0,0,1,1,0,0,1,1,0,1,1,1,1,0,0,0,0,0,1,0,1,1,0,0,0,0,0,0,0,0,0,0,0,0,0,0,0,0,0,0,0,1,0,0,1,1,1,1,1,0,1,0,1,1,1,0,1,1,1,0,0,0,0,0,0,0,0,0,,-1,-1,-1,-1,-1,1,-1,-1,-1,-1,-1,0,0,0,0,0,0,-1,-1,-1,0,0,0,0,0,0,0,,,,0,0,0,0,0,0,0,0,0,0,0,0,0,0,0,0,-1,-1,0,0,1,-1,-1,1,1,1,1,1,1,1,1,1,0,0,1,1,1,1,1,1,0,0,1,0,0,0,1,1,1,1,1,1,0,1,1,1,1,0,1,1,0,0,1,0,1,1,1,1,0,0,0,0,0,1,1,1,-1,-1,1,0,0,1,0,0,0,0,0,0,0,0,1,-1,0,1,1,1,0,0,0,0,0,0,-1,1,1,1,0,1,1,0,0,1,1,1,0,1,1,1,1,1,1,1,1,1,1,1,1,0,0,0,1,1,-1,129,114,15,36.13,307,51,5
aquagen_infrastructure_systems_2018,-1,-1,-1,-1,-1,0,0,0,0,0,0,0,0,0,0,-1,-1,0,0,0,0,0,0,0,0,0,0,0,0,1,1,0,0,0,0,0,0,0,0,-1,0,1,0,0,0,1,1,1,0,0,0,0,0,0,0,0,0,0,0,0,0,0,0,0,0,0,0,0,0,0,0,0,0,0,0,0,0,0,0,1,0,0,-1,-1,0,0,1,1,-1,1,0,1,0,0,0,0,0,0,0,0,0,0,0,1,1,1,0,0,0,0,0,0,0,0,0,0,0,0,0,0,0,0,0,-1,-1,0,0,0,0,0,0,0,0,0,0,0,0,0,0,0,0,0,0,0,0,0,0,-1,0,0,0,1,1,0,0,0,0,0,0,0,0,0,0,0,0,0,0,0,0,0,0,0,0,0,0,0,0,0,0,0,0,0,0,0,0,0,0,0,0,0,0,0,0,0,0,0,0,0,0,,0,0,-1,-1,-1,-1,-1,0,0,0,0,0,0,0,0,0,0,0,0,0,0,0,0,0,0,0,0,,,,0,0,0,0,0,0,0,0,0,0,0,0,0,0,0,0,-1,-1,0,0,-1,-1,-1,-1,1,0,0,0,0,0,0,0,0,0,-1,-1,-1,0,0,0,0,0,0,0,0,0,0,0,0,0,0,0,0,0,0,1,-1,0,0,0,0,0,1,-1,-1,0,0,0,0,0,0,0,0,-1,0,-1,0,0,1,-1,0,1,0,0,0,0,0,0,-1,-1,0,0,0,1,-1,0,-1,0,0,0,0,0,-1,0,-1,1,0,0,0,-1,0,-1,0,-1,0,0,0,0,0,-1,-1,0,0,0,0,0,0,0,0,0,0,0,0,23,19,4,6.44,314,45,4
aquadynamics_2018,-1,-1,-1,-1,-1,0,0,0,-1,-1,-1,0,0,0,0,1,1,0,1,1,1,1,0,0,0,0,0,0,0,1,1,-1,-1,-1,-1,-1,0,0,0,0,0,-1,-1,0,0,0,0,0,0,0,0,0,-1,0,1,0,0,0,0,0,-1,0,0,0,0,-1,-1,0,0,0,0,0,-1,0,0,0,0,0,0,0,0,0,0,0,0,0,0,0,0,0,0,0,0,0,0,0,0,0,0,0,0,0,0,0,0,0,0,0,0,0,0,0,0,0,0,0,0,0,0,0,0,0,0,0,0,0,0,0,0,0,0,0,0,0,0,0,0,0,0,0,0,0,0,0,0,0,0,1,0,0,0,0,0,0,0,0,0,1,0,-1,-1,-1,-1,-1,1,1,0,0,1,0,0,0,0,0,0,0,1,0,1,0,0,0,0,0,0,0,0,0,0,0,0,0,0,0,0,0,0,0,0,,-1,-1,-1,-1,-1,-1,-1,0,0,-1,-1,0,0,-1,-1,0,0,-1,-1,-1,1,0,0,0,0,0,-1,,,,0,0,0,0,0,0,0,0,0,0,0,0,0,0,0,0,-1,-1,-1,-1,-1,-1,-1,-1,1,0,0,0,0,0,1,0,1,0,1,1,1,1,0,0,0,0,0,0,0,1,0,0,0,0,1,1,1,0,0,0,1,0,0,0,0,0,1,1,1,1,1,1,1,0,0,-1,-1,0,1,0,0,0,0,0,0,1,0,0,0,0,0,0,0,0,0,-1,-1,-1,0,1,0,0,0,-1,0,0,-1,0,0,0,0,0,0,0,0,-1,-1,-1,-1,0,0,0,0,0,0,0,0,0,0,0,0,0,0,0,0,0,0,39,35,4,10.92,300,59,4
aquabytes_2018,-1,-1,-1,-1,-1,,,,-1,-1,-1,-1,-1,-1,-1,1,1,1,-1,-1,0,1,0,0,0,1,1,1,1,1,1,0,0,0,0,0,0,0,1,1,1,1,0,0,0,1,1,1,,0,0,1,0,1,1,1,0,0,0,0,0,0,0,0,0,0,0,0,1,1,1,0,0,0,0,0,1,1,-1,0,0,0,0,0,0,0,-1,-1,0,,0,-1,0,0,0,0,0,0,0,0,0,0,0,1,0,1,0,0,0,0,0,0,0,0,0,1,1,1,1,1,1,0,0,1,1,0,0,0,0,0,0,0,0,1,1,0,0,1,1,0,1,1,1,1,0,0,0,0,0,1,0,1,1,0,0,0,0,0,0,0,0,0,0,0,0,0,0,0,0,0,0,0,1,0,0,1,1,1,1,1,0,1,0,1,1,1,0,1,1,1,0,0,0,0,0,0,0,0,0,,0,0,-1,-1,-1,-1,-1,-1,-1,0,0,0,0,0,0,0,0,0,0,0,0,0,0,0,0,0,0,,,,0,0,0,0,0,0,0,0,0,0,0,0,0,0,0,0,0,0,0,0,-1,-1,-1,-1,1,1,1,1,1,1,1,-1,0,0,1,1,1,1,0,0,0,0,1,0,0,0,1,1,1,-1,1,1,0,1,1,1,1,0,1,1,0,0,1,0,1,1,1,1,0,0,1,0,1,1,1,0,1,1,1,0,0,1,0,0,0,0,0,0,0,0,0,0,0,0,1,0,0,0,0,0,0,0,0,1,0,1,1,1,1,0,0,1,0,0,0,1,1,1,1,1,-1,-1,-1,-1,1,0,1,0,0,-1,1,0,0,111,98,13,31.09,318,36,9
aestus_inc_2018,1,1,1,1,1,0,0,0,-1,-1,-1,-1,-1,-1,-1,-1,-1,-1,-1,-1,1,0,0,0,0,1,1,0,0,1,1,0,0,0,0,0,0,0,-1,-1,,1,0,0,0,1,1,1,1,0,0,1,0,1,1,1,1,0,0,0,-1,0,0,0,0,0,0,0,-1,-1,1,0,0,0,0,0,1,1,0,1,1,0,0,0,0,0,-1,-1,0,1,0,1,0,0,0,0,0,0,0,0,0,0,0,1,0,1,0,0,0,0,0,0,0,0,0,1,1,1,1,1,1,0,0,1,1,0,0,0,0,0,0,0,0,-1,-1,0,0,1,1,1,1,1,1,1,1,1,0,0,0,1,0,1,1,0,0,0,0,0,0,0,0,0,0,0,0,0,0,0,0,0,0,0,1,0,0,1,1,1,1,1,0,1,0,1,1,1,0,1,1,1,0,0,0,0,0,0,0,0,0,,0,0,-1,-1,-1,-1,-1,0,0,0,0,0,0,1,1,-1,-1,0,0,0,0,0,0,0,0,0,0,,,,0,0,0,0,0,0,0,0,,0,0,0,0,0,0,0,1,1,-1,-1,-1,-1,-1,-1,1,1,1,1,1,1,1,1,1,0,1,1,1,1,0,0,0,0,0,1,1,0,0,1,1,1,1,1,-1,0,0,1,1,0,0,0,0,0,1,-1,1,1,1,1,1,0,-1,1,,1,1,-1,1,1,1,0,0,1,0,0,1,1,1,0,0,0,1,0,0,-1,1,1,-1,0,0,0,0,0,0,1,1,1,0,1,1,1,0,1,0,0,0,0,0,1,1,1,1,1,1,1,1,1,0,0,0,0,-1,-1,1,124,110,14,34.73,314,42,7
aircrew_technologies_inc_2018,-1,-1,0,0,0,0,0,0,-1,-1,-1,0,0,0,0,1,1,-1,-1,-1,0,0,0,0,-1,-1,-1,-1,-1,1,1,0,0,0,0,0,0,0,-1,-1,0,1,1,0,0,1,1,1,1,0,0,-1,0,-1,1,-1,0,0,0,0,-1,-1,0,0,0,0,0,1,-1,-1,0,0,0,0,0,0,0,0,0,-1,0,-1,-1,-1,0,0,0,0,0,-1,0,0,-1,-1,-1,-1,-1,-1,-1,0,0,0,0,-1,0,1,0,0,0,0,0,0,0,0,0,0,0,0,0,0,0,0,0,1,1,0,0,0,0,0,0,0,0,1,1,0,0,0,0,0,0,1,1,1,0,0,0,1,0,1,0,-1,-1,-1,0,0,0,1,0,1,-1,0,0,1,1,1,0,0,0,0,-1,-1,1,0,0,-1,-1,-1,1,-1,0,-1,-1,0,-1,-1,0,-1,-1,-1,0,0,0,0,0,-1,0,0,0,0,-1,-1,-1,-1,-1,-1,-1,1,1,-1,-1,1,1,-1,-1,-1,-1,-1,-1,-1,0,0,0,-1,0,-1,-1,,,,0,0,0,0,0,0,0,0,0,0,0,0,0,0,0,0,1,1,-1,-1,1,-1,-1,-1,1,-1,-1,0,0,0,-1,1,1,0,1,1,1,1,1,1,-1,-1,1,0,0,0,0,1,1,1,1,-1,-1,1,-1,1,1,0,-1,-1,0,0,1,-1,-1,-1,-1,-1,-1,0,1,1,0,-1,0,0,0,0,1,1,0,1,0,0,0,0,0,0,0,0,-1,0,0,1,0,1,0,0,-1,0,-1,0,-1,0,-1,-1,0,-1,-1,1,-1,1,-1,1,-1,0,0,0,0,1,0,-1,-1,-1,1,0,0,0,-1,-1,0,-1,0,66,56,10,18.49,249,111,3
aelios_technology_2018,-1,-1,-1,-1,-1,,1,1,0,0,0,0,0,0,0,1,1,0,1,1,0,-1,-1,-1,0,0,0,0,0,1,1,-1,0,-1,0,-1,0,0,-1,0,-1,1,1,0,0,-1,-1,-1,-1,0,0,0,-1,0,1,0,0,0,-1,-1,1,0,-1,0,0,1,1,-1,-1,-1,-1,1,,0,0,0,-1,0,0,0,0,0,0,0,1,0,-1,-1,0,1,0,0,-1,-1,-1,-1,0,0,0,0,0,0,0,1,1,1,0,0,0,0,0,0,0,0,0,0,0,0,0,0,0,0,0,1,1,0,0,0,0,0,0,0,0,1,1,0,0,-1,-1,0,0,1,1,1,0,-1,0,1,0,-1,0,-1,-1,0,0,-1,0,-1,0,-1,1,0,0,0,-1,-1,0,0,0,0,0,0,-1,0,0,-1,-1,-1,1,-1,0,-1,0,-1,-1,-1,0,-1,-1,-1,0,0,0,0,-1,-1,0,0,1,,1,1,-1,-1,-1,-1,-1,1,1,1,1,1,1,1,1,-1,-1,-1,-1,-1,-1,-1,-1,0,0,0,0,,,,0,0,0,0,0,0,0,0,0,0,0,0,0,0,,0,0,0,-1,-1,-1,-1,-1,-1,1,0,0,-1,-1,-1,-1,0,1,0,1,1,1,1,1,1,0,0,1,0,0,0,1,0,0,0,1,1,1,0,0,-1,1,0,1,1,0,0,1,-1,1,1,1,1,0,0,0,1,-1,0,-1,0,1,1,-1,1,0,1,0,-1,0,0,0,0,-1,-1,0,-1,-1,1,0,1,0,-1,-1,1,1,0,0,0,-1,0,-1,0,0,-1,-1,0,1,-1,1,0,-1,0,0,1,1,-1,-1,-1,-1,0,0,-1,0,-1,0,0,0,75,67,8,21.01,252,104,7
acoustic_diagnostic_systems_2018,-1,-1,-1,-1,-1,0,0,0,-1,-1,-1,-1,-1,-1,-1,-1,-1,0,0,0,1,1,0,0,0,-1,1,1,1,1,1,-1,0,0,-1,-1,0,0,1,-1,1,1,-1,0,0,1,1,1,1,0,0,1,0,1,1,1,0,0,0,0,1,-1,0,0,0,1,1,0,1,1,1,-1,0,0,0,0,0,-1,0,-1,-1,-1,-1,-1,1,-1,-1,-1,0,1,-1,-1,-1,-1,-1,-1,0,0,0,0,0,0,0,1,0,1,0,0,0,0,0,0,0,0,0,-1,-1,-1,-1,-1,-1,0,0,1,1,0,0,0,0,0,0,0,0,0,0,1,0,1,1,0,0,1,1,1,-1,0,0,1,0,-1,0,-1,-1,-1,0,0,0,1,0,1,1,0,0,1,1,1,0,0,0,0,0,0,1,0,0,-1,1,1,1,1,0,1,0,1,1,1,0,1,1,1,0,0,0,0,0,1,0,0,0,,0,0,-1,-1,-1,1,-1,-1,-1,-1,-1,-1,-1,-1,-1,-1,-1,0,0,0,0,0,0,0,0,0,0,,,,0,0,,0,0,0,0,0,0,0,0,0,0,0,,0,0,0,0,0,1,-1,-1,1,1,1,1,1,1,1,1,-1,-1,-1,1,1,1,1,1,1,1,1,1,1,1,0,1,1,1,1,1,1,-1,1,1,1,1,-1,1,1,0,0,1,0,1,1,1,1,0,0,-1,1,1,1,1,-1,1,1,1,1,-1,1,-1,-1,1,1,1,1,1,0,1,1,-1,0,1,1,0,-1,-1,0,-1,1,1,1,1,1,1,1,0,1,-1,-1,0,-1,0,1,1,-1,-1,1,1,0,0,0,1,1,1,1,0,0,1,0,0,129,113,16,36.13,273,84,6
aclarity_2018,-1,-1,1,1,1,-1,-1,-1,1,1,1,-1,-1,-1,-1,1,1,0,-1,-1,1,-1,0,0,0,1,1,0,0,1,1,-1,-1,-1,0,1,-1,0,1,1,1,1,1,-1,0,1,1,1,1,0,0,1,1,1,1,1,-1,-1,0,0,1,1,0,0,0,1,1,0,1,1,1,0,-1,0,0,0,0,0,-1,1,1,1,-1,-1,1,0,-1,-1,0,1,-1,0,0,0,0,0,0,0,0,0,0,0,0,1,1,1,0,0,-1,-1,-1,0,0,0,0,1,1,1,1,1,1,0,0,1,1,0,0,0,0,0,0,0,0,1,1,0,0,1,1,1,1,1,1,1,0,0,0,1,0,1,0,0,0,0,0,0,0,1,0,1,1,0,0,1,1,1,0,0,0,0,0,0,1,0,0,0,1,1,1,1,0,1,0,1,1,1,0,1,1,1,0,0,0,0,0,1,0,0,0,,0,0,-1,-1,-1,-1,-1,1,1,-1,-1,1,1,1,1,0,0,0,0,0,0,0,0,0,0,0,-1,,,,0,0,0,0,0,0,0,0,0,0,0,0,0,0,0,0,-1,-1,0,0,1,-1,-1,1,1,1,1,1,1,1,1,1,-1,0,1,1,1,1,-1,-1,0,0,1,0,0,0,1,-1,-1,1,1,1,0,1,0,1,1,1,1,1,0,0,1,-1,1,1,1,1,0,1,-1,1,1,1,1,-1,1,1,1,1,0,1,0,0,1,1,1,0,1,0,1,1,1,1,1,1,0,0,0,0,0,0,1,1,0,1,1,1,1,1,0,1,0,0,-1,1,,1,1,1,1,1,1,1,1,-1,-1,0,0,0,1,1,0,156,140,16,43.7,306,52,5
14bis_supply_tracking_2018,-1,-1,1,1,1,-1,-1,-1,0,0,0,0,0,0,0,1,1,-1,1,1,0,0,-1,-1,0,-1,-1,-1,-1,1,1,0,0,0,0,0,0,0,-1,-1,-1,1,1,0,0,1,1,1,-1,0,0,0,1,0,1,0,0,0,1,1,1,0,-1,0,0,1,1,0,0,0,-1,1,-1,-1,-1,0,0,0,0,0,0,0,-1,-1,1,0,-1,-1,0,-1,0,-1,-1,-1,-1,-1,-1,-1,-1,-1,-1,-1,-1,1,1,1,0,0,0,0,0,0,0,0,0,0,0,0,0,0,0,0,0,1,1,0,0,0,0,0,0,0,0,0,0,0,0,0,0,1,0,0,0,0,0,0,0,1,1,-1,1,1,0,0,0,1,0,1,0,1,1,0,0,0,0,1,-1,-1,1,0,1,0,-1,0,0,-1,-1,-1,1,1,0,-1,0,1,0,1,-1,1,1,-1,-1,1,0,0,-1,1,1,1,1,1,1,1,-1,-1,-1,-1,-1,-1,-1,1,1,0,0,-1,-1,-1,-1,,1,1,1,-1,-1,0,0,0,0,,,,0,0,0,0,0,0,0,0,0,0,0,0,0,0,0,0,1,1,1,1,-1,-1,-1,-1,1,-1,-1,1,1,1,-1,-1,1,-1,-1,-1,-1,1,1,1,0,0,1,0,0,0,0,0,0,-1,1,1,-1,0,0,1,1,0,0,0,0,0,1,-1,1,-1,-1,-1,-1,0,0,1,1,0,1,0,-1,1,0,-1,0,1,0,1,0,0,0,0,1,0,0,0,1,1,0,1,-1,-1,0,0,1,0,-1,0,-1,0,1,0,0,0,1,-1,-1,-1,1,0,-1,0,0,0,0,0,0,0,0,0,0,0,0,1,0,0,0,93,77,16,26.05,267,92,4
asoleyo_architectural_solar_2020,-1,-1,-1,-1,-1,-1,-1,-1,-1,-1,-1,,,,,-1,-1,-1,-1,-1,-1,0,0,0,0,-1,-1,-1,-1,-1,-1,0,-1,0,0,0,0,0,-1,-1,-1,1,1,0,0,-1,1,0,-1,0,0,0,0,0,-1,-1,0,0,0,0,0,0,0,0,0,-1,-1,0,0,0,-1,1,0,0,0,0,1,0,0,0,1,0,-1,-1,0,0,0,0,0,1,1,0,-1,-1,-1,-1,0,0,0,0,0,0,0,1,-1,0,0,0,0,0,0,0,0,0,0,0,0,0,0,0,0,0,0,0,0,0,0,0,0,0,0,0,0,0,0,0,0,0,0,0,0,0,0,0,0,0,0,-1,0,1,0,1,1,0,0,-1,0,-1,0,1,-1,0,0,0,-1,-1,0,0,0,0,0,0,1,0,0,1,1,1,1,1,0,1,0,1,1,1,0,1,1,1,0,-1,0,0,-1,1,0,0,1,-1,1,1,-1,-1,-1,-1,-1,-1,-1,-1,-1,1,1,0,0,-1,-1,-1,-1,-1,1,0,0,0,0,1,-1,,,,0,0,0,0,0,0,0,0,0,0,0,0,0,0,0,0,-1,-1,1,1,1,-1,-1,-1,1,1,1,0,0,0,0,0,1,1,0,0,0,1,0,0,0,0,0,0,0,1,0,1,1,1,1,0,0,0,0,1,1,0,0,0,0,0,1,1,1,1,1,1,0,1,1,0,1,0,1,1,1,1,1,0,0,1,1,1,1,1,1,0,0,0,0,1,1,0,0,1,1,0,0,0,1,1,0,1,0,0,0,0,1,1,1,1,1,1,0,0,0,0,0,0,0,0,0,0,0,0,0,0,0,0,0,0,0,83,67,16,23.25,286,70,7
land_maverick_llc_2020,-1,-1,-1,-1,-1,,1,1,0,0,0,,,,,1,1,0,-1,-1,0,1,0,0,0,0,0,0,0,1,1,-1,0,1,0,1,0,0,1,1,1,1,0,0,0,0,0,0,0,0,1,0,1,0,-1,0,0,0,1,1,0,0,1,1,1,1,1,0,0,0,1,1,1,0,0,0,-1,0,0,0,0,0,0,0,1,0,-1,-1,0,1,0,0,-1,-1,-1,-1,0,0,0,0,0,0,0,1,1,-1,0,0,0,0,0,0,0,0,0,-1,-1,-1,-1,0,0,0,0,-1,-1,0,0,0,0,0,0,0,0,-1,-1,0,0,0,0,0,0,1,1,1,0,0,-1,1,0,0,0,0,0,0,0,0,0,1,0,1,0,0,0,0,0,0,0,0,0,0,0,0,-1,0,0,-1,-1,-1,1,-1,0,-1,0,-1,-1,-1,0,-1,-1,-1,0,0,0,0,-1,-1,0,0,0,,0,0,-1,-1,-1,-1,1,-1,-1,0,0,0,0,0,0,-1,-1,0,0,0,1,-1,-1,0,0,0,0,,,,0,0,0,0,0,0,0,0,0,0,0,0,0,0,,0,0,0,0,0,1,-1,-1,-1,1,0,0,1,1,1,0,0,1,-1,1,1,1,1,0,0,0,0,0,0,0,0,0,0,0,0,1,1,-1,0,0,0,0,0,0,0,0,0,1,1,1,1,1,1,1,1,0,1,1,0,1,0,-1,0,-1,0,0,0,-1,0,0,0,0,0,0,1,0,0,0,0,0,0,0,0,0,0,1,0,0,-1,0,0,0,0,0,1,1,0,1,1,0,-1,-1,-1,-1,0,0,0,0,0,0,0,0,0,0,1,0,0,0,68,55,13,19.05,290,63,10
human_dynamics_2020,-1,-1,-1,-1,-1,0,0,0,-1,-1,-1,,,,,-1,-1,0,-1,-1,0,-1,0,0,0,0,0,0,0,1,1,0,0,0,0,0,-1,0,1,0,-1,1,-1,0,0,0,0,0,0,0,0,0,0,0,1,-1,0,0,0,0,0,0,-1,-1,-1,0,0,0,0,0,-1,0,-1,0,0,-1,0,0,0,0,1,0,-1,-1,-1,-1,0,0,0,0,0,0,-1,-1,-1,-1,-1,-1,-1,0,0,0,0,1,0,1,0,0,0,0,0,0,0,0,0,0,0,0,0,0,0,-1,-1,1,1,0,0,0,0,0,0,0,0,-1,-1,0,0,1,1,0,0,1,1,1,0,0,0,1,0,0,0,1,1,0,0,0,0,1,0,1,1,-1,0,0,1,-1,0,0,0,0,0,0,1,0,0,1,1,1,1,1,0,1,0,1,1,1,0,1,1,1,0,0,0,0,1,1,0,0,-1,-1,-1,-1,-1,-1,-1,-1,-1,1,1,-1,-1,0,0,0,0,-1,-1,-1,-1,-1,0,0,0,0,0,0,0,,,,0,0,0,0,0,0,0,0,0,0,0,0,0,0,0,0,-1,-1,-1,-1,1,-1,-1,-1,-1,-1,-1,-1,-1,-1,0,0,1,-1,-1,-1,-1,1,1,1,0,0,0,0,0,0,0,0,0,0,-1,0,0,0,0,0,-1,0,0,0,0,0,1,0,1,1,1,1,0,0,-1,-1,1,-1,-1,-1,1,-1,0,1,0,1,0,-1,0,0,0,0,0,0,-1,-1,-1,-1,0,-1,-1,0,-1,0,-1,0,-1,-1,0,0,0,0,0,1,-1,1,-1,-1,0,1,-1,0,0,1,-1,0,0,0,0,0,0,0,-1,-1,-1,0,0,57,49,8,15.97,256,100,7
umlauf_2020,-1,-1,-1,-1,-1,0,0,0,-1,-1,-1,,,,,1,1,0,1,1,1,0,0,0,0,0,0,0,0,1,1,1,0,1,0,0,0,0,0,0,0,0,1,0,0,-1,-1,-1,0,0,0,0,0,0,1,0,0,0,0,0,0,0,0,0,0,,,0,0,0,1,,0,0,1,0,0,0,0,0,0,0,0,0,0,0,0,0,0,1,0,0,0,0,0,0,0,0,0,0,0,0,0,1,0,0,0,0,0,0,0,0,0,0,0,0,0,0,0,0,0,0,0,0,0,0,0,0,0,0,0,0,0,0,0,0,0,0,0,0,0,0,0,0,0,0,0,1,0,0,0,-1,1,0,0,0,0,1,0,-1,0,0,0,0,1,0,0,0,0,0,0,0,1,0,0,1,1,1,1,1,0,1,0,1,1,1,0,1,1,1,0,0,0,0,1,1,0,0,1,0,0,0,-1,-1,-1,-1,-1,0,0,0,0,0,0,0,0,-1,-1,0,0,0,1,-1,-1,0,0,0,0,,,,0,0,0,0,0,0,0,0,0,0,0,0,0,0,0,0,0,0,-1,-1,1,-1,-1,-1,1,1,1,0,0,0,0,0,1,1,0,0,0,1,0,0,0,0,-1,0,0,0,0,0,0,0,-1,0,0,0,0,-1,1,0,0,0,0,0,1,0,1,1,1,1,0,0,-1,1,1,0,1,1,1,1,0,0,0,1,0,1,0,0,0,0,0,0,0,1,1,1,0,1,1,0,1,0,0,0,0,1,0,0,0,0,0,1,0,0,1,0,0,0,0,0,0,0,0,0,0,0,0,0,0,0,0,0,0,0,0,66,50,16,18.49,322,31,10
envault_2020,-1,-1,-1,-1,-1,-1,-1,-1,-1,-1,-1,,,,,1,1,0,1,1,-1,0,0,0,0,0,0,-1,-1,-1,-1,0,0,0,-1,0,0,0,-1,-1,-1,-1,0,0,0,-1,-1,0,0,0,0,0,-1,0,1,-1,0,0,0,0,0,0,0,0,0,-1,-1,0,0,0,1,0,0,0,0,-1,-1,0,0,0,0,0,0,0,0,0,0,0,0,1,0,0,0,0,0,0,-1,-1,-1,0,0,0,0,1,0,0,0,0,0,0,0,0,0,0,0,0,0,0,0,0,0,0,0,0,0,0,0,0,0,0,0,0,0,-1,-1,0,-1,0,0,0,0,0,0,0,0,0,0,1,0,1,0,1,1,0,0,0,0,1,0,1,1,0,0,0,1,-1,0,0,0,0,0,0,1,0,0,-1,1,1,-1,1,0,1,0,1,1,1,0,1,1,1,0,0,0,0,1,1,0,0,-1,-1,1,1,-1,-1,-1,-1,-1,-1,-1,-1,-1,0,0,-1,-1,-1,-1,-1,-1,-1,1,0,0,0,0,0,0,,,,0,0,0,0,0,0,0,0,0,0,0,0,0,0,0,0,-1,-1,1,1,-1,-1,-1,-1,1,-1,-1,0,0,0,-1,0,1,1,-1,-1,-1,1,0,0,0,0,0,0,0,-1,0,1,1,-1,1,1,-1,0,0,-1,-1,0,0,0,0,0,1,-1,1,1,1,1,0,0,0,-1,-1,0,-1,0,-1,1,1,-1,0,1,0,-1,-1,-1,-1,0,0,0,0,-1,-1,0,0,-1,0,0,-1,0,-1,0,0,1,0,-1,0,0,0,1,-1,0,1,1,0,0,-1,0,0,0,0,0,0,0,0,0,0,0,0,-1,0,0,1,55,50,5,15.41,264,92,7
lutech_2020,-1,-1,-1,-1,-1,0,0,0,-1,-1,-1,,,,,1,1,0,1,1,-1,1,0,0,0,0,0,0,0,1,1,0,0,0,0,0,0,0,1,1,1,1,1,0,0,0,0,0,0,0,0,0,0,0,1,-1,0,0,0,0,0,0,0,1,1,1,1,0,0,0,1,1,0,0,0,0,1,-1,0,0,0,0,0,0,0,0,0,0,1,1,0,0,0,0,0,0,0,0,0,0,0,0,0,1,1,-1,0,0,0,0,0,0,0,0,0,,,,,0,0,0,0,-1,-1,0,0,0,0,0,0,0,0,1,1,0,0,0,0,0,0,-1,-1,-1,0,0,0,1,0,-1,0,1,1,0,0,0,0,1,0,0,0,0,0,0,1,0,0,0,0,0,0,0,1,0,0,1,1,1,1,1,0,1,0,1,1,1,1,1,1,1,0,0,0,0,1,1,0,0,1,0,1,1,-1,-1,-1,-1,-1,-1,-1,1,1,1,1,0,0,-1,-1,-1,-1,-1,1,-1,-1,0,0,-1,-1,,,,0,0,0,0,0,0,0,0,0,-1,-1,-1,0,0,,0,-1,-1,1,1,1,-1,-1,-1,1,1,1,0,0,0,0,-1,1,1,-1,-1,-1,1,0,0,0,0,0,0,0,1,0,,,1,-1,0,0,0,0,0,1,0,1,1,0,0,1,-1,1,1,1,1,0,0,0,-1,1,0,1,-1,1,1,-1,0,0,1,-1,-1,1,1,1,0,0,0,0,-1,-1,0,0,1,1,0,-1,0,0,0,0,1,0,0,0,0,-1,1,1,-1,-1,1,0,1,1,1,1,1,1,1,1,1,0,1,0,0,0,-1,0,0,0,98,83,15,27.45,289,60,14
solo_solar_2020,-1,-1,-1,-1,-1,0,0,0,,,,,,,,1,1,0,0,0,1,0,0,0,0,0,0,0,0,1,1,0,0,0,0,0,0,0,0,0,0,0,0,0,0,-1,-1,-1,0,0,0,0,0,0,1,0,0,0,0,0,0,0,0,0,0,1,1,0,0,0,0,0,1,0,0,0,0,0,0,0,0,0,0,0,1,0,0,0,0,0,0,0,0,0,0,0,0,0,0,0,0,0,0,1,1,1,0,0,0,0,0,0,0,0,0,0,0,0,0,0,0,0,0,1,1,0,0,0,0,0,0,0,0,0,0,0,0,1,1,0,0,1,1,1,0,0,0,1,0,0,0,-1,-1,0,0,0,0,1,0,1,0,0,0,0,0,0,0,0,0,0,0,0,-1,0,0,-1,-1,-1,-1,0,0,-1,0,-1,-1,-1,0,0,-1,-1,0,0,0,0,0,-1,0,0,0,,1,1,-1,-1,-1,-1,-1,-1,-1,0,0,0,0,0,0,0,0,,1,1,1,1,1,0,0,0,0,,,,0,0,0,0,0,0,0,0,0,0,0,0,0,0,0,0,0,0,0,0,-1,-1,-1,-1,1,0,0,1,1,1,0,0,0,0,1,1,1,1,0,0,0,0,0,0,0,0,0,0,0,0,0,0,0,0,0,-1,1,0,0,0,0,0,1,0,1,1,1,1,1,0,0,1,0,0,1,0,1,0,0,0,0,1,0,0,0,0,0,0,0,0,0,0,0,0,0,0,0,0,0,0,0,0,0,0,0,0,0,0,0,0,0,0,0,0,0,0,0,0,0,-1,0,0,0,0,0,0,0,0,0,0,0,0,0,49,44,5,13.73,316,35,12
microbubbles_llc_2020,-1,-1,-1,-1,-1,0,0,0,-1,-1,-1,,,,,1,1,0,0,0,1,-1,0,0,0,0,1,1,1,1,1,0,0,0,0,0,0,0,0,0,0,1,0,0,0,0,0,0,0,0,0,0,0,0,-1,0,0,0,0,0,0,0,0,0,0,0,0,0,0,0,0,0,0,0,0,0,0,0,0,1,1,0,-1,-1,1,1,0,0,0,1,0,1,0,0,0,0,0,0,0,0,0,0,0,1,-1,0,0,0,0,0,0,0,0,0,0,0,0,0,0,0,0,0,0,0,0,0,0,0,0,0,0,0,0,0,0,0,0,0,0,0,0,0,0,0,0,0,0,1,0,1,0,-1,-1,0,0,0,0,1,0,1,1,0,0,0,0,-1,0,0,0,0,0,0,-1,0,0,-1,-1,-1,-1,-1,0,-1,0,-1,-1,-1,0,-1,-1,-1,0,0,0,0,-1,-1,0,0,-1,,1,1,-1,-1,-1,-1,-1,-1,-1,0,0,0,0,0,0,-1,-1,-1,-1,-1,1,1,1,0,-1,0,-1,,,,0,0,0,0,0,0,0,0,0,0,0,0,0,0,,0,-1,-1,1,1,-1,-1,-1,-1,1,0,0,0,0,0,0,-1,-1,0,1,1,1,-1,0,0,0,0,0,0,0,0,0,0,0,1,1,-1,0,0,0,0,1,0,0,0,0,0,1,1,1,-1,-1,-1,0,1,0,1,1,0,-1,0,-1,0,0,0,0,1,1,-1,0,0,0,0,0,0,0,0,0,0,0,1,0,0,0,0,0,0,0,0,0,0,0,0,0,1,1,1,-1,1,0,0,0,0,0,0,0,0,0,0,0,0,0,0,0,-1,0,0,0,48,40,8,13.45,290,64,9
fourth_wave_energy_2020,-1,-1,-1,-1,-1,0,0,0,-1,-1,-1,,,,,1,1,0,1,1,1,1,-1,-1,0,0,0,0,0,1,1,0,-1,0,0,-1,0,0,-1,0,-1,1,-1,0,-1,-1,-1,-1,-1,-1,0,0,-1,0,1,1,-1,0,-1,0,0,0,0,0,0,0,0,0,0,0,-1,0,0,0,0,1,1,1,0,0,0,0,-1,-1,1,0,0,0,1,1,0,0,0,0,0,0,0,0,0,0,0,0,0,1,-1,0,0,0,0,0,0,0,0,0,0,0,0,0,0,0,0,0,0,0,0,0,0,0,0,0,0,0,0,-1,-1,0,0,0,0,0,0,0,0,0,0,0,0,1,0,0,0,1,1,0,0,0,0,1,0,0,0,0,0,0,1,0,0,0,0,0,0,0,1,0,0,1,1,1,1,1,0,1,0,0,1,1,0,1,1,-1,0,1,0,0,1,1,1,0,0,-1,1,1,-1,-1,-1,-1,-1,-1,-1,-1,-1,-1,-1,-1,-1,-1,-1,-1,-1,-1,0,0,0,0,0,-1,0,,,,0,0,0,0,0,0,0,0,0,-1,-1,-1,0,0,0,-1,-1,-1,-1,-1,-1,-1,-1,-1,1,1,1,1,1,1,1,-1,0,-1,-1,-1,-1,-1,-1,-1,-1,-1,0,0,0,1,-1,0,0,1,1,-1,-1,0,0,-1,1,-1,1,1,0,0,1,0,1,1,1,1,-1,0,0,1,1,0,1,1,1,1,1,0,0,1,0,-1,1,1,1,0,0,0,0,-1,1,-1,0,1,1,1,-1,-1,-1,0,-1,-1,0,0,0,0,-1,1,1,1,1,1,0,0,1,0,0,0,0,0,0,0,0,0,0,0,0,1,0,0,0,80,62,18,22.41,268,88,7
adc_technologies_inc_2020,-1,-1,1,1,1,-1,-1,-1,-1,-1,-1,,,,,1,1,0,0,0,1,1,0,0,0,0,0,0,0,1,1,1,1,-1,1,1,0,0,1,1,1,1,1,0,0,1,-1,1,1,0,0,0,1,1,1,1,0,1,0,0,1,1,1,1,1,0,0,1,,,1,1,1,0,1,1,1,1,0,0,0,0,0,0,1,1,0,0,0,1,0,1,0,0,0,0,0,0,0,0,0,0,0,1,1,0,0,0,0,0,0,0,0,0,0,0,0,0,0,0,0,0,0,0,0,0,0,0,0,0,0,0,0,0,0,0,0,0,0,0,0,0,0,0,1,1,0,1,0,1,0,0,1,1,0,0,0,1,0,1,1,0,0,0,1,1,1,1,0,1,1,0,1,0,0,1,1,1,0,1,1,1,0,1,1,1,1,1,1,1,0,1,0,0,1,1,1,1,0,-1,1,1,-1,-1,-1,-1,-1,-1,-1,1,1,-1,-1,1,1,1,1,,1,1,1,1,1,1,-1,1,-1,,,,0,0,,0,0,0,0,0,0,,1,1,0,0,,0,1,1,1,1,1,-1,-1,-1,1,0,0,1,1,1,0,1,1,1,1,1,1,1,1,1,1,1,1,1,1,1,0,1,1,1,1,0,0,1,1,1,1,1,1,1,1,1,1,1,1,1,1,1,0,0,1,1,1,1,1,1,1,1,1,1,0,1,1,0,1,1,1,0,0,0,0,1,1,1,1,1,-1,0,-1,-1,1,0,1,-1,1,1,0,1,0,1,1,-1,0,1,1,0,1,0,0,1,0,0,0,0,1,0,0,1,1,1,1,1,0,176,152,24,49.3,320,30,13
aeros_environmental_llc_2020,-1,-1,-1,-1,-1,0,0,0,-1,-1,-1,,,,,1,1,-1,1,1,1,-1,0,0,-1,-1,-1,-1,-1,1,1,0,0,0,0,-1,-1,0,1,-1,0,1,1,0,0,0,0,0,0,0,0,0,0,-1,1,1,0,0,0,0,0,0,0,0,0,0,0,0,0,0,1,0,1,0,0,0,0,0,0,0,1,0,-1,-1,0,0,0,0,0,1,1,0,-1,-1,-1,-1,0,0,0,0,0,0,0,1,0,0,0,0,0,0,0,0,0,0,0,0,0,0,0,0,0,0,0,0,0,0,0,0,0,0,0,0,0,0,0,0,0,0,0,0,0,0,0,0,0,0,0,1,0,0,-1,1,1,0,0,0,0,1,0,1,1,0,0,-1,1,0,0,0,0,0,0,0,1,1,0,1,1,1,1,1,0,1,0,1,1,1,0,1,1,1,0,0,0,0,1,1,0,0,1,0,1,1,-1,-1,-1,-1,-1,1,1,1,1,0,0,0,0,-1,-1,,1,1,1,-1,-1,0,0,0,0,,,,0,0,0,0,0,0,0,0,0,0,0,0,0,0,0,0,1,1,1,1,1,-1,-1,-1,1,1,1,1,1,1,0,0,1,1,-1,-1,-1,1,-1,-1,0,0,0,0,0,0,0,1,1,1,1,1,0,0,0,0,1,0,0,0,0,0,1,0,1,1,1,1,-1,1,0,1,1,0,1,1,1,1,1,0,0,1,1,1,1,1,1,0,0,0,1,1,1,0,-1,1,1,0,1,0,-1,0,0,1,0,0,-1,0,1,1,1,1,1,1,0,0,1,0,0,0,0,0,0,0,0,0,0,0,0,1,-1,0,0,105,86,19,29.41,306,49,8
alchemr_2020,-1,-1,-1,-1,-1,0,0,0,-1,-1,-1,,,,,1,1,0,1,1,1,1,0,0,0,0,0,0,0,1,1,0,0,0,0,0,0,0,0,-1,0,1,1,0,0,-1,-1,-1,-1,0,0,-1,0,0,1,1,0,0,0,0,0,0,0,-1,-1,0,0,0,0,0,1,0,0,0,0,0,0,0,0,1,0,0,0,0,0,0,0,0,0,1,0,0,,1,1,1,0,0,0,0,0,0,0,0,0,0,0,0,0,0,0,0,0,0,0,0,0,0,0,0,0,0,0,0,0,0,0,0,0,0,0,0,0,0,0,0,0,0,0,0,0,0,0,0,0,0,0,1,-1,1,0,1,1,0,0,-1,0,1,0,1,0,1,-1,0,1,0,0,0,0,0,0,-1,1,0,0,1,1,1,1,1,0,1,1,1,1,-1,0,-1,1,-1,0,0,0,0,-1,-1,-1,0,1,0,1,1,-1,-1,-1,-1,-1,1,1,-1,-1,-1,-1,-1,-1,-1,-1,-1,-1,-1,0,-1,-1,0,0,-1,-1,,,,0,0,0,0,0,0,0,0,0,-1,-1,-1,0,0,0,0,-1,-1,-1,-1,-1,-1,-1,-1,1,0,0,-1,-1,-1,0,-1,1,1,-1,-1,-1,1,1,1,1,1,-1,-1,-1,-1,0,0,0,-1,0,0,0,0,0,-1,1,0,0,0,0,0,1,-1,1,1,1,1,0,-1,0,-1,1,0,1,1,1,1,1,0,0,1,1,1,1,1,1,0,0,0,-1,1,1,-1,0,1,1,-1,-1,0,0,0,-1,1,0,0,0,0,-1,1,1,0,-1,1,0,0,1,0,0,0,0,0,0,0,0,0,0,0,0,1,0,0,0,78,63,15,21.85,275,80,8
andluca_technologies_2020,-1,-1,-1,-1,-1,,,,-1,-1,-1,,,,,-1,-1,0,0,0,0,1,0,0,0,0,0,0,0,1,1,1,1,1,1,1,-1,-1,1,1,,1,1,0,0,1,1,1,1,0,0,1,-1,1,1,1,1,0,0,0,0,0,0,0,0,0,0,0,1,1,0,0,1,0,1,0,0,0,0,1,1,1,-1,-1,1,-1,0,0,-1,1,1,1,-1,-1,-1,-1,-1,-1,-1,,1,1,1,1,1,1,0,0,0,0,0,0,0,0,0,0,0,0,0,0,0,0,0,1,1,0,0,0,0,0,0,0,0,-1,-1,0,-1,1,1,1,1,1,1,1,1,1,0,1,0,0,0,0,0,1,1,1,-1,1,1,1,1,0,0,0,-1,1,1,1,0,-1,1,0,1,0,0,1,1,0,1,1,0,1,1,-1,1,1,0,0,1,1,0,0,0,0,0,1,0,0,0,,-1,-1,-1,-1,-1,-1,1,1,1,-1,-1,1,1,1,1,-1,-1,-1,-1,-1,1,1,1,0,-1,1,-1,,,,0,0,,0,0,0,0,0,0,-1,-1,-1,0,0,,0,-1,-1,1,1,-1,-1,-1,-1,1,1,1,1,1,1,0,0,1,1,1,1,1,1,1,1,0,0,1,0,0,1,1,1,1,1,1,1,1,1,1,1,1,1,1,1,0,0,1,1,1,1,1,1,1,1,0,1,1,1,1,1,1,0,1,0,1,1,1,-1,-1,-1,-1,0,-1,0,-1,-1,1,1,1,1,0,0,1,1,1,0,1,0,0,1,0,1,0,1,1,1,1,0,0,1,1,0,0,1,0,0,0,0,0,0,0,-1,0,-1,1,0,1,153,125,28,42.86,284,64,15
atrevida_science_llc_2020,-1,-1,-1,-1,-1,-1,-1,-1,-1,-1,-1,,,,,1,1,0,1,1,1,1,-1,-1,0,0,0,0,0,1,1,0,0,0,0,0,0,0,0,0,0,1,-1,0,0,0,0,0,0,0,0,0,-1,0,1,1,0,0,0,0,-1,0,0,1,1,1,1,0,-1,-1,1,1,1,0,0,0,0,0,0,1,1,0,-1,-1,0,0,0,0,0,1,1,0,0,0,0,0,0,0,0,0,0,0,0,1,0,0,0,0,0,0,0,0,0,0,0,0,0,0,0,0,0,0,0,0,0,0,0,0,0,0,0,0,0,-1,-1,0,0,0,0,0,0,0,0,0,0,0,0,1,0,1,-1,1,1,-1,-1,1,0,1,0,1,1,0,0,0,-1,0,0,0,0,0,0,0,1,1,-1,1,1,1,1,1,0,1,0,1,1,1,0,1,1,1,0,0,0,0,1,1,0,0,1,0,-1,-1,-1,-1,-1,-1,-1,1,1,1,1,-1,-1,0,0,-1,-1,0,0,0,0,-1,-1,0,0,1,-1,,,,0,0,0,0,0,0,0,0,0,0,0,0,0,0,0,0,1,1,0,0,1,-1,-1,-1,1,1,1,0,0,0,1,0,1,1,0,0,0,1,0,0,0,0,0,0,0,1,0,1,1,1,1,0,0,0,0,0,1,-1,0,0,0,0,1,-1,1,1,1,1,0,1,0,1,,0,1,1,1,1,1,0,0,1,1,1,1,1,1,0,0,0,1,1,1,0,0,1,1,0,1,0,0,0,0,0,0,0,0,0,1,1,1,0,1,0,0,0,1,0,0,0,0,0,0,0,0,0,0,0,0,1,-1,-1,-1,99,80,19,27.73,306,49,8
baselinees_llc_2020,-1,-1,-1,-1,-1,-1,-1,-1,-1,-1,-1,,,,,1,1,0,1,1,1,1,0,0,0,0,0,0,0,1,1,0,0,0,0,0,0,0,1,1,1,1,-1,0,0,-1,1,1,0,0,0,0,0,0,1,1,0,0,0,0,0,0,0,0,0,1,1,-1,-1,-1,1,1,1,0,0,0,1,1,0,0,0,0,0,0,1,1,0,0,,1,0,0,0,0,0,0,0,0,0,0,0,0,0,1,1,0,0,0,0,0,0,0,0,0,0,0,0,0,0,0,0,0,0,0,0,0,0,0,0,0,0,-1,0,0,0,0,0,0,0,0,0,0,0,0,0,0,0,1,0,1,1,1,1,-1,1,0,0,0,0,0,0,0,0,0,1,0,0,0,0,0,0,0,1,1,0,1,0,1,1,1,0,1,1,1,1,1,1,1,1,1,0,0,0,0,-1,1,0,0,-1,0,1,1,-1,-1,-1,1,-1,-1,-1,1,1,0,0,0,0,-1,-1,,1,1,-1,1,1,0,0,0,0,,,,0,0,0,0,0,0,0,0,0,,1,1,0,0,0,0,1,1,1,1,1,-1,-1,-1,1,1,1,1,1,1,1,0,1,1,0,0,0,1,-1,-1,-1,-1,0,0,0,0,0,1,1,1,1,0,0,0,0,1,1,0,1,1,0,0,1,1,1,1,1,1,1,1,0,-1,1,0,1,1,1,1,,-1,-1,1,1,1,1,1,1,0,0,0,1,1,1,1,0,1,1,0,1,0,0,1,1,1,0,0,0,0,1,1,1,1,-1,-1,0,0,1,0,0,0,0,0,0,0,0,1,0,0,0,0,0,0,0,120,100,20,33.61,311,41,11
boston_agritech_2020,-1,-1,-1,-1,-1,-1,-1,-1,-1,-1,-1,,,,,1,1,-1,1,1,1,-1,0,0,-1,-1,0,-1,-1,1,1,0,0,0,0,0,0,0,1,1,1,1,0,0,0,0,1,0,0,0,0,0,0,0,1,1,0,0,0,0,0,0,0,0,0,0,0,0,0,0,1,0,0,0,1,0,0,0,0,0,0,0,0,0,1,1,0,0,1,1,0,0,0,0,0,0,0,0,0,0,0,0,0,1,1,0,0,0,0,0,0,0,0,0,0,0,0,0,0,0,0,0,0,0,0,0,0,0,0,0,0,0,0,0,0,0,-1,0,0,0,0,0,0,0,0,0,0,0,0,1,0,0,1,0,0,0,0,0,0,0,0,0,0,0,1,0,0,0,0,0,0,0,-1,0,0,-1,1,1,1,1,0,1,0,1,1,1,0,-1,1,1,0,0,0,0,0,-1,0,0,1,0,0,0,-1,-1,-1,-1,-1,1,1,1,1,1,1,0,0,0,0,0,0,0,0,0,0,0,0,1,-1,,,,0,0,0,0,0,0,0,0,0,0,0,0,0,0,0,0,-1,-1,-1,-1,1,-1,-1,-1,1,-1,-1,1,1,1,0,0,0,0,0,0,0,-1,0,0,0,0,0,1,1,1,-1,1,1,1,1,0,0,0,0,1,1,0,,,0,0,1,0,1,-1,-1,-1,1,0,0,0,1,0,1,1,1,1,,0,0,1,1,-1,1,1,1,0,0,0,0,1,1,1,0,1,1,0,0,0,0,0,1,-1,0,0,-1,-1,1,1,1,-1,1,1,0,0,1,0,0,0,0,0,0,0,0,0,0,0,0,0,0,0,0,82,63,19,22.97,306,47,10
bright_building_llc_2020,-1,-1,-1,-1,-1,,1,1,-1,-1,-1,,,,,1,1,0,1,1,1,1,0,0,0,0,0,0,0,1,1,0,0,0,0,0,0,0,0,0,0,1,0,0,0,0,0,0,0,0,0,0,0,0,1,1,0,0,0,0,0,0,0,0,0,,,0,0,0,1,,0,0,-1,0,0,0,0,0,1,-1,-1,-1,1,1,-1,-1,1,1,0,0,0,0,0,0,0,0,0,0,0,0,0,1,1,0,0,0,0,0,0,0,0,0,0,0,0,0,0,0,0,0,0,0,0,0,0,0,0,0,0,0,0,0,0,0,0,0,0,0,0,0,0,0,0,0,0,0,0,1,0,0,0,0,0,0,0,0,0,0,0,0,0,0,1,0,0,0,0,0,0,0,1,1,0,1,1,1,1,1,0,1,-1,1,1,1,-1,1,1,1,0,0,0,0,1,1,0,0,1,0,0,0,-1,-1,-1,-1,-1,-1,-1,-1,-1,0,0,0,0,-1,-1,0,0,0,1,0,0,0,0,0,0,,,,0,0,0,0,0,0,0,0,0,0,0,0,0,0,0,0,1,1,1,1,-1,-1,-1,-1,1,1,1,1,1,1,0,0,0,0,0,0,0,1,0,0,0,0,0,0,0,0,0,1,1,1,1,0,0,0,0,0,-1,0,0,0,0,0,-1,0,1,1,1,1,0,0,0,0,1,0,1,1,1,1,0,0,0,1,0,1,1,1,1,0,0,0,0,1,1,,0,1,0,0,0,1,0,,0,1,0,0,0,0,1,-1,0,0,1,1,0,0,1,0,0,0,0,0,0,0,0,0,0,0,0,0,0,0,0,79,66,13,22.13,316,34,13
centsible_house_inc_2020,-1,-1,-1,-1,-1,0,0,0,-1,-1,-1,,,,,1,1,0,1,1,1,1,0,0,0,0,0,0,0,1,1,0,0,1,0,0,0,0,-1,-1,-1,1,0,0,0,-1,-1,-1,-1,0,0,0,0,0,1,1,0,0,0,0,0,0,0,0,0,1,1,0,0,0,1,1,0,0,0,-1,1,1,0,0,1,0,1,1,1,1,0,0,1,1,1,0,-1,-1,-1,-1,-1,-1,-1,0,0,0,0,1,1,0,0,0,0,0,0,0,0,0,0,0,0,0,0,0,0,0,0,0,0,0,0,0,0,0,0,0,0,-1,-1,0,-1,0,0,0,0,0,0,0,0,0,0,1,0,-1,0,1,1,0,0,0,0,1,0,-1,-1,0,0,0,1,0,0,0,0,0,0,0,1,1,0,1,0,0,1,1,0,1,0,1,1,1,1,1,1,1,0,0,0,0,1,1,0,0,-1,0,1,1,-1,-1,-1,-1,-1,-1,-1,-1,-1,-1,-1,0,0,-1,-1,-1,-1,-1,1,-1,-1,0,0,1,-1,,,,0,0,0,0,0,0,0,0,0,-1,-1,-1,0,0,0,0,1,1,1,1,1,-1,-1,-1,1,1,1,0,0,0,0,0,1,-1,-1,-1,-1,1,0,0,0,0,0,0,0,1,0,1,1,1,1,0,0,-1,-1,0,1,0,0,0,0,0,1,0,1,1,1,1,0,1,0,-1,1,1,1,1,1,1,0,0,0,1,-1,-1,1,1,1,0,0,0,0,1,1,1,0,1,1,0,0,0,1,1,0,1,0,0,0,0,1,1,1,0,1,1,0,0,1,0,0,0,0,0,0,0,0,1,0,0,0,0,0,0,0,99,82,17,27.73,292,64,7
clip_2020,-1,-1,-1,-1,-1,,1,1,-1,-1,-1,,,,,-1,-1,0,1,1,1,1,0,0,0,0,0,0,0,1,1,0,0,0,0,0,0,0,1,1,1,1,0,0,0,0,1,0,1,0,0,0,1,0,1,1,0,0,1,1,0,0,0,1,1,1,1,0,0,0,1,1,1,0,0,1,1,1,0,0,0,0,0,0,1,1,0,0,1,1,0,0,,1,1,1,0,0,0,0,0,0,0,1,1,0,0,0,0,0,0,0,0,0,0,0,0,0,0,0,0,0,0,0,0,0,0,0,0,0,0,-1,0,1,1,0,1,0,0,0,0,0,0,0,0,0,0,1,0,1,0,1,1,0,0,0,0,1,0,1,1,0,0,0,1,0,0,0,0,0,0,0,1,0,0,1,1,1,1,1,0,1,0,1,1,1,1,1,1,1,0,0,0,0,1,1,0,0,1,0,1,1,-1,-1,-1,-1,-1,0,0,0,0,0,0,0,0,-1,-1,,1,1,1,-1,-1,0,0,0,-1,,,,0,0,0,0,0,0,0,0,0,0,0,0,0,0,0,0,-1,-1,1,1,-1,-1,-1,-1,1,1,1,1,1,1,1,1,1,1,1,1,1,1,0,0,0,0,-1,0,0,0,0,1,1,1,1,0,0,1,1,1,1,0,1,1,0,0,1,1,1,1,1,1,1,0,0,0,1,0,1,1,1,1,,0,0,1,-1,-1,-1,-1,-1,0,0,1,0,1,1,0,0,1,1,-1,1,1,1,1,-1,1,0,0,0,0,1,1,1,0,-1,1,0,1,1,1,1,1,0,0,0,0,0,,0,0,0,0,0,0,0,129,107,22,36.13,315,36,12
co2storage_2020,-1,-1,-1,-1,-1,0,0,0,-1,-1,-1,,,,,1,1,0,1,1,1,1,0,0,0,0,0,0,0,1,1,0,0,0,0,0,0,0,0,0,0,1,0,0,0,-1,1,1,0,0,0,0,0,0,1,1,0,0,0,0,0,0,0,0,0,0,0,0,0,0,0,0,1,0,0,0,0,0,0,-1,1,0,-1,-1,0,0,0,0,0,1,1,0,0,0,0,0,0,0,0,0,0,0,0,1,0,0,0,0,0,0,0,0,0,0,0,0,0,0,0,0,0,0,0,0,0,0,0,0,0,0,0,0,0,0,0,0,0,0,0,0,0,0,0,0,0,0,0,1,0,1,0,1,1,0,0,0,0,1,0,1,1,0,0,0,1,0,0,0,0,0,0,0,1,0,0,1,1,1,1,1,0,1,0,1,1,1,1,1,1,1,0,0,0,0,1,1,0,0,1,0,1,1,-1,-1,-1,-1,-1,1,1,-1,-1,0,0,0,0,-1,-1,,1,1,1,-1,-1,0,0,0,0,,,,0,0,0,0,0,0,0,0,0,,1,1,0,0,0,0,1,1,1,1,1,-1,-1,-1,1,-1,-1,0,0,0,0,1,1,1,0,0,0,1,0,0,0,0,0,0,0,0,0,1,1,1,1,0,0,0,0,1,1,0,0,0,0,0,1,0,1,-1,-1,-1,0,0,0,0,1,1,1,0,1,1,0,0,0,1,1,1,1,1,1,0,0,0,0,-1,1,0,-1,1,0,0,1,0,0,0,0,1,0,-1,0,0,1,1,1,0,0,0,0,0,1,0,0,0,0,0,0,0,0,0,0,0,0,1,-1,0,0,90,74,16,25.21,319,35,9
cogenerate_solar_2020,-1,-1,-1,-1,-1,-1,-1,-1,-1,-1,-1,,,,,1,1,0,1,1,1,1,0,0,0,0,0,0,0,1,1,0,1,0,0,0,0,0,0,0,1,1,1,0,0,0,0,0,0,0,0,0,0,0,1,1,0,0,0,0,0,0,0,-1,-1,1,1,0,0,0,0,1,-1,0,0,0,0,0,0,0,1,0,-1,-1,-1,-1,0,0,0,1,1,0,-1,-1,-1,-1,0,0,0,0,0,0,0,-1,0,1,0,0,0,0,0,0,0,0,0,0,0,0,0,0,0,0,0,1,1,0,0,0,0,0,0,0,0,1,1,0,-1,1,1,,0,1,1,1,0,,0,1,0,0,0,1,1,0,0,0,0,-1,0,-1,0,-1,0,0,1,0,0,0,0,0,0,-1,1,0,0,1,1,1,1,1,0,1,0,1,1,1,0,1,1,1,0,0,0,0,1,1,0,0,1,0,1,1,-1,-1,-1,1,-1,1,1,-1,-1,0,0,0,0,-1,-1,,1,1,1,-1,-1,0,0,0,0,,,,0,0,0,0,0,0,0,0,0,-1,-1,-1,0,0,0,0,1,1,1,1,1,-1,-1,-1,1,1,1,1,1,1,0,1,1,1,0,0,0,1,0,0,0,0,-1,0,0,1,0,1,1,1,1,0,0,0,0,-1,1,0,,,0,0,1,0,1,1,1,1,0,1,0,0,1,0,1,1,1,1,0,0,0,1,1,1,1,1,1,0,0,0,0,1,1,0,0,1,1,0,1,0,0,0,0,-1,0,0,0,0,1,1,1,1,1,1,0,,1,,,1,,,,,0,1,,,0,1,0,0,0,111,92,19,31.09,295,47,21
corepower_magnetics_2020,-1,-1,-1,-1,-1,-1,-1,-1,-1,-1,-1,,,,,-1,-1,-1,-1,-1,1,1,-1,-1,0,0,-1,-1,-1,1,1,0,0,0,0,0,0,0,0,0,0,1,0,0,0,0,0,0,0,0,0,0,0,0,1,1,0,0,0,0,0,0,0,0,0,,,0,0,0,-1,,1,0,0,0,0,0,0,1,1,0,1,1,0,0,0,0,0,-1,1,0,0,0,0,0,0,0,0,0,0,0,0,1,0,0,0,0,0,0,0,0,0,0,0,0,0,0,0,0,0,0,0,0,0,0,0,0,0,0,0,0,0,0,0,0,0,0,0,0,0,0,0,0,0,0,0,1,0,1,0,1,1,0,0,0,0,-1,0,1,1,0,0,0,1,0,0,0,0,0,0,0,1,0,0,1,1,1,1,1,0,1,0,1,1,1,1,1,1,1,-1,0,0,0,1,1,0,0,1,-1,1,1,-1,-1,-1,-1,-1,1,1,-1,-1,0,0,0,0,-1,-1,-1,-1,-1,0,1,1,0,0,0,0,,,,0,0,0,0,0,0,0,0,0,-1,-1,-1,0,0,0,0,1,1,1,1,1,-1,-1,-1,1,1,1,1,1,1,0,1,1,1,0,0,0,1,0,0,0,0,0,0,0,1,0,1,1,1,0,0,0,0,0,0,-1,0,0,0,0,0,1,1,1,1,1,1,0,1,0,0,1,0,1,0,1,1,1,0,0,1,1,1,1,1,1,0,0,0,0,1,1,1,0,1,1,0,1,0,0,0,0,-1,-1,0,0,0,1,1,1,1,1,1,0,0,1,0,0,0,0,0,0,0,0,0,0,0,0,0,0,0,0,94,78,16,26.33,306,47,10
eaigle_2020,-1,-1,-1,-1,-1,0,0,0,-1,-1,-1,,,,,1,1,0,1,1,1,0,0,0,0,0,0,0,0,1,1,0,0,0,0,0,0,0,1,0,1,1,0,0,0,0,0,0,0,0,0,0,0,0,1,1,0,0,0,0,0,0,0,0,0,,,0,0,0,0,,1,0,0,0,0,0,0,0,0,0,0,0,1,0,0,0,1,1,0,0,,,,,0,0,0,0,0,0,0,1,1,0,0,0,0,0,0,0,0,0,0,0,0,0,0,0,0,0,0,0,0,0,0,0,0,0,0,0,0,0,0,0,0,0,0,0,0,0,0,0,0,0,0,1,0,0,0,1,1,0,0,0,0,1,0,1,1,0,0,0,1,0,0,0,0,0,0,0,1,0,0,1,1,1,1,1,0,1,0,1,1,1,0,1,1,1,0,0,0,0,1,1,0,0,1,0,-1,-1,-1,-1,-1,-1,-1,1,1,-1,-1,0,0,0,0,-1,-1,-1,-1,-1,1,-1,-1,0,0,0,0,,,,0,0,0,0,0,0,0,0,0,0,0,0,0,0,0,0,1,1,-1,-1,1,-1,-1,-1,1,1,1,1,1,1,0,1,1,1,0,0,0,1,0,0,0,0,0,0,0,0,0,1,1,1,1,0,0,0,0,0,1,0,0,0,0,0,1,0,1,1,1,1,0,0,0,0,1,0,1,1,1,1,1,0,0,1,1,1,1,1,1,0,0,0,0,1,1,1,0,1,1,0,1,0,0,1,0,1,0,0,0,0,1,1,1,1,0,1,0,0,1,0,0,0,0,0,0,0,0,0,0,0,0,0,0,0,0,93,76,17,26.05,320,29,14
elateq_inc_2020,-1,-1,-1,-1,-1,0,0,0,-1,-1,-1,,,,,1,1,0,1,1,1,1,0,0,0,0,0,0,0,,,0,-1,-1,0,0,0,0,-1,-1,1,1,-1,0,0,-1,-1,-1,-1,0,0,0,0,0,1,1,-1,0,0,0,0,0,0,0,0,0,0,0,0,0,0,1,1,0,-1,0,0,0,0,0,1,0,1,1,1,0,0,0,1,1,1,0,0,0,0,0,0,0,0,0,0,0,0,1,1,1,0,0,0,0,0,0,0,0,0,0,0,0,0,0,0,0,0,1,1,0,0,0,0,0,0,0,0,1,1,0,1,1,1,0,0,1,1,1,0,0,0,1,0,1,0,1,1,-1,0,0,0,1,0,1,1,0,0,0,1,0,0,0,1,0,0,0,1,1,0,1,1,1,1,1,0,1,0,1,1,1,0,1,1,1,0,0,0,0,1,1,0,0,-1,0,-1,-1,-1,-1,-1,-1,-1,1,1,1,1,1,1,0,0,-1,-1,-1,-1,-1,1,-1,-1,0,0,1,-1,,,,0,0,0,0,0,0,0,0,0,0,0,0,0,0,0,0,-1,-1,1,1,1,-1,-1,-1,1,1,1,1,1,1,1,1,1,1,0,0,0,1,0,0,0,0,0,0,0,1,0,1,1,1,1,0,0,0,0,0,1,0,0,0,0,0,1,1,1,1,1,1,0,1,0,1,1,0,1,1,1,1,0,0,0,1,1,1,1,1,1,0,0,0,0,-1,1,1,0,1,1,0,-1,0,0,0,-1,1,0,-1,0,0,1,1,1,1,1,1,0,0,1,0,0,1,0,0,0,0,0,1,0,0,0,1,0,0,0,119,99,20,33.33,309,45,9
emulate_energy_2020,-1,-1,-1,-1,-1,-1,-1,-1,-1,-1,-1,,,,,1,1,0,1,1,-1,1,-1,-1,0,0,1,0,0,1,1,0,0,0,0,0,0,0,0,0,0,1,0,0,0,0,0,0,0,0,0,0,-1,0,-1,-1,0,0,0,0,0,0,0,0,0,0,0,0,0,0,-1,0,0,0,0,0,0,0,0,0,0,0,0,0,0,0,0,0,0,0,0,0,0,0,0,0,0,0,0,0,0,0,0,-1,0,,0,0,0,0,0,0,0,0,0,0,0,0,0,0,0,0,0,,,0,0,0,0,0,0,0,0,1,1,0,0,,,0,0,1,1,1,-1,0,0,0,0,0,0,-1,1,0,0,0,0,0,0,0,0,0,0,0,1,0,0,0,0,0,0,0,1,0,0,1,1,1,1,1,0,1,0,1,1,1,0,-1,1,1,0,0,0,0,1,1,0,0,1,-1,-1,-1,-1,-1,-1,-1,-1,-1,-1,-1,-1,0,0,0,0,-1,-1,-1,-1,-1,1,0,0,0,0,0,0,,,,0,0,0,0,0,0,0,0,0,0,0,0,0,0,0,0,1,1,-1,-1,1,-1,-1,-1,1,1,1,1,1,1,0,1,0,0,0,0,0,1,0,0,0,0,0,0,0,0,0,-1,-1,-1,1,0,0,0,0,0,1,0,,,0,0,1,0,,,,,0,0,0,1,0,0,1,0,0,-1,1,0,0,1,0,1,1,1,1,0,0,0,1,1,1,0,0,1,0,0,0,1,0,0,0,1,0,0,0,0,1,1,1,1,0,1,0,0,1,0,0,0,0,0,0,0,0,-1,0,0,0,1,0,0,0,67,55,12,18.77,296,49,18
extergy_2020,-1,-1,-1,-1,-1,0,0,0,-1,-1,-1,,,,,1,1,0,1,1,0,0,0,0,0,0,0,0,0,1,1,-1,0,0,-1,1,0,0,0,0,0,0,1,1,0,1,1,1,0,0,0,0,0,0,1,0,0,0,0,0,0,1,0,0,0,0,0,0,0,0,0,0,0,0,1,0,0,0,0,1,1,1,1,1,0,0,0,0,0,0,1,0,-1,-1,-1,-1,0,0,0,0,0,0,0,1,-1,0,0,0,0,0,0,0,0,0,0,0,0,0,0,0,0,0,0,0,0,0,0,0,0,0,0,0,0,0,0,0,0,0,0,0,0,0,0,0,0,0,0,0,0,1,0,1,1,0,0,0,0,1,0,1,0,0,0,0,0,0,0,0,0,0,0,0,1,0,0,1,1,1,1,1,0,1,0,1,1,1,0,1,1,1,0,0,0,0,1,1,0,0,0,-1,-1,-1,1,1,1,1,1,1,1,1,1,1,1,0,0,-1,-1,-1,-1,-1,1,1,1,0,-1,0,-1,,,,0,0,0,0,0,0,0,0,0,0,0,0,0,0,,-1,-1,-1,-1,-1,1,1,1,1,1,1,1,1,1,1,1,0,1,1,1,1,1,1,0,0,0,0,0,1,1,1,0,0,0,0,1,1,1,0,0,1,0,0,0,0,0,0,1,1,1,1,1,1,0,0,0,1,0,0,0,0,1,1,1,0,0,1,0,0,0,0,0,0,0,0,0,0,1,1,0,-1,0,0,0,0,0,0,0,0,0,1,0,0,0,1,1,1,1,1,0,0,0,0,0,0,0,0,0,0,0,0,0,0,0,0,0,0,0,99,86,13,27.73,324,31,8
farm_to_flame_energy_2020,-1,-1,-1,-1,-1,-1,-1,-1,-1,-1,-1,,,,,1,1,0,1,1,1,1,1,1,0,0,0,1,1,1,1,1,0,0,0,1,0,0,0,0,0,0,0,0,0,1,1,1,0,0,0,0,0,0,1,1,0,0,0,0,1,-1,0,1,1,0,0,0,0,0,0,,1,0,0,0,1,1,0,0,0,0,0,0,-1,-1,0,0,0,1,0,0,-1,-1,-1,-1,-1,-1,-1,0,0,0,0,-1,0,1,0,0,0,0,0,0,0,0,0,0,0,0,0,0,0,0,0,0,0,0,0,0,0,0,0,0,0,0,0,0,0,0,0,0,0,0,0,0,0,0,0,1,0,1,0,1,1,0,0,0,0,1,0,1,0,0,0,0,0,1,0,0,0,0,0,0,1,0,0,0,0,0,0,1,0,1,0,1,1,0,0,1,1,0,0,0,0,0,0,0,0,0,0,-1,-1,-1,-1,-1,-1,-1,-1,-1,-1,-1,-1,0,0,0,0,-1,-1,0,0,0,1,-1,-1,0,0,1,-1,,,,0,0,0,0,0,0,0,0,0,0,0,0,0,0,0,0,-1,-1,-1,-1,-1,-1,-1,-1,1,1,1,1,1,1,1,0,0,1,1,1,1,0,0,0,0,0,0,0,0,1,0,1,1,1,1,1,1,0,0,1,-1,0,0,0,0,0,1,1,1,1,1,1,1,0,0,0,0,0,0,0,-1,1,0,0,0,1,0,0,0,0,0,0,0,0,0,0,0,0,0,-1,0,0,0,0,0,1,1,1,0,1,0,0,0,-1,0,0,0,1,0,1,0,0,0,0,0,0,0,0,0,0,0,0,0,-1,0,0,0,77,68,9,21.57,303,52,8
foothill_fuels_2020,1,1,-1,-1,-1,,1,1,-1,-1,-1,,,,,-1,-1,0,-1,-1,1,1,0,0,0,0,0,0,0,1,1,1,1,1,1,1,-1,0,1,1,1,1,1,0,0,1,1,1,1,0,0,1,1,1,1,1,1,1,1,1,1,1,1,1,1,1,1,0,0,0,0,1,1,0,1,0,1,1,0,0,1,1,1,1,1,1,0,0,1,1,1,0,0,0,0,0,0,0,0,0,0,0,0,1,1,0,0,0,0,0,0,0,0,0,0,0,0,0,0,0,0,0,0,0,0,0,0,0,0,0,0,0,0,0,0,0,0,0,0,0,0,0,0,0,0,0,0,1,0,0,1,1,1,1,1,1,1,1,1,0,0,0,0,0,1,1,1,1,0,0,1,0,1,1,0,1,1,0,1,0,0,1,0,0,0,1,0,1,1,0,1,1,0,0,0,1,0,0,0,,1,1,-1,0,-1,0,-1,1,1,1,1,0,0,0,0,1,1,-1,-1,-1,1,1,1,0,-1,0,0,,,,0,0,0,0,0,0,0,0,0,,1,1,0,0,,0,-1,-1,-1,-1,1,1,1,-1,1,1,1,1,1,1,1,0,1,0,0,0,0,1,1,1,1,1,1,1,1,1,1,1,1,1,0,0,0,1,1,1,1,1,0,0,0,0,1,1,1,1,1,1,1,1,0,0,1,1,1,0,1,1,1,1,1,1,1,0,1,1,1,1,1,0,0,0,1,1,1,1,0,0,1,0,1,0,1,1,1,1,0,0,0,1,1,1,0,1,0,0,1,0,0,0,0,0,0,0,0,1,0,0,0,0,1,0,1,164,138,26,45.94,329,23,11
greenovation_2020,-1,-1,-1,-1,-1,0,0,0,-1,-1,-1,,,,,1,1,0,1,1,0,0,0,0,0,0,0,1,1,0,0,0,0,0,0,0,0,0,0,0,0,0,0,0,0,0,0,0,0,0,0,0,0,0,0,0,0,0,0,0,0,0,0,0,0,0,0,0,0,0,0,0,0,0,0,0,0,0,0,1,0,0,0,0,0,0,0,0,0,1,0,0,-1,-1,-1,-1,-1,-1,-1,0,0,0,0,1,0,0,0,0,0,0,0,0,0,0,0,0,0,0,0,0,0,0,0,0,0,0,0,0,0,0,0,0,0,0,0,0,0,0,0,0,0,0,0,0,0,0,0,1,0,1,0,1,1,0,0,0,0,0,0,1,0,0,0,0,0,0,0,0,0,0,0,0,1,0,0,1,1,1,1,1,0,1,0,1,1,1,0,1,1,1,0,0,0,0,0,1,0,0,0,-1,-1,-1,-1,-1,-1,-1,-1,0,0,0,0,0,0,0,0,-1,-1,-1,-1,-1,0,0,0,0,-1,0,-1,,,,0,0,0,0,0,0,0,0,0,0,0,0,0,0,0,0,0,0,-1,-1,-1,-1,-1,-1,1,0,0,0,0,0,1,0,1,1,1,1,1,0,0,0,0,0,0,0,0,0,1,0,0,0,0,1,1,0,0,0,0,0,0,0,0,0,1,1,0,1,1,1,0,0,0,1,0,0,0,0,0,1,0,0,0,1,0,0,0,0,0,0,0,0,0,0,0,0,0,0,0,0,0,0,0,0,0,0,0,1,0,0,0,1,0,0,0,0,0,0,0,0,0,0,0,0,0,0,0,0,0,0,0,0,0,0,0,48,45,3,13.45,320,36,7
full_circle_microbes_inc_2020,-1,-1,-1,-1,-1,0,0,0,-1,-1,-1,,,,,-1,-1,0,-1,-1,1,0,0,0,0,-1,0,0,0,1,1,0,-1,0,-1,-1,0,0,1,1,0,1,0,0,0,1,1,-1,1,0,0,1,1,0,1,0,0,0,0,0,1,-1,0,0,0,0,0,1,0,0,0,1,0,0,0,-1,0,0,0,0,1,0,0,0,1,0,0,0,0,1,1,1,0,0,0,0,0,0,0,0,0,0,0,1,0,1,0,0,0,0,0,0,0,0,0,0,0,0,0,0,0,0,0,1,1,0,0,0,0,0,0,0,0,1,1,0,0,1,1,1,0,1,1,1,-1,1,0,1,0,0,0,0,1,0,0,1,0,1,0,0,0,0,0,1,1,1,0,0,0,1,1,0,1,0,0,1,1,1,1,1,0,1,0,1,1,1,0,1,1,1,-1,0,0,0,0,1,0,0,0,-1,0,0,-1,-1,-1,-1,-1,-1,-1,-1,-1,1,1,0,0,-1,-1,0,0,0,-1,1,1,-1,-1,0,-1,,,,0,0,,0,0,0,0,0,0,-1,-1,-1,0,0,0,0,0,0,0,0,-1,-1,-1,-1,1,0,0,1,1,1,0,0,0,0,1,1,1,1,1,1,0,0,-1,1,1,1,0,1,1,1,-1,0,-1,0,0,1,1,0,1,1,-1,0,1,1,0,1,1,1,0,0,1,1,1,-1,-1,1,1,-1,1,1,-1,1,0,0,1,1,1,0,0,0,0,1,0,-1,-1,1,1,0,1,0,1,0,1,1,1,-1,-1,0,0,0,1,0,0,0,0,0,1,0,0,1,1,0,0,0,-1,-1,0,0,0,-1,0,0,-1,108,90,18,30.25,295,60,8
growflux_inc_2020,1,1,1,1,1,0,0,0,-1,-1,-1,,,,,1,1,0,1,1,1,1,0,0,0,0,0,0,0,1,1,0,0,0,0,1,0,0,1,1,1,1,1,0,0,-1,-1,0,-1,0,0,0,0,0,1,1,0,0,0,0,-1,0,0,0,0,1,1,0,-1,-1,1,1,-1,0,1,0,1,1,0,1,0,0,0,0,1,1,0,0,1,1,0,0,,1,1,1,0,0,0,0,0,0,0,1,1,1,0,0,0,0,0,0,0,0,0,1,1,1,1,-1,0,0,0,1,1,0,0,0,0,0,0,0,0,-1,-1,0,1,1,1,-1,0,0,0,0,0,0,1,1,0,1,1,1,1,0,1,0,0,1,0,1,1,0,0,0,1,1,1,-1,0,0,1,0,1,-1,0,1,1,1,1,1,0,1,0,1,1,1,0,1,1,1,0,1,0,0,1,1,1,0,0,-1,1,1,-1,-1,-1,-1,-1,-1,-1,0,0,-1,-1,0,0,1,1,,1,1,1,1,1,0,-1,0,-1,,,,0,0,,0,0,,0,0,0,-1,-1,-1,0,0,0,-1,-1,-1,1,1,-1,-1,-1,-1,1,1,1,1,1,1,0,1,1,1,1,1,1,1,0,0,0,0,0,0,0,1,0,1,1,1,1,-1,0,0,0,-1,1,0,1,1,0,0,1,1,1,1,1,1,-1,0,0,1,1,0,-1,1,1,-1,1,-1,0,1,-1,-1,1,1,1,0,0,0,0,1,-1,0,0,1,0,0,-1,0,-1,1,1,0,0,0,0,0,-1,1,1,1,1,1,0,1,1,1,1,0,1,0,0,0,0,1,0,0,0,-1,0,0,0,141,122,19,39.5,301,51,11
growsquares_2020,-1,-1,-1,-1,-1,-1,-1,-1,-1,-1,-1,,,,,1,1,0,1,1,-1,0,0,0,0,0,0,1,1,1,1,0,0,0,1,1,0,0,0,0,0,0,0,0,0,1,1,1,0,0,0,0,0,0,1,0,0,0,0,0,1,1,1,1,1,0,0,0,0,0,0,1,0,0,0,0,1,1,0,0,1,0,1,1,1,0,0,0,0,0,1,1,,1,1,1,-1,-1,-1,0,0,0,0,1,0,0,0,0,0,0,0,0,0,0,0,0,0,0,0,0,0,0,0,0,0,0,0,0,0,0,0,0,0,0,0,0,0,0,0,0,0,0,0,0,0,0,0,1,0,1,0,1,1,0,0,0,0,1,0,1,0,0,0,0,0,0,0,0,0,0,0,0,1,0,0,0,0,1,1,1,0,1,0,1,1,1,-1,1,1,1,0,0,0,0,1,1,0,0,0,-1,-1,-1,-1,-1,-1,-1,-1,0,0,0,0,0,0,0,0,-1,-1,-1,-1,-1,1,-1,-1,0,-1,0,0,,,,0,0,,0,0,0,0,0,,0,0,0,0,0,0,-1,0,0,-1,-1,-1,-1,-1,-1,1,0,0,0,0,0,1,0,1,1,1,1,1,1,1,1,1,1,0,0,0,0,0,0,0,0,1,1,1,0,0,1,0,0,0,0,0,0,1,1,1,1,1,1,1,0,0,1,0,0,0,0,1,1,1,1,0,1,0,0,0,0,0,0,0,1,0,0,0,0,1,0,0,0,0,0,0,0,1,1,0,1,0,0,0,0,0,0,1,0,0,0,0,0,0,0,0,0,0,0,0,0,0,0,0,0,0,0,0,87,76,11,24.37,314,39,10
grubterra_2020,-1,-1,-1,-1,-1,-1,-1,-1,-1,-1,-1,,,,,1,1,1,1,1,1,0,0,0,0,-1,0,1,1,1,1,1,0,0,1,0,0,0,0,0,0,1,0,0,0,1,1,1,0,0,0,0,0,0,1,0,0,0,0,0,1,1,0,0,0,1,1,0,-1,-1,0,1,1,1,0,0,0,0,0,1,1,1,1,1,1,0,0,0,1,1,1,0,-1,-1,-1,-1,0,0,0,0,0,0,0,1,1,-1,0,0,0,0,0,0,0,0,0,-1,-1,-1,-1,-1,-1,0,0,-1,-1,0,0,0,0,0,0,0,0,0,0,0,0,0,0,-1,0,0,0,0,-1,-1,0,1,0,1,0,1,1,0,0,0,1,1,0,1,0,0,0,0,0,0,0,0,0,0,0,0,0,0,0,1,1,1,1,1,0,1,0,1,1,1,0,1,1,1,0,1,0,0,0,1,1,0,0,-1,1,1,1,1,-1,1,1,0,0,-1,-1,-1,-1,-1,-1,-1,-1,,1,1,-1,-1,-1,0,-1,0,-1,,,,0,0,0,0,0,0,0,0,0,-1,-1,-1,0,0,0,0,1,1,1,1,1,1,1,1,1,1,1,1,1,1,0,-1,1,1,1,1,1,1,0,0,0,0,0,0,0,-1,0,1,1,1,1,1,1,0,0,1,1,0,0,0,0,0,1,1,1,1,1,1,1,1,-1,-1,1,-1,-1,1,1,1,0,0,0,1,0,0,1,1,1,0,0,1,0,1,1,1,0,1,0,0,0,0,1,1,1,1,0,1,-1,-1,0,1,1,1,-1,1,0,0,1,0,0,0,0,0,0,0,0,0,0,0,0,1,-1,0,0,125,106,19,35.01,297,58,8
gsr_solutions_2020,-1,-1,-1,-1,-1,-1,-1,-1,-1,-1,-1,,,,,1,1,0,1,1,1,0,0,0,1,0,0,-1,-1,1,1,-1,0,0,1,-1,0,0,1,-1,0,1,1,0,0,-1,-1,-1,0,0,0,0,1,0,1,1,0,-1,0,0,0,0,0,0,0,1,1,0,0,0,0,1,1,0,0,0,0,0,0,0,1,0,1,1,0,0,0,0,0,1,1,0,,1,1,1,,1,1,0,0,0,0,1,0,0,0,0,0,0,0,0,0,0,0,0,0,0,0,0,0,0,0,0,0,0,0,0,0,0,0,0,0,0,0,0,0,0,0,0,0,0,0,0,0,0,0,1,0,0,0,1,1,0,0,0,0,1,0,1,1,0,0,0,1,1,0,0,0,0,0,0,-1,0,0,1,1,1,1,1,0,1,0,1,1,1,0,1,1,1,0,0,0,0,1,1,0,0,-1,-1,-1,-1,-1,-1,-1,-1,-1,1,1,-1,-1,1,1,1,1,-1,-1,,1,1,1,1,1,0,-1,0,-1,,,,0,0,,0,0,,0,0,0,0,0,0,0,0,,-1,1,1,-1,-1,1,-1,-1,-1,1,0,0,0,0,0,0,1,1,1,1,1,1,1,0,0,0,0,0,0,0,1,0,0,0,1,1,1,0,0,0,0,1,0,0,0,0,0,1,1,1,1,1,1,0,0,0,1,1,0,0,-1,1,1,1,1,0,1,-1,0,0,0,0,0,0,0,0,-1,1,-1,0,1,0,0,-1,0,0,0,-1,1,0,-1,0,0,0,1,0,1,1,1,-1,0,0,0,0,0,0,0,0,0,0,0,0,0,0,0,0,0,0,99,88,11,27.73,300,50,13
harmony_desal_2020,-1,-1,-1,-1,-1,0,0,0,-1,-1,-1,,,,,1,1,-1,1,1,1,1,0,0,0,0,0,-1,-1,1,1,1,0,0,0,0,0,0,0,0,0,1,1,0,0,0,0,0,0,0,0,0,0,0,-1,0,0,0,0,0,-1,0,0,0,0,1,1,0,0,0,-1,-1,-1,0,0,0,0,0,0,0,0,0,0,0,0,0,0,0,0,1,0,0,-1,-1,-1,-1,-1,-1,-1,0,0,0,0,1,-1,1,0,0,0,0,0,0,0,0,0,0,0,0,0,0,0,0,0,1,1,0,0,0,0,0,0,-1,0,-1,-1,0,0,1,1,0,0,0,0,0,0,0,-1,1,0,-1,0,1,1,0,0,0,0,1,0,1,1,0,0,0,1,0,0,0,0,0,0,0,1,0,0,1,1,1,1,1,0,-1,0,1,1,1,0,1,1,-1,0,0,0,0,-1,1,0,0,-1,-1,-1,-1,-1,-1,-1,-1,-1,-1,-1,0,0,1,1,0,0,-1,-1,-1,-1,-1,0,0,0,0,-1,0,-1,,,,0,0,0,0,0,0,0,0,0,0,0,0,0,0,,0,-1,-1,-1,-1,1,-1,-1,-1,1,-1,-1,0,0,0,0,-1,1,1,1,1,1,1,0,0,0,0,0,0,0,0,0,-1,-1,-1,1,1,1,0,0,0,1,0,1,1,0,0,1,1,1,1,1,1,0,0,0,-1,-1,0,0,0,-1,-1,0,0,0,1,0,0,-1,-1,-1,0,0,0,0,0,0,0,0,1,0,0,0,0,-1,0,-1,1,0,-1,0,0,0,1,-1,1,-1,1,0,1,-1,-1,-1,0,0,-1,-1,-1,0,-1,0,0,0,0,0,0,0,68,62,6,19.05,273,82,8
hidden_gems_bevarage_company_2020,-1,-1,-1,-1,-1,-1,-1,-1,-1,-1,-1,,,,,1,1,0,1,1,1,0,0,0,0,0,0,-1,-1,-1,-1,1,1,-1,1,1,0,0,0,0,0,0,0,0,0,0,0,0,0,0,0,0,1,0,1,0,0,0,0,0,1,1,0,0,0,1,1,0,0,0,-1,1,-1,0,1,0,0,0,0,0,0,0,0,0,1,0,0,0,0,1,0,0,-1,-1,-1,-1,-1,-1,-1,0,0,0,0,1,1,1,0,0,0,0,0,0,0,0,0,0,0,0,0,0,0,0,0,1,1,0,0,0,0,0,0,1,0,1,1,0,0,-1,-1,0,0,1,1,1,0,0,-1,1,0,1,0,1,1,0,0,0,0,1,0,1,0,0,0,0,-1,1,0,0,0,0,0,0,1,0,0,1,1,1,0,1,0,1,0,1,1,1,0,1,1,-1,0,0,0,0,1,1,0,0,0,-1,1,1,-1,-1,-1,-1,-1,-1,-1,-1,-1,0,0,0,0,-1,-1,-1,-1,-1,0,-1,-1,0,0,0,-1,,,,0,0,0,0,0,0,0,0,,0,0,0,0,0,0,0,-1,-1,1,1,-1,-1,-1,-1,1,-1,-1,0,0,0,-1,-1,1,1,1,1,1,1,0,0,0,0,0,1,1,-1,0,0,0,0,1,1,1,0,0,0,1,0,1,1,0,0,1,1,1,1,1,1,0,0,0,-1,1,0,0,0,1,1,1,0,0,1,0,0,0,0,0,0,0,0,0,0,0,0,0,1,0,0,0,0,-1,1,1,1,0,-1,0,0,0,1,-1,0,0,1,0,1,0,0,0,1,1,0,0,0,0,1,0,0,0,0,0,0,0,90,81,9,25.21,292,63,8
infinite_hydrogen_inc_2020,-1,-1,-1,-1,-1,-1,-1,-1,-1,-1,-1,,,,,1,1,0,1,1,1,0,0,0,0,0,0,-1,-1,1,1,0,0,0,1,-1,0,0,0,0,0,1,0,0,0,-1,-1,0,0,0,0,0,-1,0,1,1,0,0,-1,0,1,-1,0,0,0,0,0,0,0,0,0,0,0,0,0,0,0,0,0,0,0,0,0,0,0,0,0,0,0,1,0,1,0,0,0,0,0,0,0,0,0,0,0,1,0,0,0,0,0,0,0,0,0,0,0,0,0,0,0,0,0,0,0,0,0,0,0,0,0,0,0,0,0,0,0,0,0,0,0,0,0,0,0,0,0,0,0,1,0,1,0,1,1,0,0,0,0,1,0,-1,0,0,0,0,1,1,0,0,0,-1,0,0,1,0,0,1,1,1,1,1,0,1,0,1,1,1,0,1,1,-1,0,1,0,0,-1,1,-1,0,0,-1,1,1,-1,-1,-1,-1,-1,1,1,-1,-1,1,1,-1,-1,-1,-1,-1,-1,-1,1,-1,-1,0,-1,-1,-1,,,,0,0,0,0,0,,0,0,0,0,0,0,0,0,,0,-1,-1,1,1,-1,-1,-1,-1,1,1,1,0,0,0,0,-1,1,1,1,1,1,1,1,1,-1,-1,0,0,0,1,0,0,0,1,1,1,-1,0,0,0,0,0,0,0,0,0,1,-1,1,1,1,1,0,0,0,1,1,0,-1,-1,1,1,1,1,0,1,0,0,0,0,0,0,0,0,0,-1,1,-1,-1,1,1,0,0,0,0,0,0,1,0,1,0,0,0,1,0,-1,1,1,0,0,1,0,0,0,0,0,0,0,0,0,0,0,0,0,0,0,0,81,70,11,22.69,293,61,9
loadai_2020,-1,-1,-1,-1,-1,-1,-1,-1,-1,-1,-1,,,,,1,1,0,1,1,0,0,0,0,0,0,0,-1,-1,1,1,0,0,0,0,0,0,0,-1,0,0,1,0,-1,0,0,0,0,0,0,0,0,0,-1,1,0,0,0,0,0,-1,0,0,0,0,-1,-1,0,0,0,0,0,1,0,0,0,0,0,0,0,0,0,0,0,0,0,0,0,0,0,0,0,0,0,0,0,0,0,0,0,0,0,0,0,0,0,0,0,0,0,0,0,0,0,0,0,0,0,0,0,0,0,0,0,0,0,0,0,0,0,0,0,0,0,0,0,0,0,0,0,0,0,0,0,0,0,0,0,0,1,0,1,1,0,0,0,0,0,0,0,0,0,0,0,0,0,0,0,0,0,0,0,1,0,0,1,-1,-1,-1,1,0,-1,0,1,1,1,0,1,1,-1,0,0,0,0,-1,1,0,0,0,-1,-1,-1,-1,-1,1,1,1,0,0,-1,-1,0,0,0,0,-1,-1,-1,-1,-1,0,0,0,0,-1,-1,-1,,,,0,0,0,0,0,0,0,0,0,0,0,0,0,0,,0,-1,-1,-1,-1,1,-1,-1,-1,1,0,0,0,0,0,1,-1,0,0,1,1,1,-1,0,0,0,0,0,0,0,0,0,1,1,1,-1,0,0,0,0,0,1,0,0,0,0,0,1,1,1,1,1,1,0,0,0,-1,1,0,0,0,-1,1,0,0,0,1,0,0,1,1,1,0,0,0,0,0,0,1,0,1,0,0,0,0,0,0,-1,0,0,-1,0,0,0,1,0,1,-1,1,0,0,0,0,0,0,0,0,0,0,0,0,0,0,0,0,0,0,0,51,44,7,14.29,300,55,8
manifold_robotics_2020,-1,-1,-1,-1,-1,0,0,0,-1,-1,-1,,,,,1,1,0,1,1,1,1,0,0,0,0,0,0,0,1,1,0,0,0,-1,0,1,0,1,-1,0,1,1,0,0,0,0,0,0,0,0,0,0,-1,1,1,0,0,0,0,0,0,0,0,0,0,0,0,0,0,0,0,0,0,0,0,1,1,-1,0,0,0,0,0,0,0,0,0,0,1,0,0,0,0,0,0,0,0,0,0,0,0,0,1,0,0,0,0,0,0,0,0,0,0,0,0,0,0,0,0,0,0,0,0,0,0,0,0,0,0,0,0,0,0,0,0,0,0,0,0,0,0,0,0,0,0,0,1,0,1,0,1,1,0,0,0,0,1,0,1,0,0,0,0,1,-1,0,0,0,0,0,0,1,0,0,1,1,1,1,1,0,1,0,1,1,1,0,1,1,1,0,0,0,0,1,1,0,0,1,-1,0,0,-1,-1,-1,-1,-1,-1,-1,-1,-1,0,0,0,0,-1,-1,0,0,0,0,-1,-1,0,0,0,-1,,,,0,0,0,0,0,0,0,0,0,0,0,0,0,0,,0,-1,-1,0,0,-1,-1,-1,-1,1,1,1,-1,-1,-1,0,1,1,1,1,1,1,1,0,0,0,0,0,0,0,0,0,1,1,1,1,0,0,0,0,0,1,0,0,0,0,0,1,1,1,1,1,1,0,0,0,-1,1,0,1,-1,1,1,1,-1,0,1,-1,0,1,1,1,0,0,0,0,1,-1,0,0,1,0,0,-1,0,0,0,0,0,0,0,0,0,0,1,-1,-1,-1,-1,0,0,1,0,0,0,0,0,0,0,0,0,0,0,0,0,0,0,0,75,66,9,21.01,308,47,8
mantle_technology_greenr_carb_2020,-1,-1,-1,-1,-1,-1,-1,-1,-1,-1,-1,,,,,1,1,0,1,1,0,0,0,0,0,0,0,0,0,0,0,1,0,0,0,0,0,0,0,1,0,1,1,-1,0,1,1,1,0,0,0,0,-1,0,1,0,0,0,-1,-1,-1,0,-1,0,0,0,0,0,0,0,0,-1,1,0,0,0,0,0,0,0,1,0,-1,-1,-1,0,0,0,0,0,1,0,0,0,0,0,0,0,0,0,0,0,0,1,1,0,0,0,0,0,0,0,0,0,0,0,0,0,0,0,0,0,0,0,0,0,0,0,0,0,0,0,0,0,0,0,0,0,0,0,0,0,0,0,0,0,0,-1,0,1,0,1,1,0,0,0,0,1,0,0,0,0,0,0,0,0,1,0,0,1,0,0,1,0,0,1,1,1,1,1,0,1,0,1,1,1,0,1,0,1,0,0,0,0,1,1,0,0,0,-1,-1,-1,-1,-1,-1,-1,-1,-1,-1,-1,-1,0,0,0,0,-1,-1,,1,1,1,-1,-1,0,-1,0,0,,,,0,0,0,0,0,0,0,0,,-1,-1,-1,0,0,,-1,-1,-1,-1,-1,-1,-1,-1,-1,1,1,1,1,1,1,1,0,1,1,1,1,1,0,0,0,0,0,0,1,1,0,1,0,0,-1,1,1,1,0,0,1,1,0,0,0,0,0,1,1,1,1,1,1,0,0,-1,0,0,1,1,1,0,0,0,0,0,1,0,0,0,0,0,0,0,0,0,0,1,1,1,1,0,0,0,0,0,0,1,0,0,1,0,0,0,1,1,0,1,1,0,0,1,0,0,0,0,0,0,0,0,0,0,0,0,0,1,0,0,82,70,12,22.97,300,53,10
qd_solar_inc_2020,-1,-1,-1,-1,-1,-1,-1,-1,-1,-1,-1,,,,,1,1,1,1,1,0,1,0,0,0,0,-1,1,1,1,1,0,0,0,0,0,0,0,0,1,0,1,0,0,-1,-1,0,0,-1,0,0,0,0,0,-1,0,0,0,0,0,-1,0,0,0,0,0,0,0,1,1,0,-1,0,0,0,-1,1,0,0,0,0,0,0,0,0,0,0,0,0,1,0,0,-1,-1,-1,-1,-1,-1,-1,0,0,0,0,0,0,-1,0,0,0,0,0,0,0,0,0,0,0,0,0,0,0,0,0,-1,-1,0,0,0,0,0,0,0,0,0,0,0,0,-1,-1,0,0,-1,-1,-1,0,0,0,-1,0,0,0,-1,-1,0,0,0,0,-1,0,-1,1,0,0,0,-1,0,0,0,-1,0,0,0,-1,0,0,-1,-1,-1,-1,-1,0,-1,0,-1,-1,-1,0,-1,-1,-1,0,0,0,0,-1,1,-1,0,0,,-1,-1,-1,-1,-1,-1,-1,-1,-1,-1,-1,-1,-1,-1,-1,-1,-1,-1,-1,-1,0,-1,-1,0,-1,0,-1,,,,0,0,0,0,0,0,1,0,0,-1,-1,-1,0,0,,-1,1,1,-1,-1,-1,-1,-1,-1,1,0,0,0,0,0,0,-1,-1,1,1,1,1,0,0,0,0,0,-1,0,0,0,0,0,0,1,-1,0,0,-1,0,0,-1,0,1,1,0,0,-1,-1,-1,-1,-1,-1,-1,0,0,0,0,0,1,-1,0,0,0,0,0,-1,0,-1,1,1,1,0,0,0,-1,0,0,0,-1,-1,-1,0,0,0,0,0,0,1,0,-1,0,0,0,-1,0,-1,0,-1,1,0,0,0,0,0,0,0,0,0,0,0,0,0,0,0,1,0,0,36,33,3,10.08,240,114,9
prisere_llc_2020,-1,-1,-1,-1,-1,0,0,0,0,0,0,,,,,-1,-1,0,-1,-1,1,0,0,0,0,0,0,0,0,1,1,-1,-1,0,0,-1,0,0,-1,-1,-1,1,-1,0,0,-1,-1,-1,0,0,0,0,0,-1,1,-1,0,-1,0,0,0,0,0,0,0,0,0,0,0,0,0,0,0,0,0,0,0,-1,0,0,-1,0,-1,-1,-1,0,0,0,0,-1,0,0,0,0,0,0,0,0,0,0,0,0,0,1,-1,-1,0,0,-1,-1,0,,0,0,0,0,0,0,0,0,0,0,0,-1,-1,0,0,0,0,0,0,0,0,-1,-1,0,0,-1,-1,-1,-1,-1,-1,-1,0,0,0,1,0,1,1,1,1,0,0,0,0,0,-1,0,0,0,0,0,0,0,0,0,0,0,0,0,-1,-1,0,1,1,1,1,1,0,-1,0,1,1,1,1,1,1,1,0,1,0,0,1,1,,0,0,0,0,0,-1,-1,-1,-1,-1,0,0,-1,-1,0,0,0,0,-1,-1,0,0,0,0,1,1,0,0,0,0,,,,0,0,0,0,0,0,0,0,0,0,0,0,0,0,,0,1,1,1,1,-1,-1,-1,-1,1,-1,-1,-1,-1,-1,0,-1,0,0,1,1,1,1,0,0,0,0,-1,0,0,0,0,-1,-1,-1,1,-1,0,-1,-1,-1,0,0,-1,-1,0,0,1,-1,1,-1,-1,-1,0,0,-1,-1,1,0,1,-1,1,-1,0,0,0,1,0,-1,0,0,0,0,0,0,0,-1,0,-1,0,-1,0,0,0,0,-1,-1,-1,-1,-1,0,0,0,0,0,-1,0,-1,-1,0,0,-1,0,0,0,0,0,0,0,-1,0,0,0,0,0,0,0,0,44,38,6,12.32,255,98,10
power2peer_2020,-1,-1,-1,-1,-1,-1,-1,-1,-1,-1,-1,,,,,1,1,0,-1,-1,0,0,1,1,1,1,0,0,0,0,0,0,1,0,0,0,0,0,0,0,1,0,0,0,0,0,0,0,1,0,0,0,0,0,1,0,0,1,0,0,1,0,0,0,0,,,0,0,0,1,0,0,0,0,,0,0,1,1,0,0,-1,-1,1,0,1,1,0,1,1,1,,1,1,1,,1,1,0,0,0,0,1,1,1,0,0,0,0,1,0,0,0,1,0,0,0,0,0,0,0,0,1,1,0,0,1,0,0,0,0,1,0,0,0,1,1,1,1,0,0,0,0,0,1,0,1,1,1,1,0,0,0,0,0,0,1,1,1,0,0,0,0,0,0,0,0,0,1,1,0,0,0,0,1,0,0,0,1,0,0,0,0,0,0,1,0,0,0,0,0,1,0,0,0,1,1,1,-1,1,1,-1,-1,-1,-1,1,1,1,1,1,1,1,0,0,0,0,,1,1,0,0,0,0,-1,,-1,,,,1,0,0,0,0,0,0,0,0,,1,1,0,0,0,0,1,1,0,0,0,0,-1,-1,1,0,0,0,0,0,0,0,0,0,1,1,1,0,0,0,0,0,1,0,0,0,1,0,0,0,0,0,0,0,0,1,1,1,0,0,0,0,1,1,1,0,0,0,0,0,0,1,1,1,1,0,,0,,,,1,0,0,0,0,0,1,0,0,0,1,0,0,1,0,,,,,0,0,0,0,,1,,0,0,0,1,1,1,1,1,0,0,0,0,0,0,0,0,0,0,0,0,0,1,0,0,0,0,99,87,12,27.73,314,24,25
polycarbin_2020,-1,-1,-1,-1,-1,-1,-1,-1,-1,-1,-1,,,,,1,1,1,1,1,0,0,0,0,-1,1,0,0,0,-1,-1,0,0,0,0,1,0,0,0,0,0,-1,1,1,1,0,0,0,0,0,0,-1,0,-1,1,0,0,0,-1,-1,1,-1,-1,0,0,0,0,1,0,0,0,1,0,0,0,-1,0,0,1,0,0,0,0,0,1,0,0,0,-1,1,0,0,-1,-1,-1,-1,0,0,0,0,0,0,0,-1,1,-1,0,0,0,0,0,0,0,0,0,0,0,0,0,0,0,0,0,-1,-1,0,0,0,0,0,0,0,0,-1,-1,0,0,-1,-1,0,0,-1,-1,-1,0,0,0,1,0,0,1,-1,0,1,0,0,0,0,-1,0,0,0,-1,1,1,1,1,-1,0,0,0,0,0,0,-1,1,1,1,-1,-1,0,-1,0,-1,1,-1,0,-1,-1,-1,-1,0,-1,-1,1,1,0,0,0,,1,1,-1,-1,-1,-1,-1,-1,-1,-1,-1,-1,-1,0,0,-1,-1,,1,1,0,-1,-1,-1,-1,-1,-1,,,,0,0,0,0,0,0,0,0,0,-1,-1,-1,0,0,0,-1,-1,-1,1,1,1,1,1,-1,1,1,1,1,1,1,0,-1,-1,-1,-1,-1,-1,1,-1,-1,0,0,-1,0,0,-1,0,0,0,0,0,0,-1,0,0,1,-1,0,0,0,0,0,1,1,-1,-1,-1,-1,0,0,-1,-1,1,0,0,1,1,-1,0,0,0,1,0,-1,1,1,1,-1,-1,0,0,0,0,0,-1,-1,0,0,0,0,0,0,1,1,-1,1,0,0,0,0,0,-1,0,-1,0,0,1,0,0,0,-1,0,0,0,0,1,-1,-1,0,-1,0,0,0,62,56,6,17.37,243,111,9
path_to_a_green_home_2020,-1,-1,-1,-1,-1,,1,1,-1,-1,-1,,,,,1,1,1,1,1,1,0,0,0,0,0,0,1,1,1,1,0,0,0,0,0,1,0,0,0,1,1,0,1,1,0,0,0,0,0,0,0,1,0,1,1,1,1,0,0,1,1,0,1,1,1,1,0,0,0,1,1,1,0,1,1,0,1,1,1,1,0,-1,-1,0,0,0,0,0,0,1,1,0,0,0,0,0,0,0,0,0,0,0,0,0,1,1,1,1,1,1,1,1,1,0,0,0,0,0,0,0,0,0,1,1,,,0,0,0,0,0,0,1,1,0,0,1,1,1,1,1,1,1,1,1,1,1,0,1,0,0,1,0,0,0,0,0,0,0,0,0,0,1,1,1,0,0,0,0,0,0,1,0,0,1,1,1,1,1,0,1,0,1,1,1,0,1,1,1,1,0,0,0,0,0,0,0,1,-1,-1,-1,,-1,-1,0,-1,0,0,,,1,1,1,1,0,0,,1,1,0,-1,-1,0,0,1,-1,,,,0,0,0,0,0,0,0,0,0,,1,1,0,0,0,0,-1,-1,-1,-1,0,-1,-1,,1,1,1,1,1,1,0,1,0,0,1,1,1,1,1,1,1,1,0,1,1,1,0,1,1,1,0,0,1,0,0,0,1,0,1,1,0,0,1,0,0,1,1,1,1,1,0,1,1,0,1,1,1,0,1,0,1,1,0,0,1,1,1,0,1,0,1,1,0,0,0,1,1,1,1,0,1,0,1,1,1,1,1,0,0,0,0,1,0,0,0,1,1,1,1,0,1,0,0,0,1,1,1,0,0,1,0,0,1,158,137,21,44.26,322,25,16
muon_vision_2020,1,1,-1,-1,-1,-1,-1,-1,-1,-1,-1,,,,,-1,-1,0,-1,-1,-1,0,0,0,0,0,0,0,0,1,1,-1,0,0,0,0,0,0,1,-1,0,1,0,0,0,0,0,0,0,0,0,0,0,0,0,1,-1,0,0,0,0,0,0,0,0,0,0,-1,0,0,0,0,1,0,0,0,0,0,0,0,-1,0,0,0,1,-1,0,0,0,0,-1,0,-1,-1,-1,-1,-1,-1,-1,0,0,0,0,1,0,0,0,0,0,0,0,0,0,0,0,0,0,0,0,0,0,0,0,0,0,0,0,0,0,0,0,0,0,0,0,0,0,0,0,0,0,0,0,0,0,0,0,1,0,0,0,1,1,0,0,0,0,1,0,1,-1,0,0,0,0,1,0,0,0,0,0,0,1,0,0,1,1,1,1,1,0,1,0,1,1,1,0,1,1,1,0,0,0,0,1,-1,0,0,-1,-1,1,1,-1,-1,-1,1,-1,1,1,0,0,0,0,0,0,-1,-1,-1,-1,-1,1,0,0,0,0,0,0,,,,0,0,0,0,0,0,0,0,0,0,0,0,0,0,,0,1,1,1,1,1,-1,-1,-1,-1,0,0,-1,-1,-1,0,-1,1,0,1,1,1,1,-1,-1,0,0,0,0,0,0,-1,0,0,-1,-1,0,0,0,0,0,0,0,0,0,0,0,1,-1,1,1,1,1,0,-1,0,0,1,0,0,0,1,0,1,-1,0,1,0,0,0,0,0,0,0,0,-1,0,0,-1,0,-1,0,0,-1,0,1,0,1,0,0,0,0,0,0,0,0,-1,0,-1,0,0,-1,0,0,0,0,0,0,0,0,0,0,0,0,0,0,0,0,57,53,4,15.97,291,64,8
shway_2020,1,1,1,1,1,,,,1,1,1,,,,,1,1,-1,1,1,1,0,-1,-1,-1,0,-1,-1,-1,1,1,1,1,1,0,0,0,0,1,1,1,1,1,-1,-1,1,1,1,1,0,0,0,0,0,0,0,1,1,0,-1,0,0,0,-1,-1,-1,-1,-1,-1,-1,-1,0,1,1,1,0,0,0,0,1,0,0,0,0,0,0,0,0,0,0,0,0,0,0,0,0,0,0,0,0,0,0,0,0,0,0,0,0,0,0,0,0,0,0,0,1,1,1,1,1,0,0,0,0,0,0,0,0,0,0,0,0,0,1,1,0,0,0,0,0,0,0,0,0,0,0,0,0,0,0,0,1,1,1,0,0,0,0,0,0,0,0,0,0,0,0,0,0,0,0,0,0,0,0,0,0,0,0,0,0,0,0,0,0,0,0,0,0,0,0,0,0,0,0,0,0,0,0,0,,1,1,0,0,1,0,-1,1,1,1,1,0,0,0,0,-1,-1,-1,-1,-1,0,0,0,0,-1,0,0,,,,0,0,0,0,0,0,0,0,0,-1,-1,-1,0,0,0,0,-1,-1,1,1,-1,0,0,0,1,0,0,0,0,0,0,0,0,0,-1,-1,-1,1,0,0,-1,-1,1,0,0,1,0,1,1,1,0,0,0,1,1,1,1,0,0,0,0,0,1,1,1,1,1,1,1,0,0,0,1,0,1,1,0,1,0,0,0,1,1,0,1,1,1,1,1,0,0,0,0,0,1,0,0,0,0,0,1,0,0,0,0,0,0,0,0,0,0,1,0,0,0,0,1,0,0,0,0,0,0,0,0,0,0,0,0,0,0,1,0,86,69,17,24.09,316,36,11
self_cleaning_solar_power_2020,-1,-1,-1,-1,-1,0,0,0,1,1,1,,,,,1,1,0,1,1,-1,0,0,0,0,0,-1,0,0,1,1,0,0,0,1,1,0,0,-1,-1,0,1,1,0,0,0,0,0,0,0,0,0,0,0,1,-1,0,0,0,0,-1,0,0,0,0,0,0,0,0,0,0,1,-1,0,0,0,0,0,-1,1,0,0,0,0,0,0,0,0,0,1,0,0,0,0,0,0,0,0,0,0,0,0,0,1,0,-1,0,0,0,0,0,0,0,0,0,0,0,0,0,0,0,0,0,0,0,0,0,0,0,0,0,0,0,0,0,0,0,0,0,0,0,0,0,0,0,0,0,1,0,-1,0,1,-1,0,0,0,0,1,0,1,1,0,0,0,1,1,0,0,0,0,0,0,1,0,0,-1,1,1,1,1,0,1,0,-1,1,1,0,1,1,1,0,0,0,0,1,0,0,0,1,,-1,-1,-1,-1,-1,-1,-1,1,1,1,1,-1,-1,0,0,-1,-1,-1,-1,-1,0,1,1,0,-1,-1,-1,,,,0,0,0,0,0,0,0,0,0,0,0,0,1,0,0,-1,0,0,0,0,-1,-1,-1,-1,1,-1,-1,-1,-1,-1,0,1,1,1,1,1,1,1,-1,-1,-1,-1,0,0,0,0,0,1,1,-1,1,1,1,0,0,0,1,0,0,0,0,0,1,1,1,1,1,1,0,0,0,0,-1,-1,0,0,1,0,-1,0,0,1,0,0,-1,-1,-1,0,0,1,-1,0,-1,0,0,1,-1,0,0,0,0,1,-1,0,0,0,0,0,0,-1,1,1,-1,-1,0,0,1,0,0,0,0,0,0,0,0,0,0,-1,0,-1,0,0,-1,73,63,10,20.45,289,66,8
sea_dragon_aquaculture_2020,-1,-1,-1,-1,-1,-1,-1,-1,-1,-1,-1,,,,,1,1,0,1,1,0,0,0,0,0,0,0,0,0,1,1,1,0,0,1,0,0,0,1,1,0,1,0,0,0,0,0,0,0,0,0,0,1,0,1,1,0,0,0,0,1,0,0,0,0,0,0,0,0,0,0,1,0,0,0,0,0,0,0,1,0,0,0,0,0,0,0,0,0,1,0,0,0,0,0,0,0,0,0,0,0,0,0,1,0,1,0,0,0,0,0,0,0,0,0,0,0,0,0,0,0,0,0,1,1,0,0,0,0,0,0,0,0,1,1,0,0,0,0,0,0,1,1,1,0,0,0,1,0,1,0,1,1,0,0,0,0,0,0,0,0,0,0,1,1,1,1,1,0,1,0,0,1,0,0,1,1,1,1,1,0,1,0,1,1,1,0,1,1,1,0,0,0,0,1,1,0,0,1,,1,1,-1,-1,-1,-1,-1,-1,-1,1,1,0,0,0,0,-1,-1,-1,-1,-1,1,-1,-1,0,-1,0,0,,,,0,0,0,0,0,0,0,0,0,,1,1,0,0,,-1,-1,-1,-1,-1,-1,-1,-1,-1,1,0,0,0,0,0,0,1,0,0,1,1,1,1,0,0,0,0,0,0,0,0,0,0,0,1,1,1,1,0,0,0,1,0,0,0,0,0,1,1,1,1,1,1,0,0,0,0,1,0,0,0,1,0,0,0,0,1,0,0,0,0,0,0,0,0,0,1,0,1,0,1,1,0,0,0,0,0,1,0,0,0,0,0,0,0,0,0,1,1,0,0,0,0,0,0,0,0,0,0,0,0,0,0,0,0,0,0,0,87,77,10,24.37,318,35,10
roadpower_systems_2020,-1,-1,-1,-1,-1,-1,-1,-1,-1,-1,-1,-1,-1,-1,-1,1,1,-1,-1,-1,1,-1,0,0,0,-1,-1,-1,-1,1,1,-1,-1,0,0,-1,0,0,-1,-1,-1,1,-1,-1,0,0,0,0,0,0,-1,-1,-1,-1,1,-1,-1,-1,0,0,-1,-1,0,0,0,-1,-1,0,0,0,-1,1,1,0,0,0,-1,-1,0,-1,0,0,0,0,0,0,-1,-1,0,1,-1,0,0,0,0,0,0,0,0,-1,-1,-1,-1,1,0,1,-1,-1,1,1,-1,0,-1,-1,-1,-1,-1,-1,-1,-1,0,0,0,1,1,0,0,0,0,0,0,-1,0,1,1,0,-1,1,1,1,-1,1,1,1,-1,1,-1,1,-1,-1,0,0,-1,0,0,0,0,-1,1,-1,0,0,0,0,-1,0,-1,-1,0,0,-1,0,-1,1,-1,-1,0,-1,-1,-1,0,0,0,-1,-1,-1,-1,-1,-1,0,0,0,0,0,-1,-1,0,0,-1,-1,-1,-1,-1,-1,-1,-1,-1,-1,-1,-1,-1,-1,-1,0,0,1,1,-1,-1,-1,-1,-1,-1,-1,-1,-1,-1,,,,0,0,0,0,0,0,0,0,,-1,-1,-1,0,0,0,0,-1,-1,-1,-1,-1,-1,-1,-1,1,0,0,-1,-1,-1,-1,-1,-1,-1,-1,-1,-1,-1,-1,-1,-1,-1,1,1,1,1,0,0,0,1,1,1,0,-1,-1,1,1,-1,1,1,0,0,1,1,1,-1,-1,-1,-1,-1,-1,1,1,-1,1,-1,-1,-1,-1,-1,0,1,0,0,-1,-1,-1,-1,-1,0,0,1,0,1,0,1,-1,0,-1,-1,1,-1,1,1,1,0,1,-1,-1,-1,-1,1,-1,-1,0,-1,1,0,0,1,1,0,0,0,-1,-1,-1,-1,0,-1,0,0,-1,61,52,9,17.09,179,180,4
ribbit_2020,-1,-1,-1,-1,-1,0,0,0,-1,-1,-1,,,,,1,1,0,-1,-1,0,0,0,0,0,0,0,-1,-1,1,1,0,0,1,0,-1,-1,0,1,1,1,1,1,0,0,1,1,-1,0,0,1,0,0,-1,1,1,0,1,0,0,1,0,0,0,0,1,1,0,0,0,0,1,-1,0,1,0,0,0,0,0,0,0,-1,-1,1,0,0,0,1,1,0,1,0,0,0,0,0,0,0,0,0,0,0,1,1,1,0,0,0,0,0,0,0,0,0,0,0,0,0,0,0,0,0,1,1,0,0,0,0,0,0,0,0,0,0,0,0,0,0,0,0,0,0,0,0,0,0,1,-1,-1,0,-1,-1,0,0,0,0,0,-1,0,0,0,0,1,1,-1,0,0,0,0,1,-1,-1,0,0,-1,-1,-1,-1,-1,0,-1,0,-1,-1,-1,0,-1,-1,-1,0,0,0,0,-1,-1,0,0,1,0,1,1,-1,-1,-1,-1,-1,-1,-1,-1,-1,0,0,0,0,-1,-1,-1,-1,-1,1,-1,-1,0,-1,-1,1,,,,0,0,0,0,0,0,0,0,0,0,0,0,0,0,0,0,-1,-1,1,1,1,-1,-1,-1,1,0,0,1,1,1,-1,1,1,-1,-1,-1,-1,1,-1,-1,-1,-1,-1,-1,-1,0,0,-1,-1,-1,0,1,-1,0,0,1,0,0,0,0,0,0,1,-1,1,1,1,1,-1,-1,-1,-1,1,0,-1,0,1,1,1,-1,0,1,0,-1,1,1,1,0,0,0,-1,-1,-1,1,0,-1,1,0,-1,0,1,0,1,1,0,0,0,0,-1,1,1,-1,-1,-1,0,0,1,0,0,0,0,0,0,0,0,0,0,-1,0,1,0,0,0,73,53,20,20.45,258,98,7
renewco2_llc_2020,-1,-1,-1,-1,-1,0,0,0,-1,-1,-1,,,,,1,1,0,0,0,0,-1,0,0,0,0,0,0,0,1,1,0,0,0,0,0,0,0,0,1,0,1,0,0,0,-1,-1,-1,0,0,0,0,0,0,1,0,0,0,0,0,0,0,0,0,0,0,0,0,0,0,0,1,0,0,0,0,0,0,0,0,0,0,0,0,0,0,0,0,0,1,0,0,0,0,0,0,0,0,0,0,0,0,0,1,0,0,0,0,0,0,0,0,0,0,0,0,0,0,0,0,0,0,0,0,0,0,0,0,0,0,0,0,0,0,0,0,0,0,0,0,0,0,0,0,0,0,0,1,0,1,0,1,1,0,0,0,0,1,0,1,0,0,0,0,1,0,0,0,0,0,0,0,1,0,0,1,1,1,1,1,0,1,0,1,1,1,0,1,1,1,0,0,0,0,1,1,0,0,1,,0,0,0,0,0,0,0,0,0,0,0,0,0,0,0,0,0,0,0,0,0,0,0,0,0,0,0,,,,0,0,0,0,0,0,0,0,0,0,0,0,0,0,0,0,0,0,0,0,0,0,0,0,1,0,0,0,0,0,1,1,1,0,1,1,1,1,0,0,0,0,0,0,0,0,0,0,0,1,1,1,1,0,0,0,1,0,0,0,0,0,1,1,1,1,1,1,0,0,0,0,1,0,0,0,1,0,1,1,0,1,0,0,0,0,0,0,0,1,0,0,0,0,0,1,1,0,0,0,0,0,1,0,0,0,0,0,0,1,0,1,0,1,0,0,1,0,0,0,0,0,0,0,0,0,0,0,0,0,0,0,0,65,52,13,18.21,343,12,8
volt_dynamics_2020,-1,-1,-1,-1,-1,,1,1,-1,-1,-1,,,,,1,1,1,-1,-1,0,1,0,0,0,0,1,0,0,1,1,0,0,1,1,1,0,0,0,0,1,1,1,0,0,1,1,1,1,0,0,0,1,-1,1,1,1,1,1,1,1,0,1,1,1,1,1,0,0,0,1,1,1,0,1,0,1,1,0,0,1,1,1,1,1,1,0,0,0,1,1,1,-1,-1,-1,-1,-1,-1,-1,0,0,0,0,1,1,0,0,0,0,0,0,0,0,0,0,0,0,0,0,0,0,0,0,0,0,0,0,0,0,0,0,0,0,0,0,0,0,0,0,0,0,0,0,0,0,0,0,1,0,0,0,0,0,0,0,1,0,1,0,1,1,1,0,0,1,1,1,1,0,0,1,0,1,1,0,1,1,1,1,1,0,1,1,0,1,1,1,1,1,1,0,0,0,0,0,1,0,0,0,,0,0,-1,-1,-1,-1,-1,1,1,0,0,1,1,0,0,1,1,0,0,0,1,1,1,0,0,1,-1,,,,0,0,0,0,0,0,0,0,0,0,0,0,0,0,,0,-1,-1,0,0,1,-1,-1,-1,1,1,1,1,1,1,1,0,1,1,1,1,1,1,1,1,1,1,1,1,1,0,0,1,1,1,1,1,0,1,1,1,1,0,0,0,0,0,1,1,1,1,1,1,1,1,1,1,1,1,1,1,1,1,1,1,1,1,1,0,0,0,0,0,0,0,0,0,1,1,1,1,1,1,1,1,1,0,1,1,1,1,0,0,0,1,1,1,0,1,0,0,1,0,0,0,0,0,0,0,0,0,0,0,0,1,1,0,1,158,129,29,44.26,324,29,10
thiozen_2020,1,1,-1,-1,-1,,1,1,-1,-1,-1,,,,,1,1,0,0,0,1,1,0,0,0,0,0,0,0,1,1,0,-1,0,0,-1,0,0,1,0,0,1,-1,-1,0,0,-1,-1,0,0,-1,0,1,0,-1,0,0,0,1,,-1,0,0,0,0,0,0,-1,0,0,0,1,0,0,0,0,0,0,0,1,0,0,-1,-1,-1,-1,,,0,1,1,1,-1,-1,-1,-1,0,0,0,0,0,0,0,1,0,1,0,0,1,1,0,0,1,1,1,1,1,1,1,0,1,0,0,1,1,0,0,0,0,0,0,1,0,1,1,0,0,,,,0,1,1,1,1,0,0,1,,0,0,0,0,0,0,0,0,1,0,1,0,0,0,0,0,0,0,0,0,0,0,0,0,0,0,0,0,0,0,0,0,0,0,0,0,0,0,0,0,0,0,0,0,0,0,1,0,0,,-1,-1,-1,-1,-1,-1,-1,1,1,1,1,1,-1,-1,0,0,0,0,-1,-1,-1,0,-1,-1,0,0,0,0,,,,,,,,,,,,,-1,-1,-1,0,0,,,1,1,1,1,1,1,-1,-1,1,0,0,1,1,1,-1,-1,1,1,1,1,1,1,0,0,0,0,-1,0,0,0,-1,1,1,1,1,1,1,0,0,-1,1,0,1,1,0,0,1,0,1,1,1,1,1,1,0,1,1,0,1,0,1,-1,0,0,0,1,0,0,1,1,1,0,0,0,0,0,0,0,0,1,0,1,1,0,1,0,0,0,1,0,1,1,1,1,1,1,1,1,-1,0,1,0,0,0,0,0,0,0,0,1,0,1,0,1,0,0,0,106,92,14,29.69,286,50,27
tiny_toronto_2020,-1,-1,-1,-1,-1,0,0,0,-1,-1,-1,,,,,-1,-1,0,-1,-1,0,0,0,0,0,0,0,1,1,1,1,0,0,0,0,0,0,0,0,1,0,1,0,1,0,1,1,-1,0,0,0,0,0,0,0,0,0,0,0,0,0,0,0,0,0,1,1,-1,0,0,0,-1,0,0,0,0,0,0,0,0,0,0,0,0,0,0,0,0,0,1,0,0,-1,-1,-1,-1,0,0,0,0,0,0,0,1,0,0,0,0,0,0,0,0,0,0,0,0,0,0,0,0,0,0,0,0,0,0,0,0,0,0,0,0,0,0,0,0,0,0,0,0,0,0,0,0,0,0,0,1,-1,1,1,-1,-1,0,0,-1,-1,1,0,0,1,0,0,0,0,0,1,-1,-1,1,-1,0,-1,-1,-1,-1,-1,-1,-1,1,-1,-1,0,1,-1,-1,0,-1,-1,-1,0,0,0,0,0,-1,1,0,0,-1,1,1,-1,-1,-1,-1,-1,1,1,1,1,-1,-1,-1,-1,-1,-1,-1,-1,-1,1,-1,-1,0,-1,-1,-1,,,,0,0,0,0,0,0,0,0,0,-1,-1,-1,0,0,0,0,-1,-1,-1,-1,-1,-1,-1,-1,1,1,1,-1,-1,-1,0,-1,1,1,1,1,1,1,0,0,0,0,0,-1,-1,1,0,0,0,1,1,0,0,-1,-1,1,1,-1,0,0,0,0,-1,1,1,1,1,1,0,0,-1,0,0,0,1,-1,1,1,0,0,0,1,0,0,-1,-1,-1,-1,0,1,0,0,-1,0,0,-1,0,-1,0,0,0,0,0,0,0,1,0,0,-1,1,-1,1,0,-1,-1,0,0,0,0,0,0,0,0,0,0,0,0,0,0,-1,0,0,0,57,48,9,15.97,259,97,7
sustainable_structures_group_2020,-1,-1,-1,-1,-1,,,,-1,-1,-1,,,,,1,1,0,-1,-1,1,1,0,0,0,0,0,0,0,1,1,0,0,0,0,1,0,0,0,1,1,1,1,0,0,0,0,0,0,0,0,1,0,1,1,1,1,0,0,0,0,0,0,0,0,0,0,0,0,0,0,0,0,0,1,0,1,0,0,0,0,0,0,0,0,0,0,0,0,-1,0,1,,1,1,1,0,0,0,0,0,0,0,1,0,0,0,0,0,0,0,0,0,0,0,0,0,0,0,0,0,0,0,0,0,0,0,0,0,0,0,0,0,0,0,0,0,0,0,0,0,0,0,0,0,0,0,1,0,0,0,0,1,1,0,0,0,1,0,1,1,0,0,0,1,1,1,1,0,0,1,0,1,0,0,1,1,1,1,0,0,1,0,1,1,1,1,0,1,1,0,0,0,0,1,1,0,0,0,,-1,-1,-1,-1,-1,-1,-1,1,1,0,0,1,1,0,0,,,-1,-1,-1,0,-1,-1,0,-1,0,0,,,,0,0,0,0,0,0,0,0,0,-1,-1,-1,0,0,,0,1,1,0,0,1,-1,-1,-1,1,1,1,0,0,0,0,0,1,1,1,1,1,1,1,1,1,1,1,1,1,0,0,1,1,1,1,1,1,1,1,0,1,0,0,0,0,0,1,1,1,1,1,1,1,1,1,1,0,1,1,,1,1,1,1,1,1,1,0,1,1,1,0,0,0,1,1,1,1,1,1,1,0,1,1,1,0,0,0,0,1,0,0,0,1,1,1,1,0,0,0,0,0,0,0,0,0,0,0,0,0,0,0,0,1,1,0,0,119,100,19,33.33,317,30,16
sunthetics_2020,-1,-1,-1,-1,-1,-1,-1,-1,-1,-1,-1,,,,,1,1,-1,1,1,1,1,0,0,0,0,0,-1,-1,1,1,1,0,0,1,0,0,0,-1,-1,0,1,1,0,0,1,1,1,-1,0,0,1,1,0,1,1,0,1,0,0,0,0,0,0,0,1,1,0,0,0,1,1,1,0,0,0,1,0,0,0,0,0,0,0,-1,0,0,0,-1,1,0,0,0,0,0,0,0,0,0,0,0,0,0,1,0,1,1,1,1,1,0,0,1,1,1,0,0,0,0,0,0,0,0,1,1,0,0,0,0,0,0,1,0,1,1,0,1,-1,-1,1,0,1,1,1,0,1,1,1,0,1,0,1,1,0,0,0,0,1,0,0,0,0,0,0,1,0,1,1,0,1,0,0,1,0,0,1,0,0,0,1,0,1,0,1,1,1,0,1,1,1,0,0,0,0,0,1,0,0,0,-1,-1,-1,-1,-1,1,-1,-1,1,1,-1,-1,0,0,1,1,-1,-1,-1,-1,-1,1,-1,-1,0,0,0,0,,,,0,0,0,0,0,0,0,0,0,0,0,0,0,0,,0,-1,-1,-1,-1,-1,-1,1,-1,1,1,1,-1,-1,-1,-1,0,1,1,1,1,1,1,0,0,0,0,-1,-1,-1,-1,-1,-1,-1,1,1,1,1,-1,-1,1,1,0,1,1,0,1,1,1,-1,1,1,1,1,0,1,-1,-1,0,1,1,1,1,1,0,0,1,1,0,0,0,0,0,-1,-1,0,1,1,1,-1,1,1,0,1,0,0,0,-1,1,0,-1,0,0,0,-1,-1,1,-1,-1,0,-1,1,-1,-1,1,1,-1,-1,-1,-1,1,0,0,0,-1,-1,0,0,119,102,17,33.33,277,78,8
sunowner_inc_2020,-1,-1,-1,-1,-1,0,0,0,-1,-1,-1,,,,,1,1,0,0,0,1,1,0,0,0,0,0,0,0,1,1,0,0,0,0,0,0,0,0,0,0,1,0,0,0,1,1,1,-1,0,0,0,0,0,0,0,0,0,0,0,0,0,0,0,0,1,1,0,0,0,0,0,-1,0,0,0,0,0,0,0,0,0,0,0,0,0,0,0,0,0,0,0,-1,-1,-1,-1,0,0,0,0,0,0,0,0,0,0,0,0,0,0,0,0,0,0,0,0,0,0,0,0,0,0,0,0,0,0,0,0,0,0,0,0,0,0,0,0,0,0,0,0,0,0,0,0,0,0,0,1,0,1,0,1,1,0,0,0,0,1,0,1,0,0,0,0,1,0,0,0,0,0,0,0,1,0,0,1,1,1,1,1,0,1,0,1,1,1,0,-1,1,1,0,0,0,0,-1,-1,0,0,1,-1,1,1,-1,-1,-1,-1,1,0,0,0,0,0,0,0,0,-1,-1,,1,1,1,0,0,0,0,0,0,,,,0,0,0,0,0,0,0,0,0,,1,1,0,0,0,0,1,1,0,0,1,-1,-1,-1,1,0,0,0,0,0,0,0,1,0,0,0,0,1,0,0,0,0,0,0,0,0,0,0,0,0,-1,0,0,1,1,1,-1,-1,0,0,0,0,1,0,1,1,1,1,0,0,-1,0,0,,0,0,0,1,0,0,0,1,0,0,0,0,0,0,0,0,0,0,0,0,1,0,0,0,0,0,1,0,1,0,0,0,0,0,0,0,-1,-1,0,0,0,0,0,0,0,0,0,0,0,0,0,0,0,0,0,0,1,0,0,60,55,5,16.81,320,33,10
spar_energy_2020,-1,-1,-1,-1,-1,-1,-1,-1,-1,-1,-1,,,,,1,1,0,1,1,1,0,0,0,0,0,0,0,0,1,1,1,0,0,1,1,0,0,1,1,1,1,1,0,0,0,0,0,0,0,0,0,0,1,1,1,0,0,0,0,1,1,0,0,0,1,1,0,-1,-1,0,1,0,0,0,1,0,-1,0,0,1,0,0,0,0,0,0,0,0,1,-1,0,-1,-1,-1,-1,-1,-1,-1,0,0,0,0,-1,0,0,0,0,0,0,0,0,0,0,0,0,0,0,0,0,0,0,0,0,0,0,0,0,0,0,0,0,0,0,0,0,0,0,0,0,0,0,0,0,0,0,0,1,0,1,0,1,1,0,0,0,0,1,0,1,0,0,0,1,1,1,0,0,0,1,0,0,-1,0,0,1,1,1,1,1,0,1,0,1,1,1,0,1,-1,1,0,0,0,0,1,1,0,0,1,,1,1,-1,-1,-1,-1,-1,-1,-1,1,1,0,0,0,0,-1,-1,-1,-1,-1,-1,-1,-1,0,-1,0,-1,,,,0,0,0,0,0,0,0,0,0,-1,-1,-1,0,0,0,0,-1,-1,1,1,1,-1,-1,-1,1,1,1,0,0,0,0,1,1,1,1,1,1,1,0,0,0,0,0,0,0,1,1,0,0,1,1,1,1,0,0,1,1,0,0,0,0,0,1,1,1,1,1,1,0,0,-1,1,1,0,-1,1,1,1,1,0,-1,1,0,0,0,0,0,0,0,-1,0,0,1,-1,0,1,1,0,-1,0,-1,0,1,1,-1,1,-1,0,0,-1,0,1,0,-1,0,0,1,0,0,-1,-1,0,0,0,-1,0,0,0,0,0,0,0,-1,96,83,13,26.89,290,65,8
volexion_2020,-1,-1,-1,-1,-1,0,0,0,-1,-1,-1,,,,,1,1,0,1,1,1,1,0,0,0,0,1,0,0,1,1,0,0,0,0,0,0,0,1,1,1,1,1,0,0,-1,-1,-1,0,0,0,0,1,0,1,1,0,0,0,0,0,0,0,0,0,,,0,0,0,0,,1,0,0,0,0,0,0,0,1,0,1,1,1,0,0,0,0,1,1,0,0,0,0,0,-1,-1,-1,0,0,0,0,1,0,1,0,0,0,0,0,0,0,0,0,0,0,0,0,0,0,0,0,1,1,0,0,0,0,0,0,0,0,1,1,0,0,1,1,0,0,1,1,1,0,0,0,1,0,1,0,1,1,0,0,0,0,1,0,1,1,0,0,0,1,0,0,0,0,0,1,0,1,0,0,1,1,1,1,1,0,1,0,1,1,1,1,1,1,1,0,0,0,0,1,1,0,0,1,0,-1,-1,-1,-1,-1,-1,-1,1,1,1,1,-1,-1,0,0,-1,-1,-1,-1,-1,1,1,1,0,0,0,0,,,,0,0,0,0,0,0,0,0,0,-1,-1,-1,0,0,0,0,-1,-1,-1,-1,1,-1,-1,-1,1,0,0,1,1,1,0,0,1,1,0,0,0,1,0,0,0,0,0,0,0,1,0,0,0,1,1,0,0,0,0,0,1,0,1,1,0,0,1,0,1,1,1,1,0,1,0,0,1,0,1,1,,1,1,0,0,1,1,1,,,,0,0,1,0,1,1,0,0,1,1,0,1,1,0,1,0,1,0,0,0,0,0,1,1,0,1,1,0,,1,0,0,1,1,0,0,0,0,0,0,0,0,1,0,0,0,113,93,20,31.65,310,38,15
photonix_products_2020,-1,-1,-1,-1,-1,,1,1,-1,-1,-1,,,,,-1,-1,0,0,0,0,0,0,0,0,1,1,0,0,1,1,0,0,1,1,1,0,0,0,1,1,1,0,0,0,1,1,1,1,0,0,0,0,0,0,0,0,1,0,0,1,0,1,1,1,1,1,0,0,0,0,0,1,0,0,0,0,0,0,0,0,0,0,0,0,0,0,0,0,0,0,0,0,0,0,0,0,0,0,0,0,0,0,0,0,1,0,0,0,0,0,0,0,0,0,1,1,1,1,1,1,0,0,1,1,0,0,0,0,0,0,0,0,1,1,0,0,1,1,1,0,1,1,1,0,1,0,1,0,0,0,0,0,0,0,1,0,0,0,0,0,0,0,0,0,0,0,0,0,0,0,0,0,0,0,1,1,1,1,0,0,1,1,0,1,1,1,0,1,1,0,0,0,0,0,1,0,0,0,,1,1,-1,-1,-1,-1,-1,0,0,1,1,0,0,0,0,-1,-1,-1,-1,-1,1,-1,-1,0,-1,0,0,,,,0,0,0,0,0,0,0,0,0,,1,1,0,0,0,0,1,1,1,1,-1,-1,-1,-1,1,0,0,0,0,0,0,0,0,0,0,0,0,1,1,1,0,0,1,1,1,0,0,1,1,0,1,1,1,1,1,1,1,1,0,0,0,0,1,1,1,1,1,1,0,0,-1,0,0,1,1,0,1,1,1,1,1,1,0,0,0,0,0,0,0,0,0,1,1,1,1,1,1,1,0,0,1,0,1,0,0,1,0,0,0,1,1,1,0,1,0,0,0,0,0,1,0,0,0,0,0,0,0,0,0,0,1,0,1,115,98,17,32.21,325,28,10
jordan_energy_alternative_2020,-1,-1,-1,-1,-1,0,0,0,-1,-1,-1,,,,,1,1,0,0,0,1,0,1,1,0,1,0,0,0,0,0,1,0,0,1,0,0,0,1,1,0,1,1,0,0,0,1,0,1,0,0,0,0,0,1,0,0,0,0,0,1,1,0,0,0,0,0,1,0,0,0,0,1,0,1,0,0,0,0,0,0,0,0,0,0,0,0,0,0,0,0,1,0,0,0,0,0,0,0,0,0,0,0,1,0,1,,,,,,0,,,,0,0,0,0,0,0,0,0,0,0,0,0,0,0,0,0,0,0,1,1,0,1,0,0,0,0,0,0,0,0,0,,0,0,0,0,0,0,0,0,0,0,0,0,0,0,0,0,1,1,0,0,0,0,0,0,0,1,0,0,1,1,1,1,1,0,1,0,1,1,1,1,1,1,1,0,0,0,0,1,1,0,0,0,,1,1,-1,-1,-1,-1,-1,0,0,-1,-1,0,0,0,0,0,0,,1,1,1,0,0,0,0,0,0,,,,0,0,0,0,0,0,0,0,0,-1,-1,-1,0,0,,0,-1,-1,-1,-1,-1,-1,-1,-1,1,0,0,0,0,0,0,1,0,0,1,1,1,1,0,0,0,0,0,0,0,0,0,1,1,0,1,1,1,0,0,1,1,0,1,1,1,1,1,1,1,1,1,1,0,0,0,1,1,1,0,0,1,0,1,0,0,0,1,1,1,1,1,0,1,0,0,0,1,1,0,1,1,0,0,0,1,1,1,1,0,0,1,0,0,1,0,1,1,0,0,1,1,0,0,1,1,0,0,0,1,0,0,1,0,1,0,0,0,102,82,20,28.57,318,26,19
power_to_hydrogen_2020,-1,-1,-1,-1,-1,0,0,0,-1,-1,-1,,,,,1,1,0,1,1,1,1,0,0,0,0,0,0,0,1,1,0,0,0,0,0,0,0,-1,1,1,1,1,0,0,0,1,-1,0,0,0,0,0,0,1,-1,0,0,0,0,0,0,0,0,0,,,0,0,0,0,1,1,0,,0,0,0,0,1,1,0,-1,-1,0,0,0,0,0,1,1,0,-1,-1,-1,-1,0,0,0,0,0,0,0,1,0,1,0,0,0,0,0,0,0,0,0,0,0,0,0,0,0,0,0,1,1,0,0,0,0,0,0,0,0,1,1,0,1,1,1,1,0,1,1,1,0,1,0,1,0,1,0,1,1,0,0,0,0,1,0,1,1,0,0,0,1,0,1,1,0,0,1,0,1,0,0,1,1,1,1,1,0,1,0,1,1,1,0,1,1,1,0,0,0,0,1,1,0,0,1,-1,1,1,-1,-1,-1,-1,-1,1,1,1,1,-1,-1,0,0,-1,-1,,1,1,1,-1,-1,0,0,1,-1,,,,0,0,0,0,0,0,0,0,0,,1,1,0,0,0,0,1,1,1,1,-1,-1,-1,1,1,0,0,0,0,0,0,0,1,1,1,1,1,1,0,0,0,0,0,0,0,1,0,1,1,1,1,0,0,0,0,1,1,0,,,0,0,1,0,1,1,1,1,0,1,0,0,1,1,1,1,1,1,,0,0,1,1,1,0,0,0,0,0,1,0,1,1,1,0,1,1,0,1,0,0,0,0,1,0,0,0,0,0,1,1,1,1,1,0,1,1,1,1,1,1,1,1,1,0,1,1,0,0,1,0,0,0,132,107,25,36.97,315,33,15
intelegine_2020,-1,-1,-1,-1,-1,,,,-1,-1,-1,,,,,1,1,1,0,0,0,0,0,0,0,0,0,1,1,1,1,0,0,1,0,1,0,0,1,1,1,1,1,0,0,0,0,0,0,0,0,0,0,0,-1,1,1,0,0,0,0,-1,0,0,0,0,0,-1,0,0,0,1,1,1,1,1,0,0,0,0,0,0,0,0,-1,1,0,0,0,-1,0,0,0,0,0,0,0,0,0,0,0,0,0,1,0,0,0,0,0,0,0,0,0,0,0,0,0,0,0,0,0,0,0,0,0,0,0,0,0,0,0,0,0,1,1,1,1,0,0,0,0,0,0,0,0,0,0,1,0,0,0,0,0,0,0,0,0,-1,-1,0,-1,-1,0,0,1,1,1,1,0,1,1,0,1,1,0,1,1,1,1,1,1,1,0,1,1,1,1,1,1,1,0,-1,0,0,1,1,0,0,0,,0,0,0,0,0,0,0,1,1,0,0,1,1,0,0,1,1,0,0,0,-1,0,0,0,0,0,0,,,,0,0,0,0,0,0,0,0,0,0,0,0,0,0,,0,1,1,0,0,1,0,0,0,1,-1,-1,1,1,1,0,0,1,-1,0,0,0,1,1,1,1,1,1,1,1,0,0,0,0,0,1,1,1,1,1,0,1,0,1,1,0,0,1,1,1,1,1,1,0,0,1,0,-1,0,-1,0,1,1,1,1,1,1,0,0,0,0,0,0,0,0,-1,0,1,1,1,1,0,0,-1,0,-1,0,0,1,0,1,0,0,0,0,1,1,0,0,0,0,1,0,0,1,0,0,0,0,0,0,0,0,0,0,1,0,1,107,92,15,29.97,324,27,12
battery_tour_2020,-1,-1,-1,-1,-1,,,,-1,-1,-1,,,,,-1,-1,1,0,0,0,0,0,0,0,1,1,1,1,1,1,0,0,0,0,0,0,0,0,1,0,0,0,0,0,-1,-1,-1,-1,-1,0,0,0,0,0,0,0,0,0,0,0,0,0,0,0,1,1,0,1,1,0,,1,1,1,1,0,0,0,0,0,0,0,0,1,1,0,0,1,1,0,0,0,0,0,0,0,0,0,0,0,0,0,1,-1,0,0,0,0,0,0,0,0,0,0,0,0,0,0,0,0,0,0,0,0,0,0,0,0,0,0,0,0,0,0,0,0,0,0,0,0,0,0,0,0,0,0,1,0,0,1,0,0,0,1,1,1,0,0,0,0,0,0,0,0,0,0,0,1,0,0,0,1,0,0,1,1,1,1,1,0,1,0,0,1,1,0,0,1,1,1,1,0,0,0,1,1,1,1,-1,0,0,0,-1,0,0,0,0,0,-1,-1,-1,-1,0,0,-1,-1,0,0,0,1,-1,-1,0,0,1,0,,,,0,0,0,0,0,0,0,0,0,0,0,0,0,0,0,0,-1,-1,0,0,0,0,0,0,1,0,0,1,1,1,0,0,-1,1,0,0,0,1,0,0,0,0,1,0,0,0,0,0,0,0,1,0,0,1,1,1,1,1,0,0,0,0,1,1,1,1,1,1,0,0,-1,0,0,0,0,0,0,0,0,0,0,0,0,0,0,0,0,0,0,1,0,0,0,1,0,1,0,0,0,0,1,0,1,0,0,1,1,-1,0,0,-1,1,0,0,0,0,0,0,0,0,0,0,0,0,0,0,0,0,0,0,0,0,0,73,62,11,20.45,320,32,11
werewool_2020,-1,-1,-1,-1,-1,-1,-1,-1,-1,-1,-1,,,,,1,1,0,1,1,1,0,0,0,0,0,0,0,0,1,1,0,0,0,0,0,0,0,1,1,1,1,0,0,0,1,1,1,1,0,0,0,-1,1,1,1,1,1,0,0,0,0,0,1,1,1,1,-1,0,0,1,1,1,0,1,0,0,0,0,0,0,0,0,0,0,0,0,0,0,1,-1,0,-1,-1,-1,-1,-1,-1,-1,0,0,0,0,1,0,0,0,0,0,0,0,0,0,0,0,0,0,0,0,0,0,0,0,0,0,0,0,0,0,0,0,0,0,0,0,0,0,0,0,0,0,0,0,0,0,0,0,1,0,0,0,0,1,1,0,1,0,1,0,1,1,0,0,0,1,0,1,1,0,0,1,0,1,0,0,1,1,1,1,1,0,1,1,0,1,1,0,0,1,1,0,0,0,0,0,1,0,0,0,,0,0,0,0,0,0,-1,0,0,0,0,1,1,-1,-1,-1,-1,0,0,0,0,-1,-1,0,0,0,0,,,,0,0,0,0,0,0,0,0,0,0,0,0,0,0,,-1,0,0,0,0,0,0,0,0,1,1,1,0,0,0,0,0,1,1,1,1,1,1,1,1,1,1,1,1,1,1,1,1,1,1,0,0,0,1,1,1,1,0,1,1,1,0,1,1,1,1,1,1,1,1,-1,1,1,-1,1,1,1,1,1,1,0,1,1,0,0,0,0,0,1,0,0,1,1,1,1,1,1,0,1,1,1,0,1,1,1,1,0,1,0,0,0,1,0,0,0,0,1,0,0,0,0,0,0,0,0,0,0,1,0,-1,1,0,0,121,97,24,33.89,322,32,9
aeromutable_2020,-1,-1,-1,-1,-1,,,,-1,-1,-1,,,,,1,1,0,0,0,0,1,0,0,0,1,0,0,0,1,1,0,0,1,1,1,0,0,1,1,1,1,0,0,0,1,1,1,1,0,0,0,1,1,1,1,1,1,-1,0,1,1,1,1,1,1,1,0,0,0,0,1,1,0,1,1,1,-1,0,1,-1,0,0,0,0,0,0,0,0,1,1,1,0,0,0,0,0,0,0,0,0,0,0,1,0,0,0,0,0,0,0,0,0,0,0,0,0,0,0,0,0,0,0,0,0,0,0,0,0,0,0,0,0,0,0,0,0,0,0,0,0,0,0,0,0,0,0,1,0,0,-1,0,0,0,0,1,0,1,-1,1,1,0,0,0,1,1,1,1,0,0,1,0,1,-1,0,1,1,1,1,1,0,1,1,1,1,1,1,0,1,1,0,0,0,0,0,1,0,0,0,,-1,-1,0,0,0,0,-1,1,1,0,0,1,1,0,0,1,1,-1,-1,-1,1,1,1,0,-1,1,-1,,,,0,0,0,0,0,0,0,0,,-1,-1,-1,0,0,,0,1,1,-1,-1,-1,0,0,0,1,1,1,0,0,0,0,0,1,1,1,1,1,1,1,1,1,1,1,1,1,0,1,0,0,1,1,0,0,1,1,1,0,1,0,0,0,0,1,1,1,1,1,1,0,1,1,-1,1,1,1,1,1,1,0,1,0,1,0,0,0,0,0,0,0,1,1,1,0,1,1,1,1,0,1,1,1,1,1,1,0,1,0,1,0,1,1,1,0,0,0,0,1,0,0,0,0,0,0,0,0,0,0,0,0,0,1,0,0,136,108,28,38.1,321,29,13
forest_founders_2020,-1,-1,-1,-1,-1,0,0,0,0,0,0,,,,,1,1,0,1,1,1,0,1,1,0,1,1,1,1,0,0,0,0,0,0,0,0,0,0,0,0,,1,0,0,1,1,1,0,0,0,1,0,,1,0,0,0,0,0,0,0,0,0,0,0,0,0,0,0,0,0,1,0,0,0,0,0,0,0,0,0,0,0,0,0,0,0,0,0,0,0,-1,-1,-1,-1,0,0,0,,,,,-1,0,0,0,0,0,0,0,0,0,0,0,0,0,0,0,0,0,0,0,0,0,0,0,0,0,0,0,0,0,0,0,0,0,0,0,0,0,0,0,0,0,0,0,1,,,0,0,1,0,0,1,0,0,0,0,1,,,,1,1,,,,0,,,,0,0,,,1,0,1,0,1,,,,,,1,1,1,0,0,0,0,0,1,0,0,1,-1,1,1,-1,-1,-1,-1,-1,0,0,0,0,0,0,0,0,-1,-1,-1,-1,-1,1,-1,-1,0,0,0,0,,,,0,0,0,0,0,0,0,0,0,0,0,0,0,0,0,0,0,0,0,0,-1,-1,-1,-1,1,0,0,0,0,0,0,1,,0,0,0,0,0,0,0,0,0,1,0,0,0,0,0,0,0,0,0,0,1,1,1,1,1,0,0,0,0,1,0,0,0,0,0,0,0,,,,,,,,,,,,,,,,,,,,,,,,,,,,,,,,,,,,,,,,,,,,,0,0,,0,0,0,0,0,0,0,0,0,0,0,0,,,,,44,38,6,12.32,255,27,81
unocup_2020,-1,-1,-1,-1,-1,-1,-1,-1,-1,-1,-1,,,,,-1,-1,0,0,0,1,-1,0,0,0,0,0,0,0,-1,-1,0,0,-1,1,0,0,0,1,1,1,-1,0,0,0,1,1,1,1,0,0,1,0,1,1,1,0,0,0,0,1,1,1,1,1,0,0,0,1,1,0,0,1,0,1,1,0,0,0,0,0,0,0,0,1,1,0,0,1,1,0,0,-1,-1,-1,-1,-1,-1,-1,0,0,0,0,1,1,1,0,0,0,0,0,0,0,0,0,0,0,0,0,0,0,0,0,1,1,0,0,0,0,0,0,0,0,0,0,0,0,1,1,1,0,0,0,0,0,0,0,1,0,0,1,1,1,1,0,1,0,1,0,1,1,0,0,0,1,1,0,0,0,0,1,1,1,1,0,1,1,1,1,1,0,1,1,0,1,1,0,0,1,1,1,1,1,1,1,1,1,0,0,,1,1,-1,-1,-1,-1,-1,0,0,-1,-1,0,0,0,0,1,1,-1,-1,-1,1,1,1,0,0,0,0,,,,0,0,0,0,0,0,0,0,0,0,0,0,0,0,,0,1,1,1,1,-1,-1,-1,-1,1,1,1,1,1,1,1,1,1,1,0,0,0,1,1,1,0,0,1,1,1,0,0,1,1,1,1,1,1,1,1,1,1,1,0,0,0,0,1,1,1,1,1,1,1,1,1,-1,-1,1,1,1,1,1,1,1,0,1,1,0,1,1,1,0,1,1,1,1,1,1,1,1,1,1,1,0,1,0,1,1,1,1,1,1,-1,1,1,1,0,1,0,0,0,0,0,0,0,0,0,0,0,0,0,-1,0,-1,1,0,1,151,127,24,42.3,310,44,9
arc_industries_2020,-1,-1,-1,-1,-1,-1,-1,-1,,,,,,,,1,1,,1,1,1,1,1,1,0,1,1,1,1,1,1,0,1,0,0,-1,0,0,,,,1,1,1,,0,0,0,,0,,,,0,1,0,0,0,0,0,,1,,0,0,,,0,0,0,0,,0,0,0,0,0,0,0,-1,0,0,-1,-1,0,0,,,0,1,0,0,-1,-1,-1,-1,0,0,0,0,0,0,0,1,0,1,,,,,,,,,,,,,,,,,,1,1,,,,,0,0,0,,1,1,,,0,0,,,-1,-1,-1,,0,,1,,,,0,1,,1,1,,1,,1,1,,,,1,1,,,1,1,1,1,,0,,,0,1,1,1,1,1,,,,,,1,1,1,,,,,,,,,,,1,1,-1,-1,-1,-1,-1,-1,-1,-1,-1,0,0,-1,-1,,,-1,-1,-1,1,1,1,,,,,,,,,,,,,,,,,,,,,,,,-1,-1,,,1,-1,-1,-1,1,1,1,1,1,1,1,-1,1,,1,1,1,1,,,,,1,1,1,-1,0,0,0,0,0,,0,0,-1,1,1,1,-1,-1,,,1,1,1,1,1,1,,0,,,,,,,,,,,,,,,,,,,,,,,,,,,,,,,,,,,,,,,,,,,,,,,,,,,,,,,,,,,,,,,,78,72,6,21.85,141,43,179
true_data_ops_2020,-1,-1,-1,-1,-1,-1,-1,-1,-1,-1,-1,,,,,-1,-1,0,-1,-1,1,1,0,0,0,0,-1,0,0,-1,-1,0,-1,0,0,1,0,0,-1,-1,-1,1,0,0,0,0,0,0,0,0,0,-1,0,-1,1,-1,-1,0,0,0,0,0,0,,,0,0,0,0,0,0,1,1,0,-1,0,-1,0,0,0,0,0,0,0,0,0,0,0,0,1,0,-1,-1,-1,-1,-1,0,0,0,0,0,0,0,1,0,0,0,0,0,0,0,0,0,0,0,0,0,0,0,0,0,0,0,0,0,0,0,0,0,0,0,0,0,0,0,0,0,0,0,0,0,0,0,0,0,0,0,-1,,-1,0,,-1,0,0,0,0,-1,0,0,0,0,0,0,1,1,0,0,0,0,0,0,-1,0,0,1,1,1,1,1,0,1,1,1,1,1,0,1,1,1,0,0,0,0,1,1,0,0,,-1,1,1,-1,-1,-1,-1,-1,1,1,-1,-1,1,1,-1,-1,-1,-1,-1,-1,-1,0,1,1,0,0,0,0,,,,0,0,0,0,0,0,0,0,0,-1,-1,-1,0,0,0,0,1,1,-1,-1,1,-1,1,-1,-1,1,1,0,0,0,0,-1,-1,-1,-1,-1,-1,-1,0,0,0,0,0,0,0,0,1,0,0,0,-1,0,0,0,-1,0,1,-1,0,0,0,0,1,0,-1,1,1,1,-1,1,0,0,-1,1,-1,0,-1,1,0,0,0,1,0,0,0,0,0,0,0,0,0,0,0,-1,0,1,-1,0,0,0,0,0,-1,0,0,-1,0,0,0,0,-1,-1,1,1,0,0,0,0,0,0,0,0,0,0,-1,0,0,0,0,-1,1,0,0,54,49,5,15.13,267,84,12
reusepac_inc_2020,-1,-1,1,1,1,,1,1,0,0,0,,,,,1,1,0,0,0,1,1,0,0,0,0,1,0,0,,,0,,0,,,0,0,0,,0,0,0,,0,,,0,0,0,,0,,0,0,0,0,0,,0,0,0,,0,0,1,1,0,0,0,1,0,0,0,0,0,0,0,0,0,0,0,0,0,1,1,0,0,1,1,0,0,0,0,0,0,0,0,0,0,0,0,0,1,1,0,0,0,0,0,0,0,0,0,0,0,0,0,0,0,0,0,0,0,0,0,0,0,0,0,0,0,0,0,0,0,0,0,0,0,0,0,0,0,0,0,0,0,0,1,1,0,0,0,0,0,0,1,0,0,0,0,0,0,0,0,0,0,0,0,0,0,0,0,0,0,0,0,0,0,0,0,0,0,0,0,0,0,0,0,0,0,0,0,0,0,0,0,0,,1,1,-1,-1,1,-1,1,0,0,0,0,0,0,0,0,-1,-1,,1,1,1,-1,-1,0,1,0,0,,,,0,0,0,0,0,0,0,0,0,0,0,0,0,0,0,0,1,1,1,1,1,1,1,1,1,1,1,1,1,1,0,0,0,0,1,1,1,1,0,0,0,0,0,1,1,0,0,1,1,1,1,1,1,0,0,1,1,1,0,0,0,0,1,0,1,,,,1,1,0,1,0,0,1,0,1,1,1,0,0,0,1,1,1,1,1,0,0,0,0,0,0,1,0,0,0,1,1,0,1,0,1,0,0,0,0,0,1,1,1,1,1,0,0,0,1,0,0,0,0,0,0,0,0,0,0,0,0,1,0,0,0,85,71,14,23.81,328,9,26
greentech_motors_corp_2020,1,1,1,1,1,-1,-1,-1,1,1,1,,,,,1,1,0,-1,-1,0,1,1,1,1,1,1,1,1,1,1,0,0,0,1,1,1,0,1,-1,-1,1,1,1,1,-1,0,0,0,1,0,1,-1,0,0,0,0,0,-1,-1,1,-1,0,0,0,0,0,1,0,0,1,1,1,0,-1,1,0,-1,1,1,1,-1,-1,-1,0,0,0,0,1,1,1,0,,1,1,1,,1,1,,1,1,1,1,0,-1,0,0,0,0,0,0,0,0,0,0,0,0,0,0,0,0,0,-1,-1,0,0,-1,0,0,0,-1,0,-1,-1,-1,1,-1,-1,-1,0,0,0,0,-1,1,1,1,0,0,1,-1,-1,0,0,-1,0,1,-1,1,1,0,0,1,1,1,1,-1,0,0,0,0,1,0,0,0,0,1,1,1,0,1,0,0,0,0,0,1,1,0,0,0,0,0,0,0,0,0,0,,1,1,-1,-1,-1,-1,-1,0,0,0,0,1,1,0,0,0,0,0,0,0,1,1,1,0,0,0,0,,,,0,0,0,0,0,0,0,0,0,-1,-1,-1,0,0,0,0,0,0,0,0,-1,-1,-1,-1,-1,0,0,1,1,1,0,1,1,-1,0,0,0,1,0,0,0,0,1,0,0,0,1,0,0,0,1,0,0,0,0,0,0,-1,0,0,0,0,1,0,0,1,1,1,0,0,0,0,1,0,1,0,0,0,0,0,0,0,0,0,0,0,0,0,0,0,0,0,0,-1,0,0,0,0,0,0,0,0,0,0,0,0,0,0,0,0,0,1,0,0,0,0,0,0,0,0,0,0,0,0,0,0,0,0,0,0,0,0,0,93,84,9,26.05,302,50,11
electric_fish_2020,-1,-1,-1,-1,-1,0,0,0,0,0,0,,,,,1,1,0,-1,-1,1,0,0,0,0,0,0,0,0,1,1,0,0,0,0,0,0,0,0,0,0,1,0,0,0,0,0,0,0,0,0,0,0,0,0,1,0,0,0,0,0,0,0,0,0,0,0,0,0,0,0,1,-1,0,0,0,0,0,0,-1,0,0,0,0,0,0,0,0,0,0,0,0,0,0,0,0,0,0,0,0,0,0,0,0,0,0,,,0,0,0,0,,,0,0,0,0,0,0,0,0,0,-1,-1,,,,0,0,0,0,0,-1,-1,0,1,0,0,0,0,1,1,1,-1,0,,1,0,0,0,0,-1,0,0,0,0,0,0,0,0,0,0,0,0,0,0,0,0,0,0,0,0,0,0,0,0,0,0,0,0,1,0,1,1,1,0,0,0,0,0,0,0,0,0,1,0,0,0,,1,1,-1,-1,-1,-1,-1,-1,-1,-1,-1,0,0,0,0,0,0,,1,1,0,0,0,0,0,0,0,,,,0,0,0,0,0,0,0,0,0,0,0,0,0,0,0,0,-1,-1,-1,-1,1,-1,-1,-1,0,0,0,0,0,0,0,-1,1,-1,0,0,0,1,1,1,0,0,0,0,0,1,-1,0,0,-1,0,1,0,0,0,0,-1,0,0,0,0,0,1,1,-1,-1,-1,-1,0,0,0,0,1,-1,0,1,1,0,1,1,-1,-1,0,0,0,0,0,0,0,0,0,0,0,-1,0,0,0,0,-1,0,0,-1,0,0,0,0,0,0,0,0,0,-1,0,0,0,1,0,0,0,1,1,0,0,0,-1,0,0,0,1,0,0,0,0,40,34,6,11.2,298,48,17
anthro_energy_2020,-1,-1,-1,-1,-1,,,,,,,,,,,-1,-1,-1,-1,-1,0,1,1,1,1,-1,1,0,0,1,1,0,0,0,-1,1,1,0,1,1,1,1,1,1,1,0,-1,-1,-1,0,-1,-1,1,1,1,1,-1,0,0,0,1,-1,1,1,1,1,1,0,-1,-1,0,1,1,-1,0,-1,0,1,0,1,1,0,-1,-1,0,0,0,0,1,1,1,0,-1,-1,-1,-1,0,0,0,0,0,0,0,0,0,0,0,0,0,0,0,0,0,0,0,0,0,0,0,0,0,0,0,0,0,0,0,0,0,0,0,0,0,0,0,0,0,0,0,0,0,0,0,0,0,0,0,-1,0,-1,0,-1,-1,0,0,0,0,-1,0,-1,-1,0,0,-1,-1,0,-1,0,0,0,-1,0,-1,0,0,-1,-1,-1,-1,-1,0,-1,0,-1,-1,0,0,-1,-1,-1,0,0,0,0,-1,0,0,0,-1,0,-1,-1,-1,-1,1,-1,1,1,1,1,1,-1,-1,-1,-1,1,1,0,0,0,0,-1,-1,1,-1,1,-1,,,,0,0,0,0,0,0,0,0,0,0,0,0,0,0,,0,0,0,0,0,-1,-1,-1,-1,-1,-1,-1,0,0,0,0,-1,-1,-1,-1,-1,-1,-1,-1,-1,0,0,0,0,0,-1,0,-1,-1,-1,-1,0,0,0,0,0,-1,0,0,0,0,0,-1,0,-1,-1,-1,-1,0,-1,0,-1,-1,0,-1,0,-1,-1,-1,-1,0,-1,0,-1,-1,-1,-1,0,0,0,0,-1,-1,-1,0,-1,0,0,-1,-1,-1,0,0,0,-1,0,0,0,-1,-1,-1,0,-1,0,0,0,-1,0,0,0,0,0,0,0,0,0,0,0,0,0,0,0,0,44,37,7,12.32,229,120,14
antora_energy_2020,-1,-1,-1,-1,-1,,,,,,,,,,,1,1,0,0,0,0,0,0,0,0,0,0,0,0,1,1,0,1,0,0,0,0,0,0,0,0,1,1,0,0,0,0,0,0,0,0,0,0,1,-1,1,0,-1,0,0,0,0,0,0,0,0,0,0,0,0,-1,0,-1,0,0,0,0,0,0,-1,1,0,-1,-1,-1,-1,0,0,0,1,1,0,-1,-1,-1,-1,0,0,0,0,0,0,0,1,1,0,0,0,0,0,0,0,0,0,0,0,0,0,0,0,0,0,0,0,0,0,0,0,0,0,0,0,0,0,0,0,0,0,0,0,0,0,0,0,0,0,0,1,0,0,0,0,0,0,0,0,0,0,0,1,0,0,0,0,0,0,0,0,0,1,0,0,0,0,0,0,0,0,1,0,0,0,0,0,0,0,0,0,0,0,0,0,0,0,0,0,0,0,0,,1,1,-1,-1,-1,-1,-1,1,1,0,0,0,0,0,0,0,0,,1,1,0,-1,-1,0,0,0,0,,,,0,0,0,0,0,0,0,0,0,,1,1,0,0,0,0,-1,-1,1,1,1,-1,-1,-1,1,0,0,0,0,0,0,0,1,0,1,1,1,1,1,1,0,0,0,1,1,0,0,0,0,0,1,0,0,0,0,0,1,0,0,0,0,0,1,1,0,1,1,1,0,0,0,0,0,0,0,0,0,0,0,0,0,0,0,0,0,0,0,0,0,0,0,0,0,0,0,0,0,0,0,0,0,0,-1,1,0,0,0,0,0,0,1,1,0,1,1,0,0,0,0,0,0,0,0,0,0,0,0,0,0,0,0,0,0,51,48,3,14.29,316,31,16
aura_technology_2020,-1,-1,0,0,0,,,,,,,,,,,1,1,0,-1,-1,1,0,0,0,0,0,0,0,0,,,0,0,0,0,0,0,0,0,0,0,1,0,0,0,-1,-1,-1,-1,0,0,0,0,0,0,0,0,0,0,0,0,0,0,0,0,0,0,0,0,0,0,0,0,0,0,0,0,0,0,0,0,0,0,0,0,0,0,0,0,0,0,0,0,0,0,0,0,0,0,0,0,0,0,0,0,0,0,0,0,0,0,0,0,0,0,0,0,0,0,0,0,0,0,0,0,0,0,0,0,0,0,0,0,0,0,0,0,0,0,0,0,0,0,0,0,0,0,0,0,0,0,0,0,0,0,0,0,0,0,0,0,0,0,0,0,0,0,0,0,0,0,0,0,0,0,0,0,0,0,0,0,0,0,0,0,0,0,0,0,0,0,0,0,0,0,0,0,0,0,,0,0,-1,-1,-1,-1,-1,1,1,0,0,0,0,0,0,0,0,0,0,0,0,0,0,0,0,0,0,,,,0,0,0,0,0,0,0,0,0,0,0,0,0,0,0,0,-1,-1,0,0,-1,-1,-1,-1,1,0,0,0,0,0,0,0,0,0,0,0,0,0,0,0,0,0,0,0,0,0,0,0,0,0,0,0,0,0,0,1,0,0,0,0,0,0,1,0,1,1,1,1,,0,0,0,0,0,0,0,0,0,0,0,0,1,0,0,0,0,0,0,0,0,0,0,0,0,0,0,0,0,0,0,0,0,0,0,0,0,0,0,0,0,0,0,0,0,0,0,0,0,0,0,0,0,0,0,0,0,0,0,0,0,0,0,0,14,14,0,3.92,327,19,17
carbon_footprint_2020,-1,-1,0,0,0,0,0,0,0,0,0,,,,,1,1,0,1,1,1,0,0,0,0,0,-1,1,1,0,0,0,0,0,0,0,0,0,0,0,0,-1,1,0,0,0,0,0,0,0,0,0,0,0,0,0,0,0,0,0,0,0,0,0,0,1,1,0,0,0,0,1,1,1,0,0,0,0,0,0,1,0,1,1,0,0,0,0,0,0,1,0,,1,1,1,,1,1,0,0,0,0,1,0,-1,0,0,0,0,0,0,1,1,0,0,0,0,0,0,0,0,0,1,1,0,0,0,0,0,0,0,0,-1,-1,0,0,0,0,0,0,-1,-1,-1,0,0,0,1,0,1,1,1,1,0,0,0,0,1,0,1,1,0,0,0,1,0,0,0,0,0,0,0,1,0,0,0,1,1,1,1,0,1,0,1,1,1,0,1,0,1,0,0,0,0,0,1,0,0,0,-1,-1,-1,-1,-1,-1,-1,-1,-1,-1,-1,-1,-1,-1,-1,-1,-1,-1,0,0,0,0,-1,-1,0,0,0,-1,,,,0,0,0,0,0,0,0,0,0,0,0,0,0,0,0,-1,-1,-1,1,1,-1,-1,-1,-1,1,0,0,0,0,0,0,0,1,0,1,1,1,0,0,0,0,0,-1,0,0,1,0,0,0,0,0,0,0,0,0,0,1,0,1,1,0,0,1,0,1,1,1,1,0,1,0,0,-1,0,0,0,0,0,0,0,0,1,0,0,0,0,0,0,0,0,0,0,0,0,0,1,0,0,0,0,0,0,0,0,0,0,1,0,0,0,0,1,1,-1,0,0,0,0,0,1,0,0,0,0,0,0,0,0,0,-1,0,0,0,71,66,5,19.89,312,42,9
chargerhelp_2020,-1,-1,-1,-1,-1,-1,-1,-1,-1,-1,-1,,,,,1,1,0,-1,-1,0,0,0,0,0,0,0,0,0,1,1,0,0,0,0,0,0,0,0,0,0,1,0,1,0,0,0,0,0,0,0,0,0,0,1,1,0,0,0,0,0,0,0,0,0,0,0,0,0,0,0,0,-1,0,0,0,0,0,0,0,0,0,-1,-1,1,0,,,0,0,0,0,0,0,0,0,0,0,0,0,0,0,0,1,0,0,0,0,0,0,0,0,0,0,0,0,0,0,0,0,0,0,0,0,0,0,0,0,0,0,0,0,0,0,0,0,0,0,0,0,0,0,0,0,0,0,0,0,0,0,0,1,1,0,0,1,0,0,0,0,-1,0,0,0,0,0,0,0,0,0,0,0,0,0,0,-1,-1,-1,1,1,0,1,0,1,1,1,0,1,0,1,0,0,0,0,0,1,0,0,1,-1,1,1,-1,-1,-1,-1,-1,-1,-1,-1,-1,0,0,0,0,0,0,-1,-1,-1,1,-1,-1,0,0,1,0,,,,0,0,0,0,0,0,0,0,0,0,0,0,0,0,0,0,-1,-1,-1,-1,-1,-1,-1,-1,0,1,1,1,1,1,0,0,0,0,-1,-1,-1,1,0,0,0,0,1,0,0,0,0,0,0,0,1,0,0,0,0,0,1,0,0,0,0,0,1,1,1,-1,-1,-1,1,0,0,0,0,0,-1,0,-1,-1,-1,0,0,-1,0,-1,-1,-1,-1,0,0,0,0,-1,0,0,0,-1,0,0,0,0,0,-1,-1,0,0,0,0,0,-1,-1,-1,0,-1,-1,0,0,-1,0,0,0,0,0,0,0,0,0,0,0,0,0,0,0,0,40,37,3,11.2,286,68,9
enzinc_inc_2020,-1,-1,-1,-1,-1,-1,-1,-1,1,1,1,,,,,1,1,0,0,0,1,0,0,0,0,0,0,0,0,1,1,0,0,0,1,1,0,0,1,0,0,1,1,0,0,0,0,0,0,0,0,0,1,0,0,0,0,0,0,0,0,0,0,0,0,1,1,0,0,0,0,1,-1,0,0,0,0,0,0,1,1,-1,1,1,0,0,0,0,0,1,1,-1,,1,1,1,,1,1,0,0,0,0,1,-1,1,1,1,1,1,1,1,1,1,1,0,0,0,0,0,-1,-1,-1,1,1,0,0,0,0,1,0,1,1,1,1,1,1,1,1,1,-1,1,1,1,1,1,1,1,0,1,0,1,1,0,0,0,0,-1,0,1,0,0,0,0,0,0,0,0,0,0,0,0,1,-1,-1,-1,-1,1,1,1,0,1,0,1,1,1,0,1,1,1,0,0,0,0,1,1,0,0,0,-1,1,1,1,1,1,1,1,1,1,1,1,1,1,1,1,-1,-1,,1,1,1,1,1,0,0,0,-1,,,,0,0,,0,0,0,0,0,0,,1,1,0,0,,0,1,1,1,1,1,1,1,1,1,1,1,1,1,1,1,1,1,1,1,1,1,1,1,1,1,1,0,1,1,1,-1,0,0,0,1,1,1,0,0,0,1,-1,1,1,1,0,1,1,1,1,1,1,1,1,0,1,1,0,-1,-1,1,1,1,1,0,1,1,1,1,1,1,-1,-1,0,0,0,0,0,0,1,1,0,0,0,0,0,0,0,0,0,1,0,0,1,-1,1,1,1,1,1,0,1,1,1,1,0,0,0,0,1,0,0,0,0,0,0,0,167,153,14,46.78,318,32,13
co2zero_2020,1,1,-1,-1,-1,-1,-1,-1,0,0,0,,,,,1,1,1,1,1,1,1,0,0,0,0,0,-1,-1,1,1,1,0,0,1,0,0,0,0,0,0,1,1,0,0,0,0,0,0,0,0,0,0,0,1,0,0,0,0,0,0,0,0,0,0,1,1,0,0,0,0,1,1,0,0,0,0,0,0,0,0,0,0,0,0,0,0,0,0,1,0,0,-1,-1,-1,-1,-1,-1,-1,0,0,0,0,1,0,0,0,0,0,0,0,0,0,0,0,0,0,0,0,0,0,0,0,0,0,0,0,0,0,0,0,0,0,0,0,0,0,0,0,0,0,0,0,0,0,0,0,1,0,1,1,1,1,0,0,0,0,1,0,1,0,0,0,0,0,0,0,0,0,1,0,0,1,0,0,1,1,1,1,1,0,1,0,1,1,1,0,1,1,1,0,0,0,0,1,1,0,0,0,-1,1,1,-1,-1,-1,-1,-1,-1,-1,-1,-1,0,0,0,0,0,0,-1,-1,-1,0,0,0,0,0,0,0,,,,0,0,0,0,0,0,0,0,0,0,0,0,0,0,0,0,-1,-1,1,1,-1,-1,-1,-1,1,1,1,1,1,1,0,0,1,1,1,1,1,1,1,1,0,0,0,0,0,0,0,0,0,1,0,1,1,0,0,0,1,0,0,0,0,0,1,1,1,1,1,1,0,0,-1,1,0,0,0,0,0,0,1,1,0,1,0,0,0,0,0,1,0,0,0,1,0,0,0,0,0,0,1,0,0,0,0,0,0,0,0,0,0,0,0,0,1,1,0,0,0,0,0,0,0,0,0,0,0,0,0,0,0,1,0,0,0,83,74,9,23.25,321,35,7
coreshell_technologies_2020,-1,-1,-1,-1,-1,0,0,0,0,0,0,,,,,1,1,0,1,1,1,1,0,0,0,0,0,0,0,1,1,0,0,0,0,0,0,0,0,0,1,1,1,0,0,0,0,0,0,0,0,0,0,0,1,1,0,0,0,0,0,0,0,0,0,1,1,0,0,0,0,1,1,0,0,0,0,0,0,0,1,0,1,1,0,0,0,0,0,1,1,0,,1,1,1,,1,1,0,0,0,0,1,0,1,0,0,1,1,1,1,1,1,1,0,0,0,0,0,0,0,0,1,1,0,0,0,0,0,0,0,0,0,0,0,1,1,1,1,1,1,1,1,1,1,1,1,0,0,1,1,1,0,1,0,0,1,0,1,0,0,0,0,0,0,1,0,0,0,0,0,1,0,0,1,1,1,1,1,0,1,0,1,1,1,0,1,1,1,0,1,0,0,0,1,0,0,0,,-1,-1,-1,-1,-1,-1,-1,1,1,1,1,1,1,-1,-1,-1,-1,,1,1,0,-1,-1,0,0,0,-1,,,,0,0,,0,0,0,0,0,,0,0,0,0,0,,0,-1,-1,-1,-1,-1,-1,-1,-1,1,0,0,0,0,0,0,0,1,1,1,1,1,1,0,0,0,0,0,0,0,1,0,0,0,0,1,1,1,0,0,0,1,0,1,1,0,0,1,1,1,-1,-1,-1,0,0,0,-1,1,0,0,0,1,1,0,0,0,0,0,0,0,0,0,0,0,0,0,0,0,0,0,1,0,0,0,-1,0,0,0,0,0,0,0,0,0,1,-1,1,0,1,1,1,0,1,1,1,1,1,1,1,0,0,0,1,0,0,0,0,0,114,104,10,31.93,316,33,14
dae_technologies_2020,-1,-1,-1,-1,-1,0,0,0,-1,-1,-1,,,,,-1,-1,-1,0,0,0,0,0,0,0,0,0,0,0,0,0,0,0,0,0,0,0,0,0,0,0,0,0,0,0,0,0,0,0,0,0,0,0,0,0,0,0,0,0,0,0,0,0,0,0,0,0,1,0,0,0,0,0,0,0,0,0,0,0,0,0,0,0,0,1,1,0,0,0,0,0,0,,1,1,1,,1,1,0,0,0,0,0,0,0,0,0,0,0,0,0,0,0,0,0,0,0,0,0,0,0,0,0,0,0,0,0,0,0,0,0,0,0,0,0,0,0,0,0,0,0,0,0,0,0,0,1,0,0,0,1,1,0,0,0,0,1,0,0,1,0,0,0,0,0,0,0,0,0,0,0,1,0,0,1,1,1,1,1,0,1,-1,1,1,1,0,1,1,1,0,0,0,0,0,1,0,0,0,0,-1,-1,-1,-1,-1,-1,-1,0,0,0,0,1,1,0,0,0,0,0,0,0,-1,1,1,0,0,0,0,,,,0,0,0,0,0,0,0,0,,0,0,0,0,0,,0,0,0,-1,-1,-1,-1,-1,-1,-1,0,0,0,0,0,0,0,1,-1,-1,-1,-1,0,0,0,0,0,0,0,0,0,0,0,0,0,-1,0,0,0,0,-1,0,0,0,0,0,0,1,0,0,0,0,0,0,0,0,0,0,0,0,0,0,0,0,0,0,1,0,0,0,0,0,0,0,0,0,0,0,0,0,0,0,0,0,0,0,0,0,0,0,0,0,0,0,0,0,0,0,0,0,0,0,0,0,0,0,0,0,0,0,0,0,0,0,0,0,0,0,34,33,1,9.52,319,33,11
endlis_energy_2020,1,1,-1,-1,-1,-1,-1,-1,-1,-1,-1,,,,,1,1,0,-1,-1,0,1,0,0,0,0,0,0,0,-1,-1,0,0,0,0,1,0,0,0,0,1,1,1,0,0,0,0,0,0,0,0,0,0,0,1,-1,0,0,0,0,0,0,0,0,0,1,1,0,0,0,0,1,0,0,0,0,0,0,0,0,0,0,0,0,0,0,0,0,0,-1,-1,0,-1,-1,-1,-1,-1,-1,-1,0,0,0,0,1,0,0,0,0,0,0,0,0,0,0,0,0,0,0,0,0,0,0,0,0,0,0,0,0,0,0,0,0,0,0,0,0,0,0,0,0,0,0,0,0,0,0,0,1,0,0,0,1,1,0,0,0,0,1,0,1,1,0,0,0,-1,-1,0,0,0,0,0,0,1,0,0,1,1,1,1,1,0,1,0,1,1,1,0,1,1,1,0,0,0,0,1,1,0,0,0,-1,1,1,1,1,1,1,1,-1,-1,0,0,-1,-1,0,0,-1,-1,-1,-1,-1,-1,1,1,0,0,0,-1,,,,0,0,0,0,0,0,0,0,0,-1,-1,-1,0,0,,-1,1,1,1,1,1,1,1,1,1,0,0,0,0,0,1,0,1,1,1,1,1,1,0,0,0,0,-1,0,0,1,1,0,0,-1,1,0,0,0,0,0,1,0,0,0,0,0,1,1,1,1,1,1,1,1,0,1,1,0,0,-1,1,1,1,1,0,1,1,0,0,0,0,0,0,0,0,0,0,0,0,-1,-1,0,0,0,0,0,1,0,1,0,0,0,-1,1,0,1,-1,1,0,0,0,0,0,0,0,0,0,0,0,0,0,0,0,0,-1,-1,0,85,76,9,23.81,305,50,8
community_energy_labs_2020,-1,-1,-1,-1,-1,,1,1,-1,-1,-1,,,,,1,1,0,-1,-1,0,1,-1,-1,0,0,-1,0,0,1,1,0,0,0,0,0,0,0,1,1,1,1,0,1,0,1,-1,1,-1,0,0,0,1,0,-1,1,-1,0,1,,0,0,0,0,0,0,0,0,0,0,-1,0,1,0,1,0,0,0,0,1,0,0,0,0,-1,0,0,0,0,-1,0,1,-1,-1,-1,-1,-1,-1,-1,0,0,0,0,1,-1,0,0,0,0,0,0,0,0,0,0,0,0,0,0,0,0,0,0,-1,-1,0,0,0,0,0,0,0,0,0,0,0,0,0,0,-1,0,0,0,0,0,0,0,1,1,1,0,0,0,0,0,0,0,-1,0,-1,-1,0,0,1,1,0,0,1,1,0,1,0,1,0,0,0,0,1,1,0,0,1,0,1,1,1,1,1,1,1,0,0,0,0,1,1,0,0,1,-1,1,1,-1,1,-1,-1,1,-1,-1,-1,-1,-1,-1,-1,-1,-1,-1,-1,-1,-1,1,-1,-1,0,0,0,-1,,,,0,0,,0,0,,0,0,,,1,1,0,0,,-1,1,1,1,1,1,-1,-1,-1,1,1,1,-1,-1,-1,0,0,1,-1,0,0,0,1,-1,-1,0,0,1,0,0,0,0,1,1,1,1,-1,0,-1,-1,1,1,0,0,0,0,0,1,1,1,1,1,1,-1,1,1,1,1,0,1,,0,1,0,0,0,1,-1,-1,1,1,1,0,1,1,0,1,0,1,0,1,1,1,1,0,-1,1,1,1,1,-1,0,0,,1,1,-1,1,-1,0,0,1,0,0,0,0,0,0,0,0,0,0,-1,0,0,0,0,1,101,82,19,28.29,272,75,16
bluedot_photonics_2020,-1,-1,-1,-1,-1,0,0,0,-1,-1,-1,,,,,1,1,0,-1,-1,1,1,-1,-1,0,1,0,-1,-1,1,1,0,1,1,1,1,0,0,1,1,1,1,1,0,0,1,1,1,,0,0,-1,0,1,1,1,1,0,0,0,1,1,0,0,0,1,1,-1,0,0,1,1,1,0,0,0,1,0,0,1,1,0,-1,-1,0,0,,,0,0,0,1,0,0,0,0,0,0,0,0,0,0,0,0,0,1,0,0,1,1,0,,,,0,0,0,0,0,0,0,0,0,1,1,0,0,0,0,0,0,0,0,1,1,0,0,1,1,0,0,1,1,1,0,0,,1,0,0,0,0,1,1,0,1,0,1,0,1,1,0,0,1,1,1,1,1,0,0,0,0,1,0,0,1,1,1,1,0,0,0,0,1,1,,0,0,,1,0,0,0,0,1,,0,0,0,,1,1,-1,-1,-1,,-1,1,1,1,1,1,1,1,1,-1,-1,-1,-1,-1,0,-1,-1,0,-1,1,-1,,,,0,0,0,0,0,0,0,0,0,-1,-1,-1,1,0,0,0,1,1,1,1,1,,-1,,1,,,0,0,0,0,0,1,1,1,1,1,1,,,0,0,1,1,1,1,1,1,1,1,1,0,0,0,0,1,1,0,1,1,1,0,1,1,1,1,1,1,0,0,0,1,1,-1,1,0,1,0,1,0,1,1,1,0,-1,-1,-1,0,0,0,0,1,0,0,0,0,0,0,-1,0,1,1,1,1,1,0,0,0,0,1,1,1,0,0,0,0,-1,0,0,1,0,0,0,0,0,0,0,1,0,1,-1,0,0,131,113,18,36.69,296,42,25
daanaa_resolution_2020,-1,-1,-1,-1,-1,0,0,0,-1,-1,-1,,,,,1,1,0,-1,-1,1,1,0,0,0,1,0,0,0,1,1,0,0,1,0,1,0,0,1,1,1,1,-1,0,0,-1,0,-1,0,0,0,0,0,1,1,1,1,0,0,0,0,1,0,0,0,1,1,0,0,0,0,,1,0,0,,1,1,0,0,1,0,-1,-1,0,0,0,0,0,1,0,1,-1,-1,-1,-1,0,0,0,,1,1,1,1,1,1,1,1,1,1,1,0,0,0,1,-1,-1,-1,-1,0,-1,0,0,1,1,0,0,0,0,0,0,0,0,0,0,0,0,1,1,1,1,-1,-1,-1,1,1,1,1,0,0,-1,1,0,0,0,-1,0,1,1,1,1,0,0,0,1,1,1,1,-1,0,0,0,1,0,0,1,1,1,1,1,0,1,0,0,1,1,0,1,1,1,0,0,0,0,0,1,0,-1,0,,1,1,0,0,-1,-1,1,1,1,0,0,-1,-1,0,0,1,1,,1,1,1,-1,-1,0,0,0,0,,,,0,0,,0,0,,0,0,0,0,0,0,1,0,0,0,1,1,1,1,-1,-1,-1,-1,1,0,0,0,0,0,1,1,1,1,-1,-1,-1,1,1,1,0,0,0,1,1,0,1,1,1,1,-1,-1,0,0,0,-1,1,1,1,1,1,0,1,1,1,0,0,0,0,0,0,1,1,0,0,0,0,0,1,-1,-1,0,0,0,0,0,0,0,0,-1,1,0,0,0,0,0,0,0,1,0,1,0,0,1,1,-1,0,0,0,0,0,0,0,0,0,0,1,0,0,1,0,0,0,0,0,0,0,1,0,1,0,0,0,119,109,10,33.33,298,51,14
eip_technologies_2020,1,1,-1,-1,-1,-1,-1,-1,-1,-1,-1,,,,,1,1,-1,1,1,1,-1,-1,-1,-1,-1,-1,1,1,1,1,0,0,0,1,-1,0,0,0,0,0,1,0,0,0,1,1,1,0,0,0,0,0,0,1,0,0,0,0,0,0,0,0,0,0,1,1,0,0,0,0,1,1,-1,-1,-1,1,0,0,0,-1,0,0,0,1,0,0,0,0,1,1,0,,1,1,1,,1,1,0,0,0,0,1,-1,1,0,0,0,0,0,0,0,0,0,0,0,0,0,0,0,0,0,1,1,0,0,0,0,0,0,-1,0,0,0,0,0,1,1,-1,0,-1,-1,-1,-1,1,0,1,0,1,1,1,1,0,0,0,0,1,-1,1,1,0,0,0,0,1,0,0,0,1,0,0,1,0,0,1,1,1,1,1,0,1,-1,-1,1,1,0,1,1,1,0,0,0,0,1,1,0,0,0,-1,-1,-1,-1,-1,-1,-1,-1,-1,-1,-1,-1,-1,-1,-1,-1,-1,-1,-1,-1,-1,1,-1,-1,-1,0,1,-1,,,,0,0,,0,0,,0,0,0,-1,-1,-1,0,0,0,0,1,1,-1,-1,-1,-1,-1,-1,1,1,1,1,1,1,1,0,1,1,1,1,1,1,-1,-1,0,0,-1,0,0,1,0,0,0,0,1,0,1,0,0,1,0,0,1,1,0,0,1,1,1,1,1,1,1,-1,0,1,0,0,0,0,0,0,0,0,0,1,0,0,0,0,0,0,0,0,0,0,1,1,1,1,0,0,0,0,1,0,0,0,0,1,0,0,0,1,0,0,1,1,0,1,0,1,1,0,1,0,0,0,1,1,0,0,0,0,0,0,0,108,95,13,30.25,283,69,11
ferropower_technologies_2020,1,1,1,1,1,-1,-1,-1,1,1,1,,,,,1,1,0,1,1,1,1,0,0,-1,1,1,1,1,1,1,1,0,-1,-1,1,0,0,-1,0,0,1,1,0,0,0,-1,-1,0,0,0,0,-1,0,-1,0,0,0,0,0,1,0,0,0,0,1,1,0,1,1,0,1,1,0,0,0,1,0,0,1,1,1,1,1,0,0,0,0,0,1,1,0,,1,1,1,,1,1,0,0,0,0,1,-1,0,0,0,0,0,0,0,0,0,0,0,0,0,0,0,0,0,0,0,0,0,0,0,0,0,0,1,0,-1,-1,0,0,0,0,0,0,0,0,0,0,0,0,1,0,1,-1,1,1,0,0,0,0,1,0,1,1,0,0,0,-1,0,0,0,0,0,-1,0,1,0,0,1,-1,1,1,1,0,1,0,1,1,1,0,1,1,1,0,0,0,0,-1,1,0,0,0,-1,-1,-1,-1,-1,-1,-1,-1,1,1,-1,-1,1,1,-1,-1,-1,-1,-1,-1,-1,0,-1,-1,0,-1,1,-1,,,,0,0,0,0,0,0,0,0,0,-1,-1,-1,0,0,,0,-1,-1,1,1,-1,-1,-1,-1,1,1,1,1,1,1,1,-1,1,1,1,1,1,1,0,0,0,0,1,1,1,1,0,-1,-1,-1,1,-1,1,0,0,-1,1,0,0,0,0,0,1,1,1,1,1,1,1,1,0,1,1,0,0,0,1,0,1,0,0,1,1,0,0,0,0,0,0,0,0,1,0,0,1,1,0,0,0,0,0,0,1,-1,0,1,0,0,0,-1,0,-1,-1,-1,0,0,1,0,0,0,0,0,0,0,0,0,0,0,0,1,0,0,0,114,103,11,31.93,293,60,10
fixing_co2_2020,-1,-1,-1,-1,-1,0,0,0,-1,-1,-1,,,,,1,1,0,-1,-1,-1,-1,0,0,0,0,-1,1,1,1,1,0,0,0,-1,0,0,0,0,0,0,-1,-1,0,0,-1,-1,-1,0,0,0,0,0,0,-1,0,0,0,0,0,0,0,0,0,0,0,0,0,0,0,0,-1,0,0,0,0,0,0,0,-1,-1,-1,-1,-1,0,0,0,0,0,0,-1,0,0,0,0,0,0,0,0,0,0,0,0,1,0,-1,0,0,0,0,0,0,0,0,1,0,0,0,0,0,0,-1,-1,0,0,0,0,0,0,0,0,0,0,-1,-1,0,-1,0,0,0,0,1,1,1,-1,0,1,1,0,-1,-1,1,1,0,0,0,0,0,0,0,0,0,0,0,0,0,0,0,0,0,0,0,-1,0,0,1,-1,1,1,1,0,1,0,1,1,1,0,1,1,1,0,0,0,0,0,1,0,0,-1,-1,-1,-1,-1,-1,-1,-1,-1,1,1,-1,-1,1,1,1,1,-1,-1,-1,-1,-1,1,0,0,0,-1,-1,-1,,,,0,0,0,0,0,0,0,0,0,-1,-1,-1,0,0,0,0,-1,-1,-1,-1,-1,-1,-1,-1,-1,0,0,0,0,0,-1,0,1,-1,1,1,1,-1,-1,-1,-1,-1,1,0,0,0,-1,0,0,0,-1,-1,-1,0,0,-1,-1,0,-1,-1,0,0,1,-1,-1,-1,-1,-1,0,0,0,-1,-1,0,0,-1,1,0,-1,1,0,1,0,0,0,0,0,0,0,0,0,0,0,-1,0,-1,-1,0,0,0,0,0,-1,0,-1,-1,0,0,0,-1,0,1,0,-1,-1,-1,0,0,0,1,0,0,0,0,0,0,0,0,0,0,0,0,0,45,41,4,12.61,253,103,7
jumpwatts_2020,-1,-1,-1,-1,-1,-1,-1,-1,-1,-1,-1,,,,,-1,-1,-1,-1,-1,-1,1,0,0,0,0,0,-1,-1,1,1,-1,0,0,-1,-1,0,0,1,1,-1,1,-1,0,0,1,1,1,-1,0,-1,0,-1,0,1,-1,-1,-1,0,0,-1,1,-1,-1,-1,1,1,-1,0,0,-1,1,1,0,-1,-1,-1,0,0,-1,-1,-1,-1,-1,0,0,0,0,0,1,-1,0,-1,-1,-1,-1,-1,-1,-1,0,0,0,0,1,0,1,0,0,-1,-1,0,-1,0,0,0,0,0,0,0,0,0,0,0,1,1,0,0,0,0,0,0,1,0,0,0,0,0,-1,-1,0,-1,-1,-1,-1,0,0,-1,1,0,0,1,-1,-1,-1,0,-1,0,1,-1,1,-1,0,0,0,-1,-1,-1,-1,0,0,0,0,-1,-1,0,-1,-1,-1,-1,0,0,-1,-1,0,-1,-1,1,0,-1,-1,-1,1,0,0,-1,-1,0,0,0,,1,1,-1,-1,-1,-1,-1,-1,-1,-1,-1,0,0,0,0,-1,-1,-1,-1,-1,0,1,1,0,-1,-1,-1,,,,0,0,0,0,0,,0,0,0,-1,-1,-1,0,0,0,0,1,1,1,1,-1,-1,-1,-1,1,1,1,0,0,0,-1,0,1,1,-1,-1,-1,1,-1,-1,-1,-1,-1,1,1,1,-1,-1,-1,0,1,-1,1,-1,-1,1,1,-1,1,1,-1,0,1,1,1,1,1,1,0,0,-1,-1,-1,-1,1,1,1,1,1,-1,-1,1,1,-1,0,0,0,0,-1,-1,-1,1,-1,1,1,1,-1,-1,-1,-1,1,0,-1,1,-1,1,-1,0,0,1,-1,1,1,1,0,-1,-1,-1,-1,0,-1,0,0,0,0,-1,0,0,0,1,1,-1,0,76,60,16,21.29,200,154,9
ivy_energy_2020,-1,-1,-1,-1,-1,0,0,0,-1,-1,-1,,,,,1,1,0,-1,-1,1,-1,0,0,0,0,0,-1,-1,1,1,-1,-1,-1,-1,-1,0,0,1,1,-1,1,-1,0,0,-1,-1,-1,0,0,0,0,0,0,1,-1,0,0,0,0,1,-1,0,0,0,-1,-1,0,0,0,-1,1,0,0,-1,-1,0,0,0,-1,-1,-1,-1,-1,1,-1,0,0,1,1,-1,0,-1,-1,-1,-1,-1,-1,-1,0,0,0,0,1,1,0,0,0,0,0,0,0,0,0,-1,0,0,0,0,0,0,0,0,0,0,0,0,0,0,0,0,-1,0,1,1,0,-1,0,0,0,0,0,0,0,0,0,0,1,0,1,0,1,-1,0,0,0,0,1,0,1,-1,0,0,0,1,1,0,0,0,0,-1,0,1,0,0,-1,-1,1,1,1,0,1,0,-1,-1,1,0,-1,-1,-1,0,0,0,0,-1,1,0,0,-1,-1,1,1,-1,-1,1,-1,-1,0,0,-1,-1,0,0,0,0,-1,-1,-1,-1,-1,0,-1,-1,0,0,0,-1,,,,0,0,0,0,0,0,0,0,0,-1,-1,-1,0,0,,0,1,1,1,1,-1,-1,-1,-1,1,1,1,1,1,1,-1,0,1,-1,-1,-1,-1,1,-1,-1,-1,-1,0,-1,-1,-1,0,-1,-1,1,1,-1,0,0,0,-1,1,0,1,1,0,0,1,1,1,-1,-1,-1,-1,1,-1,-1,1,-1,-1,-1,1,-1,-1,-1,0,1,1,-1,0,0,0,-1,0,0,0,1,-1,0,-1,1,0,0,0,0,-1,-1,-1,1,0,-1,0,0,0,1,-1,-1,1,1,0,0,1,0,0,1,0,0,0,0,0,-1,0,0,0,-1,-1,-1,0,68,56,12,19.05,232,123,8
icarus_rt_inc_2020,1,1,-1,-1,-1,,1,1,1,1,1,,,,,1,1,-1,-1,-1,1,1,0,0,0,0,-1,0,0,1,1,1,0,0,0,0,0,0,0,0,0,1,1,0,0,1,1,1,0,0,1,0,1,-1,1,1,0,0,-1,-1,0,0,0,0,0,0,0,0,0,0,-1,1,1,0,0,0,0,0,0,0,-1,0,-1,-1,-1,-1,0,0,0,1,0,0,-1,-1,-1,-1,0,0,0,0,0,0,0,1,0,-1,0,0,0,0,0,0,-1,-1,0,0,0,0,0,0,0,0,0,0,0,-1,-1,0,0,0,0,0,0,1,1,0,0,0,0,0,0,0,0,0,0,0,0,1,0,-1,0,0,0,0,0,0,0,1,0,1,0,0,0,0,0,-1,0,0,0,0,1,0,-1,-1,0,-1,-1,1,1,1,0,-1,0,1,1,1,0,1,-1,-1,0,0,0,0,0,1,0,0,0,,1,1,-1,-1,-1,-1,-1,0,0,-1,-1,1,1,1,1,0,0,,1,1,1,1,1,0,0,1,0,,,,0,0,0,0,0,0,0,0,0,0,0,0,0,0,,0,1,1,-1,-1,-1,-1,-1,-1,1,0,0,1,1,1,1,-1,1,1,1,1,1,1,-1,-1,1,1,1,1,1,-1,-1,0,0,-1,1,-1,1,0,0,1,1,0,1,1,-1,0,1,0,1,1,1,1,1,0,0,1,1,0,1,-1,1,-1,1,,1,1,,0,0,0,0,0,0,0,-1,1,0,,0,,-1,-1,-1,0,1,0,-1,-1,-1,0,0,0,0,1,0,-1,0,1,-1,-1,-1,0,0,1,0,0,0,0,0,-1,-1,0,0,0,0,0,0,95,81,14,26.61,278,70,15
mobi_homes_inc_2020,-1,-1,-1,-1,-1,0,0,0,-1,-1,-1,,,,,-1,-1,0,-1,-1,-1,0,0,0,0,-1,0,-1,-1,0,0,-1,-1,0,-1,-1,0,0,-1,-1,-1,1,-1,0,0,-1,-1,-1,0,0,0,0,0,0,-1,0,0,0,0,0,0,-1,0,-1,-1,-1,-1,0,0,0,-1,0,1,0,-1,0,1,-1,0,0,0,0,0,0,0,0,-1,-1,0,0,0,0,0,0,0,0,0,0,0,0,0,0,0,0,0,0,0,0,0,0,0,0,0,0,0,0,0,0,0,0,0,0,0,0,0,0,0,0,0,0,0,0,0,0,0,0,0,-1,-1,0,0,0,0,0,0,0,0,1,0,-1,-1,1,1,-1,0,0,0,1,-1,-1,1,0,0,0,0,0,-1,-1,0,-1,-1,-1,-1,-1,0,1,1,1,1,1,-1,1,-1,-1,1,1,-1,1,1,1,-1,-1,0,0,1,1,0,0,0,-1,-1,-1,-1,-1,-1,-1,-1,-1,-1,-1,-1,-1,-1,0,0,-1,-1,-1,-1,-1,1,0,0,0,-1,0,-1,,,,0,0,0,0,0,0,0,0,0,-1,-1,-1,0,0,,0,-1,-1,-1,-1,-1,-1,-1,-1,1,1,1,0,0,0,1,0,1,1,1,1,1,1,0,0,0,0,-1,-1,-1,-1,-1,-1,-1,0,1,1,1,-1,-1,-1,-1,0,0,0,0,0,1,1,1,1,1,1,0,-1,1,1,-1,-1,-1,0,-1,-1,-1,0,0,1,0,-1,0,0,0,0,0,-1,-1,0,1,-1,-1,1,-1,-1,-1,0,-1,0,-1,-1,-1,1,0,0,0,1,-1,-1,1,1,0,0,-1,0,0,0,0,0,0,0,0,0,0,0,0,1,0,-1,0,51,45,6,14.29,231,124,8
luciant_inc_2020,-1,-1,-1,-1,-1,-1,-1,-1,-1,-1,-1,,,,,1,1,1,1,1,1,1,0,0,0,0,0,1,1,1,1,-1,0,-1,-1,1,0,0,-1,-1,-1,1,1,-1,0,-1,-1,-1,0,0,-1,1,0,0,1,1,-1,0,0,0,1,0,0,-1,-1,-1,-1,0,0,0,-1,0,1,0,-1,0,1,-1,0,1,-1,0,-1,-1,0,0,-1,-1,0,1,-1,0,-1,-1,-1,-1,0,0,0,0,0,0,0,1,0,0,0,0,0,0,0,0,0,0,0,0,0,0,0,0,0,0,0,0,0,0,0,0,0,0,0,0,0,0,0,0,0,0,0,0,0,0,0,0,0,0,0,1,0,0,0,1,1,-1,0,-1,0,1,-1,1,1,0,0,0,1,-1,-1,-1,0,-1,-1,0,1,-1,0,1,-1,1,1,-1,-1,-1,-1,-1,1,1,-1,0,1,1,-1,-1,0,0,1,1,0,0,0,-1,-1,-1,-1,-1,-1,-1,-1,1,1,1,1,-1,-1,0,0,-1,-1,-1,-1,-1,1,-1,-1,0,-1,1,-1,,,,0,0,0,0,0,0,0,0,0,-1,-1,-1,0,0,,0,1,1,1,1,-1,-1,-1,-1,1,0,0,0,0,0,-1,0,1,1,1,1,1,1,-1,-1,0,0,-1,-1,-1,1,1,1,1,1,1,-1,-1,-1,-1,-1,-1,0,0,0,0,0,1,1,1,-1,-1,-1,0,-1,-1,1,-1,-1,-1,-1,1,1,1,1,-1,1,1,0,0,0,0,0,-1,-1,-1,1,-1,1,-1,1,1,-1,1,-1,-1,-1,1,-1,0,1,0,0,0,1,-1,-1,1,1,0,0,1,0,0,0,0,0,0,0,0,0,0,0,0,0,-1,0,-1,84,71,13,23.53,235,120,8
liquid8_2020,-1,-1,-1,-1,-1,,1,1,-1,-1,-1,,,,,-1,-1,0,0,0,0,0,1,1,0,0,0,0,0,1,1,0,0,0,0,0,0,0,0,0,0,1,0,1,1,0,0,0,0,0,0,-1,1,0,1,1,0,0,1,1,0,0,-1,0,0,0,0,,-1,-1,-1,1,1,1,0,1,0,1,0,0,1,1,1,1,1,1,0,0,1,1,1,1,0,0,0,0,0,0,0,0,0,0,0,0,0,1,0,0,0,0,1,1,1,1,1,1,1,1,1,0,0,0,0,1,1,0,0,0,0,1,0,1,1,0,0,0,0,1,1,1,1,1,1,1,0,1,1,1,0,1,1,0,0,0,1,0,0,1,0,1,0,0,0,0,0,0,0,0,0,0,0,0,0,0,0,0,0,0,0,0,0,0,1,0,0,0,0,0,0,0,0,1,0,0,0,0,1,0,1,,-1,-1,-1,-1,-1,-1,-1,0,0,0,0,0,0,0,0,0,0,0,0,0,0,0,0,0,0,1,0,,,,0,0,0,0,0,0,0,0,0,0,0,0,0,0,0,0,0,0,-1,-1,-1,-1,-1,-1,1,1,1,0,0,0,1,0,1,1,1,1,1,1,0,0,1,1,1,0,0,1,0,0,0,0,1,0,0,-1,-1,-1,0,0,0,0,0,0,-1,-1,0,1,1,1,0,0,0,-1,1,0,0,0,1,0,0,0,0,-1,1,0,-1,-1,-1,0,1,0,0,-1,0,0,0,0,1,0,0,0,0,0,0,0,0,0,0,0,1,0,0,0,0,0,0,1,1,0,0,0,0,0,0,0,0,0,1,0,0,-1,0,0,0,91,77,14,25.49,313,40,10
karbon_2020,-1,-1,-1,-1,-1,-1,-1,-1,-1,-1,-1,,,,,-1,-1,0,-1,-1,-1,-1,0,0,0,0,0,0,0,0,0,0,0,0,0,-1,0,0,-1,0,-1,-1,1,1,-1,1,1,1,-1,0,0,0,-1,0,0,0,0,-1,-1,0,1,0,0,0,0,-1,-1,0,0,0,0,-1,-1,0,0,0,-1,0,0,0,0,0,0,0,0,0,0,0,0,0,0,-1,0,0,0,0,0,0,0,0,0,0,0,-1,0,0,0,0,0,0,0,0,0,0,0,0,0,0,0,0,0,0,0,0,0,0,0,0,0,0,0,0,0,-1,-1,0,0,0,0,0,0,0,0,0,0,0,0,-1,0,-1,0,-1,-1,0,0,-1,0,0,0,0,0,0,0,0,0,0,0,0,0,0,0,0,0,0,0,-1,0,-1,1,-1,0,-1,0,-1,-1,-1,0,-1,-1,-1,0,0,0,0,0,-1,0,0,0,-1,-1,-1,-1,-1,-1,-1,-1,-1,-1,-1,-1,0,0,0,0,-1,-1,-1,-1,-1,0,0,0,0,0,0,-1,,,,0,0,0,0,0,0,0,0,0,-1,-1,-1,0,0,0,0,-1,-1,-1,-1,-1,-1,-1,-1,1,-1,-1,0,0,0,-1,0,-1,0,-1,-1,-1,1,0,0,0,0,0,0,0,0,0,0,0,-1,0,0,0,0,0,1,0,0,0,0,0,0,1,-1,-1,-1,-1,-1,-1,0,-1,-1,-1,0,-1,0,1,1,0,0,0,1,-1,-1,-1,-1,-1,0,-1,0,0,0,0,0,0,-1,-1,0,0,0,0,-1,-1,1,0,1,0,0,0,-1,0,-1,-1,-1,0,0,0,0,0,0,0,0,0,0,0,0,0,0,0,0,-1,0,0,16,12,4,4.48,243,113,7
perigo_company_llc_2020,-1,-1,-1,-1,-1,-1,-1,-1,-1,-1,-1,,,,,1,1,0,1,1,-1,1,0,0,0,0,0,1,1,1,1,0,0,1,1,1,0,0,1,1,1,1,1,1,0,1,1,1,1,0,0,1,1,1,1,1,1,1,1,0,1,-1,1,1,1,0,0,1,1,1,1,1,1,0,1,1,1,1,1,0,1,1,-1,-1,1,1,0,0,0,1,1,0,0,0,0,0,0,0,0,0,0,0,0,1,1,0,0,0,0,0,0,0,0,0,0,0,0,0,0,0,0,0,0,0,0,0,0,0,0,0,0,0,0,0,0,0,0,0,0,0,0,0,0,0,0,0,0,1,0,0,1,1,1,1,0,1,0,1,-1,-1,0,0,0,1,1,1,1,1,0,-1,1,0,1,1,0,1,1,1,1,0,-1,1,0,1,1,1,1,1,1,1,0,-1,0,0,1,1,0,0,0,,0,0,-1,-1,-1,-1,-1,1,1,1,1,1,1,1,1,1,1,0,0,0,0,1,1,1,-1,1,-1,,,,0,0,0,0,0,0,0,0,0,0,0,0,0,0,,-1,-1,-1,-1,-1,1,-1,-1,-1,1,1,1,1,1,1,1,0,1,1,1,1,1,1,1,1,1,1,1,1,1,0,1,1,1,1,1,0,-1,1,1,1,1,1,0,0,1,0,1,1,1,1,1,1,1,1,1,1,1,1,1,0,1,1,1,1,1,1,1,1,0,0,0,0,1,0,1,1,1,-1,1,1,1,1,1,0,1,0,1,1,1,1,1,0,0,1,1,1,1,1,1,0,1,0,0,0,0,0,0,0,0,0,0,0,0,1,1,-1,1,174,143,31,48.74,316,38,9
p_kap_systems_llc_2020,-1,-1,-1,-1,-1,-1,-1,-1,-1,-1,-1,,,,,-1,-1,-1,-1,-1,-1,1,-1,-1,0,0,0,-1,-1,1,1,0,0,0,0,-1,0,0,1,1,1,-1,1,-1,0,0,0,0,0,-1,0,-1,-1,-1,1,-1,0,0,-1,-1,0,0,0,0,0,-1,-1,-1,-1,-1,-1,1,-1,0,0,-1,0,0,0,0,0,0,0,0,0,0,0,0,0,1,0,0,-1,-1,-1,-1,-1,-1,-1,0,0,0,0,-1,0,0,0,0,0,0,0,0,0,0,0,0,0,0,0,0,0,0,0,0,0,0,0,0,0,0,0,0,0,0,0,0,0,0,0,0,0,0,0,0,0,0,0,0,0,1,0,-1,1,0,0,0,0,1,0,1,-1,0,0,0,1,-1,0,0,0,0,1,0,1,1,1,-1,-1,-1,-1,-1,0,-1,-1,-1,-1,1,0,1,1,-1,0,0,0,0,-1,-1,0,0,1,0,-1,-1,-1,-1,-1,-1,-1,-1,-1,-1,-1,-1,-1,0,0,-1,-1,-1,-1,-1,0,-1,-1,0,0,0,0,,,,0,0,0,0,0,0,0,0,0,0,0,0,0,0,0,0,-1,-1,-1,-1,-1,-1,-1,-1,1,0,0,0,0,0,0,0,0,0,1,1,1,1,-1,-1,-1,-1,0,-1,-1,0,0,0,0,0,1,0,0,0,0,0,1,0,0,0,0,0,1,1,1,-1,-1,-1,0,0,-1,0,-1,0,-1,-1,-1,-1,-1,0,0,-1,-1,-1,0,0,0,0,0,-1,0,-1,-1,-1,0,-1,-1,0,-1,0,0,0,0,-1,0,0,0,0,0,-1,0,0,-1,-1,0,0,-1,0,0,0,0,0,0,0,0,0,0,0,0,-1,0,0,0,33,27,6,9.24,234,122,7
optec_led_inc_2020,-1,-1,-1,-1,-1,0,0,0,-1,-1,-1,,,,,-1,-1,0,-1,-1,0,1,0,0,0,1,0,0,0,1,1,0,0,0,0,0,0,0,0,1,1,1,1,0,0,1,1,1,,0,0,0,0,0,1,1,0,0,0,0,0,0,0,0,0,0,0,0,0,0,1,,1,0,1,0,1,1,0,0,1,1,1,1,1,0,1,1,0,1,1,0,,1,1,1,,1,1,0,0,0,0,1,1,0,0,0,0,0,0,0,0,0,0,0,0,0,0,0,0,0,0,0,0,0,0,0,0,0,0,0,0,0,0,0,0,0,0,0,0,0,0,0,0,0,0,1,0,0,1,1,1,1,0,1,0,1,0,1,1,0,0,0,1,1,1,1,0,0,1,1,1,1,0,1,1,1,1,-1,0,1,0,1,1,1,1,1,1,1,0,1,0,0,1,1,0,0,0,,1,1,-1,-1,-1,-1,-1,-1,-1,-1,-1,0,0,0,0,1,1,-1,-1,-1,1,1,1,0,-1,0,-1,,,,0,0,0,0,0,,0,0,0,-1,-1,-1,0,0,,-1,1,1,1,1,1,-1,-1,-1,1,1,1,0,0,0,1,0,1,1,1,1,1,1,0,0,0,0,1,0,0,1,1,1,1,1,1,1,1,1,1,1,1,1,0,0,0,0,1,1,1,0,0,0,0,1,1,1,0,,,,1,1,0,0,0,1,0,1,0,0,0,0,1,1,1,1,1,1,1,1,1,1,1,1,1,1,1,1,1,1,1,1,0,1,1,1,1,1,0,0,1,0,0,0,0,0,0,0,0,0,0,0,0,0,1,1,1,141,117,24,39.5,312,34,17
ocean_motion_technologies_2020,-1,-1,-1,-1,-1,-1,-1,-1,-1,-1,-1,,,,,1,1,0,1,1,1,-1,0,0,0,0,0,-1,-1,1,1,0,0,0,-1,-1,0,0,-1,-1,0,1,-1,0,0,-1,-1,1,0,0,-1,0,0,0,-1,-1,0,0,0,0,-1,0,0,0,0,1,1,-1,-1,-1,-1,1,1,0,0,-1,-1,-1,0,0,1,0,-1,-1,0,0,0,0,0,1,1,0,-1,-1,-1,-1,-1,-1,-1,-1,-1,-1,-1,1,0,1,0,0,0,0,0,0,0,0,0,0,0,0,0,0,0,0,0,1,1,-1,-1,0,-1,0,0,0,0,1,1,-1,-1,1,1,-1,-1,1,1,1,0,0,0,1,0,-1,0,-1,-1,0,0,0,0,1,0,-1,1,-1,-1,-1,-1,0,1,1,0,0,-1,0,1,0,0,-1,1,1,1,1,0,1,0,1,1,1,0,-1,1,-1,0,-1,0,0,-1,-1,0,0,-1,-1,1,1,-1,-1,-1,-1,-1,1,1,1,1,1,1,1,1,-1,-1,-1,-1,-1,1,-1,-1,0,0,1,-1,,,,0,0,0,0,0,0,0,0,0,0,0,0,0,0,,0,-1,-1,1,1,-1,-1,-1,-1,1,1,1,1,1,1,-1,1,1,1,1,1,1,1,1,1,1,1,-1,-1,-1,-1,-1,0,0,-1,1,-1,0,0,0,1,1,-1,1,1,0,-1,1,1,1,1,1,1,0,-1,-1,-1,1,0,1,-1,1,1,1,1,0,1,1,-1,0,0,0,0,-1,0,0,1,-1,-1,-1,1,-1,0,-1,-1,0,-1,0,1,-1,-1,-1,-1,0,1,1,1,1,1,-1,1,1,0,0,1,1,0,0,0,-1,-1,0,0,0,-1,0,0,0,104,88,16,29.13,236,119,8
nrgtek_2020,-1,-1,-1,-1,-1,-1,-1,-1,-1,-1,-1,,,,,1,1,1,-1,-1,-1,-1,0,0,0,-1,0,1,1,1,1,-1,0,-1,-1,-1,0,0,-1,-1,-1,1,1,0,0,1,1,-1,-1,0,0,0,-1,0,-1,-1,-1,0,0,0,-1,-1,-1,-1,-1,0,0,0,0,0,0,1,0,0,0,-1,-1,-1,0,0,0,0,0,0,0,0,0,0,0,-1,0,0,-1,-1,-1,-1,-1,-1,-1,0,0,0,0,0,0,-1,0,0,0,0,0,0,0,0,0,0,0,0,0,0,0,0,0,0,0,0,0,0,0,0,0,0,0,0,0,0,0,0,0,0,0,0,0,0,0,0,-1,1,0,-1,0,-1,1,-1,0,-1,0,1,-1,1,-1,0,0,-1,-1,-1,-1,-1,0,-1,-1,0,1,-1,0,1,1,1,1,1,-1,1,0,1,1,1,-1,1,-1,1,0,0,0,0,-1,1,0,0,0,-1,-1,-1,-1,-1,-1,-1,-1,-1,-1,1,1,-1,-1,0,0,-1,-1,-1,-1,-1,1,1,1,0,-1,-1,-1,,,,0,0,0,0,0,0,0,0,0,-1,-1,-1,0,0,0,0,-1,-1,1,1,-1,-1,-1,-1,1,1,1,-1,-1,-1,1,0,1,1,1,1,1,1,0,0,0,0,-1,0,0,0,0,-1,-1,-1,1,-1,-1,-1,-1,1,-1,-1,-1,-1,0,0,1,1,1,1,1,1,0,-1,-1,1,1,-1,-1,-1,0,-1,-1,0,0,1,-1,0,0,0,0,0,-1,-1,-1,-1,-1,-1,-1,1,-1,-1,-1,-1,-1,0,0,-1,0,1,0,0,0,1,-1,-1,1,1,-1,0,-1,0,0,0,0,0,0,0,0,0,0,0,0,-1,-1,0,0,62,53,9,17.37,220,136,7
noon_energy_inc_2020,-1,-1,-1,-1,-1,0,0,0,-1,-1,-1,,,,,1,1,0,1,1,1,-1,0,0,0,0,-1,-1,-1,1,1,0,0,0,1,0,0,0,0,0,0,1,1,0,0,1,1,1,0,0,0,0,0,0,0,0,0,0,0,0,0,0,0,0,0,1,1,0,0,0,-1,0,-1,0,0,0,-1,0,0,0,1,0,-1,-1,0,0,0,0,0,1,1,0,-1,-1,-1,-1,0,0,0,0,0,0,0,1,0,0,0,0,0,0,0,0,0,0,0,0,0,0,0,0,0,0,0,0,0,0,0,0,0,0,0,0,0,0,0,0,0,0,0,0,0,0,0,0,0,0,0,1,0,1,0,1,1,0,0,0,0,1,0,1,1,0,0,0,-1,0,0,0,0,0,0,0,-1,-1,0,1,1,1,1,1,0,1,0,1,1,1,0,1,1,1,0,0,0,0,-1,1,0,0,-1,-1,1,1,-1,-1,-1,-1,-1,-1,-1,-1,-1,-1,-1,-1,-1,-1,-1,-1,-1,-1,1,1,1,0,0,1,-1,,,,0,0,0,0,0,0,0,0,0,-1,-1,-1,0,0,,0,-1,-1,1,1,-1,-1,-1,-1,1,-1,-1,-1,-1,-1,-1,0,1,-1,1,1,1,1,0,0,0,0,0,-1,-1,1,-1,0,0,-1,1,-1,-1,0,0,-1,-1,0,0,0,0,0,1,1,1,1,1,1,0,0,0,-1,1,0,-1,-1,1,-1,1,0,0,1,-1,-1,-1,-1,-1,0,0,-1,0,-1,-1,0,-1,1,-1,0,-1,-1,0,0,-1,1,0,-1,0,0,-1,1,-1,1,1,1,0,0,-1,0,0,0,0,0,0,0,0,0,0,0,0,-1,0,0,0,71,59,12,19.89,263,92,8
nanodian_inc_2020,-1,-1,-1,-1,-1,,,,,,,,,,,-1,-1,-1,0,0,1,1,0,0,0,0,0,0,0,1,1,0,0,0,0,0,0,0,1,1,0,1,0,0,0,-1,1,-1,-1,0,0,0,0,0,,0,0,0,0,0,0,0,0,0,0,0,0,0,0,0,0,0,0,0,0,0,0,0,0,1,0,0,0,0,-1,-1,0,0,0,1,0,0,-1,-1,-1,-1,0,0,0,0,0,0,0,-1,0,0,0,0,0,0,0,0,0,0,0,0,0,0,0,0,0,0,0,0,0,0,0,0,0,0,0,0,0,0,0,0,0,0,0,0,0,0,0,0,0,0,0,1,0,0,0,-1,-1,0,0,-1,0,1,-1,1,1,1,1,1,1,-1,1,1,1,1,1,0,-1,-1,-1,-1,1,1,1,1,1,1,0,1,1,1,-1,1,1,1,0,0,0,0,0,0,0,0,0,,1,1,-1,-1,-1,-1,-1,-1,-1,1,1,0,0,0,0,-1,-1,,1,1,1,1,1,0,0,0,0,,,,,,,,,,,,,0,0,0,0,0,,,-1,-1,-1,-1,1,-1,-1,-1,1,1,1,1,1,1,1,1,1,1,1,1,1,1,1,1,0,0,1,0,0,1,1,0,0,0,1,1,0,0,0,1,-1,0,0,0,0,0,1,0,1,-1,-1,-1,1,0,0,0,1,0,0,-1,0,1,0,0,0,1,-1,0,0,0,0,0,0,0,0,-1,0,1,0,1,0,1,1,1,-1,0,0,0,-1,0,0,0,0,0,0,0,0,0,0,0,0,0,0,0,0,0,0,0,0,0,0,0,0,0,0,0,0,78,69,9,21.85,283,53,27
raf_electronics_corp_2020,-1,-1,1,1,1,-1,-1,-1,-1,-1,-1,,,,,1,1,0,1,1,1,1,1,1,0,1,0,1,1,1,1,0,-1,-1,1,1,0,0,1,1,1,1,1,-1,1,0,1,-1,1,0,0,-1,1,1,1,1,1,1,1,0,1,1,1,1,1,1,1,1,1,1,-1,,1,0,1,0,0,0,0,1,1,1,1,1,0,0,1,1,0,1,1,1,0,0,0,0,0,0,0,0,0,0,0,1,1,1,0,0,0,0,0,0,0,0,0,1,1,1,1,1,1,0,0,-1,-1,0,0,0,0,0,0,0,0,-1,-1,0,0,1,1,0,0,1,1,1,0,0,0,1,1,1,1,1,1,1,0,1,0,1,1,1,1,0,0,0,1,1,1,1,0,0,1,1,1,1,-1,1,1,1,1,1,0,0,1,0,1,1,1,1,1,1,0,1,0,0,1,1,0,0,1,-1,1,1,-1,-1,-1,-1,-1,1,1,-1,-1,1,1,0,0,1,1,,1,1,1,-1,-1,0,1,0,-1,,,,0,0,0,0,0,0,0,0,0,-1,-1,-1,0,0,,-1,1,1,1,1,1,-1,-1,-1,1,1,1,0,0,0,1,1,1,1,1,1,1,1,1,1,1,1,1,1,1,-1,-1,1,1,1,1,-1,1,1,1,1,1,0,-1,-1,-1,0,1,1,1,1,1,1,-1,1,1,1,1,1,1,-1,1,1,1,1,-1,1,0,1,-1,-1,-1,-1,1,0,1,1,1,1,1,1,-1,0,1,-1,1,0,1,1,0,1,-1,1,1,0,1,1,1,1,0,0,1,0,0,1,1,0,0,0,0,0,0,0,0,1,1,1,1,192,167,25,53.78,300,53,10
pureplus_2020,-1,-1,-1,-1,-1,-1,-1,-1,-1,-1,-1,,,,,-1,-1,-1,-1,-1,1,-1,0,0,0,-1,0,1,1,1,1,-1,1,-1,-1,0,-1,0,1,-1,1,1,1,-1,-1,1,1,1,-1,-1,0,0,0,0,1,0,0,0,0,0,-1,0,0,1,1,1,1,0,0,0,1,1,1,0,0,0,0,0,0,-1,1,1,1,1,1,0,0,0,-1,1,1,-1,0,0,0,0,0,0,0,0,0,0,0,1,1,0,0,0,0,0,0,0,0,0,0,0,0,0,0,0,0,0,0,0,0,0,0,0,0,0,0,0,0,0,0,0,0,0,0,0,0,0,0,0,0,0,0,1,0,-1,0,1,1,0,0,0,0,-1,0,1,0,0,0,-1,-1,0,0,0,0,0,0,0,-1,-1,-1,1,-1,-1,-1,-1,0,-1,0,-1,-1,-1,0,1,-1,-1,0,1,0,0,0,-1,1,0,0,-1,1,1,-1,1,1,-1,1,0,0,-1,-1,0,0,-1,-1,-1,-1,,1,1,1,-1,-1,0,-1,1,-1,,,,0,0,,0,0,0,0,0,0,0,0,0,0,0,0,-1,1,1,1,1,1,1,1,1,1,-1,-1,-1,-1,-1,1,-1,-1,-1,1,1,1,1,-1,-1,0,0,-1,0,0,0,0,0,0,0,-1,-1,0,0,0,1,1,0,0,0,0,0,1,-1,1,1,1,1,1,1,0,1,0,0,0,1,1,1,0,0,0,1,1,0,0,0,0,0,0,0,0,1,1,1,-1,1,0,0,0,0,1,0,1,-1,-1,-1,0,0,0,1,0,1,1,1,1,0,-1,0,0,0,0,0,0,0,0,0,0,0,0,-1,0,0,0,87,72,15,24.37,271,83,9
proof_energy_2020,1,1,-1,-1,-1,,1,1,1,1,1,,,,,1,1,0,1,1,0,0,1,1,0,0,1,0,0,1,1,0,0,-1,0,1,0,0,1,1,1,1,1,0,0,1,1,1,1,0,0,-1,1,1,1,1,1,1,0,0,1,1,0,1,1,,,0,1,1,-1,,1,0,1,0,1,1,0,0,1,1,-1,-1,0,0,1,1,0,1,0,1,-1,-1,-1,-1,-1,-1,-1,0,0,0,0,1,0,0,,,,,,,,,,,,,,,,,,0,0,,,,,,,0,0,0,0,0,0,0,0,0,0,1,1,1,0,0,,1,0,0,1,1,1,1,0,1,0,1,0,0,1,1,1,1,1,1,1,1,1,0,0,0,1,0,0,1,1,0,1,1,0,1,0,0,1,1,1,0,1,1,0,1,0,0,1,0,0,0,0,,1,1,-1,-1,-1,-1,-1,1,1,1,1,1,1,1,1,1,1,-1,-1,-1,0,-1,-1,0,-1,-1,-1,,,,0,0,0,0,0,0,0,0,0,-1,-1,-1,0,0,0,0,1,1,1,1,-1,-1,-1,-1,1,1,1,1,1,1,1,0,1,1,1,1,1,1,1,1,1,1,1,1,1,1,-1,1,1,1,1,-1,1,-1,1,1,1,0,1,1,-1,0,1,1,1,1,1,1,0,1,1,1,1,1,1,1,1,1,1,1,0,1,1,1,1,1,1,-1,1,1,1,1,1,1,1,1,1,1,1,0,-1,0,-1,1,1,1,0,1,1,1,1,1,1,1,0,0,1,0,0,1,0,0,0,0,-1,0,0,0,1,1,-1,1,1,178,149,29,49.86,283,44,36
powerup_fuel_cells_2020,1,1,-1,-1,-1,0,0,0,-1,-1,-1,,,,,1,1,0,-1,-1,1,0,0,0,1,0,0,1,1,1,1,0,0,0,-1,0,0,0,0,0,0,0,0,0,0,1,1,1,0,0,0,-1,1,-1,1,0,0,0,0,0,0,0,0,0,0,1,1,0,1,1,0,0,-1,0,0,0,1,1,-1,1,1,1,-1,-1,1,0,0,0,1,1,1,-1,,1,1,1,-1,-1,-1,0,0,0,0,1,1,1,0,0,0,0,0,0,1,1,0,0,0,0,0,0,0,0,0,1,1,0,0,0,0,0,0,1,0,1,1,0,0,0,0,0,-1,1,1,1,0,0,1,1,0,-1,1,-1,-1,0,-1,-1,0,1,0,1,-1,0,0,0,1,1,0,0,0,0,-1,0,0,-1,-1,-1,1,1,-1,1,0,-1,0,1,-1,-1,0,-1,-1,-1,0,-1,0,0,0,-1,-1,-1,-1,-1,1,1,-1,-1,-1,-1,-1,1,1,1,1,-1,-1,-1,-1,-1,-1,,1,1,1,-1,-1,0,0,1,-1,,,,0,0,0,0,0,0,0,0,0,-1,-1,-1,0,0,,0,1,1,1,1,1,1,1,1,1,0,0,1,1,1,1,1,1,1,1,1,1,1,0,0,0,0,-1,0,0,-1,-1,1,1,1,1,0,0,0,0,1,1,-1,-1,-1,0,0,1,1,1,1,1,1,-1,-1,0,-1,-1,-1,1,1,1,0,1,-1,0,1,1,0,0,0,0,-1,0,-1,-1,-1,-1,0,0,1,-1,0,0,0,-1,0,0,0,0,-1,-1,0,0,-1,-1,1,1,-1,1,1,1,-1,-1,-1,-1,0,0,0,0,-1,0,0,0,1,1,0,0,111,94,17,31.09,264,89,10
power_global_2020,-1,-1,-1,-1,-1,0,0,0,0,0,0,,,,,1,1,0,1,1,1,1,0,0,-1,0,0,0,0,1,1,0,0,0,0,0,0,0,0,0,0,1,0,0,0,1,1,1,1,0,0,-1,0,0,1,1,0,0,0,0,0,0,0,0,0,1,1,0,0,0,0,1,0,0,0,0,0,1,0,0,0,0,0,0,0,0,0,0,0,1,0,1,0,0,0,0,0,0,0,0,0,0,0,1,0,0,0,0,0,0,0,0,0,0,0,0,0,0,0,0,0,0,0,0,0,0,0,0,0,0,0,0,0,-1,-1,0,0,0,0,0,0,0,0,0,0,0,0,1,0,1,0,1,1,0,0,0,0,1,0,1,0,0,0,0,-1,0,0,0,0,0,0,0,1,0,0,1,1,1,1,1,0,1,0,1,1,1,0,1,1,1,0,0,0,0,1,1,0,0,1,0,-1,-1,-1,-1,1,-1,1,-1,-1,0,0,1,1,0,0,-1,-1,-1,-1,-1,1,1,1,0,0,1,1,,,,0,0,0,0,0,0,0,0,0,,1,1,0,0,0,0,1,1,1,1,1,1,1,-1,1,1,1,1,1,1,1,1,1,1,1,1,1,1,1,1,1,1,1,0,0,0,0,0,0,1,1,0,0,0,0,1,1,0,0,0,0,0,1,-1,-1,1,1,1,0,0,0,1,1,0,1,1,1,-1,1,0,-1,1,0,1,0,0,0,0,0,0,0,1,0,0,-1,1,0,0,0,0,1,1,1,0,0,0,0,0,0,1,1,1,0,0,-1,0,0,0,0,-1,0,0,0,0,0,0,0,0,0,0,-1,0,1,106,85,21,29.69,324,31,8
sierracrete_2020,-1,-1,-1,-1,-1,-1,-1,-1,-1,-1,-1,,,,,1,1,-1,1,1,1,1,0,0,0,-1,,-1,-1,1,1,0,0,0,-1,-1,0,0,1,1,1,1,1,1,1,-1,-1,-1,-1,1,0,0,0,0,1,1,-1,0,0,0,1,-1,-1,1,1,0,0,0,0,0,0,,1,0,-1,1,-1,-1,0,0,1,0,-1,-1,0,0,-1,-1,0,1,0,0,0,0,0,0,0,0,0,0,0,0,0,1,0,0,0,0,0,0,0,0,0,0,0,0,0,0,0,0,0,0,0,0,0,0,0,0,0,0,0,0,0,0,0,0,0,0,0,0,0,0,0,0,0,0,0,1,0,-1,-1,1,1,-1,0,-1,0,1,-1,0,1,0,0,1,1,-1,-1,-1,0,0,1,-1,-1,0,0,-1,-1,1,1,1,0,1,0,-1,1,-1,-1,-1,1,1,0,-1,0,0,1,-1,0,-1,0,0,1,1,-1,1,-1,-1,-1,-1,-1,-1,-1,1,1,1,1,-1,-1,-1,-1,-1,0,-1,-1,0,-1,-1,-1,,,,0,0,0,0,0,0,0,0,0,-1,-1,-1,0,0,,0,1,1,-1,-1,1,-1,1,-1,1,1,1,0,0,0,-1,0,1,1,1,1,1,1,-1,-1,-1,-1,-1,-1,-1,0,0,1,1,1,1,-1,-1,-1,-1,-1,1,0,0,0,-1,0,1,1,-1,1,1,1,0,0,-1,1,1,-1,1,1,1,1,1,-1,0,1,0,1,-1,-1,-1,0,0,0,0,1,1,1,-1,1,1,0,-1,0,1,0,-1,0,-1,-1,-1,-1,0,1,1,1,-1,1,0,0,1,0,0,0,0,0,0,0,0,0,0,0,0,-1,-1,0,0,92,74,18,25.77,247,106,10
roadpower_systems_2020_2,-1,-1,1,1,1,0,0,0,-1,-1,-1,,,,,1,1,0,-1,-1,1,0,0,0,0,0,0,0,0,1,1,0,0,0,0,0,0,0,1,0,0,1,0,0,0,1,1,1,0,0,0,0,0,0,1,0,0,0,0,0,0,0,0,0,0,0,0,0,0,0,0,1,1,0,0,0,0,0,0,0,0,0,0,0,0,0,0,0,0,1,0,0,-1,-1,-1,-1,0,0,0,0,0,0,0,1,0,1,,,,,,,,,,,,,,0,0,0,0,1,1,,,,0,0,0,0,0,1,1,0,0,0,0,1,0,1,1,1,0,1,1,1,0,0,0,1,1,0,0,0,0,1,0,1,0,0,0,0,0,0,0,1,1,0,0,0,1,0,0,0,1,1,1,1,0,1,0,1,1,1,0,1,1,1,0,0,0,0,0,1,0,0,0,,1,1,-1,-1,-1,-1,-1,0,0,0,0,0,0,0,0,1,1,-1,-1,-1,1,1,1,0,0,0,-1,,,,,,,,,,,,,,1,1,,,,,-1,-1,-1,-1,-1,-1,-1,-1,1,0,0,1,1,1,1,0,1,0,1,1,1,1,1,1,1,1,1,0,0,0,0,0,0,0,1,0,0,0,0,1,0,0,0,0,0,0,1,0,1,1,1,1,0,0,0,0,1,0,0,0,1,0,0,1,0,1,0,0,0,0,0,0,0,0,1,0,0,1,0,1,0,0,0,1,1,0,1,0,0,0,1,0,0,0,0,1,0,0,0,1,0,0,0,1,1,0,0,0,0,0,0,0,0,0,0,0,0,95,82,13,26.61,297,28,38
renulogix_2020,-1,-1,-1,-1,-1,-1,-1,-1,-1,-1,-1,,,,,1,1,0,1,1,1,-1,-1,-1,0,0,0,-1,-1,1,1,0,0,0,1,1,-1,0,-1,-1,0,-1,1,-1,-1,-1,-1,-1,0,-1,-1,-1,1,-1,1,1,-1,1,-1,0,-1,0,0,0,0,-1,-1,0,-1,-1,1,1,1,-1,0,-1,1,-1,0,-1,0,0,-1,-1,1,-1,0,0,-1,1,-1,0,-1,-1,-1,-1,0,0,0,0,0,0,0,1,1,-1,1,1,-1,-1,-1,1,1,1,-1,-1,-1,-1,-1,-1,-1,0,0,-1,-1,1,1,-1,0,0,0,-1,0,1,1,1,-1,0,0,-1,-1,-1,-1,-1,0,0,1,-1,0,-1,0,-1,-1,0,0,0,0,-1,0,-1,0,0,0,-1,-1,0,0,0,0,0,0,0,-1,0,0,-1,-1,-1,-1,-1,0,-1,0,-1,-1,-1,0,-1,-1,0,0,0,0,0,-1,-1,0,0,-1,-1,1,1,-1,-1,-1,-1,-1,-1,-1,-1,-1,-1,-1,-1,-1,-1,-1,-1,-1,-1,1,1,1,-1,-1,1,-1,,,,0,0,0,0,0,0,0,0,0,,1,1,0,0,0,0,-1,-1,1,1,-1,-1,-1,-1,1,-1,-1,1,1,1,-1,-1,-1,0,1,1,1,1,0,0,0,0,-1,1,1,-1,1,1,1,1,1,1,-1,0,0,-1,1,0,1,1,0,0,1,1,1,1,1,1,1,0,1,-1,1,0,-1,-1,1,1,1,0,0,1,-1,-1,1,1,1,0,0,-1,-1,1,0,0,-1,-1,-1,1,-1,-1,0,0,1,0,0,-1,-1,0,0,1,-1,1,1,-1,1,0,0,-1,-1,1,-1,0,0,0,-1,-1,0,-1,-1,0,0,0,0,86,76,10,24.09,202,153,8
rejoule_2020,-1,-1,-1,-1,-1,-1,-1,-1,-1,-1,-1,,,,,1,1,0,1,1,1,0,0,0,0,0,0,-1,-1,1,1,0,0,1,-1,-1,0,0,0,0,0,1,1,-1,-1,1,1,1,0,0,-1,0,-1,0,1,0,0,0,0,0,0,-1,0,-1,-1,1,1,-1,-1,-1,-1,1,1,0,0,0,-1,0,0,0,0,0,0,0,0,0,0,0,0,-1,0,0,-1,-1,-1,-1,0,0,0,0,0,0,0,1,0,1,0,0,0,0,0,0,-1,-1,0,0,0,0,0,0,0,0,0,-1,-1,0,0,0,0,0,0,0,0,1,1,0,0,-1,-1,-1,0,-1,-1,-1,-1,-1,1,1,0,0,0,1,-1,-1,0,-1,0,1,0,1,1,0,0,0,-1,-1,1,1,-1,1,-1,0,-1,0,0,0,1,1,1,1,0,1,0,-1,-1,1,0,-1,1,-1,-1,0,0,0,0,1,0,0,0,-1,1,1,-1,-1,-1,-1,-1,-1,-1,-1,-1,-1,-1,-1,-1,-1,-1,-1,-1,-1,1,-1,-1,0,-1,-1,-1,,,,0,0,0,0,0,,0,0,0,,1,1,0,0,,0,-1,-1,1,1,-1,-1,-1,-1,1,-1,-1,-1,-1,-1,1,1,1,1,1,1,1,1,1,1,-1,-1,-1,1,1,1,-1,0,0,-1,1,1,-1,-1,-1,1,-1,0,-1,-1,0,1,1,1,1,1,1,1,0,0,0,1,1,-1,1,1,1,1,1,1,0,1,-1,0,0,0,0,0,0,0,0,-1,0,1,-1,1,0,0,0,0,0,0,-1,-1,0,-1,0,-1,0,1,0,1,1,1,0,1,0,0,0,-1,0,1,1,1,-1,0,1,0,0,0,-1,0,0,90,72,18,25.21,239,114,10
sili_ion_inc_2020,-1,-1,-1,-1,-1,-1,-1,-1,-1,-1,-1,,,,,1,1,0,-1,-1,0,-1,0,0,0,-1,-1,1,1,0,0,0,-1,-1,-1,1,0,0,-1,-1,-1,-1,-1,0,0,-1,-1,-1,-1,0,0,0,-1,0,-1,-1,-1,0,0,0,-1,-1,0,-1,-1,0,0,0,0,0,-1,0,0,0,0,0,-1,0,0,0,-1,-1,-1,-1,0,0,0,0,0,-1,-1,0,-1,-1,-1,-1,0,0,0,0,0,0,0,-1,0,0,0,0,0,0,0,0,0,0,0,0,0,0,0,0,0,0,0,0,0,0,0,0,0,0,0,0,0,0,0,0,0,0,0,0,0,0,0,0,0,0,0,1,0,1,0,-1,1,-1,0,-1,-1,1,0,-1,0,0,0,0,0,-1,-1,-1,0,0,0,0,1,0,0,-1,-1,-1,1,1,0,1,-1,-1,1,1,-1,1,1,1,0,0,0,0,-1,1,0,0,0,-1,1,1,-1,-1,-1,-1,-1,1,1,-1,-1,-1,-1,0,0,-1,-1,-1,-1,-1,0,-1,-1,0,-1,-1,-1,,,,0,0,0,0,0,0,0,0,0,-1,-1,-1,0,0,,0,-1,-1,-1,-1,-1,-1,-1,-1,1,-1,-1,0,0,0,-1,0,1,-1,1,1,1,1,0,0,0,0,-1,-1,-1,1,1,-1,-1,-1,1,1,1,-1,-1,1,1,0,-1,-1,0,0,1,1,1,-1,-1,-1,0,0,-1,1,-1,-1,-1,0,1,1,-1,0,0,1,-1,0,0,0,0,0,-1,-1,0,0,-1,-1,-1,-1,1,-1,0,0,-1,0,-1,-1,-1,1,0,0,0,1,0,-1,1,1,0,0,-1,0,0,0,0,0,0,0,0,0,0,0,0,-1,-1,0,-1,48,42,6,13.45,221,134,8
zyd_energy_inc_2020,-1,-1,-1,-1,-1,0,0,0,-1,-1,-1,,,,,1,1,0,1,1,1,-1,0,0,0,0,0,0,0,1,1,0,0,0,0,0,0,0,1,0,1,1,1,0,0,0,0,0,0,0,0,0,0,0,1,1,0,0,0,0,0,0,0,0,0,0,0,0,1,1,1,1,1,0,0,0,0,1,0,0,0,0,0,0,0,0,0,0,0,1,0,0,0,0,0,0,0,0,0,-1,-1,-1,-1,1,0,0,0,0,0,0,0,0,0,0,0,0,0,0,0,0,0,0,0,0,0,0,0,0,0,0,0,0,0,0,0,0,0,0,0,0,0,0,0,0,0,0,0,1,0,-1,0,1,1,0,0,0,0,1,0,1,0,0,0,0,1,1,0,0,0,0,1,0,-1,0,0,1,1,1,1,1,0,1,0,1,1,1,0,1,1,1,0,0,0,0,1,1,0,0,1,-1,0,0,-1,-1,-1,-1,-1,1,1,-1,-1,1,1,-1,-1,-1,-1,0,0,0,0,-1,-1,0,0,1,-1,,,,0,0,0,0,0,0,0,0,0,0,0,0,0,0,,0,-1,-1,1,1,1,-1,-1,-1,1,1,1,0,0,0,1,0,1,1,1,1,1,1,0,0,0,0,1,-1,-1,1,0,1,1,1,-1,0,0,0,0,0,0,0,0,0,0,0,1,0,0,-1,-1,-1,0,0,0,0,1,0,1,0,-1,1,0,0,0,1,1,0,0,0,0,0,1,0,0,-1,0,0,0,1,1,0,0,0,1,0,0,0,0,1,0,0,1,1,1,0,1,0,0,0,0,0,0,0,0,0,0,0,0,0,0,0,0,1,0,0,0,83,68,15,23.25,312,43,8
verne_2020,-1,-1,-1,-1,-1,-1,-1,-1,-1,-1,-1,,,,,-1,-1,0,-1,-1,1,0,-1,-1,0,0,0,0,0,1,1,-1,0,0,0,-1,0,0,0,0,0,1,0,1,0,-1,-1,-1,0,0,0,0,1,1,1,0,0,0,1,1,1,0,0,0,0,0,0,0,-1,-1,-1,1,1,0,0,0,-1,-1,0,1,-1,0,-1,-1,-1,-1,0,0,-1,-1,-1,1,-1,-1,-1,-1,0,0,0,0,0,0,0,1,1,1,0,0,-1,-1,0,-1,0,0,0,0,0,0,0,0,0,0,0,1,1,0,0,0,0,0,0,-1,0,1,1,0,0,1,1,1,0,1,1,1,0,-1,0,-1,0,-1,0,0,0,0,0,0,0,-1,0,1,0,0,0,-1,1,1,0,0,0,0,0,0,-1,0,0,0,-1,-1,-1,-1,0,-1,0,-1,-1,-1,0,-1,-1,-1,0,0,0,0,-1,1,0,0,-1,-1,-1,-1,-1,-1,-1,-1,-1,-1,-1,0,0,-1,-1,0,0,0,0,-1,-1,-1,0,0,0,0,0,-1,-1,,,,0,0,0,0,0,0,0,0,0,0,0,0,0,0,0,0,-1,-1,-1,-1,-1,-1,-1,-1,1,0,0,0,0,0,-1,0,1,1,-1,-1,-1,1,0,0,-1,-1,-1,0,0,0,-1,-1,-1,-1,-1,0,0,0,0,-1,-1,0,-1,-1,-1,0,1,1,-1,1,1,1,0,0,0,-1,1,0,-1,0,-1,0,0,0,0,0,-1,0,0,0,0,0,1,0,0,0,0,0,0,-1,-1,0,0,0,0,0,0,-1,-1,0,0,-1,0,-1,-1,0,0,-1,0,-1,-1,-1,-1,1,0,0,0,0,0,0,0,0,0,-1,-1,0,0,44,40,4,12.32,233,123,7
uplift_solar_2020,0,0,0,0,0,-1,-1,-1,0,0,0,,,,,1,1,0,-1,-1,0,0,0,0,0,0,0,0,0,1,1,0,0,0,-1,1,0,0,0,0,0,1,0,0,0,0,0,0,0,0,0,0,1,0,1,-1,0,0,0,0,0,0,0,0,0,1,1,0,0,0,0,0,0,0,0,0,0,0,0,-1,1,1,1,1,-1,-1,0,0,0,-1,1,0,-1,-1,-1,-1,-1,-1,-1,-1,-1,-1,-1,1,0,0,0,0,0,0,0,0,0,0,0,0,0,0,0,0,0,0,0,0,0,0,0,0,0,0,0,0,0,0,0,0,0,0,0,0,0,0,0,0,0,0,0,1,0,1,0,1,1,0,0,0,0,1,-1,1,0,0,0,0,1,0,0,0,0,0,0,0,1,0,0,1,1,1,1,1,0,1,0,1,1,1,0,1,1,1,-1,0,0,0,0,1,0,0,-1,0,1,1,-1,-1,-1,-1,-1,-1,-1,-1,-1,-1,-1,-1,-1,-1,-1,-1,-1,-1,0,-1,-1,0,0,0,0,,,,0,0,0,0,0,0,0,0,0,0,0,0,0,0,,0,-1,-1,1,1,-1,-1,-1,-1,1,-1,-1,0,0,0,1,0,1,0,0,0,0,1,1,1,0,0,0,0,0,-1,0,-1,-1,0,1,0,0,0,0,0,1,0,0,0,0,0,1,0,1,1,1,1,0,1,0,0,0,0,0,0,1,0,-1,1,0,0,0,0,0,0,0,0,0,0,0,0,0,0,-1,0,0,0,0,0,0,0,0,0,0,0,0,0,0,0,0,1,0,0,0,0,0,0,0,0,0,0,0,0,0,0,0,0,0,0,0,0,0,58,53,5,16.25,297,58,8
terra2_2020,-1,-1,-1,-1,-1,,,,-1,-1,-1,,,,,1,1,0,1,1,-1,1,0,0,0,0,0,0,0,1,1,1,1,-1,-1,0,0,0,0,0,0,0,0,0,0,0,-1,-1,0,0,1,-1,0,-1,1,1,-1,-1,0,0,0,0,0,0,0,1,1,0,0,0,-1,1,-1,1,0,0,-1,0,-1,-1,1,0,-1,-1,-1,0,0,0,0,0,0,0,-1,-1,-1,-1,0,0,0,0,0,0,0,1,0,-1,0,0,0,0,0,0,0,0,0,0,0,0,0,0,0,1,1,-1,-1,0,0,0,0,0,0,0,0,0,0,0,0,-1,-1,1,0,0,0,0,0,-1,0,1,0,-1,1,1,-1,-1,0,0,-1,1,-1,0,0,-1,0,0,0,-1,0,0,0,0,-1,-1,-1,0,0,1,1,1,-1,1,-1,-1,0,-1,1,-1,0,-1,0,1,0,0,0,0,-1,1,0,-1,0,,1,1,-1,1,1,1,1,1,1,1,1,1,1,-1,-1,-1,-1,,1,1,-1,-1,-1,0,0,-1,-1,,,,0,0,0,0,0,0,0,0,0,-1,-1,-1,0,0,0,0,-1,-1,1,1,1,-1,1,-1,1,1,1,-1,-1,-1,-1,-1,-1,0,1,1,1,1,-1,-1,0,0,0,-1,-1,-1,1,-1,-1,-1,-1,0,0,0,0,-1,1,-1,0,0,0,0,-1,0,-1,1,1,1,-1,-1,0,-1,1,-1,0,0,-1,0,0,0,-1,0,-1,0,1,1,1,0,0,0,-1,-1,0,-1,-1,-1,1,0,0,-1,0,0,-1,0,0,0,1,1,-1,-1,0,1,0,-1,1,-1,1,-1,-1,0,0,1,1,1,0,0,0,0,0,0,0,0,-1,75,66,9,21.01,241,110,12
takachar_2020,-1,-1,-1,-1,-1,,1,1,-1,-1,-1,,,,,1,1,-1,1,1,1,1,0,0,1,-1,-1,0,0,1,1,0,0,0,0,0,0,0,1,1,1,1,1,0,0,-1,-1,1,-1,0,0,0,0,0,1,1,-1,0,0,0,0,0,0,0,0,0,0,0,0,0,0,1,1,0,0,1,1,0,0,1,1,0,1,1,-1,-1,0,0,0,1,1,0,,,,,,,,0,0,0,0,1,1,1,0,0,0,0,0,0,0,0,0,0,0,0,0,0,0,0,0,-1,-1,0,0,0,0,0,0,0,0,0,0,0,0,-1,-1,-1,1,-1,-1,-1,0,0,0,1,0,0,0,0,1,0,0,0,0,1,0,1,1,0,0,0,1,1,1,0,0,0,1,0,1,-1,0,1,1,1,1,0,0,1,1,1,1,1,0,0,1,1,0,0,0,0,1,1,0,0,0,1,1,1,-1,-1,1,1,1,1,1,1,1,1,1,0,0,-1,-1,,1,1,1,1,1,0,0,0,-1,,,,0,0,0,0,0,0,0,0,0,,1,1,0,0,0,0,1,1,1,1,1,1,-1,-1,1,1,1,1,1,1,0,0,1,1,1,1,1,1,0,0,-1,-1,1,0,0,0,1,0,0,-1,-1,-1,0,-1,-1,1,1,0,0,0,0,0,1,1,1,1,1,1,0,1,1,0,1,0,1,0,1,1,0,-1,0,1,-1,-1,0,0,0,0,1,1,1,1,1,1,0,1,1,0,1,1,0,1,1,1,1,0,0,0,0,1,1,0,1,1,0,0,1,0,0,0,0,0,0,0,1,0,0,0,0,1,-1,0,1,132,109,23,36.97,302,44,17
summit_nanotech_2020,1,1,-1,-1,-1,-1,-1,-1,-1,-1,-1,,,,,1,1,0,-1,-1,1,1,0,0,0,0,0,-1,-1,1,1,0,0,0,0,1,-1,0,1,0,-1,1,-1,0,0,-1,1,-1,1,0,0,-1,1,0,1,1,-1,1,1,1,0,0,0,-1,-1,0,0,-1,-1,-1,-1,0,0,-1,-1,1,0,0,0,-1,-1,0,-1,-1,-1,-1,0,0,0,1,-1,-1,-1,-1,-1,-1,0,0,0,0,0,0,0,1,0,1,0,0,0,0,0,0,0,0,0,0,0,0,0,0,0,-1,-1,1,1,0,0,-1,0,0,0,0,0,-1,-1,-1,-1,1,1,-1,-1,-1,-1,-1,-1,-1,0,1,0,0,0,1,1,0,0,-1,0,1,0,1,1,1,0,1,,1,1,1,0,1,1,0,1,0,0,1,1,1,1,1,0,1,0,1,1,1,0,1,1,1,0,0,0,0,1,1,0,0,0,-1,1,1,-1,-1,-1,-1,-1,1,1,1,1,1,1,1,1,-1,-1,-1,-1,-1,1,-1,-1,0,0,1,-1,,,,0,0,0,0,0,0,0,0,0,-1,-1,-1,0,0,0,0,-1,-1,-1,-1,-1,-1,-1,-1,1,0,0,1,1,1,-1,1,1,1,-1,-1,-1,1,-1,-1,-1,-1,1,1,1,-1,1,1,1,1,1,0,-1,0,0,1,1,-1,0,0,0,0,1,-1,-1,1,1,1,-1,-1,-1,0,1,-1,-1,0,1,-1,-1,-1,-1,-1,-1,-1,-1,-1,-1,0,0,0,-1,1,-1,1,0,-1,-1,0,-1,0,1,1,1,1,-1,0,-1,-1,0,1,-1,1,-1,-1,0,-1,-1,0,0,1,-1,0,0,0,0,-1,0,0,0,0,0,-1,-1,100,87,13,28.01,230,125,8
solarflexes_2020,-1,-1,-1,-1,-1,-1,-1,-1,-1,-1,-1,,,,,-1,-1,0,-1,-1,0,1,0,0,0,1,0,-1,-1,1,1,0,0,0,0,0,0,0,1,1,,1,-1,0,0,-1,-1,-1,0,0,0,-1,-1,-1,1,1,-1,0,0,0,1,0,0,1,1,1,1,-1,0,0,0,1,1,0,0,0,0,0,0,-1,-1,0,0,0,0,0,,,0,1,0,0,-1,-1,-1,-1,0,0,0,0,0,0,0,1,-1,0,0,0,0,0,0,0,0,0,0,0,0,0,0,0,0,0,0,0,0,0,0,0,0,0,0,0,0,0,0,0,0,-1,-1,0,0,0,0,0,0,0,0,1,0,1,0,1,1,0,0,-1,0,1,0,1,-1,0,0,0,1,-1,0,0,0,0,0,0,-1,0,0,1,1,1,1,1,0,1,0,1,1,1,0,-1,-1,1,0,0,0,0,-1,1,0,0,0,-1,1,1,-1,-1,-1,-1,1,0,0,0,0,0,0,0,0,-1,-1,,1,1,0,1,1,0,0,0,0,,,,0,0,0,0,0,0,0,0,0,0,0,0,0,0,0,0,-1,-1,1,1,-1,-1,-1,-1,1,1,1,-1,-1,-1,0,0,-1,-1,1,1,1,1,-1,-1,-1,-1,-1,-1,-1,-1,0,1,1,1,-1,0,0,0,0,-1,1,0,1,1,-1,0,1,1,1,1,1,1,1,0,0,-1,1,0,1,1,1,1,1,-1,1,-1,1,0,1,1,1,-1,-1,1,0,1,1,-1,0,1,1,-1,1,-1,1,0,1,-1,-1,-1,-1,0,0,1,1,1,0,1,0,0,1,0,0,0,0,0,0,0,0,0,0,0,0,-1,-1,-1,0,89,72,17,24.93,266,86,11
smartville_inc_2020,-1,-1,-1,-1,-1,0,0,0,-1,-1,-1,,,,,1,1,0,1,1,-1,0,0,0,0,0,0,0,0,1,1,0,0,0,0,0,0,0,0,0,0,1,1,0,0,0,0,-1,0,0,0,-1,0,0,1,0,0,-1,0,0,0,0,0,0,0,0,0,0,0,0,-1,0,0,0,0,0,0,0,0,0,1,0,-1,-1,0,0,0,0,0,-1,1,0,0,0,0,0,0,0,0,0,0,0,0,1,0,0,0,0,0,0,0,0,0,0,0,0,0,0,0,0,0,0,0,0,0,0,0,0,0,0,0,0,0,1,1,0,0,0,0,0,0,0,0,0,0,0,0,0,0,1,0,1,1,0,0,0,0,0,0,0,0,0,0,0,1,0,0,0,0,0,-1,0,1,0,0,1,1,1,1,1,0,1,0,1,1,1,0,1,1,1,0,0,0,0,1,1,0,0,0,-1,1,1,-1,-1,-1,-1,-1,-1,-1,-1,-1,-1,-1,0,0,-1,-1,-1,-1,-1,1,-1,-1,0,0,0,0,,,,0,0,0,0,0,0,0,0,0,-1,-1,-1,0,0,,0,-1,-1,1,1,-1,-1,-1,-1,1,0,0,0,0,0,-1,0,0,0,-1,-1,-1,-1,0,0,0,0,0,0,0,0,0,-1,-1,-1,1,1,0,0,0,-1,-1,0,1,1,0,0,1,1,1,-1,-1,-1,0,1,-1,0,1,-1,-1,0,0,-1,1,0,0,1,-1,-1,0,0,0,0,0,0,0,1,1,0,1,1,-1,0,1,0,0,0,-1,0,0,-1,0,0,0,1,0,0,1,1,0,0,-1,0,0,0,0,0,0,0,0,0,0,0,0,-1,0,0,0,58,50,8,16.25,286,69,8
veltra_bikes_2020,1,1,-1,-1,-1,,1,1,,,,,,,,-1,-1,1,-1,-1,1,-1,1,1,0,0,0,1,1,1,1,0,1,0,0,0,1,0,1,0,0,1,0,0,0,1,1,1,1,-1,-1,-1,1,0,1,0,0,0,1,0,0,0,1,1,1,1,1,0,0,0,0,1,1,0,0,0,-1,0,1,0,1,0,1,1,1,0,-1,-1,1,1,1,0,0,0,0,0,0,0,0,0,0,0,0,-1,1,0,0,0,0,0,0,0,0,0,0,0,0,0,0,0,0,0,0,0,0,0,0,0,0,0,0,0,0,0,0,0,0,0,0,0,0,0,0,0,0,0,0,1,0,-1,0,-1,-1,0,-1,-1,0,1,1,1,0,0,0,0,1,1,0,0,0,1,1,-1,-1,-1,-1,-1,-1,-1,1,1,0,-1,0,-1,-1,-1,-1,0,1,-1,0,1,0,0,-1,-1,1,-1,0,-1,0,0,-1,-1,-1,1,-1,0,0,-1,-1,0,0,-1,-1,-1,-1,0,0,0,1,1,1,0,0,0,-1,,,,,,,,,,,,,0,0,0,,,,,-1,-1,-1,-1,1,1,-1,-1,1,0,0,-1,-1,-1,1,1,1,-1,-1,-1,-1,1,0,0,0,0,1,1,1,1,1,-1,-1,-1,0,0,1,1,1,1,1,1,0,0,0,0,1,1,1,1,1,1,-1,-1,0,0,-1,0,-1,0,-1,0,-1,0,0,-1,-1,-1,-1,-1,-1,0,0,0,0,-1,-1,0,0,-1,0,0,-1,0,0,-1,-1,0,0,0,0,0,-1,-1,0,0,-1,0,0,0,-1,0,0,0,0,0,0,0,0,0,0,0,0,0,0,0,0,80,69,11,22.41,253,86,24
florrent_2022,-1,-1,1,1,1,,1,1,1,1,1,-1,-1,-1,-1,1,1,1,-1,-1,0,-1,-1,-1,0,1,1,1,1,1,1,0,-1,0,-1,-1,0,0,1,1,-1,1,0,0,0,0,1,1,-1,0,1,1,1,1,1,1,-1,0,1,0,1,-1,0,0,0,-1,-1,1,0,0,0,-1,0,0,0,0,1,0,0,0,1,1,1,1,0,0,-1,-1,0,1,1,-1,0,0,0,0,0,0,0,0,0,0,0,0,0,1,1,1,1,1,1,1,1,1,1,0,0,0,0,0,0,0,0,1,1,-1,-1,0,0,0,0,-1,0,1,1,0,1,1,1,1,1,1,1,1,0,1,1,1,0,1,-1,0,-1,0,0,1,-1,1,-1,1,-1,0,0,1,1,1,0,-1,0,0,-1,0,-1,1,0,-1,-1,-1,-1,-1,0,-1,0,-1,-1,-1,0,0,-1,-1,-1,-1,-1,0,-1,-1,0,0,1,-1,1,1,-1,-1,-1,-1,1,1,1,-1,-1,0,0,-1,-1,-1,-1,,1,1,0,1,1,0,0,-1,0,,,,0,0,0,0,0,0,0,0,0,0,0,0,0,0,0,0,1,1,1,1,1,-1,-1,-1,1,1,1,-1,-1,-1,1,1,1,1,1,1,1,1,0,0,0,0,1,0,0,1,0,0,0,0,0,1,0,-1,0,1,1,1,1,1,0,0,1,1,1,1,1,1,1,1,1,1,1,1,1,-1,1,1,1,1,1,1,1,1,1,1,1,1,-1,0,1,1,1,1,1,1,1,-1,-1,1,0,-1,1,1,1,1,0,1,1,0,,0,0,0,-1,1,1,1,1,1,1,1,1,1,1,1,1,1,1,0,1,1,0,160,142,18,44.82,281,76,6
tekmara_2022,-1,-1,-1,-1,-1,,1,1,-1,-1,-1,0,0,0,0,-1,-1,0,0,0,-1,0,0,0,0,0,0,0,0,0,0,0,0,0,0,0,0,0,1,0,-1,0,0,0,0,1,1,1,1,0,0,0,0,0,0,0,0,0,0,0,-1,0,0,0,0,0,0,0,-1,-1,0,0,-1,-1,0,0,0,0,0,0,0,0,0,0,0,0,-1,-1,0,1,-1,1,,1,1,1,,1,1,,1,1,1,1,-1,1,0,0,1,1,0,0,-1,-1,0,0,0,0,0,0,0,0,0,1,1,-1,-1,0,0,0,0,0,0,0,0,0,0,1,1,1,1,1,1,1,0,-1,1,1,0,1,0,-1,-1,0,0,1,0,1,-1,1,1,-1,0,0,1,1,0,1,0,0,0,0,-1,1,0,1,1,1,1,1,0,-1,1,1,1,1,0,1,1,1,0,0,0,0,-1,-1,0,0,0,,1,1,-1,-1,-1,-1,1,1,1,0,0,1,1,-1,-1,0,0,,1,1,0,-1,-1,0,0,0,0,,,,0,0,0,0,0,0,0,0,0,,1,1,0,0,0,0,-1,-1,1,1,-1,-1,1,-1,1,0,0,1,1,1,0,1,0,0,1,1,1,1,0,0,0,0,1,-1,-1,0,0,1,1,-1,-1,0,0,1,1,1,1,1,1,1,0,1,1,1,0,-1,-1,-1,1,0,1,-1,0,1,1,1,1,0,0,0,0,1,-1,0,0,0,0,0,1,0,-1,1,1,-1,0,-1,0,0,0,0,-1,0,0,-1,-1,0,0,0,0,1,1,1,0,1,1,0,1,0,0,0,0,0,0,0,1,0,0,0,0,0,-1,0,1,107,94,13,29.97,290,63,10
waste_exploration_technologies_2022,1,1,-1,-1,-1,,,,-1,-1,-1,-1,-1,-1,-1,1,1,1,1,1,1,1,1,1,1,1,1,1,1,1,1,0,0,0,0,1,0,0,1,0,0,1,0,0,0,1,1,1,1,0,0,0,1,0,1,0,0,1,1,,1,1,1,0,0,,,1,1,1,1,,1,1,1,1,1,1,1,1,0,0,0,0,0,0,1,1,0,1,1,1,0,0,0,0,0,0,0,0,0,0,0,0,1,1,0,0,0,0,0,0,0,0,0,0,0,0,0,1,0,1,1,1,1,0,0,0,0,0,0,0,0,0,0,0,0,1,1,0,1,0,0,0,1,1,0,0,0,0,0,0,0,0,0,0,0,0,0,0,0,0,0,0,0,0,0,0,0,0,0,0,0,0,0,0,0,0,0,0,0,0,0,0,0,0,0,0,0,0,0,0,0,0,0,0,0,0,0,,-1,-1,-1,-1,-1,-1,1,0,0,-1,-1,-1,-1,0,0,0,0,-1,-1,-1,0,0,0,0,0,0,0,,,,0,0,0,0,0,0,0,0,0,0,0,0,0,0,0,0,-1,-1,1,1,-1,-1,-1,-1,1,1,1,1,1,1,1,1,0,0,1,1,1,1,1,1,1,1,1,1,1,1,1,1,1,0,0,0,0,1,1,0,1,1,0,0,0,0,1,1,0,1,1,1,1,0,1,1,0,1,1,1,,0,1,1,0,1,1,0,1,1,1,1,0,0,1,0,1,0,1,1,0,1,1,0,0,0,0,0,0,1,0,0,0,1,0,1,0,1,0,0,1,0,0,0,0,0,0,0,0,0,0,0,0,1,1,0,0,123,101,22,34.45,322,29,12
stranded_solutions_2022,-1,-1,-1,-1,-1,,1,1,-1,-1,-1,-1,-1,-1,-1,1,1,1,1,1,1,1,0,0,1,-1,1,1,1,1,1,0,-1,-1,0,1,1,0,0,-1,0,1,0,0,0,0,1,1,1,0,1,0,1,0,0,0,0,0,0,0,1,-1,1,1,1,-1,-1,-1,0,0,0,1,1,0,0,1,1,0,1,0,1,-1,-1,-1,1,-1,0,0,1,0,0,-1,0,0,0,0,0,0,0,0,0,0,0,0,1,1,1,1,1,1,0,1,1,1,-1,0,0,0,0,0,0,0,0,1,1,0,0,0,0,0,0,0,0,0,0,0,0,1,1,1,1,1,1,1,-1,-1,,1,0,0,0,0,1,0,0,0,0,1,0,1,-1,0,0,0,0,0,0,0,0,-1,1,0,0,1,0,0,0,0,-1,0,1,0,1,0,0,0,0,1,0,0,1,-1,1,0,0,1,0,0,0,,1,1,-1,-1,-1,0,-1,-1,-1,0,0,0,0,0,0,0,0,-1,-1,-1,0,0,0,0,0,0,0,,,,0,0,0,0,0,0,0,0,0,0,0,0,0,0,0,0,0,0,0,0,-1,-1,-1,0,1,1,1,1,1,1,1,1,1,0,1,1,1,0,0,0,0,0,1,0,0,-1,0,-1,-1,0,-1,0,-1,1,-1,1,-1,-1,-1,-1,0,0,1,-1,1,1,1,1,1,1,1,1,0,0,1,0,-1,1,-1,0,-1,1,0,0,1,1,1,0,-1,-1,-1,0,-1,0,1,0,0,0,0,0,0,0,1,1,0,0,0,0,0,1,1,-1,0,1,0,1,1,-1,-1,-1,1,0,0,0,1,0,-1,0,0,1,-1,-1,0,108,92,16,30.25,288,69,6
solo_solar_2022,-1,-1,-1,-1,-1,-1,-1,-1,-1,-1,-1,1,1,1,1,1,1,0,-1,-1,0,0,0,0,0,0,0,0,0,1,1,0,1,1,0,1,1,0,0,0,0,1,0,0,0,-1,1,1,1,0,1,0,1,0,0,0,0,0,1,-1,-1,0,0,1,1,1,1,0,0,0,1,0,0,0,0,0,0,0,0,0,1,0,-1,-1,0,-1,-1,-1,1,1,0,0,-1,-1,-1,-1,-1,-1,-1,,1,1,1,1,1,1,1,1,1,1,0,1,1,1,0,0,0,0,0,0,0,0,0,1,1,0,0,-1,0,0,0,0,0,1,1,0,0,1,1,0,1,1,1,1,0,0,-1,1,0,0,0,-1,1,0,0,0,0,1,0,1,0,0,0,0,0,0,0,0,0,0,-1,0,-1,1,-1,1,1,1,1,1,0,1,-1,1,1,1,0,1,-1,-1,0,0,0,0,1,1,0,0,0,,1,1,-1,0,-1,0,-1,0,0,0,0,0,0,0,0,0,0,-1,-1,-1,0,0,0,0,0,0,0,,,,0,0,0,0,0,0,0,0,0,0,0,0,0,0,0,0,1,1,0,0,-1,-1,-1,0,1,0,0,-1,-1,-1,0,0,1,0,1,1,1,-1,0,0,0,0,1,0,0,0,0,1,1,-1,0,0,1,0,0,1,0,0,1,1,0,0,1,1,1,1,1,1,-1,0,1,1,-1,1,1,0,1,1,0,0,0,1,0,0,1,1,1,0,1,0,0,0,1,-1,0,1,1,0,0,0,0,0,1,1,0,-1,0,0,-1,1,1,1,0,1,0,-1,1,0,0,0,-1,0,0,0,1,0,0,0,0,0,0,0,0,111,95,16,31.09,300,58,5
sustainafy_2022,-1,-1,-1,-1,-1,-1,-1,-1,-1,-1,-1,-1,-1,-1,-1,-1,-1,0,0,0,-1,0,0,0,1,0,0,0,0,1,1,1,0,0,0,1,1,1,1,1,1,1,1,1,1,1,1,1,0,0,0,0,0,0,1,0,0,,0,0,1,0,0,0,0,1,1,1,1,1,1,1,1,0,1,1,1,1,1,0,-1,0,-1,-1,1,0,0,0,1,1,0,0,0,0,0,0,0,0,0,0,0,0,0,1,1,1,0,0,1,1,1,0,1,1,1,1,1,1,1,0,0,0,0,1,1,0,0,0,0,0,0,1,0,1,1,0,1,1,1,1,0,1,1,1,0,1,0,0,0,0,0,1,0,0,0,0,0,0,0,0,0,0,0,0,1,1,1,1,1,0,1,1,1,1,1,1,1,0,1,1,0,0,0,0,0,0,1,1,1,0,0,0,0,0,0,0,0,0,1,,0,0,0,-1,0,-1,0,0,0,0,0,0,0,0,0,0,0,0,0,0,0,0,0,0,0,0,0,,,,0,0,0,0,0,0,0,0,0,0,0,0,0,0,0,0,0,0,0,0,-1,0,-1,-1,1,0,0,0,0,0,0,0,0,0,0,0,0,1,0,0,0,0,1,0,0,0,0,1,1,1,0,1,1,0,0,0,0,0,1,1,0,0,1,0,0,1,1,1,1,0,1,1,1,0,1,1,1,1,0,0,1,1,1,1,0,0,0,0,1,0,0,1,1,1,-1,1,1,0,0,0,1,1,0,1,0,-1,0,0,0,0,1,0,0,0,0,1,,1,1,1,1,1,1,1,1,1,1,1,0,0,0,0,0,128,104,24,35.85,329,28,6
vermillion_power_technologies_i_2022,-1,-1,1,1,1,-1,-1,-1,1,1,1,1,1,1,1,1,1,0,1,1,1,1,1,1,1,1,1,-1,-1,1,1,0,0,0,1,1,0,0,1,1,1,1,1,1,0,1,1,1,1,1,1,1,1,0,1,1,0,1,1,0,1,0,0,1,1,1,1,0,0,0,-1,1,1,-1,1,1,1,1,0,0,1,0,-1,-1,0,0,0,0,0,1,1,0,0,0,0,0,0,0,0,,1,1,1,1,0,1,1,1,1,1,1,1,1,1,1,1,1,1,1,0,1,0,0,1,1,0,0,0,0,0,0,1,0,1,1,1,1,1,1,1,1,1,1,1,1,1,1,1,0,0,0,1,1,0,0,1,0,1,1,1,1,1,0,1,1,1,0,0,0,1,1,0,0,1,0,1,1,1,1,1,,1,0,1,1,1,0,1,1,1,0,0,0,0,1,1,0,0,0,,1,1,-1,1,1,1,-1,0,0,0,0,0,0,0,0,-1,-1,-1,-1,-1,0,-1,-1,0,0,0,-1,,,,0,0,0,0,0,0,0,0,0,0,0,0,1,0,0,0,1,1,1,1,1,-1,-1,1,1,1,1,1,1,1,1,0,0,0,1,1,1,1,1,1,1,1,1,1,1,0,1,1,1,1,1,0,0,1,,1,1,1,1,1,1,0,1,1,0,1,1,1,0,0,1,1,1,1,1,1,1,1,1,1,1,1,1,1,1,1,1,1,1,1,1,1,1,1,1,1,1,1,1,1,1,0,1,0,0,1,1,1,1,1,1,1,1,0,1,0,,0,0,1,0,0,0,0,1,1,0,0,0,0,1,1,0,215,183,32,60.22,332,23,8
vortrex_llc_2022,1,1,1,1,1,-1,-1,-1,-1,-1,-1,1,1,1,1,1,1,1,0,0,-1,1,1,1,-1,0,1,1,1,1,1,0,0,-1,1,1,1,0,-1,0,1,1,0,1,-1,0,0,1,1,1,1,0,1,0,0,0,1,0,0,0,1,0,-1,1,1,1,1,-1,0,0,-1,0,-1,1,0,0,0,1,1,1,0,0,-1,-1,0,1,0,0,0,0,1,0,-1,-1,-1,-1,0,0,0,0,0,0,0,-1,0,1,1,1,1,1,0,1,-1,-1,0,0,0,0,0,0,1,0,0,1,1,1,1,0,0,-1,0,1,1,1,1,0,0,1,1,1,0,0,0,0,0,0,1,1,1,1,1,0,1,0,0,1,-1,1,1,0,0,0,0,1,1,1,0,-1,0,0,0,-1,1,1,0,0,0,0,-1,1,0,0,0,-1,-1,1,1,1,1,-1,0,0,0,0,0,0,0,0,1,-1,-1,-1,-1,-1,-1,-1,-1,0,0,0,0,-1,-1,0,0,0,0,0,0,0,1,-1,-1,1,-1,1,0,,,,,,,,,,,,,0,0,0,,,,,0,0,-1,-1,-1,-1,-1,-1,1,0,0,1,1,1,1,1,1,0,-1,-1,-1,1,1,1,0,0,1,0,0,0,0,0,0,0,1,1,1,0,0,1,0,0,-1,-1,1,1,1,1,1,-1,-1,-1,1,0,1,0,-1,1,0,0,-1,1,0,0,0,1,0,-1,0,0,0,0,0,1,0,0,1,0,1,0,0,0,0,0,0,0,0,0,0,1,0,0,0,0,0,0,0,0,0,0,1,0,0,0,0,0,0,0,0,0,0,0,0,0,0,0,0,114,104,10,31.93,285,62,16
washloft_inc_2022,-1,-1,-1,-1,-1,,1,1,-1,-1,-1,-1,-1,-1,-1,1,1,1,1,1,1,0,0,0,0,1,1,1,1,0,0,0,0,0,0,0,0,0,0,0,1,1,0,0,1,0,0,0,0,0,0,1,1,0,1,0,0,0,1,0,0,0,0,0,0,1,1,0,0,0,0,1,1,0,0,0,0,0,0,0,1,0,1,1,1,1,0,0,1,0,1,0,0,0,0,0,0,0,0,0,0,0,0,1,1,1,-1,-1,1,1,0,1,1,1,0,0,0,0,0,0,0,0,0,1,1,0,0,0,0,0,0,1,0,0,0,0,0,1,1,0,1,-1,-1,-1,1,0,-1,1,,1,0,1,1,0,0,0,0,0,0,0,0,0,0,0,0,0,0,0,0,0,0,0,1,1,0,1,1,1,1,1,0,1,0,1,1,1,0,1,1,1,0,0,0,0,1,1,1,0,,-1,-1,-1,-1,-1,-1,-1,-1,0,0,0,0,0,0,0,0,0,0,0,0,0,0,0,0,0,0,0,0,,,,0,0,0,0,0,0,0,0,0,0,0,0,0,0,0,0,0,0,0,0,-1,-1,-1,-1,1,0,0,1,1,1,0,0,0,0,0,0,0,1,0,0,0,0,1,0,0,1,0,1,1,1,1,0,1,1,1,1,1,0,1,1,0,1,1,1,0,1,1,1,0,0,-1,1,1,0,1,1,1,1,1,0,0,1,0,1,1,1,1,1,1,0,0,1,1,1,-1,1,1,0,1,0,1,0,1,0,0,0,0,1,1,0,0,1,0,1,0,0,1,0,0,1,0,0,0,0,0,1,0,0,0,0,0,0,0,119,103,16,33.33,325,32,6
think_air_2022,-1,-1,-1,-1,-1,,1,1,-1,-1,-1,1,1,1,1,-1,-1,1,1,1,1,0,-1,-1,0,1,1,1,1,0,0,0,0,0,1,1,0,0,1,1,1,1,0,0,0,1,1,1,,0,0,0,1,0,0,0,0,1,1,1,1,1,0,0,0,1,1,0,1,1,0,1,1,1,1,1,0,0,0,1,1,0,-1,-1,0,0,1,1,1,1,1,1,-1,-1,-1,-1,0,0,0,,1,1,1,1,0,1,1,1,1,1,0,1,1,1,0,1,1,1,1,0,1,1,1,1,1,1,1,0,0,0,0,1,0,1,1,0,0,1,1,0,1,1,1,1,0,0,1,1,0,1,0,1,1,0,0,1,0,1,1,1,1,0,0,0,1,1,1,0,0,0,0,0,1,1,1,1,1,1,1,1,0,0,1,1,1,1,0,1,1,1,0,0,0,0,1,1,0,0,-1,-1,-1,-1,-1,-1,-1,-1,-1,1,1,-1,-1,0,0,0,0,0,0,0,0,0,0,-1,-1,0,0,0,0,,,,0,0,0,0,0,0,0,0,0,0,0,0,0,0,0,0,1,1,-1,-1,-1,-1,-1,-1,1,0,0,1,1,1,0,1,0,0,1,1,1,1,0,0,0,0,1,1,1,0,0,1,1,1,0,0,0,1,1,1,1,1,1,1,0,1,1,1,1,1,1,1,0,0,1,1,1,1,1,1,1,1,1,0,0,1,1,1,1,1,1,1,1,0,0,0,1,0,1,1,1,0,0,0,1,1,1,0,0,1,1,0,1,1,0,1,0,0,1,0,1,0,0,0,0,0,0,0,1,0,0,0,0,1,0,0,1,175,149,26,49.02,320,37,6
solais_ventures_llc_2022,1,1,-1,-1,-1,,,,-1,-1,-1,1,1,1,1,0,0,-1,-1,-1,0,-1,0,0,0,1,1,1,1,1,1,0,0,0,0,0,0,0,1,0,1,1,0,0,0,0,0,0,0,0,0,1,0,0,0,0,0,0,0,0,1,0,0,0,0,0,0,0,0,0,0,1,0,0,0,0,0,0,0,0,0,0,0,0,0,0,0,0,0,0,0,0,0,0,0,0,0,0,0,0,0,0,0,0,0,1,1,1,1,1,1,0,0,0,1,0,0,0,0,0,0,1,1,1,1,1,1,0,1,0,0,0,0,0,0,0,0,1,1,1,1,1,1,1,1,1,1,1,1,1,1,1,1,1,1,1,1,1,1,1,1,1,1,1,0,0,1,1,1,0,1,1,1,1,1,1,1,1,1,1,0,1,1,1,1,1,1,1,1,1,0,1,1,1,1,1,1,1,1,0,-1,-1,-1,-1,-1,1,1,1,1,1,1,1,1,1,1,-1,-1,0,0,0,0,-1,-1,0,0,0,0,,,,,,,,,,,,,0,0,0,,,,,0,0,0,0,1,-1,-1,-1,1,1,1,1,1,1,0,1,1,0,1,1,1,1,1,1,1,1,1,1,1,0,0,0,0,0,0,0,0,1,1,1,1,1,1,1,1,0,1,0,1,1,1,1,1,1,1,1,1,1,1,1,1,1,1,1,1,1,1,0,0,0,0,0,0,0,0,0,1,0,1,1,1,1,1,0,1,0,0,0,0,1,0,0,0,1,0,1,0,1,1,1,1,0,0,0,0,0,0,0,0,0,0,0,0,1,1,0,0,163,144,19,45.66,322,22,19
kite_magnetics_2022,-1,-1,1,1,1,-1,-1,-1,1,1,1,1,1,1,1,1,1,1,-1,-1,1,-1,0,0,0,1,1,1,1,1,1,0,-1,1,0,0,0,0,0,-1,0,1,-1,0,0,0,0,0,0,0,0,0,1,0,0,0,0,0,1,0,1,1,1,1,1,1,1,0,0,0,1,1,-1,0,0,0,0,0,-1,1,1,0,1,1,-1,0,-1,-1,0,-1,1,1,0,0,0,0,0,0,0,,1,1,1,1,0,1,0,0,0,0,0,0,0,0,1,1,1,1,1,1,0,1,1,1,1,0,0,1,0,1,1,1,0,0,0,0,-1,1,1,1,-1,1,1,1,0,-1,0,1,0,0,0,0,0,0,0,0,0,1,0,0,0,0,0,0,0,0,0,0,0,0,0,0,0,0,0,0,0,0,0,0,0,0,0,0,0,0,0,0,0,0,0,-1,0,0,0,0,0,0,0,-1,-1,-1,-1,-1,-1,-1,-1,0,0,0,0,0,0,0,0,0,0,0,0,0,0,0,0,1,0,1,0,,,,,,,,,,,,,0,0,0,,,,,0,0,1,1,-1,-1,-1,-1,1,1,1,1,1,1,1,1,1,-1,-1,-1,-1,1,1,1,1,1,1,1,1,1,1,1,1,-1,1,1,-1,1,1,1,1,1,1,1,1,1,1,1,1,1,1,1,-1,0,1,-1,-1,0,0,-1,1,1,0,0,-1,1,0,0,1,1,1,1,1,1,-1,1,-1,0,1,0,1,-1,0,0,1,0,0,1,0,1,0,0,1,0,0,0,0,1,0,0,-1,0,0,0,0,0,0,0,0,0,0,0,0,0,-1,1,0,127,119,8,35.57,297,49,17
little_bob_technologies_2022,-1,-1,-1,-1,-1,,1,1,-1,-1,-1,-1,-1,-1,-1,1,1,1,1,1,1,0,1,1,-1,0,1,1,1,-1,-1,0,0,0,1,0,0,0,1,0,1,1,0,1,0,0,0,0,0,0,0,-1,1,0,1,-1,0,0,1,1,1,1,1,-1,-1,1,1,0,0,0,0,1,1,-1,-1,1,1,0,0,0,0,0,0,0,0,0,0,0,0,0,0,1,0,0,0,0,0,0,0,0,0,0,0,0,0,1,0,0,1,1,0,0,1,1,1,0,0,0,0,0,0,0,0,1,1,0,0,0,0,0,0,0,0,0,0,0,0,1,1,1,1,1,1,1,1,0,1,0,0,0,0,0,0,0,0,0,0,0,0,0,0,0,0,0,0,0,0,0,0,0,0,0,0,0,0,0,0,0,0,0,0,0,0,0,0,0,0,0,0,0,0,0,0,0,0,0,0,0,0,,0,0,-1,-1,-1,-1,-1,0,0,0,0,0,0,0,0,0,0,0,0,0,0,0,0,0,1,1,0,,,,,,,,,,,,,0,0,0,,,,,0,0,0,0,-1,-1,-1,-1,1,1,1,0,0,0,0,1,1,0,1,1,1,1,1,1,0,0,1,0,0,0,0,1,1,0,0,1,0,1,1,1,1,0,1,1,0,0,1,-1,-1,1,1,1,1,0,1,1,0,1,0,1,1,1,1,1,0,1,1,1,1,1,1,0,1,0,0,1,1,1,1,1,0,0,1,1,1,0,1,1,1,0,0,1,1,0,1,0,1,0,0,,1,,,,,0,0,0,,0,,0,0,0,0,0,0,108,91,17,30.25,306,32,25
m4t_2022,-1,-1,1,1,1,-1,-1,-1,-1,-1,-1,-1,-1,-1,-1,1,1,1,-1,-1,0,0,0,0,0,0,0,0,0,1,1,0,0,0,0,-1,0,0,1,-1,1,1,0,-1,1,0,0,0,0,0,0,1,1,1,-1,1,1,1,1,1,1,-1,0,0,0,1,1,1,0,0,0,1,1,-1,1,1,1,1,-1,1,1,-1,0,0,0,0,-1,-1,0,1,-1,1,0,0,0,0,0,0,0,0,0,0,0,1,1,1,1,1,1,1,1,1,1,1,1,1,1,1,1,-1,0,0,0,1,1,0,0,0,0,0,0,0,0,0,0,0,-1,1,1,1,1,1,1,1,-1,1,1,1,1,1,1,1,1,0,0,0,0,0,-1,0,-1,0,0,0,0,1,-1,1,0,0,1,1,1,0,0,1,1,1,1,-1,0,1,0,1,1,1,0,0,0,-1,0,0,0,0,0,1,0,1,1,-1,-1,-1,-1,-1,-1,-1,,0,0,0,0,0,0,0,0,0,0,0,0,0,0,-1,-1,1,1,1,0,,,,0,0,0,0,0,0,0,0,0,0,0,0,0,0,0,0,1,1,0,0,-1,-1,-1,-1,1,1,1,1,1,1,-1,1,1,1,1,1,1,1,1,1,1,1,1,1,1,0,0,-1,-1,1,1,1,1,1,1,1,1,-1,1,1,0,0,1,1,1,1,1,1,1,1,1,1,1,1,1,1,1,1,1,1,-1,1,1,0,1,1,1,1,1,1,1,1,1,1,1,1,-1,1,0,-1,1,0,-1,0,0,1,1,1,1,1,1,1,1,0,0,1,1,0,0,1,1,0,0,0,1,0,0,0,0,-1,1,1,1,168,143,25,47.06,304,55,4
positive_energy_2022,-1,-1,-1,-1,-1,,,,-1,-1,-1,-1,-1,-1,-1,1,1,0,-1,-1,1,1,0,0,0,0,0,0,0,1,1,0,0,0,0,-1,0,0,1,0,1,1,,0,0,1,1,1,1,0,0,0,1,0,1,0,0,0,1,,1,0,0,1,1,1,1,0,0,0,0,0,1,0,0,1,0,-1,0,0,1,-1,1,1,0,0,1,1,0,0,1,0,0,0,0,0,0,0,0,,,,,1,0,1,1,1,-1,-1,1,0,0,0,1,0,0,0,0,0,0,0,0,1,1,0,0,0,0,0,0,0,0,1,1,1,1,1,1,1,1,1,1,1,1,1,1,0,0,0,0,0,0,0,0,0,0,0,0,0,0,0,0,0,0,0,0,0,0,0,0,0,0,0,0,1,1,1,1,1,0,1,0,1,1,1,0,1,1,1,0,0,0,0,1,1,0,0,0,,0,0,0,0,0,0,0,0,0,0,0,0,0,0,0,0,0,0,0,0,0,0,0,0,0,0,0,,,,0,0,0,0,0,0,0,0,0,0,0,0,0,0,0,0,0,0,0,0,0,0,0,0,1,1,1,1,1,1,1,1,0,0,1,1,1,1,1,1,1,1,1,1,1,1,0,1,1,1,1,1,-1,1,1,1,1,0,1,1,1,0,1,1,1,1,1,1,0,1,1,1,1,0,0,1,1,1,1,1,1,1,0,1,0,0,0,0,0,1,-1,1,1,-1,0,1,1,0,1,0,0,0,0,0,0,1,0,0,0,-1,1,1,0,0,1,1,1,0,0,1,0,0,0,0,0,0,0,0,0,0,0,1,0,129,108,21,36.13,327,23,13
lemongraft_2022,-1,-1,-1,-1,-1,,1,1,-1,-1,-1,-1,-1,-1,-1,1,1,1,1,1,1,-1,1,1,0,1,1,-1,-1,1,1,1,1,1,0,1,1,0,1,1,1,1,-1,0,0,1,1,1,1,0,1,1,1,0,1,1,1,1,1,1,1,1,0,0,0,1,1,0,-1,-1,1,1,1,0,0,1,0,0,1,0,0,0,0,0,1,1,-1,-1,1,-1,0,0,0,0,0,0,0,0,0,,1,1,1,1,1,1,0,0,0,0,0,0,0,0,0,1,1,1,1,1,1,0,0,1,1,0,0,0,0,0,0,0,0,1,1,0,1,1,1,1,1,1,1,1,1,1,1,-1,0,1,0,0,1,0,0,0,0,0,0,0,0,0,0,0,0,0,0,0,0,0,0,0,1,1,0,1,1,1,1,1,0,1,-1,1,1,-1,0,1,1,1,0,0,0,0,1,1,0,1,0,,,,-1,0,-1,1,-1,0,0,0,0,0,0,0,0,0,0,,1,1,1,0,0,0,-1,0,0,,,,0,0,0,0,0,0,0,0,0,,1,1,0,0,0,0,0,0,1,1,-1,0,-1,-1,1,0,0,1,1,1,0,1,0,0,1,1,1,1,0,0,0,0,1,0,0,0,0,1,1,1,1,0,1,1,1,1,1,0,-1,-1,0,0,1,1,-1,1,1,1,0,0,1,0,1,1,1,0,1,1,0,1,0,1,1,0,1,1,1,1,1,0,0,0,1,0,1,1,1,0,0,0,,1,1,1,0,1,0,0,1,1,1,1,0,1,0,1,1,0,0,1,0,0,0,0,-1,0,0,0,0,0,0,0,0,155,128,27,43.42,317,35,11
miplus_solar_inc_2022,-1,-1,-1,-1,-1,,1,1,-1,-1,-1,-1,-1,-1,-1,1,1,-1,-1,-1,0,1,0,0,0,-1,1,1,1,-1,-1,0,0,-1,-1,0,0,0,0,0,-1,1,0,0,0,0,0,0,-1,0,0,0,1,0,-1,0,0,0,-1,-1,0,0,0,-1,-1,1,1,0,0,0,0,-1,-1,0,0,0,0,0,0,-1,-1,0,0,0,0,0,-1,-1,0,0,-1,0,-1,-1,-1,-1,0,0,0,0,0,0,0,1,0,1,1,1,1,1,-1,1,1,1,1,0,0,0,0,0,0,0,0,1,1,0,0,0,0,0,0,0,0,0,0,0,0,1,1,1,1,-1,-1,-1,1,1,1,0,,0,0,0,0,0,0,0,0,0,0,0,0,0,0,0,0,0,0,0,0,0,0,0,0,0,0,0,0,0,0,0,0,0,0,0,0,0,0,0,0,0,0,0,0,0,0,0,0,0,,,0,0,0,0,0,0,0,0,0,0,0,0,0,0,0,0,0,0,0,0,0,0,0,0,0,0,0,,,,0,0,0,0,0,0,0,0,0,0,0,0,0,0,0,0,0,0,0,0,0,0,0,0,1,-1,-1,1,1,1,0,1,0,0,1,1,1,1,0,0,0,0,1,0,0,0,0,1,1,1,1,0,1,1,1,1,1,0,1,1,0,1,1,1,1,1,1,1,0,-1,1,1,1,1,1,0,0,0,1,1,-1,1,1,1,1,1,1,-1,1,0,0,1,1,1,1,1,1,0,1,0,1,0,1,0,0,0,0,0,1,0,0,0,1,0,1,0,1,0,0,0,0,0,0,0,0,0,0,0,0,-1,1,-1,-1,87,77,10,24.37,306,50,7
sheru_2022,-1,-1,-1,-1,-1,,1,1,-1,-1,-1,1,1,1,1,1,1,1,-1,-1,1,0,-1,-1,0,1,1,1,1,0,0,0,0,0,1,1,0,0,-1,-1,1,1,0,0,-1,-1,-1,-1,-1,0,0,-1,1,-1,1,0,0,1,1,0,1,-1,0,0,0,1,1,0,-1,-1,0,-1,-1,0,0,-1,0,0,0,1,1,0,1,1,1,0,-1,-1,0,1,1,1,-1,-1,-1,-1,0,0,0,,1,1,1,1,0,1,-1,-1,-1,-1,-1,1,1,1,-1,0,0,0,0,0,0,0,0,1,1,0,0,0,0,0,0,0,0,0,0,0,0,1,1,1,1,1,1,1,-1,1,1,1,0,-1,0,1,1,0,0,-1,0,1,-1,1,-1,0,0,0,-1,0,0,0,0,-1,0,0,1,1,0,1,1,1,1,1,0,-1,-1,1,1,1,0,1,1,1,0,0,0,0,1,1,0,0,0,1,-1,-1,-1,-1,-1,-1,-1,0,0,-1,-1,0,0,0,0,0,0,-1,-1,-1,0,1,1,0,0,0,0,,,,0,0,0,0,0,0,0,0,0,-1,-1,-1,0,0,0,0,-1,-1,-1,-1,-1,-1,-1,-1,1,0,0,1,1,1,0,0,1,-1,0,0,0,-1,0,0,0,0,0,-1,-1,0,0,1,1,1,1,-1,1,0,0,1,1,0,0,0,0,0,0,-1,-1,0,0,0,0,0,0,1,-1,1,1,0,0,1,0,-1,0,1,-1,-1,1,1,1,0,-1,0,0,0,-1,0,1,1,-1,0,-1,0,-1,-1,1,0,0,0,0,0,-1,-1,-1,1,0,-1,0,0,1,0,0,0,0,0,0,0,0,0,0,0,0,-1,1,0,-1,101,92,9,28.29,264,94,5
kineticurrents_company_2022,0,0,0,0,0,-1,-1,-1,0,0,0,0,0,0,0,1,1,-1,-1,-1,1,0,0,0,0,1,1,-1,-1,1,1,0,0,0,0,1,0,0,1,-1,-1,1,0,0,0,1,1,1,1,-1,-1,1,0,-1,-1,-1,0,0,0,0,1,1,0,1,1,0,0,0,-1,-1,0,1,1,0,0,,0,0,0,0,1,0,1,1,0,0,1,1,0,1,1,0,0,0,0,0,0,0,0,-1,-1,-1,-1,1,1,1,-1,-1,-1,-1,-1,0,1,1,0,0,0,0,0,0,0,-1,-1,1,1,0,0,0,0,0,0,0,0,0,0,0,0,1,1,-1,0,-1,-1,-1,-1,-1,1,-1,0,1,0,1,1,-1,0,1,-1,0,1,1,0,0,0,0,0,0,0,0,0,0,0,0,1,1,-1,1,1,1,1,1,0,1,-1,1,1,1,0,1,1,1,0,-1,0,0,-1,1,-1,0,-1,0,-1,-1,-1,-1,-1,-1,-1,-1,-1,0,0,0,0,0,0,-1,-1,0,0,0,1,-1,-1,0,0,0,0,,,,0,0,0,0,0,0,0,0,0,0,0,0,0,0,0,0,-1,-1,-1,-1,-1,-1,-1,-1,1,-1,-1,0,0,0,-1,1,0,0,1,1,1,1,-1,-1,0,0,1,-1,-1,-1,0,-1,-1,-1,-1,0,1,1,1,1,1,1,-1,-1,0,-1,1,1,1,1,1,1,-1,0,1,1,1,1,1,-1,1,-1,0,-1,0,1,1,-1,1,1,1,0,1,0,0,0,1,0,-1,1,0,-1,0,0,-1,0,0,0,0,0,0,0,-1,1,1,0,0,0,0,0,1,0,0,0,0,0,0,0,0,0,0,0,0,1,-1,0,0,97,80,17,27.17,270,89,4
seah4_pty_ltd_2022,-1,-1,-1,-1,-1,,1,1,-1,-1,-1,-1,-1,-1,-1,1,1,1,-1,-1,1,1,1,1,0,1,1,1,1,1,1,0,1,1,,0,1,1,1,1,1,1,1,1,1,0,0,0,-1,0,1,0,0,0,1,1,0,0,0,0,,,1,,,,,1,1,1,1,,1,1,-1,1,0,1,0,1,1,0,-1,-1,1,0,-1,-1,1,0,0,1,0,0,0,0,0,0,0,0,0,0,0,0,0,1,0,0,0,0,0,0,1,1,1,1,1,1,1,1,1,0,0,1,1,1,1,0,0,1,0,0,0,1,1,0,1,1,1,1,0,1,1,1,0,1,1,1,0,0,1,0,1,0,0,0,0,1,1,0,0,0,0,0,1,0,0,0,0,1,1,1,1,1,0,1,1,0,1,1,0,1,0,1,1,0,0,0,0,1,0,0,0,1,1,1,1,0,0,,1,1,-1,-1,1,-1,1,-1,-1,0,0,0,0,0,0,0,0,-1,-1,-1,0,-1,-1,0,-1,1,0,,,,0,0,0,0,0,0,0,0,0,0,0,0,0,0,0,0,1,1,1,1,-1,-1,-1,-1,1,0,0,1,1,1,1,1,0,1,1,1,1,0,1,1,0,0,1,1,1,0,0,1,1,1,1,-1,0,1,1,1,1,1,0,0,1,1,1,-1,1,1,1,1,1,1,1,1,1,1,1,1,1,-1,1,1,1,1,1,1,1,1,1,1,1,1,1,1,1,0,0,1,0,0,1,1,1,0,1,0,1,0,1,1,1,1,0,-1,1,1,-1,1,1,0,0,,0,0,0,0,,,,,,1,1,-1,1,173,143,30,48.46,303,41,19
recharge_e_2022,-1,-1,-1,-1,-1,,1,1,-1,-1,-1,1,1,1,1,-1,-1,-1,-1,-1,1,-1,1,1,0,0,0,-1,-1,1,1,0,0,0,1,0,1,-1,1,1,1,1,1,1,1,0,0,0,0,0,1,0,1,0,1,1,0,0,1,1,1,1,1,0,0,0,0,1,-1,-1,-1,1,0,0,0,-1,1,1,1,0,0,0,0,0,0,0,-1,-1,0,-1,0,1,0,0,0,0,0,0,0,-1,-1,-1,-1,-1,0,1,0,0,0,0,0,0,1,1,1,1,1,1,1,1,1,0,0,1,1,0,0,0,0,0,0,0,0,0,0,0,0,1,1,1,,1,1,1,0,1,1,1,,1,-1,1,1,0,0,0,0,1,-1,0,0,0,0,0,1,0,0,0,0,0,1,0,1,1,0,1,1,1,1,1,0,1,0,1,1,0,0,1,0,1,0,0,,0,1,1,0,0,,,1,1,-1,1,1,-1,1,-1,-1,0,0,0,0,0,0,0,0,-1,-1,-1,0,-1,-1,0,-1,1,0,,,,0,0,0,0,0,0,0,0,0,0,0,0,0,0,0,0,1,1,1,1,-1,-1,1,-1,1,0,0,1,1,1,1,1,1,1,1,1,1,1,1,1,0,0,1,1,1,0,0,1,1,1,1,1,1,1,1,1,1,1,0,0,1,1,1,1,1,1,1,1,1,1,1,1,1,1,1,1,1,1,1,1,1,1,1,1,1,1,1,0,1,0,1,1,1,0,0,1,0,0,1,1,1,0,1,0,1,0,0,1,1,1,0,1,1,1,0,0,1,0,0,,0,0,0,0,,,,,,1,1,1,0,162,139,23,45.38,304,44,15
reusabowl_llc_2022,-1,-1,1,1,1,-1,-1,-1,-1,-1,-1,-1,-1,-1,-1,-1,-1,0,-1,-1,0,0,-1,-1,0,0,0,-1,-1,1,1,-1,-1,1,0,-1,0,0,0,0,-1,1,0,0,0,1,1,-1,0,0,0,-1,-1,0,0,-1,0,0,0,0,1,1,0,1,1,0,0,0,0,0,0,0,-1,0,0,0,0,0,0,0,0,0,0,0,0,0,0,0,0,0,0,0,0,0,0,0,0,0,0,0,0,0,0,0,0,-1,0,0,0,0,0,0,0,0,0,0,0,0,0,0,0,0,0,-1,-1,0,0,0,0,0,0,0,0,-1,-1,0,-1,-1,-1,-1,-1,-1,-1,-1,-1,-1,0,1,0,-1,0,-1,-1,0,0,0,0,0,0,0,0,0,0,0,0,0,0,0,0,-1,0,0,1,1,0,1,1,1,1,1,-1,1,0,1,1,1,0,1,1,1,0,0,0,0,1,1,0,0,0,,1,1,-1,-1,1,-1,-1,0,0,1,1,0,0,0,0,0,0,0,0,0,0,0,0,0,0,0,0,,,,0,0,0,0,0,0,0,0,0,0,0,0,0,0,0,0,-1,-1,1,1,-1,-1,-1,-1,1,0,0,0,0,0,0,1,0,0,1,1,1,1,0,0,0,0,1,0,0,0,0,1,1,0,1,-1,1,-1,-1,1,1,0,1,1,0,0,1,0,0,1,1,1,0,0,,1,1,0,0,0,1,1,-1,-1,0,,0,0,-1,-1,-1,-1,0,0,0,0,0,-1,0,1,1,-1,-1,0,1,0,1,1,0,-1,1,1,1,0,0,0,1,0,0,1,1,0,0,-1,,,,,0,0,0,-1,0,-1,0,0,0,71,58,13,19.89,278,75,10
smart_cocoon_2022,-1,-1,-1,-1,-1,-1,-1,-1,-1,-1,-1,-1,-1,-1,-1,-1,-1,0,-1,-1,1,1,0,0,0,0,1,0,0,1,1,0,0,0,0,-1,0,0,1,-1,0,1,0,0,0,1,1,1,1,0,0,1,0,0,0,1,0,1,0,0,-1,0,0,-1,-1,1,1,1,1,1,1,1,1,1,1,1,1,1,1,0,0,0,0,0,0,0,0,0,0,1,0,0,0,0,0,0,0,0,0,0,0,0,0,1,0,1,1,1,1,1,-1,0,1,1,1,1,1,1,1,1,1,0,0,1,1,0,0,0,0,1,0,0,0,1,1,1,1,1,1,1,1,1,1,1,1,-1,1,1,0,1,0,1,0,0,0,1,0,1,0,1,1,0,0,0,1,1,0,1,0,1,1,0,0,1,0,1,1,1,1,1,0,1,0,1,1,1,0,1,1,1,0,0,0,0,1,1,0,0,0,,-1,-1,-1,-1,1,-1,-1,0,0,-1,-1,0,0,0,0,0,0,-1,-1,-1,0,0,0,0,0,0,-1,,,,0,0,,0,0,0,0,0,0,-1,-1,-1,0,0,,0,-1,-1,1,1,1,-1,-1,-1,1,1,1,1,1,1,1,0,0,0,1,1,1,1,0,0,1,1,1,1,1,0,1,1,1,1,1,1,1,1,1,-1,1,0,0,0,0,0,0,0,0,1,1,1,0,0,1,1,1,1,1,1,1,1,1,1,1,1,1,1,1,1,1,1,1,1,1,1,1,1,1,1,1,1,1,1,0,0,-1,1,0,1,1,1,1,1,,,,,,1,1,0,0,0,0,0,0,0,-1,0,0,1,0,0,1,1,-1,161,133,28,45.1,302,50,11
oga_street_tech_2022,-1,-1,-1,-1,-1,0,0,0,-1,-1,-1,1,1,1,1,1,1,1,1,1,1,1,1,1,1,0,0,0,0,1,1,1,1,0,0,1,0,0,0,1,1,1,0,0,0,0,1,0,1,0,0,0,0,0,0,0,0,0,0,0,1,1,0,0,0,1,1,0,1,1,0,1,0,0,0,1,1,1,0,1,1,1,-1,-1,1,0,0,0,1,1,1,0,0,0,0,0,0,0,0,,,,,1,1,1,1,1,1,1,1,0,1,1,1,1,1,1,1,0,1,1,1,1,1,1,1,0,0,0,0,0,0,1,1,0,0,1,1,0,0,1,1,1,1,1,1,0,0,0,0,1,1,1,0,1,1,0,0,0,0,0,0,0,0,1,0,1,1,0,0,0,1,1,1,1,1,1,1,1,0,1,0,1,1,1,0,1,1,1,0,0,0,0,1,1,0,0,0,,0,0,0,0,0,0,0,0,0,0,0,0,0,0,0,0,0,-1,-1,-1,0,0,0,0,0,0,0,,,,0,0,0,0,0,0,0,0,0,0,0,0,0,0,0,0,0,0,0,0,0,0,0,0,1,1,1,1,1,1,0,1,1,1,1,1,1,1,1,1,0,0,1,0,0,1,0,0,0,1,0,1,0,0,0,1,1,1,1,1,0,0,1,0,0,0,0,0,1,0,1,1,1,0,0,0,0,1,0,0,0,1,0,0,0,0,0,0,1,0,0,1,1,1,0,1,0,0,0,0,1,1,1,1,0,0,1,1,1,1,1,1,0,1,0,,0,,,,,0,0,0,,0,0,,0,0,0,0,1,146,130,16,40.9,335,13,15
plexflo_2022,-1,-1,1,1,1,0,0,0,-1,-1,-1,-1,-1,-1,-1,1,1,0,-1,-1,1,0,0,0,0,0,0,0,0,0,0,0,0,0,0,0,0,0,0,0,0,0,0,0,0,-1,-1,-1,-1,0,0,-1,0,-1,-1,0,0,0,0,0,-1,-1,0,0,0,0,0,0,0,0,0,0,0,0,0,0,0,0,0,0,-1,0,-1,-1,1,1,-1,-1,0,-1,-1,0,,1,1,1,,1,1,-1,-1,-1,-1,-1,-1,1,-1,-1,-1,-1,-1,-1,1,1,-1,0,0,0,0,0,0,0,0,1,1,0,0,0,0,0,0,0,0,0,0,0,0,1,1,1,-1,1,1,1,-1,1,1,0,0,-1,0,-1,-1,0,0,-1,0,0,0,-1,0,0,0,0,0,0,0,0,0,0,0,0,0,0,0,0,0,0,0,0,0,0,0,0,0,0,0,0,0,0,0,0,0,0,0,0,0,0,-1,,-1,-1,-1,-1,-1,-1,-1,-1,-1,0,0,0,0,0,0,0,0,0,0,0,0,-1,-1,0,0,0,0,,,,0,0,0,0,0,0,0,0,0,0,0,0,0,0,0,0,-1,-1,-1,-1,-1,-1,-1,-1,1,0,0,1,1,1,0,1,0,0,1,1,1,1,1,1,0,0,1,0,0,1,0,1,1,1,0,0,-1,1,-1,1,1,-1,1,1,0,1,1,1,0,1,1,1,0,0,0,-1,1,1,1,1,1,1,1,-1,-1,1,1,1,1,1,1,0,-1,0,0,1,1,1,-1,1,1,-1,-1,-1,1,1,1,1,0,0,-1,0,1,0,-1,0,-1,1,0,1,1,0,0,1,0,0,0,0,-1,1,1,0,0,0,0,0,0,82,72,10,22.97,275,82,6
avocet_wind_formerly_obvia_2022,-1,-1,-1,-1,-1,-1,-1,-1,-1,-1,-1,0,0,0,0,-1,-1,1,-1,-1,1,0,0,0,0,1,1,1,1,-1,-1,0,0,0,-1,1,0,0,1,-1,1,1,0,0,0,1,1,1,1,0,0,0,1,0,-1,-1,0,0,1,1,1,1,0,0,0,1,1,0,-1,-1,0,0,0,0,0,0,-1,0,0,0,1,0,-1,-1,1,0,1,1,0,1,1,1,-1,-1,-1,-1,-1,-1,-1,-1,-1,-1,-1,1,1,1,0,0,0,0,0,0,0,0,0,0,0,0,0,0,0,0,0,1,1,0,0,0,0,0,0,0,0,0,0,0,0,1,1,0,0,0,0,0,0,0,0,1,0,1,0,1,1,0,0,-1,0,1,1,1,1,0,0,0,-1,0,0,1,0,-1,1,0,1,1,0,1,1,1,1,1,-1,0,1,1,1,1,0,1,1,1,0,0,0,0,1,1,0,0,0,,-1,-1,-1,-1,-1,-1,-1,-1,-1,-1,-1,0,0,-1,-1,0,0,0,0,0,0,1,1,0,0,0,0,,,,0,0,0,0,0,0,0,0,0,0,0,0,0,0,0,0,1,1,1,1,-1,-1,-1,1,1,-1,-1,1,1,1,0,1,-1,0,0,0,0,0,0,0,0,0,1,0,0,0,0,0,0,0,0,0,0,1,1,1,1,1,0,0,0,0,1,1,1,1,1,1,0,0,0,1,,,0,0,1,1,0,0,0,1,1,0,1,1,1,1,1,1,1,1,1,1,0,1,0,0,0,0,,0,-1,0,0,0,-1,0,0,1,0,-1,0,1,1,1,-1,0,0,1,0,0,0,0,0,0,0,0,1,0,0,1,0,108,94,14,30.25,292,64,7
relastics_company_2022,-1,-1,-1,-1,-1,,1,1,-1,-1,-1,-1,-1,-1,-1,1,1,1,-1,-1,1,1,-1,-1,0,1,1,1,1,1,1,-1,0,0,1,1,0,0,-1,-1,1,1,1,0,0,-1,1,1,1,0,1,-1,1,0,0,0,0,0,1,1,1,-1,0,-1,-1,1,1,0,0,0,0,1,0,0,0,-1,-1,1,0,0,-1,0,-1,-1,0,0,1,1,0,1,0,0,,1,1,1,0,0,0,,1,1,1,1,1,1,1,1,1,1,-1,1,-1,-1,-1,-1,-1,-1,-1,-1,-1,1,1,1,1,0,0,0,0,0,0,0,0,-1,-1,-1,0,1,1,-1,1,0,0,0,-1,-1,1,0,0,1,1,1,1,1,-1,1,1,-1,0,0,1,0,0,0,0,0,-1,0,0,-1,0,0,1,1,1,1,1,1,1,1,0,1,-1,1,1,1,0,1,1,1,0,0,1,0,1,1,0,0,0,,-1,-1,-1,-1,-1,-1,-1,-1,-1,-1,-1,-1,-1,-1,-1,-1,-1,0,0,0,1,0,0,0,0,0,0,,,,0,0,,0,0,,0,0,,0,0,0,0,0,,-1,0,0,0,0,-1,-1,-1,-1,1,1,1,-1,-1,-1,-1,1,0,-1,1,1,1,1,1,1,1,1,1,1,1,1,0,-1,-1,-1,0,0,0,1,1,1,1,1,0,0,-1,-1,1,1,-1,1,1,1,1,1,1,1,1,-1,1,1,1,1,1,1,1,1,1,-1,0,0,0,0,0,0,0,-1,1,1,1,1,1,0,1,-1,1,1,-1,-1,0,1,0,0,0,1,1,-1,0,0,0,,1,,,,,0,0,0,0,0,0,0,0,1,1,0,0,136,116,20,38.1,257,90,16
spelements_2022,-1,-1,0,0,0,0,0,0,-1,-1,-1,0,0,0,0,1,1,-1,-1,-1,1,1,0,0,0,-1,0,-1,-1,1,1,-1,-1,-1,0,0,-1,0,1,1,1,1,1,1,0,1,1,1,0,1,1,1,1,1,1,1,0,-1,1,0,1,1,-1,1,1,1,1,1,-1,-1,1,1,1,-1,1,1,1,1,1,0,0,0,0,0,0,0,0,0,-1,1,0,0,0,0,0,0,0,0,0,-1,-1,-1,-1,1,-1,0,0,0,0,0,0,0,0,0,0,0,0,0,0,0,0,0,0,0,0,0,0,0,0,0,0,0,0,0,0,0,0,0,0,0,0,0,0,0,0,0,0,1,0,1,1,1,1,1,1,0,0,1,0,1,0,0,0,-1,0,0,0,0,0,-1,0,0,-1,-1,0,-1,0,0,0,0,0,0,0,0,0,0,0,0,0,0,0,1,0,0,0,0,0,-1,0,0,1,1,-1,-1,1,-1,-1,0,0,0,0,0,0,0,0,0,0,-1,-1,-1,0,0,0,0,0,0,0,,,,0,0,0,0,0,0,0,0,0,-1,-1,-1,0,0,0,0,1,1,1,1,-1,-1,-1,-1,1,0,0,0,0,0,0,-1,-1,-1,-1,-1,-1,-1,0,0,0,0,-1,0,0,-1,0,-1,-1,-1,-1,-1,-1,0,0,0,-1,-1,-1,-1,0,0,1,-1,-1,1,1,1,-1,0,-1,1,1,0,-1,1,1,1,-1,-1,0,1,0,1,1,1,1,0,1,1,1,1,1,1,0,1,1,1,1,1,1,0,1,1,0,1,0,0,1,1,1,0,0,1,0,-1,1,0,0,0,-1,-1,-1,-1,0,0,-1,-1,0,1,0,0,0,93,69,24,26.05,281,79,3
moby_2022,-1,-1,-1,-1,-1,,1,1,-1,-1,-1,-1,-1,-1,-1,1,1,0,1,1,1,1,-1,-1,0,1,-1,-1,-1,1,1,0,0,-1,1,1,0,0,-1,0,1,1,0,0,0,1,1,1,1,0,0,1,1,0,-1,1,1,1,1,1,1,1,1,1,1,-1,-1,1,0,0,0,1,,0,0,1,,1,,0,0,0,0,0,-1,0,0,0,0,1,0,0,-1,-1,-1,-1,0,0,0,,1,1,1,1,0,1,1,1,1,1,1,1,1,1,1,1,1,1,1,-1,1,1,1,1,1,1,1,1,1,0,0,0,0,1,1,1,1,1,1,1,0,1,1,1,1,1,1,1,0,1,0,0,0,0,0,-1,0,1,1,1,1,1,1,1,1,1,0,-1,0,1,1,-1,0,1,0,1,1,1,1,1,1,1,0,1,1,1,0,1,1,1,0,0,0,0,1,-1,0,0,0,-1,0,0,-1,1,-1,-1,-1,-1,-1,-1,-1,1,1,-1,-1,-1,-1,0,0,0,0,-1,-1,0,0,1,-1,,,,0,0,0,0,0,0,0,0,0,0,0,0,0,0,0,0,1,1,-1,-1,-1,-1,1,1,1,1,1,0,0,0,-1,0,0,0,1,1,1,1,1,1,1,1,1,0,0,0,0,1,1,1,1,1,0,-1,0,1,1,0,0,0,0,0,1,1,1,1,1,1,-1,-1,-1,1,1,1,1,1,,1,1,1,0,1,1,1,1,1,1,0,1,1,0,1,1,1,1,1,0,1,1,1,-1,1,1,1,1,1,1,1,0,1,1,1,0,0,1,0,1,0,0,1,0,0,0,0,0,0,0,0,0,-1,1,0,,175,150,25,49.02,294,59,10
prime_lightworks_inc_2022,-1,-1,-1,-1,-1,0,0,0,-1,-1,-1,-1,-1,-1,-1,1,1,1,1,1,1,1,0,0,0,1,1,1,1,0,0,0,0,0,1,0,0,0,1,0,0,0,0,0,0,1,1,1,1,0,0,0,0,0,0,0,0,0,0,0,1,1,0,0,0,1,1,0,1,1,0,1,1,0,0,0,0,0,0,1,0,0,0,0,0,0,1,1,0,0,0,0,,1,1,1,0,0,0,0,0,0,0,1,0,1,0,0,1,1,0,0,1,1,0,0,0,0,0,0,0,0,0,1,1,0,0,0,0,0,0,1,0,1,1,0,0,1,1,1,1,1,1,1,0,1,1,1,,1,0,1,1,1,0,1,0,1,1,1,1,0,0,0,0,0,0,1,0,0,1,0,1,1,0,1,1,1,1,1,0,0,1,1,1,1,0,1,1,1,0,1,0,0,1,1,1,1,,-1,0,0,-1,-1,-1,-1,-1,0,0,0,0,0,0,0,0,0,0,0,0,0,0,1,1,0,0,0,0,,,,0,0,0,0,0,0,0,0,0,0,0,0,0,0,0,0,0,0,0,0,-1,-1,-1,-1,1,0,0,1,1,1,0,1,0,0,1,1,1,1,1,1,1,1,1,1,1,0,0,1,1,0,0,0,0,1,1,1,1,1,1,1,0,-1,1,1,1,1,1,1,1,0,1,1,0,0,0,1,0,0,1,0,1,1,1,1,1,1,1,1,1,0,0,0,0,0,0,1,0,0,0,0,1,0,0,0,1,1,0,0,1,0,0,0,0,0,0,0,0,0,0,0,0,0,0,0,1,0,0,0,0,1,1,0,0,137,123,14,38.38,334,23,6
planete_greenleaves_2022,-1,-1,-1,-1,-1,,1,1,-1,-1,-1,-1,-1,-1,-1,1,1,0,-1,-1,1,0,1,1,0,-1,1,-1,-1,-1,-1,0,1,0,0,0,0,0,-1,0,1,1,-1,0,0,-1,-1,-1,-1,0,-1,1,1,-1,1,-1,-1,0,1,1,1,0,0,-1,-1,1,1,-1,0,0,0,-1,1,0,-1,-1,0,0,0,1,1,0,-1,-1,-1,0,1,1,-1,1,1,-1,-1,-1,-1,-1,0,0,0,-1,-1,-1,-1,1,-1,1,-1,-1,-1,-1,-1,-1,-1,-1,1,0,0,0,0,0,0,-1,-1,1,1,-1,-1,-1,-1,0,0,0,0,-1,-1,0,0,1,1,-1,-1,-1,-1,-1,1,-1,1,0,0,0,0,0,0,0,0,0,0,0,0,0,0,0,0,0,0,0,0,0,0,0,0,0,0,0,0,0,0,0,0,0,0,0,0,0,0,0,0,0,0,0,0,0,0,0,0,0,0,0,0,,-1,-1,-1,-1,-1,-1,-1,-1,-1,-1,-1,-1,-1,-1,-1,-1,-1,0,0,0,-1,-1,-1,0,-1,-1,0,,,,0,0,0,0,0,0,0,0,0,0,0,0,0,0,0,0,-1,-1,-1,-1,-1,-1,-1,-1,1,0,0,1,1,1,-1,1,0,0,1,1,1,1,-1,-1,-1,-1,1,-1,-1,-1,0,-1,-1,1,1,-1,1,1,1,1,1,-1,1,1,-1,1,1,1,1,1,1,1,1,0,1,1,1,-1,1,1,1,1,1,1,-1,1,-1,1,1,1,1,1,1,-1,-1,0,1,-1,-1,1,1,-1,1,-1,-1,0,0,-1,0,-1,0,0,1,-1,-1,1,0,1,1,0,1,-1,-1,-1,-1,-1,-1,-1,-1,0,0,0,0,-1,-1,0,0,87,73,14,24.37,220,138,5
softly_incorporated_2022,-1,-1,-1,-1,-1,,1,1,-1,-1,-1,1,1,1,1,1,1,0,1,1,-1,-1,1,1,1,1,1,1,1,1,1,1,1,1,0,-1,0,0,1,1,0,1,1,0,0,1,1,1,1,0,1,0,1,0,1,0,0,0,1,1,1,-1,0,0,0,1,1,1,0,0,1,1,0,0,0,0,0,0,0,0,0,0,0,0,0,0,1,1,-1,1,0,-1,-1,-1,-1,-1,0,0,0,-1,-1,-1,-1,1,1,1,0,0,0,0,0,0,0,0,0,0,0,0,0,0,0,0,0,1,1,0,0,0,0,0,0,1,0,-1,-1,0,0,1,1,1,1,1,1,1,0,1,0,1,1,1,1,0,1,0,-1,-1,0,1,1,-1,1,0,0,0,1,1,1,1,0,0,1,1,1,1,0,1,1,1,1,1,0,1,0,1,1,1,0,1,1,1,0,1,0,0,1,1,1,1,1,0,-1,-1,-1,1,1,-1,-1,-1,-1,-1,-1,1,1,-1,-1,0,0,0,0,0,0,-1,-1,0,0,1,0,,,,0,0,0,0,0,0,0,0,0,0,0,0,0,0,0,0,0,0,-1,-1,1,-1,1,-1,1,1,1,1,1,1,0,0,0,0,1,1,1,1,0,0,0,0,1,0,0,0,0,1,1,1,0,-1,-1,1,1,1,1,0,1,1,0,-1,1,1,1,1,1,1,1,0,1,0,1,1,0,1,1,1,0,1,1,1,1,-1,1,1,1,1,1,0,0,-1,-1,-1,1,1,1,0,0,0,-1,0,1,1,0,0,1,0,1,1,1,1,0,-1,1,1,0,0,0,1,1,1,1,1,1,1,0,0,0,0,1,1,1,163,136,27,45.66,306,53,4
navfeas_inc_2022,-1,-1,-1,-1,-1,-1,-1,-1,-1,-1,-1,-1,-1,-1,-1,-1,-1,0,-1,-1,0,1,-1,-1,0,1,1,1,1,1,1,0,0,0,0,1,0,0,1,-1,-1,-1,-1,0,0,-1,-1,-1,1,-1,-1,0,1,0,1,1,-1,0,1,1,1,1,0,0,0,0,0,1,0,0,0,-1,0,1,0,1,-1,-1,0,1,1,0,-1,-1,0,0,1,1,0,-1,-1,-1,-1,-1,-1,-1,0,0,0,-1,-1,-1,-1,1,-1,1,1,1,-1,-1,0,1,0,0,0,-1,-1,-1,-1,0,0,-1,-1,1,1,0,0,0,0,0,0,0,0,-1,-1,0,0,1,1,0,1,0,0,0,-1,0,1,0,0,-1,0,-1,-1,0,0,0,0,0,0,0,0,0,0,0,0,0,0,0,0,0,0,0,-1,-1,0,-1,-1,-1,-1,-1,0,-1,0,-1,-1,-1,0,-1,-1,-1,0,0,0,0,-1,-1,0,0,0,,0,0,-1,-1,-1,-1,-1,1,1,1,1,-1,-1,-1,-1,-1,-1,0,0,0,0,0,0,0,0,0,0,,,,0,0,0,0,0,0,0,0,0,0,0,0,0,0,0,0,0,0,0,0,-1,-1,-1,-1,1,0,0,-1,-1,-1,0,1,0,0,1,1,1,1,-1,-1,0,0,1,0,0,0,0,-1,-1,-1,-1,0,-1,1,1,-1,1,-1,1,1,0,1,1,1,1,1,1,1,0,1,1,1,1,1,1,1,1,1,1,0,0,1,1,0,0,0,0,0,1,-1,-1,-1,1,-1,1,1,1,-1,-1,0,0,0,0,0,0,1,0,0,0,1,1,1,0,-1,1,1,0,0,0,-1,0,0,0,0,-1,0,0,0,0,0,1,0,1,83,65,18,23.25,245,114,4
levanta_tech_llc_2022,-1,-1,-1,-1,-1,,1,1,-1,-1,-1,-1,-1,-1,-1,1,1,1,0,0,0,0,0,0,0,1,1,0,0,0,0,0,0,0,0,0,0,0,0,0,-1,-1,0,0,0,1,1,1,1,0,0,0,1,0,-1,-1,0,0,1,,1,1,0,0,0,-1,-1,0,0,0,0,0,0,0,0,0,0,0,0,0,0,0,0,0,0,0,0,0,0,1,0,1,-1,-1,-1,-1,0,0,0,-1,-1,-1,-1,-1,0,1,0,0,0,0,0,0,0,0,0,0,0,0,0,0,0,0,0,1,1,0,0,0,0,0,0,0,0,-1,-1,0,0,1,1,-1,1,1,1,1,0,-1,0,0,0,1,0,1,1,0,0,0,0,0,0,1,1,0,0,0,-1,0,0,0,0,0,0,0,1,-1,-1,1,1,1,1,1,0,-1,0,1,1,1,0,1,1,1,0,0,0,0,1,1,0,0,0,,-1,-1,-1,-1,-1,-1,-1,0,0,0,0,0,0,0,0,0,0,0,0,0,0,-1,-1,0,0,0,0,,,,0,0,0,0,0,0,0,0,0,0,0,0,0,0,0,0,1,1,0,0,1,-1,-1,-1,1,0,0,-1,-1,-1,0,1,0,0,1,1,1,1,0,0,-1,-1,1,1,1,-1,0,1,1,1,0,1,0,0,1,1,1,1,1,1,0,0,1,1,1,1,1,1,0,0,1,0,1,-1,1,0,1,1,0,0,0,1,0,0,1,1,1,0,0,0,0,1,0,0,0,0,0,0,0,0,1,0,-1,0,0,-1,0,0,1,0,0,0,0,0,1,0,-1,0,0,0,-1,0,0,0,0,1,0,0,1,-1,0,0,0,88,80,8,24.65,298,59,6
one_world_clean_energy_2022,-1,-1,-1,-1,-1,-1,-1,-1,-1,-1,-1,1,1,1,1,-1,-1,-1,-1,-1,1,,1,1,0,1,1,1,1,1,1,0,0,0,0,1,1,0,1,0,,1,1,1,0,1,1,1,1,0,,0,-1,0,1,-1,-1,-1,0,0,-1,0,0,1,1,0,0,1,0,0,1,,0,0,0,-1,0,0,0,-1,1,1,-1,-1,1,0,-1,-1,1,1,1,0,0,0,0,0,0,0,0,-1,-1,-1,-1,1,-1,1,0,0,1,1,1,1,0,0,1,1,1,1,1,1,1,1,1,1,1,1,1,1,1,0,0,0,1,1,1,1,0,1,1,0,1,1,1,1,1,0,0,0,0,0,1,1,1,1,0,1,1,-1,0,0,1,0,0,0,0,1,-1,-1,0,0,0,0,1,1,1,1,-1,1,-1,1,0,1,0,1,1,1,0,-1,1,1,0,0,0,0,-1,-1,0,-1,0,-1,-1,-1,-1,-1,-1,1,1,1,1,-1,-1,1,1,1,1,1,1,0,0,0,1,0,0,-1,0,1,0,,,,0,0,0,0,0,0,0,0,0,0,0,0,0,0,0,0,-1,-1,-1,-1,-1,-1,-1,-1,1,0,0,0,0,0,1,1,1,0,1,1,1,1,1,1,1,1,1,1,1,1,0,0,0,0,0,1,0,1,1,1,1,1,0,0,1,1,1,1,0,1,1,1,1,1,1,1,1,1,0,0,1,1,1,1,-1,1,1,0,0,0,0,1,0,0,0,1,1,0,1,1,0,0,0,0,0,0,0,0,0,-1,0,0,0,0,1,0,0,0,0,0,-1,0,0,0,0,0,0,0,0,0,0,1,0,-1,1,1,1,149,131,18,41.74,294,62,7
linebird_2022,-1,-1,-1,-1,-1,,1,1,-1,-1,-1,1,1,1,1,1,1,1,0,0,0,0,0,0,0,1,1,1,1,0,0,0,0,0,1,1,0,0,0,0,0,1,0,0,0,1,1,1,1,0,1,0,1,0,1,1,0,1,1,1,1,1,0,0,0,1,1,0,0,0,0,0,1,0,0,1,1,0,0,1,1,1,-1,-1,0,0,0,0,0,1,1,0,,1,1,1,-1,-1,-1,,1,1,1,1,1,1,0,0,0,0,0,0,0,0,0,0,0,0,0,0,0,0,0,1,1,0,0,0,0,0,0,0,0,0,0,0,0,1,1,1,1,1,1,1,0,1,0,1,0,1,1,1,1,1,1,1,0,1,1,1,1,0,0,0,1,0,0,0,0,0,0,0,1,1,1,1,1,1,1,1,0,1,0,1,1,1,0,1,1,1,0,0,0,0,1,1,0,0,0,,0,0,-1,-1,-1,1,-1,0,0,0,0,0,0,0,0,-1,-1,0,0,0,0,-1,-1,0,0,0,0,,,,0,0,0,0,0,0,0,0,0,0,0,0,0,0,0,0,-1,-1,0,0,1,-1,-1,-1,1,0,0,1,1,1,0,1,0,0,1,1,1,1,0,0,0,0,1,0,0,1,0,1,1,1,0,0,0,1,1,1,1,1,1,1,0,-1,1,1,1,1,1,1,0,0,1,0,1,1,1,0,1,0,0,0,0,1,0,0,1,1,1,0,0,0,0,0,1,0,1,1,0,0,0,0,1,0,0,1,0,1,0,0,1,0,1,0,0,0,1,1,1,1,1,1,0,0,0,0,1,1,1,0,0,1,1,1,1,147,129,18,41.18,329,27,7
nectar_2022,-1,-1,-1,-1,-1,0,0,0,-1,-1,-1,-1,-1,-1,-1,1,1,1,-1,-1,1,0,0,0,0,1,1,1,1,1,1,0,-1,1,1,-1,0,0,-1,0,1,1,0,0,0,1,1,1,-1,0,-1,1,1,1,1,1,1,0,0,0,1,1,1,1,1,,,-1,0,0,0,0,0,0,0,0,0,-1,0,0,1,-1,-1,-1,-1,-1,1,1,-1,-1,0,-1,-1,-1,-1,-1,-1,-1,-1,0,0,0,0,1,1,1,1,1,1,1,1,1,1,1,1,,,,,1,1,0,0,1,1,0,0,0,0,0,0,1,0,1,1,1,1,1,1,1,1,1,1,1,1,1,1,0,0,1,0,-1,-1,0,0,1,-1,0,0,0,0,0,0,1,1,1,0,0,0,0,-1,-1,-1,1,-1,-1,1,-1,-1,-1,0,-1,0,-1,-1,1,0,-1,-1,-1,0,0,0,0,-1,-1,0,0,-1,-1,-1,-1,-1,-1,-1,-1,1,-1,-1,-1,-1,-1,-1,-1,-1,-1,-1,0,0,0,1,-1,-1,-1,-1,-1,-1,,,,0,0,0,0,0,0,0,0,0,0,0,0,0,0,0,0,1,1,-1,-1,1,1,1,-1,1,1,1,0,0,0,1,1,0,0,1,1,1,1,1,1,1,1,1,1,1,1,-1,0,0,0,1,1,1,1,1,1,1,1,1,1,1,1,1,1,1,1,1,1,1,1,1,1,,0,1,1,1,1,1,1,1,1,1,1,-1,-1,-1,-1,1,1,1,1,1,1,1,1,1,1,1,1,1,-1,0,-1,1,1,-1,1,1,1,1,1,1,1,1,1,1,1,1,1,1,1,1,1,1,1,1,1,1,1,1,-1,0,165,141,24,46.22,262,91,10
dynamic_wpt_llc_2022,-1,-1,-1,-1,-1,0,0,0,-1,-1,-1,-1,-1,-1,-1,-1,-1,1,-1,-1,1,1,1,1,0,1,1,1,1,1,1,0,0,0,1,1,-1,0,1,-1,1,1,1,0,0,0,0,0,-1,0,1,-1,0,-1,1,1,0,0,0,0,1,-1,-1,0,0,0,0,0,0,0,-1,1,1,0,0,0,-1,-1,-1,0,-1,0,-1,-1,0,0,0,0,0,0,-1,0,-1,-1,-1,-1,0,0,0,-1,-1,-1,-1,-1,0,-1,1,1,1,1,0,0,0,0,0,0,0,0,0,0,0,0,0,-1,-1,0,0,0,0,0,0,0,0,0,0,0,-1,-1,-1,0,-1,0,0,0,0,0,1,1,1,1,0,0,0,0,0,1,0,1,1,1,1,0,0,0,1,1,1,1,1,1,1,1,1,1,1,1,1,0,1,0,1,0,0,0,0,0,0,0,0,0,1,0,0,1,1,0,1,1,0,0,0,0,1,1,1,1,1,0,0,0,0,0,0,0,0,0,0,0,0,0,1,1,1,0,-1,0,0,,,,0,0,0,0,0,0,0,0,0,0,0,0,0,0,0,0,0,0,1,1,1,1,1,1,1,-1,-1,0,0,0,0,-1,1,1,0,0,0,1,0,0,0,0,0,1,1,-1,-1,-1,-1,0,-1,-1,0,-1,0,-1,0,-1,-1,-1,0,-1,1,0,0,1,1,1,1,-1,0,-1,0,-1,0,0,1,-1,1,0,0,1,0,0,0,0,0,0,-1,1,-1,-1,-1,0,1,0,1,0,0,1,0,0,1,1,0,0,1,-1,1,1,1,1,0,1,1,0,-1,-1,-1,0,-1,0,0,0,0,0,-1,1,0,0,-1,0,0,98,84,14,27.45,282,78,3
bloom_2022,-1,-1,-1,-1,-1,,1,1,-1,-1,-1,-1,-1,-1,-1,1,1,1,1,1,0,0,1,1,0,1,1,1,1,-1,-1,0,0,0,0,0,0,0,0,0,1,1,0,0,0,-1,-1,-1,-1,0,0,0,1,0,-1,0,0,0,1,1,0,0,0,0,0,-1,-1,0,0,0,0,0,0,-1,0,0,0,0,0,0,1,1,1,1,0,0,0,0,0,0,1,0,0,0,0,0,0,0,0,0,0,0,0,1,0,0,0,0,0,0,0,0,0,0,0,0,0,0,0,0,0,0,0,0,0,0,0,0,0,0,0,0,0,0,0,0,0,0,0,0,0,0,0,0,0,0,0,-1,0,0,0,-1,-1,0,0,0,0,-1,0,0,0,0,0,0,0,0,0,0,0,0,1,0,-1,1,0,1,1,1,1,1,0,1,0,1,1,1,-1,1,1,1,0,0,0,0,1,1,0,-1,0,-1,-1,-1,-1,-1,-1,-1,-1,0,0,0,0,0,0,0,0,0,0,0,0,0,0,0,0,0,0,0,0,,,,0,0,0,0,0,0,0,0,0,0,0,0,0,0,0,0,0,0,0,0,-1,-1,-1,-1,1,0,0,0,0,0,0,0,0,0,1,1,1,1,0,0,0,0,0,0,0,0,0,-1,-1,-1,0,0,-1,-1,1,1,0,0,0,0,0,0,-1,0,0,1,1,1,-1,0,0,1,-1,1,1,1,-1,1,0,0,0,1,0,0,-1,-1,-1,0,1,0,-1,1,1,1,-1,1,1,0,1,0,1,0,0,0,0,-1,1,1,1,0,0,0,0,0,0,0,-1,0,0,0,0,-1,-1,-1,0,0,0,-1,0,-1,0,0,0,67,58,9,18.77,297,62,4
amellea_2022,-1,-1,-1,-1,-1,,1,1,-1,-1,-1,-1,-1,-1,-1,1,1,0,0,0,1,0,0,0,0,1,-1,-1,-1,1,1,1,0,-1,0,0,0,0,0,0,0,1,0,0,0,-1,0,0,0,0,0,0,1,0,0,0,0,0,1,-1,1,1,-1,1,1,1,1,1,1,1,0,1,1,0,1,1,0,0,0,0,-1,0,-1,-1,1,0,-1,-1,1,1,0,0,0,0,0,0,0,0,0,0,0,0,0,1,1,1,0,0,0,0,0,0,0,0,0,0,0,0,0,0,0,0,0,1,1,0,0,0,0,0,0,0,0,0,0,0,0,0,0,0,0,1,1,1,0,0,0,0,0,0,0,0,-1,0,0,0,0,0,0,0,0,0,0,0,1,-1,0,0,0,0,1,0,-1,1,0,0,0,0,0,0,0,0,0,0,0,0,0,0,0,0,0,0,0,0,0,0,0,0,0,,0,0,0,0,0,0,0,0,0,0,0,0,0,0,0,0,0,0,0,0,0,0,0,0,0,0,0,,,,0,0,0,0,0,0,0,0,0,0,0,0,0,0,0,0,0,0,0,0,0,0,0,0,1,0,0,0,0,0,0,-1,0,0,0,0,0,1,0,0,0,0,0,0,0,0,0,-1,-1,-1,0,0,-1,-1,0,0,-1,0,-1,-1,0,0,1,0,0,1,1,1,-1,0,1,1,1,0,1,1,1,1,1,0,0,1,1,1,1,1,1,0,1,0,1,0,1,1,0,1,0,0,0,0,1,0,1,1,0,-1,0,0,1,1,1,0,0,-1,0,0,1,0,0,-1,0,0,0,0,1,0,0,-1,0,1,0,0,0,73,55,18,20.45,317,41,5
earthen_inc_2022,-1,-1,-1,-1,-1,-1,-1,-1,-1,-1,-1,1,1,1,1,1,1,0,-1,-1,-1,-1,0,0,-1,0,0,0,0,0,0,0,0,0,0,0,0,0,0,0,0,0,0,0,0,0,0,0,0,0,0,0,0,0,0,0,0,0,0,0,0,0,0,0,0,-1,-1,-1,0,0,0,-1,-1,0,0,-1,-1,-1,0,-1,-1,0,-1,-1,0,0,-1,-1,0,0,-1,0,-1,-1,-1,-1,0,0,0,-1,-1,-1,-1,0,0,1,1,1,1,1,1,1,1,1,1,0,0,0,0,0,0,0,0,1,1,0,0,0,0,0,0,0,0,-1,-1,0,-1,1,1,1,1,1,1,1,1,1,1,0,0,0,0,0,0,0,0,0,0,0,0,0,0,0,0,0,0,0,0,0,0,0,0,0,0,-1,0,-1,-1,-1,-1,-1,0,-1,0,-1,-1,-1,0,-1,-1,-1,0,0,0,0,0,0,0,0,0,,0,0,0,0,0,0,0,0,0,0,0,0,0,0,0,0,0,0,0,0,0,0,0,0,0,0,0,,,,0,0,0,0,0,0,0,0,0,0,0,0,0,0,0,0,0,0,0,0,0,0,0,0,1,-1,-1,1,1,1,0,1,0,0,1,1,1,1,0,0,1,1,1,0,0,0,-1,1,1,1,-1,0,-1,1,1,1,-1,0,-1,-1,0,-1,1,1,1,1,1,1,-1,0,-1,1,1,1,1,1,1,1,1,1,1,1,1,1,1,1,1,0,-1,-1,-1,-1,1,-1,1,1,1,0,1,-1,1,0,-1,-1,0,-1,-1,-1,-1,-1,-1,1,-1,-1,1,1,1,0,0,1,0,0,0,0,0,-1,-1,0,-1,-1,1,-1,-1,80,67,13,22.41,271,88,4
influent_2022,-1,-1,1,1,1,0,0,0,-1,-1,-1,-1,-1,-1,-1,1,1,1,1,1,1,0,0,0,0,1,1,1,1,1,1,0,1,1,1,1,-1,0,-1,0,-1,1,0,0,-1,-1,-1,-1,-1,0,0,1,0,0,1,0,0,0,0,0,1,-1,0,1,1,1,1,0,0,0,-1,1,-1,0,0,0,0,0,0,0,0,0,0,0,0,0,0,0,0,0,0,0,0,0,0,0,0,0,0,0,0,0,0,0,0,1,0,0,0,0,0,0,0,0,0,0,0,0,0,0,0,0,0,1,1,0,0,0,0,0,0,0,0,0,0,0,0,1,1,0,0,1,1,1,1,0,0,-1,0,-1,0,1,1,0,0,-1,0,0,-1,0,0,0,0,0,-1,-1,0,0,0,0,0,0,1,1,0,1,1,1,1,1,0,1,0,1,1,1,-1,1,-1,1,0,0,0,0,1,1,0,0,1,1,-1,-1,-1,-1,-1,-1,-1,0,0,0,0,0,0,0,0,0,0,0,0,0,0,0,0,0,0,0,0,,,,0,0,0,0,0,0,0,0,0,0,0,0,0,0,0,0,0,0,-1,-1,-1,-1,-1,-1,1,0,0,0,0,0,0,-1,0,0,1,1,1,1,0,0,0,0,1,0,0,-1,0,1,1,1,1,0,-1,0,0,1,1,-1,1,1,0,1,1,1,1,1,1,1,0,0,-1,-1,1,0,1,1,1,-1,0,0,0,1,0,-1,0,0,0,0,0,0,0,1,1,-1,0,1,-1,0,0,0,0,0,0,-1,0,1,0,0,0,0,0,0,0,0,-1,0,1,0,0,0,0,0,0,0,0,0,0,0,0,0,0,0,0,87,76,11,24.37,307,53,3
hygge_energy_2022,-1,-1,-1,-1,-1,,1,1,-1,-1,-1,-1,-1,-1,-1,1,1,1,1,1,1,-1,0,0,0,1,1,1,1,1,1,0,-1,1,1,1,0,0,0,0,1,1,0,0,-1,0,0,0,0,0,0,1,1,-1,1,0,0,0,0,0,-1,0,0,0,0,1,1,0,0,0,0,1,0,0,-1,1,0,0,0,1,1,0,-1,-1,1,0,-1,-1,1,1,0,1,,1,1,1,,1,1,-1,-1,-1,-1,1,-1,0,0,0,0,0,0,0,0,0,0,0,0,0,0,0,0,0,0,0,0,0,0,0,0,0,0,0,0,0,0,0,0,0,0,0,0,0,0,0,0,0,0,-1,0,0,0,-1,1,0,0,0,0,-1,0,-1,1,0,0,0,1,1,0,0,0,0,0,0,-1,1,0,1,1,1,1,1,0,1,-1,1,1,1,1,1,1,1,0,0,0,0,0,1,0,0,1,-1,1,1,-1,-1,-1,-1,1,-1,-1,1,1,-1,-1,0,0,0,0,,1,1,0,0,0,0,0,-1,0,,,,0,0,0,0,0,0,0,0,0,,1,1,0,0,0,0,1,1,1,1,-1,-1,-1,-1,1,0,0,-1,-1,-1,0,1,0,0,0,0,0,1,-1,-1,1,1,1,0,0,-1,0,1,1,1,1,0,1,1,1,-1,1,-1,1,1,0,1,1,1,-1,1,1,1,0,0,-1,-1,1,1,1,1,1,-1,1,-1,1,1,1,-1,-1,-1,-1,0,1,0,0,1,1,1,-1,1,1,-1,1,0,1,1,1,0,0,1,0,0,0,0,0,1,0,1,0,0,1,0,0,0,0,0,0,0,0,0,0,0,0,-1,0,0,0,116,99,17,32.49,288,67,8
evbuddy_2022,-1,-1,1,1,1,,1,1,-1,-1,-1,-1,-1,-1,-1,1,1,0,0,0,1,-1,1,1,0,-1,1,1,1,-1,-1,0,0,-1,1,1,0,0,0,0,-1,1,0,0,1,0,0,0,0,-1,0,1,1,1,1,-1,0,0,1,1,1,0,-1,-1,-1,1,1,0,0,0,0,-1,1,0,0,0,0,0,0,1,1,0,-1,-1,0,0,-1,-1,0,0,-1,1,0,0,0,0,0,0,0,0,0,0,0,0,0,1,1,1,1,1,-1,1,1,1,1,0,0,0,0,0,0,0,0,1,1,-1,-1,0,0,0,0,0,0,-1,-1,0,0,1,1,1,1,1,1,1,1,1,1,-1,,0,-1,1,1,0,0,0,0,0,0,-1,0,0,0,0,0,-1,0,0,0,-1,0,0,1,1,0,1,1,1,-1,-1,0,1,0,-1,-1,-1,1,1,-1,1,0,-1,0,0,1,1,0,-1,,1,1,1,-1,-1,-1,-1,-1,0,0,1,1,0,0,0,0,0,0,-1,-1,-1,0,0,0,-1,0,-1,0,,,,0,0,0,0,0,0,0,0,0,0,0,0,0,0,0,0,0,0,0,0,-1,-1,-1,-1,1,0,0,1,1,1,-1,1,0,0,-1,-1,-1,1,0,0,0,0,1,-1,-1,1,0,1,1,1,0,0,1,1,0,1,1,0,1,1,-1,1,1,1,-1,1,1,1,0,0,0,1,1,1,-1,1,1,1,1,-1,1,1,-1,1,1,1,1,1,1,0,1,1,-1,1,1,1,1,0,1,0,1,1,1,1,1,-1,1,-1,1,0,0,0,0,1,0,0,-1,0,0,1,-1,-1,-1,-1,1,1,1,1,0,-1,-1,0,-1,127,115,12,35.57,277,80,6
4_0_analytics_inc_2022,-1,-1,-1,-1,-1,,1,1,-1,-1,-1,1,1,1,1,1,1,1,1,1,1,1,1,1,0,1,1,1,1,1,1,0,0,0,-1,1,0,0,0,0,1,1,0,0,0,-1,-1,-1,-1,0,0,1,1,0,1,-1,0,0,0,0,1,0,0,0,0,1,1,0,0,0,0,0,1,0,0,1,0,0,0,0,1,0,-1,-1,1,0,0,0,-1,1,1,0,-1,-1,-1,-1,0,0,0,,1,1,1,1,0,1,0,0,0,0,0,0,0,0,0,0,0,0,0,0,0,0,0,1,1,0,0,0,0,0,0,0,0,-1,-1,0,-1,1,1,1,1,1,1,1,-1,1,0,1,0,0,0,0,0,0,0,0,0,-1,0,1,0,0,0,0,0,0,0,1,0,0,0,0,1,1,0,1,1,1,1,1,0,1,0,1,1,1,1,1,1,1,0,0,0,0,1,1,0,0,0,1,0,0,-1,-1,-1,-1,-1,0,0,0,0,0,0,0,0,0,0,0,0,0,-1,0,0,0,0,0,0,,,,0,0,0,0,0,0,0,0,0,0,0,0,0,0,0,0,1,1,1,1,-1,-1,-1,-1,1,0,0,1,1,1,0,1,-1,0,1,1,1,1,0,0,0,0,1,0,0,0,0,1,1,1,1,0,-1,-1,0,1,1,0,1,1,0,-1,1,1,1,1,1,1,0,0,-1,1,1,1,1,1,1,1,1,1,0,1,0,1,1,1,1,1,1,0,0,0,1,1,0,1,1,0,-1,0,1,0,0,0,0,-1,0,0,1,0,1,-1,0,0,1,0,1,0,0,1,0,0,0,0,0,-1,-1,0,0,0,0,0,0,126,109,17,35.29,312,46,5
decarbon_2022,-1,-1,-1,-1,-1,,1,1,-1,-1,-1,-1,-1,-1,-1,-1,-1,0,-1,-1,1,0,0,0,0,0,0,0,0,0,0,0,0,0,0,0,0,0,0,0,0,0,0,0,0,0,0,0,0,0,0,0,0,0,0,0,0,0,0,0,0,0,0,0,0,0,0,1,0,0,0,0,0,0,0,0,0,0,0,0,1,0,-1,-1,0,0,1,1,0,1,1,0,0,0,0,0,0,0,0,,1,1,1,1,0,1,1,1,1,1,1,1,1,1,1,0,0,0,0,0,0,0,0,1,1,0,0,0,0,0,0,0,0,0,0,0,0,1,1,1,1,1,1,1,1,1,1,0,0,0,0,0,0,0,0,0,0,0,0,0,0,0,0,0,0,0,0,0,0,0,0,0,0,0,0,0,0,0,0,0,0,0,0,0,0,0,0,0,0,0,0,0,0,0,0,0,0,0,0,,0,0,0,0,0,0,0,0,0,0,0,0,0,0,0,0,0,0,0,0,0,0,0,0,0,0,0,,,,0,0,0,0,0,0,0,0,0,0,0,0,0,0,0,0,0,0,0,0,0,0,0,0,1,0,0,0,0,0,0,0,0,0,1,1,1,0,0,0,0,0,1,0,0,0,0,0,0,0,0,0,0,1,1,-1,0,0,0,0,0,0,-1,0,0,1,1,1,0,0,0,1,1,0,1,1,1,1,1,0,0,1,1,1,1,1,1,1,1,0,0,1,1,1,0,1,1,0,1,0,1,0,1,1,0,1,0,1,1,0,-1,0,0,1,0,0,1,0,0,0,0,0,0,0,1,0,0,0,0,1,0,0,0,76,63,13,21.29,336,21,6
eden_concept_fill_inc_2022,-1,-1,-1,-1,-1,,1,1,-1,-1,-1,-1,-1,-1,-1,1,1,1,1,1,0,1,0,0,0,1,1,1,1,1,1,0,1,0,1,1,0,0,0,0,1,1,0,0,0,0,0,0,0,0,1,1,1,1,1,1,0,1,1,1,1,1,0,1,1,1,1,1,0,0,0,1,1,0,0,1,0,1,0,0,1,1,0,0,0,0,0,0,0,0,1,0,-1,-1,-1,-1,0,0,0,0,0,0,0,0,0,1,1,1,1,1,1,1,1,1,1,0,0,0,0,0,0,0,0,1,1,0,0,0,0,0,0,0,0,0,0,0,0,1,1,1,1,1,1,1,1,1,1,1,,0,0,1,1,0,0,0,0,0,0,1,0,0,0,0,1,1,0,0,0,0,0,0,1,1,0,1,0,1,1,1,0,1,0,1,1,0,1,1,1,1,0,0,0,0,1,0,0,0,,1,1,1,-1,1,-1,-1,-1,-1,-1,1,1,-1,-1,0,0,-1,-1,-1,-1,-1,0,1,1,0,0,0,0,,,,0,0,0,0,0,0,0,0,0,0,0,0,0,0,0,0,1,1,1,1,-1,-1,-1,-1,1,1,1,0,0,0,0,1,0,0,0,0,0,0,1,1,1,1,1,0,0,1,0,1,1,1,1,0,1,1,1,0,1,0,1,1,0,1,1,1,1,1,1,1,1,0,0,1,1,1,1,1,1,1,1,1,1,1,1,1,1,1,1,1,1,0,0,1,1,1,1,1,1,0,1,1,1,1,0,0,1,0,1,0,1,0,1,0,0,1,0,0,1,0,0,1,1,1,1,1,0,1,1,1,1,1,1,0,0,169,146,23,47.34,324,33,6
ca_hybrid_2022,-1,-1,1,1,1,,1,1,-1,-1,-1,0,0,0,0,1,1,-1,0,0,-1,1,1,1,0,1,1,1,1,1,1,0,0,0,1,1,0,0,1,1,1,1,-1,-1,0,-1,-1,0,0,0,0,1,1,-1,1,-1,-1,0,1,1,1,1,0,0,0,1,1,-1,0,0,0,1,0,-1,0,0,0,0,0,0,1,0,-1,-1,1,0,-1,-1,0,1,1,0,,1,1,1,,1,1,-1,-1,-1,-1,1,0,1,1,1,1,1,1,1,1,1,1,0,0,0,0,0,0,0,0,1,1,0,0,0,0,0,0,0,0,1,1,1,1,1,1,1,1,1,1,1,1,1,1,1,0,0,0,1,1,-1,0,0,0,1,-1,1,-1,0,0,-1,1,-1,0,0,0,0,0,0,1,1,0,1,1,-1,1,1,0,0,0,1,1,1,0,1,1,1,0,0,0,0,-1,1,0,0,1,1,-1,-1,-1,-1,-1,-1,-1,1,1,1,1,1,1,0,0,0,0,0,0,0,0,0,0,0,0,0,0,,,,0,0,0,0,0,0,0,0,0,0,0,0,0,0,0,0,1,1,1,1,-1,-1,-1,-1,1,-1,-1,1,1,1,1,1,-1,0,1,1,1,1,0,0,0,0,1,0,0,0,0,1,1,1,1,-1,1,1,0,1,1,0,-1,-1,0,1,1,1,1,1,1,1,1,0,0,1,1,1,1,1,1,1,0,0,-1,1,1,1,1,1,1,0,1,0,-1,1,1,1,1,1,1,1,1,0,1,0,1,1,0,1,0,0,1,0,0,0,0,0,0,0,1,0,0,0,0,0,0,0,0,0,0,0,0,0,1,0,0,155,137,18,43.42,307,50,6
beam_tech_inc_2022,1,1,-1,-1,-1,,1,1,1,1,1,1,1,1,1,1,1,1,1,1,1,1,1,1,0,0,0,0,0,0,0,1,0,1,1,1,1,0,1,1,0,1,0,0,0,0,0,0,0,0,0,0,1,0,1,1,1,1,1,1,1,1,1,1,1,1,1,0,0,0,1,1,0,0,0,1,1,1,0,0,1,0,-1,-1,0,1,1,1,1,1,0,1,-1,-1,-1,-1,0,0,0,,1,1,1,1,1,1,1,1,1,1,1,1,1,1,1,0,0,0,0,0,0,0,0,1,1,,,,,0,0,0,,,,,,1,1,1,1,1,1,1,0,1,1,1,,,0,0,0,0,0,0,0,1,0,1,0,0,0,0,1,0,0,0,0,0,1,0,1,1,0,1,1,1,1,1,,1,0,1,1,1,0,1,1,1,0,0,,0,1,1,0,0,,,-1,-1,-1,-1,1,-1,1,0,0,1,1,0,0,0,0,-1,-1,0,0,0,0,0,0,0,0,1,0,,,,,,,,,,,,,0,0,0,,,,,-1,-1,-1,-1,-1,-1,-1,-1,1,1,1,1,1,1,0,1,1,1,1,1,1,1,1,1,0,0,1,0,0,1,0,0,0,1,0,1,0,0,0,1,1,1,1,1,0,0,1,0,0,0,0,0,1,0,1,1,1,0,0,0,0,1,0,0,0,1,0,0,0,0,0,0,1,0,0,1,1,1,0,1,0,0,0,0,1,1,1,1,0,0,1,1,1,1,1,1,0,1,0,,0,,,,,0,0,0,,0,0,,0,0,0,0,1,154,136,18,43.14,299,24,40
bison_underground_2022,1,1,-1,-1,-1,0,0,0,-1,-1,-1,1,1,1,1,-1,-1,1,-1,-1,0,0,1,1,0,1,1,1,1,1,1,0,0,1,0,1,0,0,1,1,1,1,-1,-1,-1,0,0,0,-1,0,1,1,1,0,1,1,0,0,1,1,1,0,1,0,0,0,0,0,0,0,0,0,0,0,0,0,0,0,0,1,1,1,-1,-1,0,0,-1,-1,0,1,1,0,-1,-1,-1,-1,-1,-1,-1,-1,-1,-1,-1,1,1,1,0,0,0,0,0,0,0,0,0,0,0,0,0,0,0,0,0,1,1,0,0,0,0,-1,-1,0,0,1,1,0,1,1,1,0,0,1,1,1,1,0,0,1,0,1,0,1,1,0,0,1,0,1,0,1,0,0,0,0,0,0,0,-1,0,0,0,0,1,1,0,1,1,1,1,1,0,1,0,1,1,1,0,1,1,1,0,1,0,0,0,1,1,0,1,0,0,0,0,0,-1,-1,0,-1,-1,-1,-1,-1,-1,-1,-1,0,0,0,0,0,0,0,0,0,0,0,0,,,,0,0,0,0,0,0,0,0,0,0,0,0,0,0,0,0,0,0,1,1,-1,0,-1,0,1,-1,-1,1,1,1,0,1,0,0,1,1,1,1,1,1,0,0,1,1,1,1,0,1,1,1,1,0,1,1,1,1,1,1,1,1,0,0,1,1,0,1,1,1,-1,0,1,1,1,-1,1,1,1,1,1,0,0,1,1,1,1,1,1,1,1,0,0,1,1,0,1,1,1,0,1,0,1,1,1,1,0,1,1,0,1,1,1,1,0,0,0,0,1,0,0,1,-1,0,0,0,1,0,1,0,1,0,0,0,1,146,123,23,40.9,311,49,3
buildinglens_inc_2022,-1,-1,-1,-1,-1,,1,1,-1,-1,-1,1,1,1,1,1,1,0,1,1,1,0,0,0,0,1,1,0,0,1,1,0,-1,0,1,1,1,0,-1,0,1,1,0,0,0,0,0,0,0,0,0,1,1,0,1,0,0,0,1,1,1,0,0,-1,-1,1,1,0,0,0,0,-1,1,0,0,0,-1,0,0,1,1,0,-1,-1,1,0,0,0,0,1,0,0,-1,-1,-1,-1,-1,-1,-1,-1,-1,-1,-1,1,1,1,1,1,1,1,1,1,1,1,1,0,0,0,0,0,0,0,0,1,1,0,0,0,0,0,0,0,0,0,0,0,0,1,1,1,1,1,1,1,1,1,1,1,0,0,-1,1,1,0,0,0,0,1,0,1,0,1,1,0,0,0,0,0,0,0,0,0,1,,0,1,1,1,1,1,0,1,-1,1,1,1,0,1,1,1,0,0,0,0,1,1,0,0,0,1,-1,-1,-1,-1,-1,-1,-1,0,0,0,0,0,0,0,0,0,0,0,0,0,0,0,0,0,0,0,0,,,,0,0,0,0,0,0,0,0,0,0,0,0,0,0,0,0,1,1,1,1,-1,-1,-1,-1,1,0,0,-1,-1,-1,0,1,1,1,-1,-1,-1,1,0,0,0,0,1,0,0,1,0,1,1,1,1,0,1,1,0,1,1,-1,1,1,0,1,1,1,1,1,1,1,0,0,-1,1,1,0,1,1,1,1,0,1,0,-1,0,1,1,1,1,1,0,0,0,0,1,1,0,1,1,0,0,1,1,1,0,0,0,0,-1,0,1,0,0,1,0,0,1,1,0,0,0,1,1,0,0,0,1,1,1,0,0,0,0,0,0,136,120,16,38.1,308,50,5
blochsoft_technologies_inc_2022,0,0,0,0,0,,1,1,0,0,0,0,0,0,0,1,1,1,1,1,1,0,1,1,0,1,1,1,1,0,0,0,0,0,0,0,0,0,1,0,0,-1,-1,-1,0,1,1,1,1,0,0,0,1,0,1,0,0,0,1,1,1,1,0,0,0,1,1,0,0,0,0,1,1,1,1,0,0,0,0,0,1,0,0,0,1,0,1,1,1,1,1,0,-1,-1,-1,-1,0,0,0,-1,-1,-1,-1,1,1,1,0,0,0,0,0,0,0,0,0,0,0,0,0,0,0,0,0,1,1,0,0,0,0,0,0,0,0,0,0,0,0,1,1,0,0,1,1,1,0,0,1,1,0,1,0,1,1,0,0,1,0,1,1,1,0,0,0,0,0,0,0,0,0,0,0,0,1,1,0,1,1,1,1,1,0,1,0,1,1,1,0,1,1,1,0,0,0,0,1,1,0,0,0,,0,0,-1,-1,-1,-1,-1,1,1,0,0,1,1,0,0,0,0,0,0,0,0,0,0,0,0,0,0,,,,0,0,0,0,0,0,0,0,0,0,0,0,0,0,0,0,-1,-1,-1,-1,-1,-1,-1,-1,1,0,0,0,0,0,0,0,0,0,0,0,0,0,0,0,0,0,0,0,0,0,0,0,0,0,0,0,0,1,1,1,1,0,0,0,0,0,0,0,1,0,0,0,0,0,1,0,0,0,0,0,0,0,1,0,1,0,0,0,0,0,0,0,0,0,0,0,0,0,0,0,0,0,0,0,1,0,0,0,0,0,1,-1,0,-1,0,0,0,0,1,1,0,1,1,1,1,1,1,1,1,0,0,0,0,0,0,0,0,98,86,12,27.45,332,26,5
icheck_energy_2022,-1,-1,-1,-1,-1,,1,1,-1,-1,-1,1,1,1,1,1,1,-1,-1,-1,-1,-1,0,0,0,1,1,-1,-1,1,1,0,0,0,0,0,1,0,0,0,1,1,1,0,0,-1,1,1,0,0,0,0,1,0,1,0,0,0,0,0,0,0,0,-1,-1,1,1,0,1,1,1,1,1,0,0,-1,0,0,0,0,0,0,-1,-1,1,0,1,1,0,1,0,0,0,0,0,0,0,0,0,-1,-1,-1,-1,1,1,1,0,0,0,0,0,0,0,0,0,0,0,0,0,0,0,0,0,1,1,0,0,0,0,0,0,0,0,0,0,0,0,1,1,0,0,0,0,0,0,0,0,0,0,1,0,0,0,0,0,0,0,0,0,0,0,0,0,1,1,0,0,0,0,0,0,0,0,1,0,0,0,0,0,0,0,0,0,1,0,0,0,0,0,0,0,0,0,0,0,0,0,0,1,,1,1,0,-1,1,0,0,0,0,0,0,0,0,0,0,0,0,-1,-1,-1,0,0,0,0,0,0,0,,,,0,0,0,0,0,0,0,0,0,0,0,0,0,0,0,0,1,1,1,1,-1,0,0,0,1,0,0,1,1,1,1,0,0,0,1,1,1,1,0,0,0,0,-1,0,0,0,0,0,0,0,-1,0,0,0,0,1,1,1,0,0,0,0,1,0,0,0,0,0,0,0,1,-1,1,-1,1,1,1,1,1,1,0,1,0,1,0,0,0,1,1,0,0,-1,0,0,1,1,1,0,0,0,0,1,1,1,1,0,0,0,0,0,-1,0,0,0,0,0,0,0,0,0,0,0,0,0,1,0,0,1,0,0,0,0,0,85,72,13,23.81,322,36,5
clean_terawatts_llc_2022,1,1,1,1,1,,1,1,1,1,1,1,1,1,1,0,0,0,0,0,0,0,0,0,-1,1,0,0,0,1,1,0,0,0,0,0,0,0,0,0,0,1,0,0,0,0,0,0,0,0,0,0,1,0,0,0,0,0,-1,0,1,0,0,0,0,1,1,0,0,0,0,1,1,-1,0,0,0,0,0,0,0,0,0,0,0,0,0,0,0,0,0,0,0,0,0,0,0,0,0,,,,,-1,0,1,1,1,-1,-1,0,0,-1,-1,1,0,0,0,0,1,1,1,1,-1,-1,0,0,0,1,1,1,1,1,0,0,0,-1,0,0,0,-1,1,1,1,0,1,1,1,0,-1,0,1,0,0,0,0,0,0,-1,0,0,0,0,0,0,0,0,0,0,0,0,0,0,0,0,0,0,0,0,0,0,0,0,0,0,0,0,0,0,0,0,0,0,0,0,0,0,0,-1,-1,-1,-1,-1,-1,-1,-1,-1,0,0,0,0,0,0,0,0,0,0,0,0,0,-1,0,0,0,0,0,0,,,,,,,,,,,,,0,0,0,,,,,0,0,0,0,-1,-1,-1,-1,1,0,0,0,0,0,0,1,0,0,1,1,1,-1,-1,-1,0,0,1,1,1,0,0,1,1,-1,0,-1,0,1,1,1,0,0,0,0,0,0,1,-1,0,1,1,1,0,0,1,0,0,0,-1,0,1,0,0,0,0,1,0,0,0,0,0,0,0,0,0,0,0,-1,1,0,0,0,0,0,0,0,0,0,0,-1,0,0,0,0,-1,0,0,0,0,0,1,0,0,0,0,0,0,0,0,0,0,0,0,1,-1,0,0,67,62,5,18.77,303,39,21
grain_2022,-1,-1,-1,-1,-1,-1,-1,-1,-1,-1,-1,1,1,1,1,1,1,1,-1,-1,1,0,0,0,0,1,1,-1,-1,1,1,0,0,0,0,0,0,0,0,-1,0,1,0,0,0,1,1,1,-1,-1,0,0,1,0,0,0,0,0,1,1,1,-1,-1,1,1,1,1,0,0,0,0,1,0,0,-1,-1,-1,0,0,0,0,0,-1,-1,1,0,1,1,1,1,-1,1,0,0,0,0,0,0,0,-1,-1,-1,-1,1,-1,1,0,0,0,0,-1,0,0,0,0,0,0,0,0,0,0,0,0,1,1,0,0,0,0,0,-1,1,0,1,1,-1,1,1,1,1,0,1,1,1,-1,1,-1,1,0,0,0,-1,0,-1,0,0,0,0,-1,0,0,0,0,-1,0,-1,1,1,0,-1,0,0,0,1,0,0,0,0,0,0,0,0,0,0,0,0,0,0,0,0,0,0,0,0,0,0,0,0,0,,-1,-1,0,-1,-1,0,0,0,0,0,0,0,0,0,0,0,0,0,0,0,0,0,0,-1,0,0,0,,,,0,0,0,0,0,0,0,0,0,0,0,0,0,0,0,0,0,0,0,0,-1,0,0,-1,1,1,1,-1,-1,-1,-1,1,0,0,1,1,1,1,1,1,1,1,1,1,1,1,1,1,1,1,1,1,1,1,1,1,1,1,1,1,0,0,1,-1,0,1,1,1,1,0,1,1,1,1,-1,0,1,-1,1,0,0,1,-1,0,1,1,1,0,0,0,0,0,-1,0,1,0,0,0,0,0,-1,0,0,0,0,-1,0,-1,0,1,1,0,-1,0,0,1,1,0,0,1,-1,1,1,1,0,0,-1,0,1,1,1,0,-1,107,93,14,29.97,294,65,4
3d_architech_2022,1,1,1,1,1,,1,1,1,1,1,1,1,1,1,1,1,0,-1,-1,1,1,-1,-1,0,0,-1,1,1,1,1,0,-1,1,1,-1,0,0,0,-1,0,1,0,0,0,1,1,1,1,-1,1,1,1,0,1,1,-1,0,1,1,1,-1,0,1,1,1,1,-1,0,0,0,1,1,-1,0,-1,0,0,0,1,-1,-1,-1,-1,1,-1,0,0,0,-1,1,1,-1,-1,-1,-1,-1,-1,-1,-1,-1,-1,-1,0,0,1,1,1,1,1,-1,1,1,1,-1,0,0,0,0,0,0,0,0,1,1,0,0,0,0,0,0,0,0,1,1,0,0,1,1,0,1,1,1,1,0,0,1,1,0,0,-1,1,-1,0,0,0,-1,1,-1,1,1,1,1,0,0,0,0,0,0,0,0,0,-1,-1,0,1,1,1,1,1,0,1,-1,1,1,1,0,-1,-1,1,0,0,0,0,1,-1,0,0,0,,-1,-1,-1,-1,-1,-1,-1,0,0,-1,-1,0,0,0,0,0,0,0,0,0,0,0,0,0,-1,0,0,,,,0,0,0,0,0,0,0,0,0,0,0,0,0,0,0,0,0,0,-1,-1,-1,-1,-1,-1,1,0,0,-1,-1,-1,0,1,1,-1,1,1,1,1,1,1,-1,-1,1,0,0,1,-1,1,1,1,1,-1,-1,0,0,1,1,-1,-1,-1,0,0,1,1,1,1,1,1,-1,0,1,-1,1,1,1,-1,1,1,1,1,-1,1,0,0,-1,-1,-1,1,1,-1,0,0,-1,0,1,-1,0,0,0,0,0,0,-1,1,1,1,1,-1,1,1,1,1,-1,0,0,1,1,1,1,1,1,1,1,1,-1,0,0,0,0,-1,0,0,0,136,118,18,38.1,272,86,5
amatec_2022,1,1,-1,-1,-1,,1,1,-1,-1,-1,1,1,1,1,-1,-1,-1,-1,-1,1,0,-1,-1,-1,-1,1,-1,-1,1,1,1,-1,1,-1,0,1,0,-1,0,0,1,0,0,0,1,1,1,1,0,1,-1,0,0,1,1,0,0,0,0,1,0,0,,,1,1,0,0,0,0,0,0,0,0,1,0,1,1,0,-1,0,0,0,-1,-1,0,0,1,1,-1,1,-1,-1,-1,-1,0,0,0,-1,-1,-1,-1,1,1,1,1,1,-1,-1,1,-1,1,1,1,0,0,0,0,0,0,0,0,1,1,0,0,0,0,0,0,0,0,1,1,0,1,1,1,1,-1,1,1,1,-1,-1,1,1,0,1,1,1,1,0,0,1,0,1,0,-1,1,0,0,0,0,0,-1,0,0,0,0,0,1,1,-1,1,1,1,1,1,0,1,0,1,1,1,-1,1,-1,1,0,1,0,0,1,1,0,0,0,0,1,1,-1,-1,-1,-1,-1,-1,-1,0,0,0,0,0,0,-1,-1,-1,-1,-1,0,-1,-1,0,0,0,0,,,,0,0,,0,0,0,0,0,0,-1,-1,-1,0,0,0,0,-1,-1,-1,-1,-1,-1,-1,-1,1,1,1,1,1,1,-1,1,1,1,-1,-1,-1,-1,0,0,0,0,1,-1,-1,0,0,0,0,0,-1,0,-1,1,1,1,1,0,-1,-1,0,0,1,1,1,1,1,1,-1,-1,1,-1,1,1,1,0,1,1,-1,-1,-1,1,0,0,0,0,0,0,1,0,0,0,1,1,0,1,-1,1,0,0,1,-1,1,1,1,1,1,0,0,-1,-1,-1,0,0,0,-1,1,-1,-1,-1,-1,-1,-1,-1,-1,-1,-1,-1,0,0,0,0,0,118,103,15,33.05,253,103,7
carbonbridge_inc_2022,-1,-1,-1,-1,-1,,1,1,-1,-1,-1,-1,-1,-1,-1,1,1,0,-1,-1,1,0,0,0,0,1,1,1,1,1,1,0,0,0,0,0,0,0,-1,0,0,0,0,0,0,-1,-1,-1,-1,0,0,-1,0,0,0,-1,0,0,0,0,-1,0,0,0,0,0,0,0,0,0,0,0,0,0,0,0,0,0,0,0,0,0,0,0,0,0,-1,-1,0,1,0,0,0,0,0,0,0,0,0,-1,-1,-1,-1,1,0,-1,0,0,0,0,0,0,0,0,0,0,0,0,0,0,0,0,0,0,0,0,0,0,0,0,0,0,0,1,1,0,0,0,0,0,0,0,0,0,0,0,0,1,0,1,-1,0,0,0,0,0,0,-1,0,0,0,0,0,0,0,0,1,0,0,-1,0,0,1,1,0,1,1,1,1,1,0,1,0,1,1,1,0,1,1,1,0,0,0,0,1,1,0,0,0,,-1,-1,-1,-1,-1,-1,-1,0,0,0,0,0,0,0,0,0,0,-1,-1,-1,0,0,0,0,0,0,0,,,,0,0,0,0,0,0,0,0,0,0,0,0,0,0,0,0,-1,-1,-1,-1,-1,-1,-1,-1,1,0,0,1,1,1,0,0,0,0,1,1,1,0,0,0,0,0,1,0,0,0,0,1,1,1,1,0,0,1,1,1,0,0,0,0,0,0,0,1,1,1,1,1,0,0,1,0,-1,0,1,0,0,0,0,0,0,1,0,0,0,0,0,0,0,0,0,0,0,0,-1,1,0,0,0,0,0,0,0,-1,-1,0,0,0,0,1,1,1,0,0,0,0,0,0,0,1,0,0,0,0,0,0,0,0,1,0,0,0,0,63,56,7,17.65,304,54,5
digital_mailbox_inc_dba_zipin_2022,1,1,1,1,1,0,0,0,1,1,1,1,1,1,1,-1,-1,-1,-1,-1,1,0,-1,-1,-1,1,1,-1,-1,1,1,-1,1,1,0,-1,1,0,-1,-1,0,1,0,0,0,1,1,1,,0,1,-1,0,0,1,1,0,0,0,0,1,-1,0,,,1,1,0,0,0,0,0,0,0,0,1,0,-1,1,0,0,0,0,0,1,1,0,0,1,1,0,-1,-1,-1,-1,-1,0,0,0,-1,-1,-1,-1,1,1,1,1,1,1,1,1,-1,1,1,1,0,0,0,0,0,0,0,0,1,1,0,0,0,0,0,0,0,0,1,1,0,1,1,1,1,-1,1,1,1,0,-1,1,1,0,1,-1,1,1,0,0,1,0,1,0,1,1,0,0,0,0,0,0,0,0,0,0,0,1,1,-1,1,1,1,1,1,0,1,0,1,1,1,0,1,1,1,0,-1,0,0,1,1,0,0,0,0,1,1,-1,-1,-1,-1,-1,-1,-1,1,1,0,0,-1,-1,-1,-1,-1,-1,-1,-1,-1,-1,0,0,0,0,,,,0,0,0,0,0,0,0,0,0,-1,-1,-1,0,0,0,0,1,1,-1,-1,-1,-1,-1,-1,1,1,1,1,1,1,1,1,-1,-1,-1,-1,-1,0,0,0,0,0,1,0,0,0,0,-1,-1,-1,-1,-1,-1,1,1,1,1,0,0,0,0,0,-1,1,1,1,1,1,0,0,1,-1,1,1,1,0,1,1,1,-1,1,1,-1,-1,-1,-1,-1,-1,1,0,0,0,1,1,0,1,0,1,0,0,1,1,1,1,1,1,1,0,-1,1,1,1,0,-1,-1,1,1,-1,-1,1,1,-1,-1,-1,1,-1,-1,-1,0,0,0,0,0,136,117,19,38.1,268,89,6
ai_can_recycling_corp_2022,1,1,-1,-1,-1,,1,1,1,1,1,-1,-1,-1,-1,1,1,,1,1,1,1,1,1,0,0,0,1,1,1,1,1,1,0,,0,1,1,1,1,1,1,,,0,-1,-1,-1,1,1,1,1,1,0,1,1,0,0,-1,0,1,0,0,1,1,1,1,0,0,0,1,1,1,1,1,1,1,-1,0,1,1,1,0,0,1,0,0,0,-1,1,1,1,-1,-1,-1,-1,0,0,0,0,0,0,0,-1,1,1,1,1,1,1,1,1,1,1,1,0,0,0,0,1,1,1,1,1,1,0,0,0,1,1,1,1,1,1,1,1,1,1,1,1,1,1,1,1,1,1,1,-1,1,1,0,1,0,-1,0,-1,-1,-1,-1,-1,-1,-1,-1,-1,-1,0,-1,-1,1,1,1,1,0,-1,-1,1,1,1,1,1,-1,1,1,0,1,1,1,1,1,0,1,1,1,1,0,0,0,0,1,0,-1,-1,-1,-1,-1,-1,-1,-1,-1,-1,-1,-1,-1,-1,-1,-1,-1,-1,-1,-1,-1,-1,-1,1,0,-1,0,,,,0,0,0,0,0,0,0,0,0,-1,-1,-1,0,0,0,0,-1,-1,-1,-1,-1,-1,-1,-1,1,1,1,1,1,1,1,1,0,0,0,0,0,1,1,1,1,1,1,1,1,1,1,1,1,1,0,0,1,1,0,1,1,1,1,1,1,1,-1,1,1,1,1,1,1,1,1,1,1,1,1,1,1,1,0,0,-1,1,-1,0,1,1,1,1,1,1,0,0,1,1,1,1,1,0,0,1,1,1,0,1,1,,1,1,0,1,1,-1,-1,1,0,1,1,1,1,1,1,1,1,1,1,1,1,0,0,-1,1,-1,-1,194,167,27,54.34,276,78,9
sensible_photonics_2022,-1,-1,-1,-1,-1,,1,1,-1,-1,-1,-1,-1,-1,-1,1,1,0,1,1,1,1,1,1,-1,1,1,1,1,1,1,1,1,1,0,1,,0,1,1,0,1,1,1,0,1,1,1,1,1,1,1,1,1,1,1,1,1,1,1,1,1,1,1,1,1,1,1,0,0,1,1,1,0,1,-1,1,1,1,1,1,0,-1,-1,0,0,-1,-1,1,1,-1,0,-1,-1,-1,-1,0,0,0,-1,-1,-1,-1,1,-1,1,1,1,1,1,0,0,0,0,1,0,0,0,0,0,0,,,1,1,0,0,0,0,0,0,,0,1,1,0,1,1,1,1,0,1,1,1,0,1,1,1,1,0,0,1,1,1,0,0,0,1,1,1,0,0,1,1,1,1,1,1,0,1,1,1,1,1,,1,1,-1,1,1,0,0,1,1,1,0,1,1,1,0,0,0,0,1,0,1,0,0,1,,1,1,-1,-1,-1,-1,-1,-1,-1,1,1,1,1,-1,-1,1,1,-1,-1,-1,0,0,0,0,0,0,0,,,,0,0,0,0,0,0,0,0,0,0,0,0,0,0,0,0,1,1,1,1,1,-1,1,-1,1,1,1,0,0,0,1,0,1,1,1,1,1,1,0,0,0,0,0,0,0,0,0,1,1,0,0,0,0,0,0,0,1,1,1,1,1,0,-1,0,0,1,1,1,1,0,1,1,1,0,1,1,1,1,0,0,0,1,1,1,1,1,1,1,1,1,1,1,1,1,0,1,1,1,1,1,1,0,1,1,1,1,1,1,1,1,1,1,1,1,0,1,1,0,0,0,-1,0,0,0,-1,0,0,1,0,1,0,1,1,190,152,38,53.22,307,46,10
virv_llc_2022,-1,-1,-1,-1,-1,,1,1,-1,-1,-1,-1,-1,-1,-1,1,1,0,1,1,1,-1,1,1,1,1,1,1,1,-1,-1,0,-1,0,1,1,0,0,0,0,-1,1,0,0,0,0,0,0,0,0,0,-1,1,0,1,0,0,0,1,1,1,1,0,0,0,-1,-1,0,0,0,0,0,0,0,0,0,0,0,0,0,0,0,0,0,-1,0,-1,-1,0,1,-1,-1,0,0,0,0,0,0,0,0,0,0,0,0,0,1,0,0,0,0,0,0,0,0,0,0,0,0,0,-1,0,0,0,1,1,0,0,0,0,-1,-1,-1,0,0,0,0,0,1,1,1,1,1,1,1,1,1,0,-1,0,-1,0,1,1,-1,0,0,0,1,0,0,0,1,1,-1,1,-1,0,0,0,0,0,0,-1,1,-1,1,1,1,1,1,0,1,-1,1,1,1,-1,1,1,1,0,0,0,0,0,-1,0,0,0,-1,1,1,-1,-1,-1,-1,-1,-1,-1,-1,-1,0,0,-1,-1,0,0,-1,-1,-1,-1,0,0,0,0,0,0,,,,0,0,0,0,0,0,0,0,0,,1,1,0,0,0,0,1,1,1,1,-1,-1,-1,-1,1,-1,-1,0,0,0,0,-1,0,0,0,0,0,0,0,0,0,0,1,0,0,0,0,1,1,1,1,0,0,-1,0,1,1,-1,0,0,0,0,-1,1,0,1,1,1,1,0,0,-1,1,1,1,1,0,0,1,0,0,1,0,-1,1,1,1,1,1,-1,0,-1,1,0,0,1,1,0,0,0,1,1,-1,0,0,1,0,0,-1,0,0,0,0,-1,1,0,-1,0,0,0,0,0,0,0,-1,0,0,0,0,0,0,0,0,94,85,9,26.33,284,74,5
tycho_solutions_2022,1,1,1,1,1,,1,1,1,1,1,1,1,1,1,-1,-1,-1,-1,-1,-1,0,0,0,0,1,1,1,1,0,0,0,0,0,0,0,1,0,1,-1,0,1,0,0,0,1,1,1,1,0,0,1,1,1,1,1,-1,1,1,1,1,-1,0,0,0,1,1,-1,-1,-1,-1,1,-1,0,-1,1,0,0,-1,0,1,0,-1,-1,1,0,-1,-1,1,1,1,0,0,0,0,0,0,0,0,-1,-1,-1,-1,1,1,1,0,0,0,0,0,0,-1,-1,0,0,0,0,0,0,0,0,0,1,1,0,0,0,0,0,0,-1,0,-1,-1,0,0,1,1,-1,-1,1,1,1,0,0,1,1,0,-1,0,-1,-1,0,-1,-1,-1,-1,-1,0,-1,0,0,-1,-1,-1,-1,0,-1,-1,0,0,-1,1,0,-1,-1,1,-1,-1,0,-1,-1,-1,-1,-1,-1,-1,-1,-1,-1,0,0,0,-1,1,0,0,0,,-1,-1,-1,-1,-1,-1,-1,-1,-1,1,1,0,0,-1,-1,0,0,0,0,0,0,-1,-1,0,-1,0,0,,,,0,0,0,0,0,0,0,0,0,0,0,0,0,0,0,0,0,0,-1,-1,-1,-1,-1,-1,1,-1,-1,1,1,1,0,1,0,0,1,1,1,1,0,0,0,0,1,0,0,1,0,1,1,1,0,0,0,1,1,1,1,1,1,1,0,-1,1,1,1,1,1,1,1,-1,1,1,1,1,1,1,1,1,1,0,1,1,1,1,1,1,1,1,1,0,0,0,1,0,1,1,1,0,0,0,1,0,1,1,-1,-1,-1,0,1,0,0,0,0,0,-1,1,1,0,0,1,-1,0,0,0,1,-1,-1,0,1,-1,-1,-1,-1,119,98,21,33.33,261,97,5
verde_technologies_incorporated_2022,-1,-1,-1,-1,-1,,1,1,-1,-1,-1,-1,-1,-1,-1,-1,-1,0,-1,-1,1,1,0,0,0,0,0,0,0,1,1,0,0,0,0,1,0,0,1,1,,1,-1,0,0,1,1,1,1,0,0,1,1,1,1,1,1,1,1,,1,-1,-1,1,1,1,1,0,0,0,0,-1,1,0,-1,-1,1,0,0,1,1,0,-1,-1,0,0,0,0,0,1,1,1,,1,1,1,-1,-1,-1,,,,,-1,0,1,1,1,1,1,1,1,1,1,1,0,0,0,0,0,0,0,0,1,1,0,0,0,0,0,0,0,0,1,1,0,-1,1,1,1,1,1,1,1,1,1,1,1,0,1,-1,1,1,-1,-1,1,0,1,-1,1,1,1,-1,1,1,-1,0,1,-1,0,1,-1,-1,1,-1,1,1,1,1,1,0,1,-1,1,1,1,0,1,1,1,0,0,0,0,-1,1,0,1,1,0,-1,-1,-1,-1,-1,-1,-1,1,1,-1,-1,1,1,1,1,0,0,-1,-1,-1,0,-1,-1,0,0,1,0,,,,0,0,0,0,0,0,0,0,0,0,0,0,0,0,,0,1,1,0,0,-1,-1,-1,-1,1,1,1,1,1,1,-1,1,1,-1,1,1,1,1,1,1,1,1,1,0,0,0,-1,1,1,1,1,-1,0,1,1,1,1,-1,-1,-1,-1,0,1,1,1,1,1,1,0,0,1,1,1,1,-1,1,1,1,1,1,0,1,1,-1,1,1,1,1,0,-1,-1,-1,1,1,1,1,1,1,1,-1,-1,0,-1,1,-1,1,-1,-1,1,,1,1,1,0,1,-1,1,0,0,1,1,0,0,0,1,0,0,0,0,-1,-1,0,1,164,139,25,45.94,269,81,13
renegade_plastics_corporation_2022,1,1,1,1,1,,1,1,-1,-1,-1,1,1,1,1,1,1,1,1,1,-1,-1,1,1,0,1,-1,1,1,1,1,0,-1,1,-1,1,1,0,1,1,-1,1,1,1,1,1,1,1,-1,0,1,1,1,-1,1,1,1,1,1,1,1,1,1,1,1,1,1,-1,1,1,1,1,-1,0,-1,1,-1,1,0,-1,-1,0,-1,-1,1,1,-1,-1,1,1,0,0,0,0,0,0,0,0,0,-1,-1,-1,-1,1,-1,1,1,1,1,1,1,-1,1,1,1,-1,-1,-1,-1,0,1,1,1,0,0,1,1,-1,0,0,0,0,0,1,1,-1,1,1,1,1,-1,1,1,1,0,-1,1,1,,1,-1,1,1,0,0,1,0,1,-1,0,0,0,0,-1,1,1,1,1,-1,1,1,1,1,1,-1,1,1,1,1,-1,0,1,-1,0,1,1,-1,-1,1,1,0,0,0,0,1,1,0,0,1,-1,0,0,-1,-1,-1,-1,-1,-1,-1,1,1,1,1,-1,-1,-1,-1,0,0,0,1,0,0,0,-1,0,0,,,,,,,,,,,,,0,0,0,,,,,-1,-1,-1,-1,1,-1,1,1,1,1,1,1,1,1,1,1,1,1,1,1,1,1,1,1,1,1,1,-1,-1,-1,0,1,1,1,1,1,1,1,1,1,1,-1,-1,-1,0,1,1,1,-1,1,1,1,0,0,1,-1,1,1,1,1,1,1,1,-1,0,1,1,1,1,1,1,1,1,1,-1,1,1,-1,1,1,1,0,-1,1,1,-1,1,1,-1,1,1,1,1,1,1,1,1,1,-1,1,1,1,1,1,1,1,1,1,1,-1,1,0,0,1,-1,0,1,204,169,35,57.14,266,79,18
relyion_energy_inc_2022,1,1,-1,-1,-1,,1,1,-1,-1,-1,-1,-1,-1,-1,1,1,1,1,1,1,1,1,1,0,1,1,1,1,1,1,0,1,1,1,1,-1,0,1,1,1,1,1,1,1,1,1,1,1,0,-1,1,1,-1,1,1,1,-1,1,1,1,1,1,1,1,1,1,1,1,1,1,1,1,0,0,-1,0,-1,0,0,-1,0,-1,-1,1,1,-1,-1,1,1,0,0,-1,-1,-1,-1,-1,-1,-1,-1,-1,-1,-1,1,-1,1,1,1,1,1,1,0,1,1,1,-1,-1,-1,-1,0,1,1,1,-1,-1,1,1,1,0,0,0,0,0,1,1,0,1,1,1,1,0,1,1,1,0,1,1,1,0,-1,0,-1,-1,0,0,1,0,1,0,-1,0,0,0,1,1,1,-1,-1,0,1,-1,-1,-1,1,0,1,-1,-1,-1,-1,0,-1,0,-1,-1,-1,0,-1,-1,-1,0,0,0,0,-1,-1,0,0,-1,0,-1,-1,-1,-1,-1,-1,-1,1,1,1,1,1,1,-1,-1,0,0,-1,-1,-1,-1,0,0,0,-1,-1,-1,,,,0,0,0,0,0,0,0,0,0,0,0,0,0,0,0,0,-1,-1,-1,-1,1,-1,1,-1,1,1,1,1,1,1,1,1,-1,-1,1,1,1,1,1,1,-1,-1,1,0,0,1,-1,1,1,1,-1,-1,-1,-1,-1,1,1,1,1,1,0,1,1,1,0,1,1,1,0,0,1,1,1,1,1,1,1,1,-1,1,-1,1,1,1,1,1,1,-1,1,1,-1,1,1,0,1,1,1,0,1,-1,1,0,1,1,0,1,-1,-1,1,1,1,1,-1,-1,0,-1,1,-1,-1,-1,-1,-1,-1,-1,1,0,-1,0,0,-1,0,0,1,166,139,27,46.5,246,113,4
soar_optics_2022,1,1,-1,-1,-1,,1,1,-1,-1,-1,-1,-1,-1,-1,-1,-1,-1,0,0,0,0,0,0,0,0,1,-1,-1,0,0,0,0,0,0,1,0,0,0,0,0,0,0,0,0,0,0,0,0,0,0,0,0,0,0,0,0,0,0,0,-1,-1,0,0,0,0,0,-1,-1,-1,0,0,0,0,0,0,0,0,0,0,0,0,0,0,1,0,-1,-1,0,-1,0,0,-1,-1,-1,-1,0,0,0,-1,-1,-1,-1,0,0,1,1,1,1,1,1,1,1,1,1,1,1,1,1,1,0,0,0,1,1,0,0,0,0,0,0,1,0,1,1,0,1,1,1,1,0,0,0,0,0,1,1,1,,1,0,1,1,-1,0,1,-1,1,-1,1,1,-1,-1,1,1,1,0,0,0,-1,0,-1,0,1,0,0,0,0,0,0,0,0,1,0,0,0,1,0,0,0,0,1,0,0,0,0,0,0,,0,1,1,-1,-1,-1,-1,-1,1,1,1,1,1,1,1,1,1,1,,1,1,1,1,1,1,-1,-1,1,,,,0,0,0,0,0,0,0,0,0,0,0,0,1,0,0,0,1,1,1,1,-1,-1,-1,-1,1,1,1,1,1,1,-1,1,-1,0,0,0,0,1,0,0,1,1,1,0,0,1,-1,1,1,1,1,1,1,-1,-1,1,-1,1,1,1,1,0,1,1,1,1,1,1,1,-1,1,1,1,1,1,1,1,1,1,1,0,1,0,0,1,1,1,0,1,0,1,1,0,-1,1,1,1,1,1,-1,1,0,1,1,1,1,-1,-1,1,1,1,0,0,1,1,1,1,1,1,1,-1,-1,-1,-1,-1,1,1,1,1,1,1,-1,1,146,131,15,40.9,290,66,7
kasava_llc_2022,-1,-1,-1,-1,-1,,1,1,-1,-1,-1,-1,-1,-1,-1,1,1,0,1,1,1,1,-1,-1,0,1,1,0,0,1,1,0,1,0,-1,-1,0,0,1,1,-1,1,-1,-1,0,1,1,1,1,0,1,1,1,-1,1,1,1,1,1,1,1,1,0,1,1,1,1,1,-1,-1,-1,1,1,0,1,1,0,0,0,1,1,0,-1,-1,0,0,-1,-1,0,1,0,-1,-1,-1,-1,-1,0,0,0,-1,-1,-1,-1,1,0,1,1,1,1,1,1,-1,1,1,-1,-1,-1,-1,-1,0,-1,-1,-1,1,1,-1,-1,0,-1,0,0,0,0,1,1,0,1,1,1,1,-1,1,1,1,-1,1,1,1,0,1,0,1,1,0,0,0,0,1,0,1,1,0,0,1,1,1,0,0,0,1,1,1,1,1,-1,1,1,1,1,1,0,1,0,-1,1,1,0,1,1,1,0,0,0,0,1,1,0,0,1,,-1,-1,-1,-1,-1,-1,1,0,0,0,0,0,0,0,0,-1,-1,0,0,0,0,1,1,0,-1,0,-1,,,,0,0,0,0,0,0,0,0,0,0,0,0,0,0,0,0,-1,-1,-1,-1,-1,-1,-1,1,1,0,0,-1,-1,-1,1,1,1,1,1,1,1,1,1,1,-1,-1,1,0,0,1,0,-1,-1,1,1,-1,1,1,1,1,1,-1,1,1,0,-1,1,1,1,1,1,1,0,1,1,0,1,1,1,1,1,1,1,1,0,1,1,1,1,1,1,-1,1,0,-1,-1,0,1,1,1,1,0,-1,0,1,0,1,1,0,1,1,1,-1,1,1,1,0,1,0,-1,1,-1,-1,1,-1,-1,-1,-1,-1,0,-1,-1,-1,-1,-1,0,1,160,132,28,44.82,261,97,5
mirai_solar_2022,-1,-1,-1,-1,-1,,1,1,-1,-1,-1,1,1,1,1,1,1,1,1,1,1,0,1,1,0,0,0,-1,-1,1,1,0,-1,-1,0,-1,0,0,1,1,1,1,-1,0,0,1,1,1,1,0,0,1,0,1,-1,-1,-1,-1,0,0,-1,0,0,1,1,0,0,1,0,0,0,1,0,0,0,0,1,-1,0,0,1,1,-1,-1,1,-1,-1,-1,0,1,1,-1,,1,1,1,0,0,0,-1,-1,-1,-1,1,1,1,0,0,0,0,0,0,1,1,0,0,0,0,0,,0,0,0,1,1,0,0,0,0,0,0,0,0,0,0,0,0,1,1,0,1,-1,-1,-1,0,0,1,1,0,-1,0,-1,-1,0,0,-1,0,1,0,-1,1,0,0,-1,-1,-1,0,-1,0,0,0,0,-1,1,0,-1,-1,-1,-1,-1,0,-1,0,-1,-1,1,0,1,1,-1,0,0,0,0,0,-1,0,0,1,,-1,-1,-1,-1,-1,-1,-1,1,1,-1,-1,1,1,-1,-1,-1,-1,0,0,0,0,-1,-1,0,-1,0,0,,,,,,,,,,,,,0,0,0,,,,,1,1,1,1,-1,-1,-1,-1,1,0,0,1,1,1,1,1,1,-1,1,1,1,1,1,1,0,0,1,0,0,-1,0,-1,-1,0,1,1,1,1,1,1,1,1,1,1,0,-1,1,1,1,1,1,1,1,1,1,1,1,-1,1,0,1,-1,1,1,1,1,-1,-1,1,1,1,0,-1,0,-1,0,0,1,0,1,1,0,0,1,1,0,1,-1,1,1,-1,1,1,1,1,1,1,1,1,0,1,0,0,1,0,0,0,0,-1,0,0,0,0,-1,0,1,0,129,108,21,36.13,255,88,20
g_force_waste_sorters_inc_2022,1,1,1,1,1,,1,1,-1,-1,-1,-1,-1,-1,-1,1,1,0,-1,-1,1,1,0,0,0,0,0,0,0,,,0,0,0,0,0,0,0,-1,0,,,0,0,0,1,1,1,,0,0,,1,-1,1,1,-1,0,1,1,,-1,0,,,,,0,0,0,0,1,-1,0,1,1,0,0,0,0,0,0,0,0,0,0,-1,-1,0,-1,0,1,0,0,0,0,0,0,0,0,0,0,0,0,0,1,1,1,1,1,1,1,1,1,1,,,,,0,-1,1,1,1,1,1,1,1,1,0,0,0,0,1,1,1,1,1,1,1,1,1,1,1,0,1,1,1,0,1,0,1,1,0,0,1,0,1,1,0,-1,0,0,0,0,0,0,0,0,0,1,0,-1,1,-1,1,1,1,1,-1,0,1,0,-1,1,1,0,0,-1,1,0,0,0,0,0,1,0,0,1,0,-1,-1,-1,-1,-1,-1,-1,0,0,0,0,0,0,0,0,0,0,0,0,0,0,-1,-1,0,0,0,0,,,,0,0,0,0,0,0,0,0,0,0,0,0,0,0,0,0,1,1,-1,-1,-1,-1,-1,-1,1,-1,-1,1,1,1,0,-1,1,1,1,1,1,1,0,0,0,0,1,0,0,0,0,1,1,1,0,0,0,1,1,1,1,0,0,0,0,0,1,1,1,1,1,1,0,0,1,-1,1,1,1,1,1,1,1,-1,0,1,1,1,-1,-1,-1,0,0,0,0,1,1,1,1,1,0,0,1,0,1,-1,1,1,1,-1,1,-1,-1,,0,1,1,0,1,-1,1,-1,-1,1,1,0,0,0,0,0,0,0,0,-1,1,0,-1,128,109,19,35.85,287,56,20
hit_nano_inc_2022,1,1,-1,-1,-1,,1,1,-1,-1,-1,1,1,1,1,1,1,-1,-1,-1,1,-1,-1,-1,0,1,1,-1,-1,1,1,-1,-1,0,0,,,0,,,,1,0,0,0,1,1,1,1,1,1,1,1,1,1,1,1,1,-1,-1,1,-1,1,1,1,0,0,-1,1,1,1,1,0,0,0,0,0,0,0,1,1,0,-1,-1,1,0,-1,-1,0,1,1,-1,,1,1,1,-1,-1,-1,-1,-1,-1,-1,1,0,-1,1,1,1,1,0,0,0,0,0,0,0,0,0,0,0,0,0,-1,-1,0,0,0,0,0,0,0,0,0,0,0,-1,-1,-1,-1,0,-1,-1,-1,0,-1,1,1,0,0,0,0,-1,0,1,0,0,-1,0,1,-1,0,0,0,-1,-1,-1,-1,0,0,-1,-1,-1,1,0,1,0,0,0,0,0,0,0,0,0,0,1,0,0,0,0,0,0,0,0,1,0,0,0,0,1,1,-1,-1,-1,-1,-1,-1,-1,0,0,-1,-1,-1,-1,-1,-1,,1,1,0,0,0,0,0,-1,-1,,,,0,0,0,0,0,0,0,0,,0,0,0,0,0,0,0,-1,-1,1,1,1,-1,-1,-1,1,1,1,1,1,1,1,1,1,1,1,1,1,1,-1,-1,1,1,-1,0,0,1,0,1,1,1,-1,1,1,0,0,0,-1,-1,1,1,1,-1,1,-1,1,1,1,1,1,1,1,1,1,1,1,1,-1,1,0,0,0,1,0,,-1,-1,-1,1,1,1,-1,1,1,-1,-1,1,1,-1,-1,-1,-1,-1,-1,1,1,1,-1,0,0,1,1,-1,0,0,0,1,1,0,0,1,1,0,0,0,-1,1,0,0,0,0,-1,-1,0,122,101,21,34.17,251,99,13
coral_charge_inc_2022,-1,-1,-1,-1,-1,,1,1,-1,-1,-1,-1,-1,-1,-1,1,1,0,1,1,1,1,-1,-1,0,1,-1,0,0,1,1,0,-1,0,0,-1,0,0,0,0,1,1,1,0,0,1,1,1,1,0,0,1,1,1,1,0,0,0,1,1,0,0,0,0,0,1,1,1,0,0,-1,1,1,0,0,0,-1,-1,0,0,1,0,-1,-1,1,0,1,1,1,1,1,0,0,0,0,0,0,0,0,-1,-1,-1,-1,1,1,1,1,1,1,1,1,1,1,1,-1,0,0,0,0,0,0,0,0,1,1,0,0,0,0,0,0,0,0,1,1,0,-1,1,1,1,1,1,1,1,1,1,1,1,0,1,0,1,1,-1,1,1,-1,-1,1,1,-1,0,0,0,-1,1,0,1,0,0,1,0,1,1,0,1,1,1,1,0,0,1,0,-1,1,1,0,0,0,1,0,0,0,0,0,1,0,1,1,-1,1,1,-1,-1,-1,-1,-1,0,0,-1,-1,0,0,-1,-1,0,0,-1,-1,-1,0,-1,-1,0,-1,-1,0,,,,0,0,0,0,0,0,0,0,,0,0,0,0,0,0,0,1,1,-1,-1,-1,-1,-1,-1,1,0,0,-1,-1,-1,0,1,1,1,1,1,1,1,0,0,-1,-1,1,0,0,0,1,1,1,1,1,1,1,1,0,1,-1,0,0,0,0,0,1,1,1,-1,-1,-1,0,0,1,0,-1,0,1,1,1,1,1,1,1,1,1,1,1,1,1,1,1,1,-1,1,1,1,1,1,1,0,-1,1,-1,0,1,-1,1,1,0,0,1,-1,1,1,0,1,1,1,1,1,1,1,1,1,1,1,0,0,0,-1,0,1,1,-1,0,153,129,24,42.86,284,74,5
aquora_biosystems_inc_2022,-1,-1,1,1,1,0,0,0,-1,-1,-1,-1,-1,-1,-1,1,1,-1,1,1,1,0,0,0,0,1,1,1,1,1,1,0,0,0,0,0,0,0,0,0,1,1,0,1,0,0,0,0,0,0,1,-1,1,0,1,-1,0,0,1,1,-1,0,-1,0,0,1,1,0,0,0,0,0,-1,0,0,0,1,1,1,1,1,0,-1,-1,0,0,1,1,0,-1,1,0,-1,-1,-1,-1,0,0,0,-1,-1,-1,-1,1,0,0,0,0,0,0,0,0,0,0,0,0,0,0,0,0,0,0,0,0,0,0,0,0,0,0,0,0,0,1,1,1,1,0,0,0,0,0,0,0,0,1,0,1,1,0,0,1,-1,-1,-1,0,0,1,1,-1,1,0,0,0,0,0,0,0,0,-1,1,-1,0,1,-1,0,0,0,-1,1,-1,-1,0,1,1,1,0,1,1,1,0,0,0,0,0,0,0,0,1,-1,1,1,-1,-1,-1,-1,-1,1,1,-1,-1,1,1,0,0,0,0,-1,-1,-1,0,0,0,0,0,1,0,,,,,,,,,,,,,-1,-1,-1,,,,,-1,-1,-1,-1,-1,-1,-1,-1,1,-1,-1,-1,-1,-1,1,1,1,1,1,1,1,1,1,1,0,0,1,0,0,-1,0,0,0,0,1,1,0,-1,-1,1,1,0,0,0,0,0,1,1,0,1,1,1,1,-1,1,,,0,0,1,1,1,1,-1,1,1,1,1,0,0,0,0,1,0,0,0,1,0,1,1,0,0,-1,1,1,1,0,1,-1,1,1,0,1,1,1,1,0,1,-1,0,1,0,0,0,0,0,0,0,-1,0,0,0,0,0,-1,-1,1,109,92,17,30.53,271,74,18
argyle_earth_2022,1,1,-1,-1,-1,-1,-1,-1,-1,-1,-1,-1,-1,-1,-1,1,1,1,1,1,1,1,1,1,0,1,1,1,1,1,1,0,-1,0,1,1,-1,0,1,1,1,1,0,0,0,1,1,1,1,0,1,1,1,-1,1,1,-1,1,1,1,1,1,0,0,0,0,0,0,1,1,0,1,-1,0,0,0,0,0,0,1,-1,0,0,0,0,0,-1,-1,0,0,0,-1,0,0,0,0,0,0,0,0,0,0,0,0,0,1,1,1,0,0,0,0,1,1,1,0,0,0,0,0,0,0,0,1,1,1,1,0,0,0,0,0,0,1,1,0,1,1,1,1,-1,1,1,1,0,1,1,1,0,1,-1,1,1,0,0,1,0,1,0,1,0,0,0,-1,1,1,0,0,0,0,1,1,1,1,0,-1,1,1,1,1,0,1,0,1,1,1,0,1,1,1,0,0,0,0,0,0,0,0,1,-1,-1,-1,-1,-1,-1,-1,-1,0,0,1,1,0,0,0,0,0,0,-1,-1,-1,0,0,0,0,-1,-1,0,,,,0,0,0,0,0,0,0,0,0,0,0,0,0,0,0,0,-1,-1,-1,-1,-1,-1,-1,-1,1,1,1,-1,-1,-1,1,1,1,1,1,1,1,1,-1,-1,1,1,1,-1,-1,1,0,1,1,1,1,1,1,1,1,1,1,0,-1,-1,0,0,1,1,1,1,1,1,1,1,1,1,1,-1,1,1,1,1,1,-1,1,1,1,1,1,1,1,1,-1,-1,-1,1,1,0,1,1,1,-1,1,1,1,1,1,-1,0,1,-1,1,1,1,-1,1,-1,1,0,1,1,1,1,1,1,-1,-1,-1,1,0,0,1,0,-1,-1,1,-1,163,133,30,45.66,288,72,3
clean_valley_bio_filtration_tec_2022,-1,-1,-1,-1,-1,,1,1,-1,-1,-1,1,1,1,1,-1,-1,0,-1,-1,0,0,-1,-1,0,1,1,0,0,1,1,0,0,0,0,1,-1,0,-1,-1,1,1,-1,-1,0,1,1,1,,0,0,1,1,1,1,1,0,1,0,0,1,-1,-1,1,1,1,1,0,1,1,1,1,1,0,0,1,1,1,0,0,1,0,-1,-1,1,0,0,0,0,1,1,1,0,0,0,0,0,0,0,,1,1,1,1,0,1,1,1,1,1,0,1,0,0,0,0,0,0,0,0,0,1,1,1,1,0,0,0,0,0,0,0,0,1,1,0,0,1,1,1,1,1,1,1,0,0,1,1,1,-1,1,1,1,1,0,1,0,1,1,1,1,1,1,1,0,0,1,1,1,1,1,0,1,1,0,1,1,1,1,1,-1,1,0,1,1,1,0,1,1,0,0,1,0,0,1,1,1,1,1,0,0,0,-1,-1,-1,-1,-1,0,0,-1,-1,-1,-1,-1,-1,-1,-1,0,0,0,0,0,0,0,0,0,0,,,,0,0,0,0,0,0,0,0,0,0,0,0,0,0,0,0,0,0,0,0,1,-1,1,-1,1,1,1,1,1,1,0,1,1,1,1,1,1,1,0,0,0,0,1,-1,-1,0,0,1,1,1,1,1,1,1,1,1,0,1,1,1,0,0,1,1,1,1,1,1,1,1,1,-1,1,1,1,1,,1,1,1,-1,1,1,1,1,1,1,0,0,1,1,1,1,1,1,1,1,0,1,0,1,1,1,1,1,1,1,1,0,1,0,1,-1,0,1,1,1,0,0,1,0,0,0,0,1,0,0,1,0,1,1,0,0,179,155,24,50.14,311,45,7
green_edge_computing_corp_aka_2022,-1,-1,-1,-1,-1,,1,1,-1,-1,-1,1,1,1,1,-1,-1,1,-1,-1,1,0,0,0,0,-1,1,0,0,1,1,-1,1,0,-1,1,-1,0,-1,0,-1,1,1,0,1,1,1,1,1,0,0,1,1,1,1,1,1,-1,-1,1,1,-1,0,0,0,-1,-1,0,0,0,0,1,0,0,0,1,1,-1,-1,0,1,0,-1,-1,-1,-1,0,0,0,1,1,1,-1,-1,-1,-1,-1,-1,-1,0,0,0,0,1,1,1,1,1,1,1,1,0,1,1,1,1,1,1,1,0,1,0,0,1,1,0,0,0,0,0,0,1,-1,1,1,-1,1,1,1,1,-1,1,1,1,1,1,1,1,1,1,0,1,1,0,0,1,0,1,0,1,1,0,0,-1,1,1,0,0,0,-1,-1,0,0,1,1,-1,1,1,1,-1,-1,1,0,-1,-1,-1,0,-1,1,1,0,1,0,0,0,-1,-1,-1,1,-1,1,1,-1,-1,-1,1,-1,-1,-1,-1,-1,0,0,-1,-1,-1,-1,-1,-1,-1,1,-1,-1,-1,0,1,0,,,,0,0,0,0,0,0,0,0,0,-1,-1,-1,0,0,0,0,-1,-1,1,1,1,-1,1,-1,1,1,1,1,1,1,1,1,1,1,1,1,1,1,1,1,-1,-1,1,1,1,1,-1,1,1,1,1,1,1,1,1,1,1,0,1,1,1,1,1,1,1,1,1,1,-1,-1,1,0,1,1,-1,1,1,1,1,1,1,1,1,1,-1,-1,-1,-1,-1,0,-1,1,1,0,1,-1,0,1,-1,1,1,1,1,1,1,1,1,1,-1,0,0,0,0,1,1,1,,1,1,1,1,1,1,1,1,0,0,-1,-1,0,0,0,0,172,155,17,48.18,263,95,5
ntp_technologies_2022,1,1,-1,-1,-1,,1,1,1,1,1,-1,-1,-1,-1,1,1,0,1,1,1,1,1,1,0,-1,1,1,1,1,1,-1,1,-1,1,1,1,-1,1,1,-1,1,-1,-1,-1,1,1,1,1,-1,-1,1,1,-1,1,1,1,-1,1,1,1,1,-1,-1,-1,1,1,1,0,0,0,1,1,0,1,1,-1,-1,0,1,1,-1,-1,-1,1,0,-1,-1,1,1,-1,-1,,1,1,1,0,0,0,-1,-1,-1,-1,1,-1,1,-1,-1,-1,-1,-1,-1,-1,-1,-1,1,1,1,1,1,1,-1,-1,1,1,-1,-1,-1,-1,0,0,0,0,1,1,0,1,1,1,1,1,1,1,1,1,1,-1,-1,0,1,0,-1,-1,0,0,0,0,-1,0,1,0,0,0,0,-1,-1,0,0,0,0,0,0,-1,-1,0,-1,-1,-1,-1,-1,0,-1,0,-1,-1,-1,-1,0,-1,-1,0,0,0,0,-1,-1,0,0,-1,,1,1,-1,-1,-1,-1,-1,-1,-1,1,1,0,0,0,0,0,0,-1,-1,-1,0,0,0,0,0,0,0,,,,0,0,0,0,0,0,0,0,0,-1,-1,-1,0,0,0,0,0,0,-1,-1,-1,-1,-1,-1,1,1,1,1,1,1,1,1,1,0,1,1,1,1,0,0,0,0,1,0,0,0,0,-1,-1,0,-1,1,1,1,1,1,1,0,1,1,0,0,1,1,-1,1,1,1,0,-1,1,1,1,1,1,0,1,1,1,1,0,1,0,1,-1,-1,-1,-1,1,-1,-1,0,1,0,1,1,1,0,-1,-1,1,0,1,1,0,1,1,-1,-1,-1,1,1,0,0,0,1,1,0,0,-1,-1,0,0,0,-1,0,0,1,0,-1,1,-1,1,138,114,24,38.66,242,115,6
cool_cats_tech_2023,,,,,,,,,,,,,,,,,,,,,,,,,,,,,,,,,,,,,,,,,,,,,,,,,,,,,,,,,,,,,,,,,,,,,,,,,,,,,,,,,,,,,,,,,,,,,,,,,,,,,,,,,,,,,,,,,,,,,,,,,,,,,,,,,,,,,,,,,,,,,,,,,,,,,,,,,,,,,,,,,,,,,,,,,,,,,,,,,,,,,,,,,,,,,,,,,,,,,,,,,,,,,,,,,,,,,,,,,,,,,,,,,,,,,,,,,,,,,,,,,,,,,,,,,,,,,,,,,,,,,,,,,,,,,,,,,,,,,,,,,,,,,,,,,,,,,,,,,,,,,,,,,,,,,,,,,,,,,,,,,,,,,,,,,,,,,,,,,,,,,,,,,,,,,,,,,,,,,,,,,,,,0,0,0,0.0,0,0,363
nulyzer_inc_2023,1,1,-1,-1,-1,,1,1,-1,-1,-1,,,,,1,1,0,1,1,1,-1,-1,-1,0,1,1,1,1,1,1,0,1,0,0,1,-1,0,1,1,1,1,1,0,1,-1,-1,-1,-1,0,-1,-1,1,1,1,-1,0,1,1,1,1,1,1,1,1,0,0,1,1,1,1,1,-1,0,0,0,1,1,-1,1,1,1,-1,-1,0,0,-1,-1,0,1,-1,1,-1,-1,-1,-1,0,0,0,-1,-1,-1,-1,1,0,1,0,0,0,0,0,0,1,1,0,0,0,0,0,0,0,0,0,1,1,0,0,0,0,0,0,0,0,1,1,0,0,1,1,0,0,1,1,1,0,1,1,-1,-1,-1,-1,-1,-1,0,0,-1,0,-1,0,-1,-1,0,0,-1,-1,-1,0,0,0,0,-1,0,-1,-1,0,-1,-1,-1,-1,-1,0,-1,0,-1,-1,-1,0,-1,-1,-1,0,-1,0,0,-1,0,-1,-1,0,0,-1,-1,-1,-1,-1,-1,-1,-1,-1,-1,-1,-1,-1,-1,-1,-1,-1,-1,-1,-1,0,-1,-1,0,0,0,0,,,,0,0,0,0,0,0,0,0,0,0,0,0,0,0,,0,-1,-1,-1,-1,-1,-1,-1,-1,1,-1,-1,1,1,1,1,1,1,1,1,1,1,1,1,1,1,1,1,-1,-1,0,0,1,1,-1,1,1,1,1,1,1,1,0,1,1,0,0,1,-1,-1,1,1,1,1,1,1,1,1,1,1,1,1,1,1,1,1,1,1,1,1,1,1,1,1,1,1,1,1,1,1,1,1,1,1,1,1,0,1,0,1,1,1,0,1,1,1,1,1,1,1,1,1,0,0,0,0,0,0,0,1,0,0,1,0,1,1,1,0,144,119,25,40.34,253,101,9
rushnu_2023,1,1,-1,-1,-1,-1,-1,-1,-1,-1,-1,-1,-1,-1,-1,1,1,0,0,0,-1,-1,0,0,0,-1,-1,0,0,1,1,1,1,0,0,-1,0,0,-1,-1,-1,1,-1,-1,0,0,0,0,1,1,1,1,0,1,1,1,1,0,0,0,1,1,0,-1,-1,-1,-1,-1,-1,-1,0,-1,0,0,0,0,0,0,0,1,-1,-1,-1,-1,0,0,-1,-1,-1,1,-1,0,-1,-1,-1,-1,0,0,0,-1,-1,-1,-1,1,1,1,0,0,0,0,0,0,0,0,0,-1,-1,-1,-1,0,0,0,0,1,1,0,0,0,0,0,0,-1,0,1,1,0,-1,1,1,-1,0,1,1,1,0,-1,0,1,0,0,0,-1,-1,0,0,0,0,-1,0,1,0,0,0,0,1,-1,0,0,0,1,-1,-1,-1,1,0,1,0,1,1,0,-1,0,0,1,0,1,1,0,1,0,0,0,0,0,-1,-1,0,0,-1,,-1,-1,-1,-1,-1,-1,-1,1,1,-1,-1,-1,-1,-1,-1,-1,-1,-1,-1,-1,0,0,0,0,0,0,0,,,,0,0,0,0,0,0,0,0,0,0,0,0,0,0,,0,-1,-1,1,1,-1,-1,-1,-1,1,0,0,1,1,1,1,-1,1,-1,0,0,0,-1,0,0,0,0,-1,-1,-1,-1,0,0,0,-1,1,-1,1,-1,-1,1,-1,0,-1,-1,0,0,1,0,0,1,1,1,1,-1,1,1,1,1,1,1,1,1,1,-1,-1,1,0,1,0,0,0,0,1,0,0,1,1,1,1,1,1,0,0,1,1,1,1,1,-1,-1,0,0,0,1,1,-1,0,1,1,1,1,0,0,1,-1,0,0,0,1,-1,0,1,-1,1,1,0,0,97,78,19,27.17,245,113,5
zero_house_co_2023,-1,-1,-1,-1,-1,-1,-1,-1,-1,-1,-1,-1,-1,-1,-1,1,1,0,-1,-1,1,-1,1,1,0,1,1,-1,-1,-1,-1,-1,-1,-1,0,-1,-1,0,-1,-1,-1,-1,-1,0,0,0,0,0,0,0,-1,-1,-1,-1,-1,-1,-1,0,-1,-1,-1,-1,0,-1,-1,1,1,1,0,0,-1,1,1,1,0,0,-1,-1,0,0,0,0,0,0,0,0,-1,-1,1,1,0,1,0,0,0,0,0,0,0,,1,1,1,1,1,1,0,0,0,0,0,0,0,0,0,-1,-1,-1,-1,0,0,0,0,1,1,0,0,0,0,0,0,0,0,1,1,0,1,1,1,1,0,1,1,1,0,1,0,0,0,-1,0,-1,-1,-1,0,0,0,0,0,0,0,0,0,-1,-1,-1,0,0,0,0,0,0,-1,-1,0,-1,-1,0,-1,-1,0,0,0,0,0,0,-1,-1,-1,-1,0,0,0,0,-1,-1,0,0,-1,0,-1,-1,-1,-1,-1,-1,-1,-1,-1,-1,-1,-1,-1,-1,-1,-1,-1,-1,-1,-1,-1,0,0,0,-1,0,0,,,,0,0,0,0,0,0,0,0,0,0,0,0,0,0,0,0,-1,-1,-1,-1,-1,-1,-1,-1,1,1,1,1,1,1,1,1,1,-1,1,1,1,1,1,1,-1,-1,1,0,0,0,0,1,1,1,1,1,1,1,1,-1,1,1,1,1,0,0,1,1,1,1,1,1,1,-1,1,1,1,1,1,1,1,1,1,1,0,1,-1,1,1,1,1,1,-1,0,-1,1,1,1,1,1,1,0,-1,-1,1,1,1,1,1,1,1,-1,1,1,1,0,0,1,-1,1,1,0,0,-1,0,0,0,0,-1,-1,-1,-1,1,1,1,0,0,107,89,18,29.97,238,121,4
ridio_2023,-1,-1,-1,-1,-1,-1,-1,-1,-1,-1,-1,1,1,1,1,1,1,0,-1,-1,1,0,0,0,0,-1,1,-1,-1,1,1,1,1,1,0,-1,0,0,1,1,0,1,1,0,0,-1,-1,0,0,0,-1,1,1,1,1,1,-1,1,0,0,1,-1,0,1,1,1,1,1,0,0,-1,1,-1,0,1,-1,1,1,0,0,-1,-1,-1,-1,-1,-1,1,1,1,1,0,-1,0,0,0,0,0,0,0,0,0,0,0,1,0,1,0,0,0,0,0,0,-1,-1,-1,1,1,1,1,0,0,0,0,1,1,0,0,0,0,0,0,1,0,1,1,0,1,1,1,1,-1,-1,-1,-1,-1,1,1,1,0,1,1,1,0,0,-1,-1,0,1,0,0,1,0,0,1,1,1,0,0,1,-1,1,1,-1,-1,-1,1,1,1,1,-1,0,1,0,1,-1,1,1,1,1,1,1,-1,1,1,1,1,0,0,-1,-1,0,0,-1,-1,1,0,1,0,0,0,0,0,0,0,0,0,0,0,0,0,0,0,0,0,0,0,0,,,,0,0,0,0,0,0,0,0,0,0,0,0,0,0,0,0,1,1,1,1,0,0,-1,-1,1,-1,-1,1,1,1,-1,1,-1,-1,1,1,1,1,1,1,-1,-1,1,-1,-1,1,-1,1,1,1,1,1,1,1,1,-1,1,1,1,1,-1,-1,1,1,1,1,1,1,1,1,1,-1,1,-1,-1,1,1,1,1,-1,-1,1,1,1,1,1,1,1,1,-1,1,1,1,1,0,1,1,1,1,1,1,1,1,1,-1,1,-1,-1,1,1,1,-1,1,-1,0,1,1,-1,-1,1,0,0,0,0,1,0,0,0,0,1,-1,0,-1,158,131,27,44.26,277,83,3
cyclei_2023,-1,-1,-1,-1,-1,-1,-1,-1,-1,-1,-1,1,1,1,1,1,1,0,0,0,1,1,1,1,-1,-1,0,0,0,1,1,-1,-1,0,-1,0,0,0,1,1,1,1,1,0,0,-1,-1,-1,0,-1,0,-1,-1,-1,-1,1,1,-1,0,0,-1,-1,-1,-1,-1,-1,-1,-1,-1,-1,1,1,-1,-1,-1,-1,1,1,-1,0,1,0,-1,-1,0,0,-1,-1,-1,1,0,-1,0,0,0,0,0,0,0,-1,-1,-1,-1,1,-1,1,0,0,0,0,0,0,1,1,0,0,0,0,0,0,0,0,0,1,1,0,0,0,0,0,0,-1,-1,1,1,-1,1,1,1,1,0,1,1,1,0,1,-1,-1,0,1,-1,-1,0,0,1,0,0,-1,0,0,0,0,0,-1,-1,-1,1,1,0,-1,0,0,1,1,1,0,0,0,0,0,-1,0,0,0,0,0,0,0,1,0,0,-1,0,0,0,0,1,0,0,,-1,-1,-1,-1,-1,-1,-1,0,0,0,0,0,0,0,0,1,1,-1,-1,-1,0,0,0,0,0,0,0,,,,0,0,0,0,0,0,0,0,0,0,0,0,0,0,,0,-1,-1,-1,-1,-1,-1,-1,-1,1,1,1,1,1,1,1,1,1,1,1,1,1,1,1,1,0,0,1,0,0,1,1,1,1,1,-1,-1,-1,1,1,0,1,1,1,1,0,0,1,1,-1,1,1,1,1,1,1,1,1,1,1,1,1,1,1,1,0,1,1,1,1,1,1,1,1,0,-1,1,1,1,1,1,1,1,1,1,1,1,1,1,1,1,-1,1,1,1,1,1,0,1,0,1,1,-1,-1,1,-1,1,1,1,1,1,1,1,0,1,1,0,1,139,115,24,38.94,266,92,5
foodware_2023,-1,-1,-1,-1,-1,-1,-1,-1,-1,-1,-1,-1,-1,-1,-1,-1,-1,1,1,1,1,-1,-1,-1,1,1,1,1,1,0,0,0,0,-1,0,0,-1,0,0,0,-1,-1,0,0,0,0,-1,-1,-1,0,0,-1,0,0,-1,0,0,0,0,0,0,0,0,0,0,0,0,1,0,0,0,0,0,0,1,0,0,0,-1,1,1,0,-1,-1,1,1,0,0,1,1,1,1,0,0,0,0,0,0,0,,1,1,1,1,1,1,0,0,0,0,0,0,1,1,0,1,1,1,1,0,0,0,0,1,1,0,0,0,0,0,0,0,0,1,1,0,0,1,1,1,-1,1,1,1,0,1,1,0,-1,0,-1,-1,-1,-1,0,-1,-1,0,0,0,-1,0,0,-1,-1,0,0,-1,-1,0,-1,-1,-1,-1,-1,-1,0,-1,-1,0,0,-1,0,-1,-1,-1,0,0,-1,-1,-1,0,-1,-1,0,-1,0,-1,-1,0,-1,-1,-1,-1,-1,-1,-1,0,0,-1,-1,0,0,0,0,-1,-1,-1,-1,-1,-1,-1,-1,0,0,-1,0,,,,0,0,0,0,0,0,0,0,0,-1,-1,-1,0,0,,0,-1,-1,-1,-1,-1,-1,-1,-1,1,0,0,1,1,1,0,1,0,0,0,0,0,1,1,1,0,0,1,0,0,1,0,-1,-1,1,1,-1,1,1,-1,1,1,0,0,0,0,0,1,1,0,1,1,1,1,-1,-1,1,1,0,1,1,1,1,-1,1,-1,1,1,1,0,0,0,0,1,0,0,-1,1,0,0,1,1,0,1,0,0,1,1,-1,0,-1,0,0,-1,-1,1,-1,0,-1,-1,0,0,0,0,0,0,0,0,0,1,0,0,0,0,1,0,-1,0,85,71,14,23.81,247,111,5
korganotech_inc_2023,-1,-1,-1,-1,-1,-1,-1,-1,-1,-1,-1,-1,-1,-1,-1,1,1,0,-1,-1,-1,-1,1,1,0,-1,-1,-1,-1,1,1,-1,0,-1,-1,-1,0,0,1,0,-1,1,0,-1,0,-1,1,1,,0,0,1,-1,1,1,1,0,0,0,0,1,0,0,0,0,1,1,1,0,0,1,1,1,0,-1,-1,1,0,0,1,1,1,-1,-1,1,-1,-1,-1,1,1,1,-1,-1,-1,-1,-1,-1,-1,-1,,1,1,1,1,1,1,0,0,0,0,0,-1,0,0,0,0,0,0,0,0,0,0,0,1,1,0,0,0,0,1,1,0,0,1,1,0,1,1,1,1,0,1,1,1,0,1,,1,,1,1,1,1,1,0,1,1,1,0,1,1,1,1,1,1,1,1,1,1,0,1,1,1,1,0,1,0,1,1,0,0,1,1,1,-1,1,1,1,1,-1,0,1,0,0,1,1,1,1,1,1,0,0,-1,-1,-1,-1,-1,-1,-1,-1,-1,-1,-1,-1,-1,-1,-1,0,0,0,1,1,1,0,0,0,-1,,,,0,0,,0,0,0,0,0,0,0,0,0,0,0,,0,-1,-1,1,1,-1,-1,-1,-1,1,1,1,1,1,1,0,1,-1,-1,-1,-1,-1,1,1,1,0,0,1,-1,-1,1,1,1,1,1,1,0,1,1,0,1,1,-1,0,0,0,1,1,1,0,1,1,1,-1,-1,1,1,1,1,1,-1,1,1,1,1,-1,1,1,1,0,0,0,0,1,1,0,1,1,1,1,1,0,1,1,1,0,0,0,1,1,0,1,1,0,1,1,1,-1,-1,0,1,1,1,1,1,1,1,1,1,1,-1,-1,1,0,1,-1,0,-1,162,135,27,45.38,265,89,9
hyverde_2023,-1,-1,1,1,1,-1,-1,-1,1,1,1,-1,-1,-1,-1,1,1,0,-1,-1,1,-1,-1,-1,0,0,0,0,0,0,0,0,0,0,0,0,0,0,0,0,0,0,0,0,0,0,0,0,0,0,0,0,0,0,0,0,0,0,0,0,0,0,0,0,0,1,1,1,1,1,1,1,0,0,0,0,1,-1,-1,1,1,0,-1,-1,0,0,-1,-1,0,1,0,1,0,0,0,0,0,0,0,-1,-1,-1,-1,1,0,1,0,0,0,0,0,0,0,0,0,0,0,0,0,0,0,0,0,1,1,0,0,0,0,0,0,0,0,1,1,0,1,1,1,1,-1,1,1,1,0,1,0,0,0,0,0,0,0,0,0,0,0,0,0,0,0,0,0,0,0,0,0,0,0,0,0,0,0,0,0,0,0,0,0,0,0,0,0,0,0,0,0,0,0,0,0,0,0,0,0,0,0,0,0,,0,0,0,0,0,0,0,0,0,0,0,0,0,0,0,0,0,0,0,0,0,0,0,0,0,0,0,,,,0,0,0,0,0,0,0,0,0,0,0,0,0,0,0,0,0,0,0,0,0,0,0,0,1,0,0,0,0,0,1,1,0,0,1,1,1,1,1,1,0,0,1,0,0,1,0,1,1,1,1,0,1,1,1,1,1,-1,1,1,0,0,1,1,1,1,1,1,1,1,1,1,1,1,1,1,1,1,1,1,0,1,0,0,1,1,1,0,1,-1,-1,1,1,1,1,1,1,1,1,1,1,0,1,1,0,1,0,0,0,1,1,1,1,1,-1,-1,1,0,0,-1,-1,-1,-1,-1,-1,0,0,1,0,-1,1,-1,0,101,86,15,28.29,321,38,4
darmoktech_2023,-1,-1,-1,-1,-1,-1,-1,-1,-1,-1,-1,-1,-1,-1,-1,1,1,0,-1,-1,1,1,-1,-1,0,-1,0,0,0,0,0,0,0,0,0,0,0,0,0,0,0,0,0,0,0,0,0,0,0,0,0,0,0,0,0,0,0,0,0,0,0,0,0,0,0,1,1,0,1,1,1,1,-1,-1,-1,0,-1,0,0,0,1,1,-1,-1,0,0,0,0,-1,1,1,0,-1,-1,-1,-1,-1,-1,-1,-1,-1,-1,-1,1,1,1,1,1,1,1,1,1,1,1,1,-1,-1,-1,-1,0,0,0,0,1,1,-1,-1,0,0,0,0,0,0,1,1,0,-1,1,1,-1,-1,1,1,1,-1,-1,1,0,0,0,0,0,0,0,0,0,0,0,0,0,0,0,0,0,0,0,0,0,0,0,0,0,0,0,0,0,0,0,0,0,0,0,0,0,0,0,0,0,0,0,0,0,0,0,0,0,0,0,0,,0,0,0,0,0,0,0,0,0,0,0,0,0,0,0,0,0,0,0,0,0,0,0,0,0,0,0,,,,0,0,0,0,0,0,0,0,0,0,0,0,0,0,0,0,0,0,0,0,0,0,0,0,1,1,1,1,1,1,1,1,1,-1,1,1,1,1,-1,-1,0,0,1,0,0,-1,0,1,1,1,-1,-1,0,-1,-1,1,-1,-1,-1,-1,-1,0,1,-1,-1,1,1,1,1,1,1,1,1,1,1,1,1,1,-1,-1,-1,1,1,1,1,1,1,-1,-1,-1,-1,-1,1,1,1,1,1,1,1,1,-1,0,-1,-1,0,1,0,-1,-1,1,1,-1,0,0,-1,-1,1,-1,-1,-1,-1,-1,-1,-1,-1,-1,-1,1,-1,1,1,-1,0,89,73,16,24.93,267,92,4
rcam_technologies_2023,1,1,-1,-1,-1,,1,1,1,1,1,1,1,1,1,1,1,0,1,1,-1,1,0,0,0,1,1,0,0,-1,-1,0,0,0,0,0,0,0,0,0,0,-1,0,0,0,0,0,0,0,0,0,0,0,0,0,0,0,0,0,0,0,0,0,0,0,0,0,1,1,1,-1,0,0,0,0,-1,0,0,0,1,1,1,-1,-1,0,0,-1,-1,0,1,1,1,0,0,0,0,0,0,0,-1,-1,-1,-1,1,1,1,0,0,0,0,,0,0,0,0,0,0,0,0,0,0,0,0,1,1,0,0,0,0,0,0,0,0,1,1,0,1,1,1,-1,1,-1,-1,-1,-1,1,0,0,0,-1,0,0,0,0,0,0,0,0,0,0,0,0,0,0,0,0,0,0,0,0,0,0,0,0,0,0,0,0,0,0,0,0,0,0,0,0,0,0,0,0,0,0,0,0,0,0,0,0,-1,0,-1,-1,-1,-1,0,-1,-1,-1,-1,-1,-1,-1,-1,-1,-1,0,0,-1,-1,-1,-1,-1,-1,-1,-1,-1,-1,,,,0,0,,0,0,0,0,0,0,0,0,0,0,0,,0,-1,-1,-1,-1,-1,-1,-1,-1,1,1,1,1,1,1,-1,1,-1,-1,1,1,1,1,-1,-1,1,1,1,-1,-1,-1,-1,1,1,1,1,1,1,1,1,1,1,1,1,1,-1,0,1,1,1,1,1,1,1,-1,1,1,1,1,1,1,0,0,0,1,1,1,1,1,0,0,0,1,0,0,0,1,1,1,1,1,1,1,1,1,0,0,-1,0,0,1,0,0,0,1,1,1,1,1,1,0,1,0,0,0,0,0,0,0,1,0,0,0,0,1,1,1,-1,106,89,17,29.69,287,69,7
benchmark_labs_inc_2023,1,1,-1,-1,-1,-1,-1,-1,-1,-1,-1,1,1,1,1,1,1,0,1,1,1,1,1,1,-1,1,1,1,1,1,1,1,1,1,1,1,1,-1,1,1,1,1,1,1,1,1,1,1,-1,-1,1,1,1,1,1,1,1,1,1,0,1,-1,1,1,1,1,1,1,1,1,1,1,1,-1,-1,1,-1,1,1,1,1,1,1,1,1,1,1,1,1,1,1,1,-1,-1,-1,-1,-1,-1,-1,,1,1,1,1,1,1,1,1,1,1,1,1,1,1,1,1,1,1,1,1,1,1,1,1,1,1,1,1,1,1,1,1,1,1,1,1,1,1,1,1,1,1,1,1,1,1,1,0,1,1,1,1,1,1,1,1,1,1,0,1,1,1,1,1,1,1,1,1,1,0,1,1,1,1,1,1,1,1,1,1,0,1,1,1,1,1,1,1,1,1,1,1,1,1,1,1,1,1,1,0,-1,-1,-1,-1,1,1,1,1,1,1,1,1,1,1,1,1,1,-1,-1,-1,,0,0,,1,1,-1,,,,1,0,0,0,0,0,0,0,,0,0,0,0,0,0,0,-1,-1,0,0,1,1,1,1,1,-1,-1,1,1,1,1,-1,-1,-1,1,1,1,1,-1,-1,-1,-1,-1,-1,-1,-1,-1,1,1,1,-1,1,1,1,1,1,1,-1,-1,-1,-1,-1,1,1,-1,1,1,1,1,1,1,1,1,1,1,1,1,1,1,-1,1,1,1,1,1,1,1,1,1,1,-1,1,1,1,1,1,1,-1,1,1,1,-1,1,1,1,1,1,1,1,1,1,1,1,1,1,1,1,-1,-1,-1,1,-1,-1,-1,-1,-1,-1,-1,-1,1,1,1,1,261,222,39,73.11,286,70,7
omniflow_2023,-1,-1,-1,-1,-1,-1,-1,-1,-1,-1,-1,-1,-1,-1,-1,1,1,-1,-1,-1,1,-1,1,1,-1,-1,-1,-1,-1,1,1,1,-1,-1,-1,-1,-1,-1,1,1,-1,1,1,-1,-1,-1,-1,-1,1,-1,0,1,1,-1,1,1,-1,-1,-1,0,-1,-1,-1,-1,-1,1,1,-1,-1,-1,-1,1,-1,-1,-1,-1,-1,-1,-1,-1,-1,-1,-1,-1,0,0,-1,-1,-1,1,1,-1,-1,-1,-1,-1,-1,-1,-1,-1,-1,-1,-1,1,0,1,-1,-1,-1,-1,-1,-1,-1,-1,-1,-1,-1,-1,-1,-1,-1,-1,-1,1,1,-1,-1,-1,-1,-1,-1,-1,-1,1,1,-1,-1,1,1,-1,-1,1,1,1,-1,-1,-1,-1,0,0,0,0,-1,0,0,0,0,-1,0,1,0,0,-1,1,1,1,0,0,0,0,0,0,-1,-1,0,-1,-1,-1,1,-1,0,-1,-1,1,-1,1,-1,-1,1,-1,0,0,0,0,1,1,0,0,0,,-1,-1,-1,-1,-1,-1,-1,1,1,-1,-1,-1,-1,-1,-1,1,1,-1,-1,-1,-1,-1,-1,-1,-1,-1,-1,,,,0,0,,0,0,0,0,0,0,0,0,0,0,0,0,0,-1,-1,1,1,-1,-1,-1,-1,1,1,1,-1,-1,-1,1,1,1,1,-1,-1,-1,1,1,1,-1,-1,1,-1,-1,-1,-1,1,1,1,1,1,1,-1,-1,0,1,-1,1,1,-1,-1,1,1,-1,1,1,1,1,1,1,1,1,1,1,1,1,1,1,-1,1,1,1,1,1,1,1,1,1,1,-1,1,1,1,1,1,1,1,1,1,1,-1,1,1,1,1,-1,1,1,1,1,-1,-1,1,-1,-1,1,1,1,1,1,1,1,1,1,1,1,1,-1,1,1,1,1,130,105,25,36.41,177,181,5
climformatics_inc_2023,-1,-1,-1,-1,-1,,1,1,-1,-1,-1,1,1,1,1,1,1,0,1,1,1,1,1,1,1,1,1,1,1,-1,-1,-1,-1,-1,-1,-1,-1,-1,-1,-1,-1,-1,-1,-1,-1,-1,-1,-1,-1,-1,-1,-1,-1,-1,-1,-1,-1,-1,-1,-1,-1,-1,-1,-1,-1,0,0,-1,1,1,1,1,0,0,0,0,0,0,0,1,1,1,1,1,-1,0,-1,-1,-1,1,1,-1,0,0,0,0,0,0,0,-1,-1,-1,-1,1,-1,1,1,1,1,1,1,1,-1,-1,1,-1,-1,-1,-1,-1,-1,0,0,1,1,0,0,0,0,0,0,0,0,1,1,0,1,1,1,1,1,1,1,1,1,1,1,0,0,0,0,0,0,0,0,0,0,0,0,0,0,0,0,-1,-1,0,0,0,0,0,0,0,-1,0,0,-1,-1,-1,-1,-1,0,-1,-1,-1,-1,-1,-1,-1,-1,-1,0,0,0,0,-1,-1,0,0,0,,-1,-1,-1,-1,-1,-1,-1,-1,-1,-1,-1,-1,-1,-1,-1,-1,-1,-1,-1,-1,0,-1,-1,-1,-1,-1,-1,,,,0,0,,0,0,0,0,0,0,0,0,0,0,0,0,0,-1,-1,-1,-1,-1,-1,-1,-1,1,1,1,1,1,1,1,1,0,-1,1,1,1,1,1,1,1,1,1,1,1,1,1,1,1,1,1,1,1,1,1,1,1,-1,1,1,-1,-1,1,1,1,1,1,1,-1,1,1,1,1,1,1,-1,1,1,1,1,1,1,1,1,1,1,1,1,1,1,-1,1,1,1,1,1,-1,0,1,1,1,-1,1,1,1,1,1,1,-1,1,1,1,1,1,1,1,1,1,1,1,1,-1,-1,-1,1,1,1,1,1,1,1,1,1,148,127,21,41.46,228,129,6
metavoxel_2023,-1,-1,1,1,1,-1,-1,-1,-1,-1,-1,1,1,1,1,1,1,0,-1,-1,1,1,0,0,0,1,1,0,0,-1,-1,0,0,0,-1,0,-1,0,-1,-1,-1,1,-1,-1,0,1,1,1,0,0,1,1,-1,-1,-1,1,0,1,0,0,1,1,-1,0,0,0,0,-1,-1,-1,-1,-1,0,0,0,0,-1,0,0,-1,-1,-1,-1,-1,0,0,-1,-1,0,-1,0,-1,0,0,0,0,0,0,0,0,0,0,0,-1,-1,1,-1,-1,-1,-1,-1,-1,-1,-1,-1,-1,-1,-1,-1,0,0,0,0,1,1,0,0,0,0,-1,0,-1,-1,-1,-1,-1,-1,1,1,-1,-1,1,1,1,-1,-1,-1,-1,-1,1,0,0,0,0,0,1,0,-1,0,0,0,0,0,-1,-1,-1,0,0,0,0,-1,0,-1,-1,0,-1,1,1,1,1,0,-1,1,1,1,1,1,1,1,-1,0,0,0,0,1,1,0,0,-1,0,-1,-1,-1,-1,-1,-1,-1,-1,-1,-1,-1,-1,-1,-1,-1,-1,-1,-1,-1,-1,-1,-1,-1,-1,-1,-1,-1,,,,0,0,,0,0,0,0,0,0,0,0,0,0,0,,0,-1,-1,-1,-1,-1,-1,-1,-1,1,1,1,-1,-1,-1,1,1,-1,0,1,1,1,1,1,1,-1,-1,1,-1,-1,1,-1,1,1,1,1,1,1,-1,-1,-1,1,-1,1,1,-1,-1,1,1,-1,1,1,1,-1,1,1,1,1,1,1,1,1,1,1,1,1,1,1,1,1,1,1,-1,1,-1,-1,1,1,-1,1,1,1,-1,-1,1,1,1,1,1,-1,1,1,-1,1,1,1,-1,-1,1,-1,1,1,-1,-1,1,1,1,1,1,1,-1,-1,1,-1,1,1,-1,1,120,98,22,33.61,211,147,5
community_energy_labs_2023,1,1,1,1,1,,1,1,1,1,1,,,,,0,0,0,0,0,0,1,-1,-1,0,0,0,0,0,-1,-1,0,0,0,0,0,-1,0,-1,-1,0,-1,-1,0,0,0,0,0,0,0,0,-1,0,0,-1,-1,-1,-1,0,0,-1,-1,0,-1,-1,0,0,0,0,0,0,0,0,0,-1,0,0,0,0,1,1,1,1,1,1,1,-1,-1,1,1,1,0,-1,-1,-1,-1,0,0,0,0,0,0,0,1,1,1,0,0,0,0,0,0,0,0,0,-1,-1,-1,-1,0,0,0,0,1,1,0,0,0,0,0,0,1,0,1,1,0,1,1,1,1,0,1,1,1,0,1,0,-1,-1,0,0,0,-1,0,0,0,0,-1,0,-1,0,0,0,-1,-1,-1,0,0,0,-1,0,0,-1,-1,0,-1,-1,-1,-1,-1,-1,-1,0,-1,-1,-1,-1,-1,-1,-1,0,0,0,0,-1,-1,0,0,-1,0,-1,-1,-1,-1,-1,-1,-1,-1,-1,-1,-1,0,0,-1,-1,-1,-1,0,0,0,-1,0,0,-1,0,-1,0,,,,0,0,0,0,0,0,0,0,0,0,0,0,0,0,,0,-1,-1,-1,-1,-1,-1,-1,-1,1,1,1,1,1,1,1,1,1,1,1,1,1,1,1,1,1,1,1,1,1,1,1,1,1,1,1,1,1,1,1,1,1,1,1,1,1,0,1,1,1,1,1,1,1,1,-1,1,1,1,1,1,1,1,1,1,1,1,1,1,1,1,1,1,-1,1,-1,1,1,1,1,1,1,1,1,0,1,0,1,1,0,1,0,1,1,1,1,1,1,-1,1,-1,1,-1,-1,1,-1,-1,-1,-1,-1,1,-1,-1,-1,1,1,-1,1,125,105,20,35.01,255,99,9
perch_sensing_inc_2023,1,1,-1,-1,-1,-1,-1,-1,1,1,1,1,1,1,1,-1,-1,0,-1,-1,1,0,0,0,0,1,1,0,0,-1,-1,0,0,0,0,0,0,0,0,0,0,-1,0,0,0,-1,0,0,0,0,0,-1,0,0,-1,0,0,0,0,0,-1,-1,0,0,0,-1,-1,1,0,0,0,-1,-1,0,0,-1,1,-1,0,0,0,0,0,0,-1,0,-1,-1,-1,1,0,0,0,0,0,0,0,0,0,-1,-1,-1,-1,1,0,1,0,0,0,0,-1,0,-1,-1,0,0,0,0,0,0,0,0,0,1,1,0,0,0,0,0,0,0,0,1,1,0,1,1,1,1,0,1,1,1,0,1,-1,0,0,0,0,0,0,0,0,0,0,0,0,0,0,0,0,0,-1,0,0,0,0,0,0,0,-1,0,0,-1,-1,-1,-1,-1,0,-1,-1,-1,-1,-1,-1,-1,-1,-1,0,0,0,0,-1,-1,0,0,0,,-1,-1,-1,-1,-1,-1,-1,-1,-1,-1,-1,0,0,0,0,-1,-1,-1,-1,-1,-1,0,0,0,0,0,0,,,,0,0,,0,0,0,0,0,0,0,0,0,1,0,0,0,-1,-1,-1,-1,-1,-1,-1,-1,1,-1,-1,0,0,0,-1,1,0,0,1,1,1,1,1,1,-1,-1,1,0,0,1,0,1,1,1,1,-1,1,1,1,1,1,1,1,1,0,-1,1,1,-1,1,1,1,1,-1,-1,1,1,-1,1,1,1,1,1,-1,-1,1,-1,-1,1,1,1,-1,-1,-1,0,-1,1,-1,-1,1,1,-1,0,-1,1,1,1,1,-1,-1,-1,-1,-1,1,1,-1,-1,0,0,1,1,0,0,-1,-1,-1,-1,-1,-1,-1,-1,0,0,1,-1,-1,0,81,69,12,22.69,239,119,5
ariya_energy_2023,-1,-1,-1,-1,-1,0,0,0,-1,-1,-1,1,1,1,1,1,1,0,0,0,1,-1,0,0,0,1,1,0,0,1,1,1,-1,1,0,0,0,0,1,1,1,1,1,0,0,0,0,0,0,0,0,1,1,1,1,1,1,1,1,1,1,1,0,1,1,1,1,1,-1,-1,1,1,0,0,0,0,1,1,0,1,0,1,-1,-1,0,0,-1,-1,0,1,0,0,0,0,0,0,0,0,0,0,0,0,0,1,0,1,0,0,0,0,0,0,1,1,0,1,1,1,1,0,0,0,0,1,1,0,0,0,0,0,0,0,0,1,1,0,1,1,1,1,0,1,1,1,0,1,1,0,1,1,0,1,1,0,0,0,0,-1,0,0,0,0,0,-1,1,1,0,0,0,0,0,0,1,1,0,1,1,1,1,1,0,1,0,1,1,1,-1,1,1,1,0,0,0,0,1,1,0,0,1,,1,1,-1,-1,-1,-1,-1,1,1,0,0,0,0,0,0,0,0,,1,1,0,0,0,0,0,0,0,,,,0,0,0,0,0,0,0,0,0,0,0,0,0,0,0,0,1,1,1,1,-1,-1,-1,-1,1,0,0,0,0,0,1,1,0,0,1,1,1,1,-1,-1,0,0,0,0,0,-1,0,0,0,1,1,0,0,1,1,1,1,1,0,0,0,0,1,0,0,1,1,1,1,0,1,1,1,1,1,1,1,1,1,1,1,1,1,1,0,0,0,0,1,0,0,-1,1,1,1,1,1,0,1,-1,1,1,1,1,0,0,0,0,1,1,1,0,0,-1,0,0,1,0,0,1,-1,0,0,0,1,0,0,0,0,1,1,-1,0,147,126,21,41.18,322,36,5
tecsi_solar_inc_2023,-1,-1,1,1,1,0,0,0,1,1,1,1,1,1,1,1,1,0,0,0,1,0,0,0,0,1,1,0,0,1,1,1,0,-1,0,1,0,0,1,0,0,1,0,0,0,1,1,1,1,0,-1,-1,0,-1,1,1,1,0,0,0,0,0,0,0,0,1,1,1,0,0,0,1,0,0,0,0,1,-1,0,0,1,1,1,1,0,0,-1,-1,1,1,1,-1,-1,-1,-1,-1,0,0,0,-1,-1,-1,-1,1,1,1,0,0,0,0,0,0,-1,-1,0,0,0,0,0,0,0,0,0,1,1,0,0,0,0,0,0,-1,0,1,1,0,0,1,1,0,0,1,1,1,0,0,-1,0,0,0,0,1,1,0,0,1,0,0,0,1,0,0,0,0,0,-1,0,0,0,0,0,0,1,1,0,1,1,1,1,1,0,1,1,1,1,1,1,1,1,1,1,0,1,1,1,1,0,0,0,,1,1,-1,-1,1,-1,-1,-1,-1,-1,-1,0,0,0,0,1,1,,1,1,0,-1,-1,0,0,0,0,,,,0,0,0,0,0,0,0,0,0,0,0,0,0,0,0,0,1,1,1,1,-1,-1,-1,1,1,0,0,1,1,1,1,1,0,0,1,1,1,1,0,0,0,0,1,0,0,-1,0,0,0,0,0,1,0,1,1,1,1,1,1,1,1,1,1,1,0,1,1,1,1,1,1,1,1,1,1,1,1,1,1,1,0,1,0,1,0,0,0,0,1,0,0,1,1,1,1,1,1,1,-1,1,1,0,1,1,0,-1,1,1,0,1,1,0,0,1,0,1,1,0,0,1,1,1,1,1,1,1,1,1,1,1,1,0,-1,160,137,23,44.82,318,40,5
hawk_spider_energy_corp_2023,-1,-1,1,1,1,-1,-1,-1,1,1,1,1,1,1,1,1,1,0,1,1,1,0,0,0,0,0,1,0,0,1,1,1,0,0,0,0,0,0,1,1,1,1,0,0,0,0,-1,-1,0,0,0,1,0,0,1,0,0,0,0,0,1,0,0,0,0,1,1,1,0,0,0,,0,0,0,0,1,1,0,0,1,1,-1,-1,0,0,-1,-1,0,1,1,1,,1,1,1,0,0,0,-1,-1,-1,-1,1,1,1,1,1,1,1,1,1,1,1,1,0,0,0,0,0,0,-1,-1,1,1,-1,-1,0,0,0,0,1,0,1,1,0,0,1,1,1,1,1,1,1,-1,1,1,1,0,0,0,0,0,0,0,-1,0,1,0,1,-1,0,0,1,1,1,-1,-1,0,0,0,0,1,1,0,1,1,1,1,1,0,0,0,1,1,1,0,1,1,0,0,0,0,0,1,1,0,0,0,,1,1,-1,-1,1,-1,1,1,1,-1,-1,-1,-1,0,0,1,1,,1,1,0,-1,-1,0,0,0,0,,,,0,0,0,0,0,0,0,0,0,,1,1,0,0,,0,1,1,1,1,1,-1,1,-1,1,0,0,1,1,1,1,1,1,0,1,1,1,1,1,1,1,1,1,0,0,1,0,1,1,1,1,1,1,1,0,-1,1,1,1,1,0,0,1,1,1,1,1,1,1,1,1,1,1,-1,1,1,1,1,1,1,1,1,0,1,1,1,1,0,1,0,1,1,1,1,0,1,1,1,1,0,1,1,1,1,1,1,0,0,1,1,1,0,0,1,0,1,1,0,0,1,1,1,1,1,1,1,0,1,0,1,0,0,0,184,166,18,51.54,317,37,9
maelstrom_water_technologies_2023,-1,-1,1,1,1,,,,-1,-1,-1,-1,-1,-1,-1,1,1,0,-1,-1,1,0,0,0,0,1,1,0,0,1,1,1,-1,1,0,-1,0,0,1,1,1,1,1,0,1,-1,-1,-1,1,0,1,1,-1,1,1,1,1,1,0,0,1,1,0,0,0,1,1,1,0,0,1,1,0,0,0,1,1,1,0,1,1,1,1,1,1,0,-1,-1,0,1,1,1,-1,-1,-1,-1,0,0,0,-1,-1,-1,-1,1,1,1,0,0,0,0,0,0,0,0,0,1,1,1,1,0,0,0,0,1,1,0,0,0,0,0,0,0,0,1,1,0,1,1,1,1,0,1,1,1,0,1,0,1,-1,1,-1,0,0,0,-1,1,0,1,0,1,-1,0,0,1,1,1,-1,0,0,0,1,0,1,1,0,1,1,1,1,1,0,1,1,1,1,1,1,1,1,1,0,-1,0,0,1,1,-1,-1,-1,-1,1,1,-1,-1,1,-1,-1,1,1,-1,-1,1,1,0,0,0,0,-1,-1,-1,0,-1,-1,0,0,0,0,,,,0,0,0,0,0,0,0,0,0,-1,-1,-1,1,0,0,0,-1,-1,1,1,1,-1,-1,-1,1,1,1,1,1,1,1,1,1,1,1,1,1,1,1,1,1,1,1,0,0,1,0,1,1,1,1,1,1,-1,-1,-1,1,1,1,1,0,0,1,1,1,1,1,1,1,1,1,1,1,1,1,1,1,1,1,1,0,1,1,1,1,1,1,0,1,1,0,1,1,1,1,1,1,0,0,0,1,1,1,1,1,1,0,-1,1,1,1,0,0,1,1,1,1,0,0,1,0,0,0,0,0,0,1,1,1,1,1,0,0,183,157,26,51.26,297,60,6
active_surfaces_2023,1,1,-1,-1,-1,-1,-1,-1,1,1,1,1,1,1,1,1,1,0,1,1,1,1,0,0,0,1,1,1,1,1,1,0,-1,-1,-1,1,0,0,1,1,1,1,1,0,0,1,1,1,1,0,0,1,1,1,1,1,1,1,-1,-1,1,1,1,1,1,0,0,1,1,1,1,1,1,0,-1,1,1,0,0,1,1,0,-1,-1,-1,0,-1,-1,0,1,-1,1,,1,1,1,,1,1,-1,-1,-1,-1,1,1,1,0,0,0,0,0,0,0,0,0,0,0,0,0,0,0,0,0,1,1,0,0,0,0,0,0,0,0,1,1,0,0,0,0,0,0,1,1,1,0,1,0,-1,0,-1,-1,-1,-1,-1,0,-1,-1,-1,-1,-1,-1,-1,-1,-1,-1,-1,-1,-1,-1,-1,-1,0,-1,0,0,-1,-1,-1,-1,-1,-1,-1,0,-1,-1,-1,-1,-1,-1,-1,0,0,0,0,-1,-1,0,0,0,,-1,-1,-1,-1,-1,-1,-1,-1,-1,-1,-1,-1,-1,0,0,-1,-1,-1,-1,-1,-1,-1,-1,0,0,-1,0,,,,0,0,0,0,0,0,0,0,0,0,0,0,0,0,0,0,-1,-1,-1,-1,-1,-1,-1,-1,1,1,1,1,1,1,-1,1,1,1,1,1,1,-1,0,0,0,0,-1,-1,-1,1,1,1,1,1,1,0,-1,0,-1,1,1,0,0,0,-1,0,1,1,1,1,1,1,1,-1,1,-1,1,1,1,1,1,1,-1,0,0,1,-1,1,1,1,1,1,-1,-1,1,1,1,1,1,1,1,-1,-1,-1,1,-1,1,-1,1,1,1,1,1,1,1,1,1,1,1,0,1,0,0,0,0,0,0,0,0,0,0,0,0,1,1,1,-1,135,111,24,37.82,246,111,6
electromaim_2023,-1,-1,-1,-1,-1,,,,-1,-1,-1,,,,,-1,-1,0,-1,-1,1,0,0,0,0,0,1,0,0,1,1,1,1,1,-1,-1,1,-1,1,1,1,1,1,1,0,-1,1,-1,-1,0,0,1,0,1,1,-1,0,0,0,0,-1,1,1,1,1,0,0,-1,0,0,0,0,1,0,0,-1,0,0,-1,0,1,0,-1,-1,0,0,-1,-1,0,1,1,-1,0,0,0,0,0,0,0,-1,-1,-1,-1,1,0,1,1,1,1,1,-1,0,-1,-1,-1,0,0,0,0,0,0,0,0,1,1,0,0,0,0,0,0,0,0,-1,-1,0,-1,1,1,1,1,1,1,1,1,1,-1,0,0,0,0,0,0,0,0,-1,0,0,0,0,0,0,0,0,-1,-1,-1,0,0,0,0,0,0,0,0,-1,-1,-1,-1,-1,0,-1,0,-1,-1,-1,0,-1,-1,-1,-1,0,0,-1,-1,-1,0,0,0,,0,0,-1,-1,-1,-1,-1,-1,-1,-1,-1,-1,-1,0,0,0,0,0,0,0,0,0,0,0,0,0,0,,,,0,0,0,0,0,0,0,0,0,0,0,0,0,0,0,0,0,0,0,0,-1,-1,-1,-1,1,1,1,1,1,1,1,-1,0,0,1,1,1,1,-1,-1,-1,-1,1,-1,-1,-1,0,0,0,0,-1,-1,-1,-1,0,1,1,1,1,1,1,1,1,1,1,1,1,1,1,1,1,1,1,1,1,1,1,1,1,1,1,1,0,0,0,0,0,0,1,1,1,1,1,1,1,1,-1,0,1,0,1,1,1,1,1,1,1,1,1,1,1,1,1,1,1,1,1,0,0,1,1,0,0,0,-1,-1,-1,0,0,1,1,0,0,112,92,20,31.37,261,91,11
shred_electric_2023,1,1,-1,-1,-1,,,,-1,-1,-1,1,1,1,1,0,0,0,-1,-1,1,1,0,0,0,0,0,1,1,1,1,0,-1,-1,0,1,-1,0,-1,-1,-1,1,1,1,0,-1,-1,-1,-1,0,0,1,0,1,1,-1,-1,0,0,0,1,1,0,0,0,0,0,1,1,1,1,1,0,0,0,0,1,-1,0,1,-1,0,-1,-1,-1,0,1,1,0,1,1,-1,-1,-1,-1,-1,0,0,0,-1,-1,-1,-1,-1,0,1,1,1,1,1,1,1,0,0,0,1,1,1,1,1,1,-1,-1,1,1,0,0,0,-1,0,0,0,0,1,1,0,1,1,1,1,1,1,1,1,1,1,1,-1,0,1,0,0,0,0,0,-1,0,-1,-1,-1,-1,0,0,-1,-1,-1,-1,-1,0,0,-1,0,-1,0,0,-1,-1,-1,-1,-1,0,-1,-1,0,-1,-1,0,-1,-1,-1,-1,-1,0,-1,-1,0,-1,-1,0,-1,-1,-1,-1,-1,-1,-1,-1,-1,-1,-1,-1,-1,-1,-1,-1,-1,-1,,1,1,1,-1,-1,0,0,0,0,,,,0,0,,0,0,0,0,0,0,-1,-1,-1,0,0,,0,1,1,-1,-1,-1,-1,-1,-1,1,1,1,0,0,0,-1,1,0,0,1,1,1,1,1,1,1,1,1,1,1,1,1,1,1,-1,1,1,-1,1,1,1,-1,0,0,0,0,0,1,1,1,1,1,1,-1,-1,1,1,1,1,1,1,1,1,1,1,1,1,1,1,0,0,0,1,1,0,0,0,0,-1,1,1,-1,0,0,1,-1,0,-1,1,0,-1,0,-1,0,1,-1,0,0,-1,1,0,-1,0,0,0,0,0,0,0,0,0,0,0,0,-1,1,-1,1,120,105,15,33.61,239,115,9
silisiumtech_inc_2023,-1,-1,-1,-1,-1,-1,-1,-1,-1,-1,-1,0,0,0,0,-1,-1,-1,0,0,1,-1,1,1,1,0,0,0,0,-1,-1,0,0,0,0,-1,0,0,0,0,-1,-1,-1,-1,0,-1,-1,-1,-1,-1,-1,-1,0,-1,-1,0,0,0,0,0,-1,-1,-1,0,0,-1,-1,1,1,1,1,1,0,0,0,1,1,-1,-1,1,-1,0,-1,-1,0,0,0,0,0,-1,0,0,-1,-1,-1,-1,-1,-1,-1,-1,-1,-1,-1,0,0,1,1,1,1,1,1,0,0,0,0,1,1,1,1,0,0,0,0,1,1,0,0,0,0,-1,0,-1,0,1,1,-1,1,1,1,1,1,1,1,1,1,1,1,0,0,0,0,0,0,0,0,0,-1,-1,0,-1,0,0,0,-1,-1,-1,0,0,0,0,0,0,0,0,0,0,0,0,0,0,0,0,0,0,0,0,0,0,0,0,0,0,0,0,0,0,0,0,0,-1,-1,-1,-1,-1,-1,-1,-1,-1,-1,-1,-1,-1,-1,-1,-1,-1,-1,-1,-1,-1,-1,-1,-1,-1,-1,-1,-1,,,,0,0,,0,0,0,0,0,,-1,-1,-1,0,0,,0,-1,-1,-1,-1,-1,-1,-1,-1,1,0,0,-1,-1,-1,1,1,-1,0,1,1,1,1,1,1,1,1,1,1,1,1,1,1,1,1,1,1,1,1,1,1,1,0,-1,-1,0,0,1,1,1,1,1,1,0,-1,-1,1,1,1,1,1,1,1,1,1,1,1,1,1,0,0,0,-1,0,-1,-1,1,1,1,1,1,-1,0,-1,1,1,1,-1,0,0,1,1,1,0,1,-1,1,0,0,1,1,1,1,1,1,1,1,1,1,-1,0,0,0,0,-1,1,0,1,107,90,17,29.97,239,118,6
power_3d_2023,-1,-1,-1,-1,-1,-1,-1,-1,-1,-1,-1,-1,-1,-1,-1,-1,-1,1,-1,-1,0,1,1,1,-1,-1,0,1,1,1,1,1,-1,0,0,0,0,0,0,0,-1,1,-1,0,0,1,1,1,0,0,0,0,0,-1,-1,-1,-1,0,0,0,1,-1,-1,-1,-1,0,0,0,1,1,0,0,0,0,0,-1,-1,0,0,1,0,0,0,0,0,0,0,0,0,0,0,0,0,0,0,0,0,0,0,0,0,0,0,0,0,1,0,0,0,0,0,0,0,0,0,0,0,0,0,0,0,0,0,1,1,0,0,0,0,1,1,1,0,1,1,0,1,1,1,1,1,1,1,1,1,1,-1,0,0,-1,0,-1,-1,0,0,-1,0,-1,0,-1,0,0,0,-1,1,-1,0,0,0,0,0,0,-1,0,0,-1,-1,-1,-1,-1,0,-1,0,-1,-1,-1,0,-1,-1,-1,0,0,0,0,0,-1,0,0,0,,1,1,-1,-1,-1,-1,1,1,1,1,1,1,1,1,1,-1,-1,,1,1,0,-1,-1,1,-1,1,0,,,,0,0,,0,0,0,0,0,,-1,-1,-1,0,0,,0,1,1,1,1,-1,-1,-1,-1,1,1,1,1,1,1,0,1,0,0,1,1,1,1,1,1,1,1,1,1,1,1,0,-1,-1,0,1,1,1,0,1,1,1,0,1,1,1,0,1,1,1,1,1,1,-1,1,1,1,0,1,1,1,1,1,1,1,1,-1,1,1,1,1,1,1,1,0,0,0,-1,0,1,1,-1,0,0,0,1,0,-1,-1,0,1,1,1,0,1,1,0,-1,-1,0,1,1,1,1,1,1,1,1,1,1,1,0,1,0,0,1,-1,0,128,110,18,35.85,271,84,8
rivieh_2023,-1,-1,1,1,1,-1,-1,-1,-1,-1,-1,-1,-1,-1,-1,-1,-1,0,-1,-1,1,-1,0,0,0,1,1,0,0,-1,-1,-1,0,0,0,0,0,0,-1,-1,-1,-1,-1,0,0,-1,-1,-1,-1,0,0,-1,0,-1,-1,-1,-1,0,0,0,0,0,0,0,0,-1,-1,0,1,1,-1,1,1,0,0,0,1,-1,-1,-1,1,-1,-1,-1,-1,0,-1,-1,1,1,1,1,0,0,0,0,0,0,0,-1,-1,-1,-1,1,1,1,0,0,-1,-1,0,0,0,0,0,0,0,0,0,0,0,0,0,1,1,0,0,0,0,0,0,0,-1,1,1,-1,0,1,1,0,0,1,1,1,0,0,0,0,0,0,0,0,0,0,0,0,0,0,0,0,0,0,0,0,0,0,0,0,0,0,0,0,0,0,0,0,0,0,0,0,0,0,0,0,0,0,0,0,0,0,0,0,0,0,0,0,0,0,0,,-1,-1,-1,-1,-1,0,-1,0,0,0,0,0,0,0,0,0,0,-1,-1,-1,0,0,0,0,0,0,0,,,,0,0,0,0,0,0,0,0,0,0,0,0,0,0,,-1,-1,-1,0,0,-1,-1,-1,-1,1,1,1,1,1,1,1,1,-1,-1,-1,-1,-1,1,-1,-1,-1,-1,1,-1,-1,1,0,1,1,1,-1,1,0,-1,-1,1,1,0,1,1,-1,0,1,-1,-1,1,1,1,1,1,1,1,1,1,1,1,1,1,1,1,-1,1,1,1,1,1,1,1,1,-1,-1,1,1,1,1,1,1,1,1,1,1,1,1,1,1,-1,1,1,1,-1,1,1,-1,-1,-1,1,1,-1,-1,1,1,-1,-1,-1,1,1,1,1,1,-1,1,-1,0,100,82,18,28.01,256,102,5
tyfast_2023,1,1,-1,-1,-1,-1,-1,-1,-1,-1,-1,-1,-1,-1,-1,1,1,0,-1,-1,1,0,0,0,0,1,0,0,0,-1,-1,0,0,0,0,0,0,0,0,0,-1,-1,0,0,0,0,0,0,0,0,0,-1,0,0,-1,0,0,0,0,0,0,-1,-1,0,0,-1,-1,-1,1,1,-1,1,-1,-1,-1,0,-1,-1,0,1,1,-1,-1,-1,-1,0,-1,-1,0,1,1,0,,1,1,1,0,0,0,-1,-1,-1,-1,1,1,1,-1,-1,-1,-1,0,-1,0,0,0,0,0,0,0,0,0,0,0,1,1,0,0,0,0,0,0,0,-1,-1,-1,-1,1,1,1,1,0,-1,-1,-1,0,1,0,-1,0,0,0,-1,-1,0,0,-1,0,-1,0,-1,0,0,0,-1,-1,0,0,0,0,0,0,0,0,-1,0,-1,-1,-1,0,0,0,0,0,0,0,0,0,0,0,0,0,0,0,0,0,0,0,0,0,0,0,0,0,0,0,0,0,-1,-1,-1,-1,-1,-1,-1,-1,-1,-1,0,0,0,-1,0,0,0,0,-1,0,,,,0,0,0,0,0,0,0,0,0,0,0,0,0,0,,-1,-1,-1,-1,-1,-1,0,0,0,1,1,1,1,1,1,1,1,1,1,1,1,1,1,-1,-1,-1,-1,1,-1,-1,1,-1,1,1,1,1,1,1,1,1,1,1,1,1,1,0,0,1,1,1,1,1,1,1,1,1,1,1,1,1,1,1,1,1,1,1,1,1,1,1,1,1,1,-1,-1,-1,1,1,1,1,1,1,-1,-1,-1,-1,-1,-1,1,-1,1,-1,-1,-1,1,1,1,1,-1,1,0,1,0,0,1,1,-1,-1,-1,1,1,0,1,1,1,1,1,-1,104,87,17,29.13,249,109,5
ohm_2023,1,1,1,1,1,-1,-1,-1,1,1,1,1,1,1,1,1,1,0,1,1,1,1,-1,-1,0,0,1,0,0,0,0,0,0,0,0,0,0,0,0,0,0,-1,0,0,0,-1,-1,-1,-1,0,0,-1,0,0,0,-1,0,0,0,0,-1,-1,0,0,0,0,0,1,0,0,0,0,0,0,1,-1,-1,-1,0,0,1,0,-1,-1,1,0,1,1,0,1,1,0,0,0,0,0,0,0,0,,1,1,1,1,1,1,0,0,0,0,0,0,0,0,0,1,1,1,1,1,1,0,0,1,1,-1,-1,0,0,0,0,1,0,1,1,0,0,1,1,1,1,1,1,1,-1,-1,0,0,0,-1,0,-1,-1,0,0,-1,0,0,0,0,0,0,0,-1,-1,0,0,0,0,0,0,0,-1,0,0,0,-1,-1,-1,-1,0,-1,0,-1,-1,-1,0,-1,-1,-1,0,0,0,0,0,-1,0,0,-1,,0,0,-1,-1,-1,-1,-1,-1,-1,-1,-1,-1,-1,0,0,0,0,0,0,0,0,0,0,0,-1,0,0,,,,0,0,0,0,0,0,0,0,0,0,0,0,0,0,0,0,0,0,0,0,-1,-1,-1,-1,1,1,1,1,1,1,1,1,-1,-1,1,1,1,1,1,1,-1,-1,1,-1,-1,-1,-1,1,1,1,1,1,1,1,1,1,1,0,-1,-1,-1,1,1,1,1,1,1,1,1,1,1,1,1,1,1,1,1,1,1,0,1,1,1,1,1,1,1,1,1,-1,1,-1,1,1,1,1,-1,-1,1,1,1,-1,-1,1,-1,1,1,-1,1,1,1,1,-1,-1,-1,1,1,0,0,1,0,0,0,0,1,1,1,-1,0,-1,1,1,-1,126,109,17,35.29,274,84,5
the_hopeware_center_2023,1,1,1,1,1,,1,1,1,1,1,1,1,1,1,1,1,1,1,1,1,1,-1,-1,-1,1,1,1,1,0,0,0,0,0,0,0,0,0,0,0,0,0,0,0,0,0,0,0,0,0,0,0,0,0,0,0,0,0,0,0,0,0,0,0,0,0,0,0,0,0,0,1,1,0,-1,1,0,0,0,1,1,0,-1,-1,0,0,1,1,0,1,1,1,0,0,0,0,0,0,0,0,0,0,0,1,0,1,1,1,0,0,0,0,0,0,0,0,0,0,0,0,0,0,0,1,1,0,0,0,0,0,0,-1,0,0,0,0,0,1,1,0,1,1,1,1,-1,0,1,0,0,0,0,0,0,0,0,0,0,0,0,0,0,0,0,0,0,0,0,0,0,0,0,0,0,0,0,0,0,0,0,0,0,0,0,0,0,0,0,0,0,0,0,0,0,0,0,0,0,0,0,,0,0,0,0,0,0,0,0,0,0,0,0,0,0,0,0,0,0,0,0,0,0,0,0,0,0,0,,,,0,0,0,0,0,0,0,0,0,0,0,0,0,0,0,0,0,0,0,0,0,0,0,0,1,0,0,1,1,1,0,1,1,1,1,1,1,1,0,0,0,0,1,0,0,1,0,1,1,-1,1,-1,1,1,-1,1,1,1,1,1,0,0,1,1,0,0,0,0,0,0,1,0,1,1,1,0,1,1,1,-1,1,1,1,0,1,1,1,1,1,1,1,-1,1,1,1,1,1,1,0,1,0,-1,1,1,1,1,1,1,1,-1,-1,0,0,1,0,0,-1,0,0,1,1,1,1,1,1,1,-1,1,0,0,1,0,1,115,103,12,32.21,340,18,5
algal_tech_inc_2023,-1,-1,-1,-1,-1,-1,-1,-1,-1,-1,-1,1,1,1,1,1,1,1,1,1,1,1,0,0,-1,1,1,1,1,1,1,0,0,0,1,0,1,0,1,0,0,1,1,1,1,1,1,1,1,0,0,1,-1,1,-1,0,0,0,-1,-1,-1,0,0,0,0,1,1,1,1,1,0,1,-1,0,0,0,0,0,0,1,1,-1,1,1,1,-1,1,1,1,1,1,1,-1,-1,-1,-1,0,0,0,,1,1,1,1,1,1,0,0,0,0,1,1,1,1,0,0,0,0,0,0,0,1,1,1,1,1,1,0,0,0,0,0,0,1,1,0,0,1,1,-1,0,1,1,1,1,-1,1,1,0,0,0,1,1,-1,0,1,0,1,1,1,1,-1,0,1,1,1,0,0,0,-1,-1,0,1,1,0,0,1,-1,1,1,0,1,0,0,0,0,0,0,1,1,0,0,0,0,1,0,0,0,0,,1,1,-1,-1,1,-1,1,1,1,1,1,1,1,-1,-1,1,1,,1,1,0,-1,-1,0,0,0,0,,,,0,0,0,0,0,0,0,0,0,,1,1,0,0,0,0,1,1,1,1,1,-1,-1,-1,1,1,1,1,1,1,0,1,-1,-1,1,1,1,1,-1,-1,-1,-1,1,0,0,1,0,1,1,1,1,1,1,-1,-1,1,1,0,1,1,-1,0,1,1,-1,1,1,1,1,1,1,,1,1,1,-1,1,0,1,1,0,1,-1,0,1,1,1,1,1,1,1,1,0,0,1,-1,0,1,1,1,1,0,0,0,0,1,0,0,1,1,1,1,0,1,1,0,1,0,0,0,1,1,1,1,0,0,0,0,0,0,1,0,0,177,158,19,49.58,301,54,8
expost_technology_2023,-1,-1,-1,-1,-1,0,0,0,-1,-1,-1,-1,-1,-1,-1,1,1,0,0,0,1,0,0,0,0,-1,1,0,0,1,1,-1,0,0,0,0,0,0,1,1,1,1,1,0,0,-1,-1,-1,0,0,0,1,0,1,1,1,0,0,0,0,-1,-1,0,1,1,1,1,1,-1,-1,0,-1,0,0,0,0,1,1,0,-1,1,1,-1,-1,1,0,-1,-1,0,1,1,0,,1,1,1,0,0,0,-1,-1,-1,-1,1,0,1,0,0,0,0,0,0,1,1,0,1,1,1,1,0,0,0,0,1,1,0,0,0,0,0,0,-1,0,1,1,0,-1,1,1,1,0,1,1,1,0,1,1,1,0,1,-1,1,1,0,0,0,-1,-1,0,-1,0,0,0,-1,1,-1,-1,0,-1,-1,-1,-1,1,0,-1,1,1,1,-1,-1,0,0,1,1,1,-1,1,1,1,-1,-1,0,1,1,1,1,0,-1,1,,1,1,-1,-1,-1,-1,-1,1,1,0,0,1,1,1,1,1,1,0,0,0,0,0,0,0,0,0,0,,,,0,0,0,0,0,0,0,0,0,0,0,0,0,0,0,0,-1,-1,-1,-1,-1,-1,-1,-1,1,0,0,1,1,1,0,1,-1,-1,1,1,1,1,-1,-1,0,0,1,0,0,0,0,1,1,1,1,1,1,1,1,1,1,1,1,1,0,0,1,1,1,1,1,1,1,0,1,1,1,1,1,1,1,1,1,1,1,1,1,1,1,1,1,1,1,1,1,1,1,1,1,1,1,0,1,1,1,1,1,1,-1,1,-1,-1,1,1,-1,1,-1,1,1,1,1,0,0,1,1,1,1,1,-1,0,0,1,-1,1,1,1,1,161,138,23,45.1,283,75,5
sollow_2023,-1,-1,-1,-1,-1,-1,-1,-1,-1,-1,-1,0,0,0,0,-1,-1,0,0,0,0,0,0,0,0,0,1,0,0,1,1,-1,0,0,0,0,0,0,1,1,-1,1,0,0,0,1,1,1,0,0,0,0,0,0,0,0,0,0,0,0,1,1,0,0,0,0,0,1,0,0,0,0,0,0,-1,0,0,0,0,0,-1,-1,-1,-1,0,0,1,1,0,1,-1,0,0,0,0,0,0,0,0,-1,-1,-1,-1,1,0,1,0,0,0,0,0,0,1,1,0,0,0,0,0,0,0,0,0,1,1,0,0,0,0,0,0,0,0,1,1,0,-1,1,1,-1,0,1,1,1,1,-1,1,0,0,0,0,0,1,0,0,1,0,0,0,0,0,0,0,0,0,0,0,0,0,0,0,0,0,0,0,1,1,1,1,1,0,1,-1,1,1,1,0,1,1,1,0,0,0,0,-1,1,0,0,0,,1,1,-1,-1,-1,1,1,1,1,1,1,0,0,0,0,0,0,-1,-1,-1,1,1,1,0,0,0,-1,,,,0,0,0,0,0,0,0,0,0,0,0,0,0,0,0,0,-1,-1,-1,-1,1,-1,-1,-1,1,1,1,0,0,0,0,1,-1,0,0,0,0,1,-1,-1,0,0,1,0,0,1,0,1,1,1,1,0,1,1,1,1,1,0,-1,-1,-1,0,1,1,1,1,1,1,1,0,0,1,1,0,0,0,1,-1,1,0,0,1,0,0,1,1,1,0,0,-1,0,0,0,1,-1,1,0,0,0,0,0,-1,1,0,1,-1,0,0,1,1,1,0,0,0,-1,0,1,0,0,1,1,0,0,0,0,0,0,0,0,0,0,0,0,98,85,13,27.45,303,56,4
moon_five_technologies_2023,-1,-1,-1,-1,-1,-1,-1,-1,-1,-1,-1,-1,-1,-1,-1,1,1,0,1,1,1,0,0,0,0,1,1,1,1,-1,-1,0,0,1,0,0,0,0,1,1,1,1,1,0,0,1,1,1,1,0,0,1,0,-1,1,-1,-1,0,0,0,0,0,0,0,0,-1,-1,1,0,0,0,1,0,1,0,1,-1,0,0,-1,0,0,0,0,1,0,-1,-1,1,1,0,1,0,0,0,0,0,0,0,-1,-1,-1,-1,1,-1,1,0,0,-1,-1,0,0,0,0,0,0,0,0,0,0,0,0,0,1,1,0,0,0,0,0,0,0,0,0,0,0,0,1,1,0,1,-1,-1,-1,1,-1,0,-1,0,1,0,0,0,0,0,-1,0,1,0,-1,1,0,0,-1,1,1,0,0,0,0,0,0,1,1,0,0,-1,-1,-1,0,0,0,0,-1,0,-1,0,0,0,-1,0,0,0,0,0,-1,0,0,0,0,-1,-1,-1,-1,-1,-1,-1,1,1,0,0,1,1,0,0,1,1,0,0,0,0,-1,-1,0,0,0,0,,,,0,0,0,0,0,0,0,0,0,0,0,0,0,0,0,0,-1,-1,-1,-1,-1,-1,-1,-1,1,0,0,1,1,1,0,1,0,0,1,1,1,1,1,1,1,1,1,1,1,0,0,1,1,1,1,-1,1,1,1,1,1,-1,1,1,1,1,1,1,1,1,1,1,-1,0,1,1,1,1,1,1,1,-1,1,1,1,1,1,1,1,1,1,-1,-1,1,-1,-1,1,1,1,1,0,0,1,1,1,1,1,0,0,1,0,0,1,-1,-1,1,0,1,0,0,1,0,0,0,0,0,0,0,-1,0,0,0,0,-1,1,0,0,117,93,24,32.77,283,77,3
brevian_energy_2023,1,1,-1,-1,-1,,1,1,-1,-1,-1,1,1,1,1,1,1,0,1,1,1,1,0,0,0,0,0,1,1,1,1,-1,0,0,0,1,0,0,0,0,1,1,-1,1,1,1,1,1,1,-1,0,0,1,0,1,0,0,0,1,1,-1,0,0,1,1,0,0,1,0,0,0,0,-1,0,0,1,1,-1,0,1,1,-1,1,1,1,-1,1,1,1,1,1,1,0,0,0,0,0,0,0,,1,1,1,0,0,1,0,0,0,0,0,1,1,1,0,0,0,0,0,0,0,0,0,1,1,0,0,0,0,0,0,0,0,-1,-1,0,0,1,1,0,-1,1,1,1,-1,0,1,0,0,0,0,1,1,-1,0,-1,0,0,0,0,0,0,0,0,-1,-1,0,0,0,0,0,0,1,0,0,1,1,1,1,0,0,-1,0,1,0,1,0,0,1,1,0,0,0,0,0,0,0,0,0,,-1,-1,-1,-1,-1,-1,-1,-1,-1,-1,-1,0,0,0,0,1,1,,1,1,0,1,1,0,0,0,1,,,,0,0,0,0,0,,0,0,0,0,0,0,0,0,0,0,1,1,-1,-1,-1,-1,-1,-1,1,-1,-1,1,1,1,0,-1,0,0,1,1,1,1,0,0,0,0,1,0,0,0,0,1,1,1,1,0,-1,1,1,1,1,0,1,1,0,0,1,1,1,1,1,1,1,0,1,1,1,0,1,1,1,0,0,0,0,1,0,-1,1,1,1,0,-1,1,0,1,1,1,0,1,0,0,0,-1,1,1,1,0,0,-1,0,0,0,1,0,1,-1,1,-1,1,1,0,0,1,1,0,0,0,0,0,0,0,0,0,0,0,0,133,112,21,37.25,305,50,8
molecule_systems_2023,-1,-1,-1,-1,-1,-1,-1,-1,-1,-1,-1,-1,-1,-1,-1,1,1,0,0,0,1,0,0,0,0,1,1,0,0,1,1,0,0,0,0,0,0,0,1,0,0,1,1,0,0,1,1,1,1,0,0,1,0,0,1,-1,-1,0,0,0,0,0,0,0,0,1,1,0,0,0,0,0,1,0,0,0,1,1,0,0,-1,0,-1,-1,1,0,0,0,1,1,0,0,0,0,0,0,0,0,0,-1,-1,-1,-1,1,1,1,0,0,0,0,0,0,0,0,0,0,0,0,0,0,0,0,0,1,1,0,0,0,0,0,0,1,0,1,1,0,0,1,1,0,0,1,1,1,0,0,0,0,0,0,0,0,0,0,0,0,0,0,0,0,0,0,0,1,1,0,0,0,0,0,0,0,0,1,0,1,0,0,1,1,0,0,0,1,-1,0,0,1,1,0,0,0,0,0,-1,-1,0,0,0,,0,0,-1,-1,1,-1,-1,-1,-1,-1,-1,0,0,0,0,1,1,0,0,0,0,0,0,0,0,0,0,,,,0,0,0,0,0,0,0,0,0,0,0,0,0,0,0,0,-1,-1,-1,-1,-1,-1,-1,-1,1,0,0,-1,-1,-1,0,1,0,0,1,1,1,1,1,1,0,0,1,0,0,0,0,1,1,1,1,1,1,1,-1,-1,1,1,1,1,0,0,1,1,0,-1,-1,-1,-1,0,1,1,1,1,1,1,1,1,1,0,0,1,0,1,1,1,1,1,0,0,0,1,1,1,-1,1,1,1,1,0,1,1,1,1,0,0,0,0,0,1,1,0,0,0,-1,1,1,0,0,-1,0,0,0,0,1,1,0,1,0,1,0,0,0,105,82,23,29.41,304,55,4
brigade_automation_corporation_2023,-1,-1,-1,-1,-1,0,0,0,-1,-1,-1,-1,-1,-1,-1,0,0,0,0,0,1,0,0,0,0,-1,0,0,0,0,0,0,0,0,0,0,0,0,0,0,0,0,0,0,0,0,0,0,0,0,0,0,0,0,0,0,0,0,0,0,0,0,0,0,0,1,1,0,0,0,0,1,0,0,0,1,0,1,0,0,1,-1,-1,-1,1,0,1,1,1,1,1,1,-1,-1,-1,-1,0,0,0,-1,-1,-1,-1,1,1,1,0,0,0,0,0,0,0,0,0,0,0,0,0,0,0,0,0,1,1,0,0,0,0,0,0,0,0,1,1,0,0,0,0,0,0,1,1,1,0,0,0,0,0,0,0,0,0,0,0,0,0,0,0,0,0,0,0,0,0,0,0,0,0,0,0,0,0,0,0,0,0,0,0,0,0,0,0,0,0,0,0,0,0,0,0,0,0,0,0,0,0,0,0,,0,0,0,0,0,0,0,0,0,0,0,0,0,0,0,0,0,0,0,0,0,0,0,0,0,0,0,,,,0,0,0,0,0,0,0,0,0,0,0,0,0,0,0,0,0,0,0,0,0,0,0,0,1,0,0,0,0,0,1,1,1,0,1,1,1,1,0,0,0,0,0,0,0,-1,0,0,0,0,-1,-1,1,-1,-1,-1,1,1,1,1,0,0,1,-1,1,1,1,1,1,1,1,1,1,1,1,1,1,1,1,0,-1,1,-1,-1,1,1,1,0,0,0,1,1,1,1,1,1,1,-1,1,1,1,1,1,1,-1,1,0,0,1,-1,0,0,-1,0,1,0,1,-1,-1,0,0,-1,-1,-1,1,-1,-1,1,0,1,1,0,0,78,64,14,21.85,314,45,4
pwron_2023,-1,-1,-1,-1,-1,0,0,0,-1,-1,-1,1,1,1,1,-1,-1,0,0,0,0,0,-1,-1,0,-1,0,0,0,,,,,,,,,,,,,,,,,,,,,,,,,,,,,,,,,,,,,0,0,0,0,0,0,0,0,0,0,0,0,0,0,1,0,0,-1,-1,1,-1,-1,-1,1,1,-1,-1,0,0,0,0,0,0,0,,1,1,1,1,1,1,0,0,0,0,0,0,0,0,0,0,0,0,0,0,0,0,0,1,1,-1,-1,0,0,0,0,0,0,-1,-1,0,-1,-1,-1,1,0,-1,-1,-1,-1,1,0,0,0,0,0,0,0,0,0,0,0,0,0,0,0,0,0,0,0,0,0,0,0,0,0,0,0,0,0,0,0,0,0,0,0,0,0,0,0,0,0,0,0,0,0,0,0,0,0,0,0,0,0,,0,0,0,0,0,0,0,0,0,0,0,0,0,0,0,0,0,0,0,0,0,0,0,0,0,0,0,,,,0,0,0,0,0,0,0,0,0,0,0,0,0,0,0,0,0,0,0,0,0,0,0,0,1,0,0,1,1,1,-1,1,0,-1,1,1,1,1,1,1,0,0,0,-1,-1,-1,0,0,0,0,1,0,0,1,1,1,1,1,1,1,1,0,1,0,0,1,1,1,-1,-1,1,1,0,0,1,1,1,1,1,0,0,1,-1,-1,-1,-1,-1,-1,-1,0,1,-1,1,1,0,1,0,0,0,0,1,1,1,-1,-1,-1,1,1,-1,0,0,0,-1,0,0,1,-1,0,0,1,-1,0,0,0,1,-1,1,1,-1,-1,0,0,0,64,57,7,17.93,266,56,41
build_smartr_robotics_2023,-1,-1,-1,-1,-1,-1,-1,-1,-1,-1,-1,-1,-1,-1,-1,1,1,-1,-1,-1,1,-1,-1,-1,-1,-1,-1,-1,-1,0,0,0,0,0,0,0,0,0,0,0,0,0,0,0,0,-1,-1,-1,-1,0,0,0,0,0,0,0,0,0,0,0,0,0,0,0,0,1,1,1,1,1,1,1,1,1,1,1,1,1,1,1,1,0,-1,-1,1,0,-1,-1,0,1,1,0,-1,-1,-1,-1,0,0,0,-1,-1,-1,-1,1,0,1,0,0,0,0,0,0,-1,-1,0,1,1,1,1,0,0,0,0,1,1,-1,-1,0,0,0,0,1,0,1,1,0,0,-1,-1,0,-1,1,1,1,0,0,1,0,0,0,0,0,0,0,0,0,0,0,0,0,0,0,0,0,0,0,0,0,0,0,0,0,0,0,0,0,0,0,0,0,0,0,0,0,0,0,0,0,0,0,0,0,0,0,0,0,0,0,0,,0,0,0,0,0,0,0,0,0,0,0,0,0,0,0,0,0,0,0,0,0,0,0,0,0,0,0,,,,0,0,0,0,0,0,0,0,0,0,0,0,0,0,0,0,0,0,0,0,0,0,0,0,1,0,0,1,1,1,0,1,1,1,1,1,1,1,0,0,0,0,1,1,1,1,0,1,1,1,1,1,1,1,1,-1,1,1,1,1,0,0,1,1,1,1,1,1,1,0,1,1,1,1,1,1,1,1,-1,-1,-1,1,1,1,1,1,1,1,-1,1,1,1,1,1,1,1,1,-1,-1,-1,1,-1,1,-1,1,1,1,1,1,1,1,1,-1,1,1,-1,1,-1,-1,1,-1,-1,-1,-1,1,-1,-1,1,-1,1,1,1,-1,113,93,20,31.65,288,71,4
fuelgems_inc_2023,-1,-1,-1,-1,-1,-1,-1,-1,-1,-1,-1,-1,-1,-1,-1,-1,-1,-1,-1,-1,1,1,0,0,0,0,1,0,0,0,0,0,0,0,0,0,0,0,0,0,0,0,0,0,0,0,0,0,0,0,0,0,0,0,0,0,0,0,0,0,0,0,0,0,0,-1,-1,1,0,0,0,1,-1,-1,0,-1,-1,-1,0,1,1,-1,1,1,1,0,-1,-1,1,1,1,1,,1,1,1,-1,-1,-1,-1,-1,-1,-1,1,1,1,0,0,0,0,0,0,0,0,0,0,0,0,0,0,0,0,0,1,1,0,0,0,0,0,0,-1,0,-1,-1,0,0,1,1,-1,-1,1,1,1,0,0,0,0,0,0,0,0,0,0,0,0,0,0,0,0,0,0,0,0,0,0,0,0,0,0,0,0,0,0,0,0,0,0,0,0,0,0,0,0,0,0,0,0,0,0,0,0,0,0,0,0,0,0,0,,0,0,0,0,0,0,0,0,0,0,0,0,0,0,0,0,0,0,0,0,0,0,0,0,0,0,0,,,,0,0,0,0,0,0,0,0,0,0,0,0,0,0,0,0,0,0,0,0,0,0,0,0,1,0,0,0,0,0,1,1,-1,0,0,0,0,1,-1,-1,0,0,-1,0,0,0,0,0,0,-1,1,-1,0,1,1,-1,1,0,1,1,0,0,1,-1,1,1,1,1,-1,-1,1,1,1,1,1,1,1,1,1,1,1,1,1,1,1,1,1,-1,1,0,-1,1,1,1,1,1,1,1,1,1,1,1,1,1,1,1,1,1,1,1,1,1,0,1,-1,1,1,1,1,1,1,-1,-1,-1,1,1,1,1,1,1,1,-1,1,96,76,20,26.89,299,59,5
niu_planet_2023,-1,-1,-1,-1,-1,-1,-1,-1,-1,-1,-1,-1,-1,-1,-1,1,1,0,-1,-1,1,0,0,0,0,1,1,0,0,-1,-1,-1,0,0,0,0,0,0,-1,-1,0,-1,-1,0,0,-1,-1,-1,-1,0,0,-1,-1,0,-1,-1,0,0,0,0,0,0,0,0,0,1,1,-1,0,0,0,1,1,-1,1,-1,1,1,0,0,0,0,-1,-1,0,0,1,1,0,1,0,-1,0,0,0,0,0,0,0,-1,-1,-1,-1,1,0,1,0,0,0,0,0,0,0,0,0,0,0,0,0,0,0,0,0,1,1,0,0,0,0,0,0,0,0,1,1,0,1,1,1,1,0,1,1,1,0,1,0,-1,0,0,0,-1,0,0,0,0,0,-1,0,0,0,0,0,-1,-1,0,0,0,0,0,0,0,-1,-1,0,-1,0,0,-1,-1,0,0,0,-1,0,-1,0,-1,-1,0,0,0,0,0,-1,-1,0,0,0,,0,0,-1,-1,-1,-1,-1,-1,-1,-1,-1,0,0,0,0,-1,-1,0,0,0,0,0,0,0,0,0,0,,,,0,0,0,0,0,0,0,0,0,0,0,0,0,0,0,0,-1,-1,-1,-1,-1,-1,-1,-1,1,-1,-1,1,1,1,1,1,-1,0,1,1,1,1,0,0,0,0,1,0,0,1,0,1,1,1,0,1,0,1,1,1,1,1,1,1,0,0,1,1,1,1,1,1,1,1,1,1,1,1,1,1,1,1,1,-1,1,1,1,1,1,1,1,1,1,0,-1,1,1,1,1,1,1,1,1,1,1,1,1,1,1,1,1,1,1,1,1,-1,-1,1,0,1,1,0,0,1,-1,-1,-1,-1,1,1,0,1,-1,1,1,0,-1,107,88,19,29.97,269,90,4
peteca_llc_2023,1,1,1,1,1,-1,-1,-1,1,1,1,1,1,1,1,1,1,-1,-1,-1,1,-1,0,0,0,-1,1,-1,-1,0,0,0,0,0,0,0,0,0,0,0,0,0,0,0,0,0,0,0,0,0,0,0,0,0,0,0,0,0,0,0,0,0,0,0,0,1,1,1,1,1,-1,1,1,-1,1,-1,1,1,-1,0,1,0,-1,-1,0,0,-1,-1,0,1,-1,-1,0,0,0,0,0,0,0,0,0,0,0,1,0,1,1,1,1,1,1,0,1,1,1,1,1,1,1,-1,-1,-1,-1,1,1,-1,-1,-1,-1,0,0,-1,0,1,1,0,1,1,1,1,0,1,1,1,1,1,1,0,0,0,0,0,0,0,0,0,0,0,0,0,0,0,0,0,0,0,0,0,0,0,0,0,0,0,0,0,0,0,0,0,0,0,0,0,0,0,0,0,0,0,0,0,0,0,0,0,0,0,0,,0,0,0,0,0,0,0,0,0,0,0,0,0,0,0,0,0,0,0,0,0,0,0,0,0,0,0,,,,0,0,0,0,0,0,0,0,0,0,0,0,0,0,0,0,0,0,0,0,0,0,0,0,1,1,1,1,1,1,1,1,-1,-1,1,1,1,1,1,1,-1,-1,1,0,0,1,-1,1,1,1,0,1,0,0,0,1,1,1,1,1,0,0,1,1,1,1,1,1,1,1,1,1,1,1,1,1,1,1,1,1,-1,1,1,1,1,1,1,1,1,0,1,1,1,1,-1,1,1,1,1,1,1,1,1,1,1,1,1,1,1,1,1,0,1,0,0,1,1,0,0,1,1,0,0,0,1,1,0,1,0,1,-1,0,-1,136,116,20,38.1,321,38,4
lemma_2023,-1,-1,-1,-1,-1,,,,-1,-1,-1,0,0,0,0,1,1,0,1,1,1,0,0,0,0,-1,1,-1,-1,-1,-1,0,0,0,0,0,0,0,0,0,0,-1,0,0,0,-1,-1,0,0,0,0,0,0,0,0,0,0,0,0,0,0,0,0,0,0,0,0,0,0,0,0,0,0,0,0,0,0,0,0,0,1,-1,0,0,0,0,0,0,0,0,0,0,0,0,0,0,0,0,0,0,0,0,0,0,0,1,0,0,0,0,0,0,0,0,0,0,0,0,0,0,0,0,0,1,1,0,0,0,0,0,0,0,0,0,0,0,0,-1,-1,0,0,-1,-1,-1,0,0,0,-1,0,0,0,0,0,0,0,-1,0,0,0,-1,0,0,0,0,-1,0,-1,0,0,0,0,0,0,0,0,-1,-1,-1,-1,-1,0,-1,-1,0,-1,-1,0,0,0,-1,0,0,0,0,-1,-1,0,0,0,,-1,-1,-1,-1,-1,-1,-1,0,0,0,0,-1,-1,0,0,0,0,0,0,0,0,0,0,0,0,0,0,,,,0,0,0,0,0,0,0,0,0,0,0,0,0,0,0,0,0,0,0,0,-1,-1,-1,-1,1,1,1,0,0,0,0,1,1,1,1,1,1,1,0,0,0,0,1,1,1,0,0,1,1,1,0,0,0,0,0,1,1,0,1,1,0,0,1,1,1,1,1,1,0,0,1,-1,0,0,0,1,1,-1,0,0,-1,1,-1,-1,0,0,0,0,0,0,0,1,0,0,0,1,1,0,1,0,0,0,0,0,0,1,0,0,0,1,-1,1,0,1,1,0,0,0,0,0,0,0,0,0,0,0,0,0,0,1,0,0,0,50,42,8,14.01,298,58,7
vayve_mobility_2023,1,1,-1,-1,-1,0,0,0,1,1,1,1,1,1,1,1,1,0,1,1,1,1,0,0,0,-1,-1,1,1,1,1,1,-1,1,1,1,0,-1,1,1,1,1,1,0,0,1,1,1,1,0,0,-1,0,-1,0,1,1,0,0,0,1,1,0,1,1,1,1,0,1,1,0,1,1,-1,1,1,1,0,0,1,0,0,-1,-1,-1,0,-1,-1,0,1,-1,0,0,0,0,0,0,0,0,,1,1,1,1,1,1,1,1,1,1,1,1,1,1,1,1,1,1,1,0,1,1,1,1,1,1,1,1,1,1,1,1,1,1,1,1,1,1,1,1,1,1,1,1,1,1,1,1,,1,1,-1,-1,1,1,1,-1,1,-1,-1,0,-1,0,1,0,1,1,1,0,-1,1,1,0,1,1,1,1,1,1,1,-1,1,1,1,1,1,1,1,1,1,1,1,1,1,1,1,0,0,1,-1,1,1,-1,-1,-1,-1,1,-1,-1,0,0,1,1,-1,-1,-1,-1,-1,-1,-1,1,0,0,1,0,1,0,,,,0,0,,0,0,,0,0,0,0,0,0,0,0,0,-1,-1,-1,-1,-1,-1,-1,-1,-1,1,1,1,1,1,1,-1,1,-1,1,1,1,1,1,0,0,1,1,1,0,0,1,1,1,1,1,1,1,0,0,-1,1,0,0,0,0,1,1,1,0,1,-1,-1,-1,0,1,1,1,1,1,1,1,1,1,1,1,1,1,1,1,1,1,1,1,1,1,1,1,1,0,1,1,0,0,0,0,-1,-1,-1,1,1,1,1,1,1,0,0,0,0,0,0,1,1,1,1,1,1,1,1,1,1,1,0,1,1,1,1,1,1,215,187,28,60.22,300,56,7
c_quester_inc_2023,-1,-1,-1,-1,-1,-1,-1,-1,-1,-1,-1,-1,-1,-1,-1,1,1,0,1,1,-1,-1,0,0,0,0,-1,0,0,0,0,0,0,0,0,0,0,0,0,0,0,0,0,0,0,0,0,0,-1,0,0,0,0,0,0,0,0,0,0,0,0,0,0,0,0,0,0,-1,0,0,0,0,0,0,0,0,0,0,0,-1,1,0,-1,-1,-1,0,-1,-1,0,1,-1,0,-1,-1,-1,-1,0,0,0,-1,-1,-1,-1,1,0,0,-1,-1,-1,-1,-1,0,0,0,-1,0,0,0,0,-1,0,0,0,-1,-1,0,0,0,0,0,0,1,0,1,1,0,0,-1,-1,-1,-1,-1,-1,-1,-1,-1,0,0,0,0,0,-1,0,0,0,-1,0,0,0,0,0,0,0,0,0,0,0,0,0,0,0,0,0,0,0,0,0,0,0,0,0,0,0,0,0,0,0,0,0,0,0,0,0,0,0,0,0,0,0,,-1,-1,-1,-1,-1,-1,-1,-1,-1,-1,-1,0,0,0,0,-1,-1,0,0,0,0,0,0,0,0,0,0,,,,0,0,0,0,0,0,0,0,0,0,0,0,1,0,0,0,0,0,0,0,-1,-1,-1,-1,1,-1,-1,0,0,0,1,1,0,0,1,1,1,-1,-1,-1,-1,-1,1,0,0,-1,-1,-1,-1,1,1,1,1,0,0,1,1,-1,-1,-1,0,-1,1,1,-1,1,1,1,1,-1,1,1,1,1,1,1,1,1,-1,-1,-1,1,1,-1,1,1,1,-1,-1,-1,-1,-1,1,-1,-1,1,-1,-1,1,1,-1,0,-1,-1,0,-1,-1,-1,1,1,1,1,-1,1,1,1,-1,-1,-1,1,-1,1,1,1,1,-1,-1,1,-1,-1,1,1,-1,62,49,13,17.37,241,118,4
spirited_2023,1,1,1,1,1,-1,-1,-1,-1,-1,-1,-1,-1,-1,-1,1,1,0,-1,-1,-1,0,1,1,0,1,1,-1,-1,1,1,-1,0,0,0,1,-1,0,1,1,1,1,1,1,0,1,1,1,1,0,1,0,0,0,1,1,-1,1,0,0,1,-1,0,0,0,0,0,0,1,1,-1,1,1,1,0,0,1,-1,0,0,1,0,-1,-1,0,0,-1,-1,-1,1,0,0,-1,-1,-1,-1,0,0,0,-1,-1,-1,-1,1,0,1,1,1,1,1,1,0,1,1,1,0,0,0,0,0,0,0,0,1,1,0,0,0,0,0,0,0,0,1,1,0,1,1,1,1,0,1,1,1,1,1,1,0,0,0,0,0,0,0,0,0,0,0,0,0,0,0,0,0,0,0,0,0,0,0,0,0,0,0,0,0,0,0,0,0,0,0,0,0,0,0,0,0,0,0,0,0,0,0,0,0,0,0,0,,1,1,-1,-1,1,-1,1,1,1,1,1,1,1,1,1,-1,-1,,1,1,-1,0,0,0,0,0,0,,,,0,0,0,0,0,0,0,0,0,0,0,0,0,0,0,0,1,1,1,1,1,1,1,1,1,1,1,1,1,1,0,1,0,0,1,1,1,1,1,1,1,1,1,0,0,-1,0,1,1,1,0,1,-1,1,1,1,1,1,-1,-1,0,0,1,1,-1,1,1,1,1,1,1,1,1,1,1,1,1,1,1,1,1,1,1,1,1,1,1,0,-1,0,1,1,1,1,1,1,1,0,1,-1,0,0,0,1,1,-1,0,0,1,1,1,0,0,1,1,1,-1,0,0,1,0,0,0,0,1,0,0,1,1,1,1,-1,0,154,128,26,43.14,308,50,5
ergsol_inc_2023,-1,-1,1,1,1,,1,1,-1,-1,-1,1,1,1,1,1,1,-1,-1,-1,1,1,1,1,0,1,1,-1,-1,0,0,0,0,0,0,0,0,0,0,0,0,0,0,0,0,0,0,0,0,0,0,0,0,0,0,0,0,0,0,0,0,0,0,0,0,1,1,1,1,1,0,1,1,1,1,1,1,1,0,1,1,1,1,1,-1,0,1,1,-1,1,1,-1,0,0,0,0,0,0,0,,1,1,1,-1,-1,1,0,0,0,0,0,0,0,0,0,1,1,1,1,0,0,0,0,1,1,0,0,0,0,0,0,1,0,1,1,0,-1,1,1,1,0,1,1,1,0,-1,0,0,0,0,0,0,0,0,0,0,0,0,0,0,0,0,0,0,0,0,0,0,0,0,0,0,0,0,0,0,0,0,0,0,0,0,0,0,0,0,0,0,0,0,0,0,0,0,0,0,0,0,0,,0,0,0,0,0,0,0,0,0,0,0,0,0,0,0,0,0,0,0,0,0,0,0,0,0,0,0,,,,0,0,0,0,0,0,0,0,0,0,0,0,0,0,0,0,0,0,0,0,0,0,0,0,1,-1,-1,1,1,1,-1,1,-1,-1,1,1,1,1,1,1,1,1,1,-1,-1,1,-1,-1,-1,-1,-1,-1,1,1,1,1,1,1,1,1,0,0,1,1,-1,1,1,1,-1,-1,1,1,1,1,1,-1,1,1,1,1,0,1,-1,-1,0,0,0,1,1,0,0,1,1,-1,1,1,1,0,-1,-1,-1,0,-1,-1,0,1,-1,0,1,1,1,1,1,-1,1,0,1,0,0,-1,1,0,0,0,1,-1,0,-1,0,1,1,0,0,114,96,18,31.93,310,47,6
phlytech_2023,1,1,1,1,1,-1,-1,-1,-1,-1,-1,1,1,1,1,1,1,0,-1,-1,-1,0,-1,-1,0,1,1,-1,-1,0,0,0,0,0,0,0,0,0,0,0,0,0,0,0,0,0,0,0,0,0,0,0,0,0,0,0,0,0,0,0,0,0,0,0,0,1,1,1,-1,-1,0,1,1,0,0,1,0,0,0,1,1,1,1,1,0,0,-1,-1,0,1,1,-1,0,0,0,0,0,0,0,-1,-1,-1,-1,1,-1,1,-1,-1,-1,-1,-1,-1,-1,-1,-1,0,0,0,0,0,1,0,0,1,1,0,0,0,1,0,0,0,0,1,1,0,1,1,1,1,-1,1,1,1,-1,1,-1,0,0,0,0,0,0,0,0,0,0,0,0,0,0,0,0,0,0,0,0,0,0,0,0,0,0,0,0,0,0,0,0,0,0,0,0,0,0,0,0,0,0,0,0,0,0,0,0,0,0,0,0,,0,0,0,0,0,0,0,0,0,0,0,0,0,0,0,0,0,0,0,0,0,0,0,0,0,0,0,,,,0,0,0,0,0,0,0,0,0,0,0,0,0,0,0,0,0,0,0,0,0,0,0,0,1,-1,-1,1,1,1,1,1,1,-1,1,1,1,1,1,1,1,1,1,-1,-1,-1,0,1,1,-1,0,1,0,1,1,1,1,1,0,0,0,0,1,0,1,1,1,1,-1,1,1,1,1,1,1,-1,1,1,1,-1,0,1,-1,0,1,1,1,-1,1,0,0,1,0,1,0,1,-1,-1,1,-1,1,0,1,1,1,1,1,1,-1,1,1,-1,1,-1,0,0,0,0,0,-1,0,1,1,1,1,0,0,-1,0,1,0,0,-1,104,92,12,29.13,303,56,4
eeli_technology_2023,-1,-1,-1,-1,-1,-1,-1,-1,-1,-1,-1,-1,-1,-1,-1,1,1,0,-1,-1,1,1,0,0,0,1,-1,0,0,1,1,0,0,0,0,0,-1,0,1,1,1,1,1,0,0,1,1,1,-1,0,-1,1,-1,0,1,1,1,-1,-1,-1,-1,1,-1,-1,-1,-1,-1,1,1,1,1,-1,-1,0,-1,-1,1,-1,-1,0,-1,0,-1,-1,-1,0,1,1,0,1,-1,-1,,1,1,1,0,0,0,-1,-1,-1,-1,1,0,1,0,0,0,0,0,0,-1,-1,0,-1,-1,-1,-1,0,0,0,0,1,1,0,0,0,0,0,0,1,0,1,1,0,-1,1,1,1,0,1,1,1,0,1,-1,-1,0,-1,0,0,0,0,0,-1,0,-1,0,1,0,0,0,1,1,0,0,0,0,0,0,0,0,1,0,-1,0,-1,-1,0,0,-1,0,0,0,0,-1,0,-1,0,-1,0,0,0,0,0,0,-1,0,-1,0,0,-1,-1,-1,-1,-1,0,0,0,0,0,0,0,0,0,0,0,0,0,0,0,0,0,0,0,0,,,,0,0,,0,0,0,0,0,0,0,0,0,0,0,0,0,0,0,0,0,-1,-1,-1,-1,1,-1,-1,-1,-1,-1,1,1,-1,-1,-1,-1,-1,1,1,1,1,1,1,0,0,1,0,1,1,1,1,1,1,1,1,-1,1,1,1,1,0,0,1,1,-1,1,1,1,1,-1,1,1,1,-1,1,1,1,1,1,1,1,1,-1,-1,1,1,1,1,1,0,0,1,1,1,-1,1,1,-1,-1,1,-1,0,1,1,-1,0,0,-1,1,-1,-1,0,0,-1,0,-1,1,0,0,-1,-1,0,0,0,-1,-1,-1,1,0,1,-1,0,-1,105,88,17,29.41,248,110,5
westwood_aerogel_2023,1,1,-1,-1,-1,-1,-1,-1,1,1,1,-1,-1,-1,-1,1,1,-1,-1,-1,1,1,1,1,-1,1,1,-1,-1,0,0,0,0,0,0,0,0,0,0,0,0,0,0,0,0,0,0,0,0,0,0,0,0,0,0,0,0,0,0,0,0,0,0,0,0,1,1,1,1,1,1,1,-1,-1,-1,-1,1,1,1,0,1,0,-1,-1,0,0,-1,-1,0,1,0,0,-1,-1,-1,-1,-1,-1,-1,-1,-1,-1,-1,1,0,1,0,0,0,0,0,0,0,0,0,0,0,0,0,0,0,0,0,1,1,0,0,0,0,0,0,0,0,1,1,0,0,1,1,0,0,1,1,1,0,0,0,0,0,0,0,0,0,0,0,0,0,0,0,0,0,0,0,0,0,0,0,0,0,0,0,0,0,0,0,0,0,0,0,0,0,0,0,0,0,0,0,0,0,0,0,0,0,0,0,0,0,0,0,,0,0,0,0,0,0,0,0,0,0,0,0,0,0,0,0,0,0,0,0,0,0,0,0,0,0,0,,,,0,0,0,0,0,0,0,0,0,0,0,0,0,0,0,0,0,0,0,0,0,0,0,0,1,-1,-1,-1,-1,-1,1,-1,1,1,-1,-1,-1,-1,0,0,0,0,1,-1,-1,0,-1,1,1,1,1,-1,0,0,-1,-1,-1,-1,0,0,0,0,1,1,0,1,1,1,1,1,1,1,1,1,1,1,1,1,1,1,1,1,1,1,1,1,1,1,1,1,-1,1,1,1,1,1,1,1,1,1,1,1,1,1,1,1,1,1,1,1,1,-1,1,1,1,1,1,1,1,1,1,1,1,1,1,1,1,1,1,1,1,-1,-1,111,90,21,31.09,302,57,4
ecotech_research_center_2023,1,1,-1,-1,-1,-1,-1,-1,-1,-1,-1,-1,-1,-1,-1,-1,-1,0,-1,-1,-1,0,0,0,0,0,-1,1,1,1,1,0,0,0,0,0,0,0,1,1,1,-1,-1,-1,-1,1,1,1,-1,-1,-1,-1,0,0,-1,-1,0,0,0,0,1,-1,0,0,0,0,0,1,1,1,-1,0,0,0,0,0,0,0,0,0,0,0,-1,-1,0,0,-1,-1,0,-1,0,-1,0,0,0,0,0,0,0,0,0,0,0,-1,0,1,0,0,0,0,0,0,-1,-1,0,0,0,0,0,0,0,0,0,1,1,0,0,0,0,0,0,0,0,1,1,1,-1,1,1,-1,0,1,1,1,0,0,0,0,0,0,0,0,0,0,0,0,0,0,0,0,0,0,0,0,-1,1,-1,0,0,0,0,0,0,0,0,0,0,0,0,0,0,0,0,0,0,0,0,0,0,0,0,0,0,0,0,0,0,0,0,,-1,-1,-1,-1,-1,-1,-1,-1,-1,-1,-1,-1,-1,-1,-1,-1,-1,0,0,0,0,-1,-1,0,-1,0,-1,,,,0,0,0,0,0,0,0,0,0,0,0,0,0,0,0,0,0,0,0,0,-1,-1,-1,-1,1,0,0,-1,-1,-1,-1,1,0,0,-1,-1,-1,1,-1,-1,-1,-1,-1,-1,-1,1,-1,1,1,1,-1,0,0,-1,-1,1,-1,0,1,1,-1,-1,1,-1,-1,1,1,1,-1,0,1,1,1,-1,1,1,1,1,-1,-1,0,1,0,0,-1,-1,-1,0,-1,0,0,0,-1,0,-1,-1,-1,0,0,0,0,0,0,-1,-1,0,-1,-1,0,-1,0,0,0,-1,0,0,1,0,0,-1,0,0,0,0,0,0,0,0,0,-1,0,0,-1,51,40,11,14.29,246,113,4
revolve_solar_2023,-1,-1,-1,-1,-1,0,0,0,-1,-1,-1,,,,,0,0,0,0,0,1,-1,0,0,0,0,1,0,0,1,1,1,1,1,1,0,0,0,0,0,0,1,0,0,0,1,1,1,1,1,1,1,0,1,1,1,1,1,0,0,1,1,1,1,1,1,1,1,1,1,1,1,1,0,0,1,1,1,1,0,0,0,-1,-1,0,0,0,0,0,1,0,-1,0,0,0,0,0,0,0,0,0,0,0,0,0,1,1,1,1,1,1,1,,,0,0,0,0,0,0,0,0,0,1,1,0,0,0,0,0,0,0,0,-1,-1,0,0,1,1,1,1,0,0,0,1,-1,1,0,0,0,0,0,0,0,0,0,0,0,0,0,0,0,0,0,0,0,0,0,0,0,0,0,0,0,0,0,0,0,0,0,0,0,0,0,0,0,0,0,0,0,0,0,0,0,0,0,0,0,0,,-1,-1,0,0,0,0,0,0,0,0,0,0,0,0,0,0,0,0,0,0,0,0,0,0,0,0,0,,,,0,0,0,0,0,0,0,0,0,0,0,0,0,0,0,0,0,0,0,0,-1,0,0,0,1,1,1,0,0,0,-1,0,0,0,0,0,0,-1,1,1,1,1,1,1,1,1,0,0,0,1,1,-1,1,-1,-1,1,-1,1,0,0,0,0,1,1,1,1,1,1,-1,0,1,0,-1,0,1,1,1,0,1,1,-1,1,1,0,0,0,0,0,0,0,1,1,1,0,1,1,0,0,1,0,1,0,1,0,0,1,1,1,0,1,-1,1,-1,0,0,0,,1,1,1,1,1,1,1,0,0,0,0,0,0,1,-1,0,105,86,19,29.41,322,30,11
anywherenergy_systems_inc_2023,1,1,1,1,1,-1,-1,-1,1,1,1,,,,,-1,-1,0,0,0,1,0,0,0,1,-1,1,0,0,-1,-1,-1,-1,-1,0,-1,-1,0,0,0,-1,-1,-1,-1,-1,-1,-1,-1,-1,-1,-1,-1,-1,-1,-1,-1,-1,0,0,0,-1,-1,-1,0,0,0,0,1,1,1,1,0,-1,0,0,-1,1,1,1,0,-1,-1,-1,-1,0,0,-1,-1,0,-1,0,-1,0,0,0,0,0,0,0,0,0,0,0,1,-1,1,0,0,0,0,0,0,0,0,0,0,0,0,0,0,0,0,0,1,1,-1,-1,-1,-1,0,0,-1,0,-1,-1,-1,0,1,1,1,1,1,1,1,0,0,0,-1,0,-1,0,-1,0,0,0,-1,-1,-1,0,0,0,0,0,-1,-1,-1,-1,-1,0,0,0,0,-1,0,0,-1,-1,-1,-1,-1,0,-1,0,-1,-1,-1,-1,-1,-1,-1,-1,0,-1,0,-1,-1,0,0,0,0,-1,-1,-1,-1,-1,-1,-1,-1,-1,-1,-1,-1,-1,-1,-1,-1,-1,-1,-1,-1,0,-1,-1,0,-1,-1,0,,,,0,0,0,0,0,0,0,0,0,0,0,0,0,0,0,0,-1,-1,-1,-1,-1,-1,-1,-1,1,1,1,0,0,0,0,1,0,-1,1,1,1,1,1,1,1,1,1,1,1,-1,-1,1,1,1,1,1,1,1,1,1,1,0,1,1,1,1,1,1,1,1,1,1,-1,-1,1,1,1,1,1,1,1,1,1,1,0,1,0,0,-1,-1,-1,-1,1,0,1,1,1,0,1,1,0,0,-1,0,0,0,0,1,0,1,0,0,0,-1,0,0,0,0,0,-1,1,0,0,1,0,-1,-1,-1,0,0,0,0,0,-1,-1,0,0,85,78,7,23.81,226,130,7
adhesion_technologies_inc_2023,-1,-1,1,1,1,-1,-1,-1,-1,-1,-1,-1,-1,-1,-1,-1,-1,0,0,0,1,0,0,0,0,1,1,0,0,1,1,0,0,0,0,0,-1,0,1,1,-1,1,0,0,-1,-1,-1,-1,-1,-1,0,1,1,1,1,1,1,1,1,1,0,0,0,0,0,1,1,0,0,0,0,-1,0,0,0,0,1,0,0,1,1,-1,-1,-1,0,0,-1,-1,-1,-1,1,0,0,0,0,0,0,0,0,-1,-1,-1,-1,1,1,1,0,0,0,0,0,0,0,0,0,1,1,1,1,-1,-1,-1,-1,1,1,0,0,0,0,-1,-1,1,-1,0,0,0,0,1,1,1,-1,0,0,0,0,0,0,0,0,1,0,0,0,-1,0,1,0,-1,0,-1,0,0,0,0,1,0,0,0,0,0,0,0,1,1,1,1,1,1,1,1,0,1,-1,1,1,1,1,1,1,-1,0,0,-1,-1,-1,1,0,0,0,0,1,1,-1,-1,-1,-1,-1,-1,-1,-1,-1,-1,-1,-1,-1,1,1,-1,-1,-1,-1,-1,-1,0,-1,-1,0,,,,1,0,0,0,0,0,1,0,0,-1,-1,-1,0,0,,0,-1,-1,-1,-1,-1,-1,-1,-1,1,1,1,1,1,1,1,1,1,1,1,1,1,1,1,1,-1,-1,1,0,0,-1,-1,1,1,1,0,0,0,-1,-1,-1,1,1,0,0,0,0,1,0,1,1,1,1,1,1,1,1,1,1,1,1,1,1,1,1,1,1,1,1,1,1,1,1,1,1,1,1,1,1,1,1,1,0,1,1,1,1,1,-1,1,1,0,0,0,1,1,0,-1,1,-1,-1,1,0,0,0,0,0,0,0,1,0,0,1,0,-1,1,0,0,134,113,21,37.54,265,94,4
amply_energy_2023,1,1,1,1,1,-1,-1,-1,1,1,1,-1,-1,-1,-1,1,1,0,1,1,1,1,0,0,0,1,1,-1,-1,1,1,1,-1,1,-1,1,1,1,1,1,1,1,1,1,1,1,1,1,1,0,1,1,1,1,1,1,1,1,-1,-1,1,1,1,1,1,1,1,1,1,1,1,1,1,1,1,-1,1,1,1,0,1,1,-1,-1,1,1,-1,-1,1,1,1,0,0,0,0,0,0,0,0,-1,-1,-1,-1,1,1,1,0,0,0,0,0,0,0,0,0,0,0,0,0,1,0,0,0,1,1,0,0,0,0,0,0,1,0,1,1,0,-1,1,1,1,0,1,1,1,-1,1,0,0,0,1,0,-1,1,0,0,1,-1,0,0,0,0,0,0,0,1,-1,0,-1,0,0,0,0,1,1,1,1,1,1,1,-1,0,1,1,1,1,1,1,1,1,1,0,0,0,1,1,1,0,0,0,0,1,1,-1,1,1,1,1,-1,-1,1,1,-1,-1,-1,-1,1,1,-1,-1,-1,1,-1,-1,0,-1,0,0,,,,1,0,0,0,0,,0,0,0,0,0,0,0,0,,0,-1,-1,1,1,1,-1,1,-1,1,1,1,1,1,1,1,1,0,0,1,1,1,1,1,1,-1,-1,1,-1,-1,0,0,1,1,1,1,1,1,1,1,1,1,1,1,1,-1,0,1,1,1,1,1,1,1,1,1,1,1,1,1,1,1,1,1,1,0,1,1,0,1,1,1,1,1,-1,1,1,1,1,1,1,1,0,1,1,1,1,1,1,1,1,-1,0,0,1,1,-1,-1,1,0,1,1,0,0,1,0,0,0,0,1,0,0,1,0,-1,1,0,-1,199,169,30,55.74,301,57,5
bamboo_energy_2023,-1,-1,-1,-1,-1,-1,-1,-1,-1,-1,-1,-1,-1,-1,-1,1,1,1,1,1,1,0,0,0,0,1,1,1,1,-1,-1,-1,0,0,0,0,0,0,-1,-1,-1,-1,-1,0,0,-1,-1,0,-1,0,-1,0,-1,0,0,0,0,0,-1,-1,-1,0,-1,-1,-1,-1,-1,0,0,0,-1,-1,1,-1,0,1,0,0,1,1,1,1,-1,-1,1,0,-1,-1,1,1,1,0,-1,-1,-1,-1,-1,-1,-1,-1,-1,-1,-1,1,1,1,1,1,-1,-1,1,1,1,1,0,0,0,0,0,0,-1,0,0,1,1,0,0,0,0,0,0,0,0,1,1,1,1,1,1,1,1,1,1,1,1,1,1,-1,0,0,0,0,0,0,0,-1,0,0,-1,0,-1,0,0,-1,-1,-1,-1,-1,0,0,-1,0,-1,-1,-1,0,-1,-1,-1,-1,0,-1,-1,-1,-1,-1,0,-1,-1,-1,0,0,0,0,-1,0,0,0,0,,-1,-1,-1,-1,-1,-1,-1,-1,-1,-1,-1,-1,-1,-1,-1,0,0,-1,-1,-1,0,-1,-1,0,0,0,0,,,,0,0,0,0,0,0,0,0,0,0,0,0,0,0,,0,-1,-1,-1,-1,-1,-1,-1,-1,1,0,0,1,1,1,1,1,0,0,1,1,1,1,0,0,0,0,1,1,1,1,1,1,1,1,1,1,1,0,0,1,-1,0,1,1,-1,-1,1,1,1,1,1,1,1,1,1,1,1,1,-1,1,1,0,0,0,1,1,1,1,0,0,0,0,1,0,0,1,1,1,1,1,1,0,0,1,1,1,1,1,0,1,0,0,0,1,-1,0,0,0,0,1,0,0,0,1,0,-1,-1,-1,-1,-1,0,-1,0,1,1,1,0,106,92,14,29.69,236,122,5
blockcarbon_2023,-1,-1,-1,-1,-1,-1,-1,-1,-1,-1,-1,1,1,1,1,1,1,1,1,1,1,1,-1,-1,-1,1,1,1,1,1,1,1,1,1,0,1,1,0,1,1,1,1,1,1,1,1,1,1,1,-1,1,1,1,1,1,1,1,-1,0,0,1,1,1,1,1,1,1,1,-1,-1,1,1,1,-1,1,1,1,1,1,0,1,0,-1,-1,1,0,-1,-1,1,1,1,0,0,0,0,0,0,0,0,-1,-1,-1,-1,1,0,1,1,1,1,1,1,1,1,1,1,1,1,1,1,1,1,1,1,1,1,1,1,1,1,1,1,1,-1,1,1,-1,1,1,1,1,1,1,1,1,1,1,1,0,0,0,0,0,0,0,0,-1,0,0,0,0,0,0,0,0,-1,-1,0,0,0,0,0,0,0,0,0,0,-1,-1,-1,-1,0,-1,0,-1,0,0,0,0,0,0,0,0,0,0,0,0,0,0,0,,0,0,-1,-1,-1,-1,-1,-1,-1,-1,-1,-1,-1,0,0,0,0,0,0,0,0,-1,-1,0,0,0,0,,,,0,0,0,0,0,0,0,0,0,0,0,0,0,0,0,-1,-1,-1,-1,-1,-1,-1,-1,-1,1,0,0,1,1,1,0,1,0,0,1,1,1,1,1,1,0,0,1,0,0,0,0,1,1,1,1,1,1,1,-1,0,1,0,1,1,0,0,1,1,1,1,1,1,1,-1,1,1,1,1,1,1,1,1,1,1,1,1,1,1,1,1,1,1,1,1,1,1,1,1,1,1,1,-1,1,1,1,-1,1,1,1,1,-1,-1,1,1,1,1,1,1,1,1,1,-1,-1,-1,-1,-1,-1,-1,-1,-1,-1,1,-1,1,1,1,-1,178,145,33,49.86,281,78,4
blueiq_2023,-1,-1,1,1,1,-1,-1,-1,-1,-1,-1,1,1,1,1,-1,-1,0,1,1,1,0,0,0,0,1,1,,,0,0,0,0,0,0,0,0,0,0,0,0,0,0,0,0,0,0,0,0,0,0,0,0,0,0,0,0,0,0,0,0,0,0,0,0,-1,-1,1,-1,-1,1,-1,1,1,-1,-1,-1,1,1,0,1,1,-1,-1,1,0,-1,-1,0,1,-1,1,0,0,0,0,0,0,0,,1,1,1,1,-1,-1,0,0,-1,-1,0,1,0,0,0,0,0,0,0,0,0,0,0,0,0,0,0,0,0,0,0,0,0,1,1,,,1,1,1,1,0,0,0,-1,-1,0,1,1,1,-1,0,0,0,0,1,0,-1,0,-1,-1,-1,0,-1,1,1,0,0,0,0,-1,-1,1,-1,0,-1,1,1,1,1,0,-1,0,1,1,1,0,1,1,1,0,0,0,0,1,1,0,0,-1,-1,0,0,0,0,0,0,0,0,0,0,0,0,0,0,0,0,0,0,0,0,0,0,0,0,0,0,0,,,,0,0,0,0,0,0,0,0,0,0,0,0,0,0,0,0,0,0,0,0,0,0,0,0,1,1,1,-1,-1,-1,1,1,1,1,1,1,1,1,0,0,0,0,1,0,0,-1,0,1,1,0,,0,0,1,0,1,0,0,0,0,0,0,1,1,-1,1,1,1,-1,-1,1,-1,1,1,-1,1,1,-1,-1,0,0,1,1,1,-1,-1,-1,-1,-1,1,-1,1,1,-1,1,1,1,-1,1,1,1,0,1,1,1,1,,0,-1,1,1,0,-1,-1,0,-1,-1,0,0,1,-1,-1,-1,-1,-1,-1,-1,-1,0,-1,1,-1,-1,99,85,14,27.73,276,77,10
upward_formerly_canopy_2023,1,1,-1,-1,-1,-1,-1,-1,-1,-1,-1,-1,-1,-1,-1,1,1,0,1,1,1,0,0,0,0,0,-1,0,0,-1,-1,-1,-1,-1,0,0,0,0,-1,-1,0,-1,-1,-1,0,-1,-1,-1,-1,0,0,-1,-1,0,0,-1,0,0,-1,0,-1,-1,0,-1,-1,-1,-1,0,1,1,1,0,1,0,0,1,1,0,0,1,-1,0,0,0,1,0,-1,-1,0,1,0,0,0,0,0,0,0,0,0,,,,,1,1,1,0,0,0,0,0,0,0,0,0,0,0,0,0,0,0,0,0,1,1,0,0,0,0,0,0,-1,0,-1,-1,0,1,1,1,1,-1,-1,-1,-1,-1,1,-1,0,1,1,0,0,0,0,0,1,0,0,0,0,0,0,0,1,1,1,0,0,0,0,0,0,0,0,0,0,0,0,0,0,0,0,0,0,0,0,0,0,0,0,0,1,0,0,0,0,0,0,1,0,-1,-1,-1,-1,-1,-1,-1,-1,-1,-1,-1,0,0,-1,-1,0,0,0,0,0,0,0,0,-1,0,0,0,,,,0,0,0,0,0,0,0,0,0,0,0,0,0,0,0,0,-1,-1,-1,-1,-1,-1,-1,-1,1,1,1,1,1,1,1,1,0,1,1,1,1,1,0,0,0,0,1,0,0,0,0,0,0,1,1,-1,-1,1,-1,1,-1,0,1,1,0,0,1,1,1,1,1,1,-1,-1,-1,0,-1,-1,-1,0,-1,0,0,0,-1,-1,0,0,-1,-1,-1,-1,-1,0,-1,0,-1,-1,-1,-1,0,0,0,0,0,0,0,0,0,-1,-1,0,-1,0,-1,0,0,0,-1,0,-1,-1,-1,-1,-1,-1,-1,-1,-1,-1,-1,0,0,-1,-1,-1,0,60,59,1,16.81,242,114,7
circular_interiors_2023,-1,-1,-1,-1,-1,-1,-1,-1,-1,-1,-1,-1,-1,-1,-1,1,1,0,-1,-1,1,1,-1,-1,0,1,1,0,0,0,0,0,0,0,0,0,0,0,0,0,0,0,0,0,0,0,0,0,0,0,0,0,0,0,0,0,0,0,0,0,0,0,0,0,0,1,1,0,0,0,0,1,1,0,0,1,1,1,0,0,-1,-1,-1,-1,-1,0,0,0,0,-1,-1,0,0,0,0,0,0,0,0,0,0,0,0,-1,0,-1,0,0,-1,-1,-1,0,-1,-1,-1,0,0,0,0,0,0,0,0,-1,-1,0,0,0,0,0,0,-1,0,-1,-1,-1,0,-1,-1,0,-1,-1,-1,-1,0,-1,0,0,0,0,0,0,0,0,0,0,0,0,0,0,0,0,0,0,0,0,0,0,0,0,0,0,0,0,0,0,0,0,0,0,0,0,0,0,0,0,0,0,0,0,0,0,0,0,0,0,0,0,0,,0,0,0,0,0,0,0,0,0,0,0,0,0,0,0,0,0,0,0,0,0,0,0,0,0,0,0,,,,0,0,0,0,0,0,0,0,0,0,0,0,0,0,0,0,0,0,0,0,0,0,0,0,-1,0,0,-1,-1,-1,0,-1,-1,0,-1,-1,-1,-1,-1,-1,0,0,-1,0,0,-1,0,-1,-1,-1,0,-1,0,-1,-1,0,-1,-1,-1,-1,0,0,-1,-1,-1,-1,-1,-1,-1,0,-1,-1,-1,-1,0,-1,-1,-1,-1,0,-1,-1,-1,-1,0,0,0,-1,-1,-1,-1,-1,0,-1,-1,-1,0,0,0,0,-1,0,-1,-1,-1,-1,-1,-1,-1,-1,-1,-1,0,-1,-1,0,0,0,0,0,0,0,0,0,-1,0,0,-1,0,-1,-1,0,0,13,11,2,3.64,244,115,4
clean_flame_thermal_solutions_2023,-1,-1,-1,-1,-1,-1,-1,-1,-1,-1,-1,1,1,1,1,1,1,0,1,1,1,1,1,1,0,1,1,0,0,0,0,0,0,0,0,0,0,0,0,0,0,0,0,0,0,0,0,0,0,0,0,0,0,0,0,0,0,0,0,0,0,0,0,0,0,-1,-1,0,0,0,0,1,1,0,0,-1,1,1,0,0,1,1,-1,-1,1,0,0,0,1,1,1,0,0,0,0,0,0,0,0,0,0,0,0,1,1,1,0,0,-1,-1,-1,0,0,0,-1,0,0,0,0,0,0,0,0,1,1,0,0,0,0,0,0,0,0,1,1,0,-1,-1,-1,-1,0,1,1,1,0,-1,0,0,0,0,0,0,0,0,0,0,0,0,0,0,0,0,0,0,0,0,0,0,0,0,0,0,0,0,0,0,0,0,0,0,0,0,0,0,0,0,0,0,0,0,0,0,0,0,0,0,0,0,0,,0,0,0,0,0,0,0,0,0,0,0,0,0,0,0,0,0,0,0,0,0,0,0,0,0,0,0,,,,0,0,0,0,0,0,0,0,0,0,0,0,0,0,0,0,0,0,0,0,0,0,0,0,1,1,1,1,1,1,1,1,0,0,1,1,1,1,-1,-1,1,1,1,1,1,1,1,1,1,1,1,1,1,1,1,1,1,1,0,0,1,0,1,1,0,1,1,1,-1,1,1,1,1,1,1,1,1,1,1,1,1,1,1,1,1,1,1,1,1,-1,-1,1,1,1,1,1,1,0,0,1,1,1,1,1,1,1,1,1,1,1,1,1,0,1,1,0,1,0,0,1,-1,0,0,0,1,0,0,1,-1,-1,1,1,0,117,99,18,32.77,326,33,4
cleonmaye_corp_2023,-1,-1,-1,-1,-1,-1,-1,-1,-1,-1,-1,-1,-1,-1,-1,-1,-1,0,-1,-1,-1,1,0,0,0,1,-1,0,0,-1,-1,0,0,0,0,0,0,0,-1,-1,-1,-1,-1,0,0,-1,-1,0,0,-1,0,0,0,-1,-1,-1,0,0,0,0,0,0,0,0,0,-1,-1,1,-1,-1,-1,-1,-1,0,-1,-1,-1,-1,0,0,-1,-1,-1,-1,-1,0,-1,-1,0,-1,0,-1,-1,-1,-1,-1,-1,-1,-1,-1,-1,-1,-1,-1,0,1,0,0,-1,-1,0,0,-1,-1,0,-1,-1,-1,-1,0,0,0,0,1,1,0,0,0,0,0,0,-1,0,1,1,0,1,1,1,1,0,1,1,1,0,1,-1,-1,0,0,0,0,0,0,0,-1,0,-1,0,-1,0,0,0,-1,-1,0,0,0,0,0,0,0,0,-1,0,-1,0,0,-1,0,0,-1,0,0,0,0,-1,0,-1,0,-1,0,0,0,0,-1,0,-1,0,,0,0,0,0,-1,-1,-1,0,0,0,0,0,0,0,0,0,0,0,0,0,-1,0,0,0,0,0,0,,,,0,0,0,0,0,0,0,0,0,0,0,0,0,0,0,0,0,0,0,0,-1,0,0,0,1,1,1,1,1,1,-1,1,-1,-1,1,1,1,1,1,1,-1,-1,1,-1,-1,1,-1,-1,-1,1,1,-1,-1,1,1,1,-1,-1,1,1,0,0,1,-1,-1,1,1,1,-1,0,1,1,1,1,1,1,1,1,-1,1,-1,1,1,1,-1,-1,-1,1,-1,0,0,1,-1,1,1,1,1,-1,1,-1,1,0,1,1,1,0,0,0,-1,-1,-1,0,-1,-1,0,0,1,0,0,0,0,0,0,0,0,0,0,0,0,-1,1,0,0,67,55,12,18.77,231,128,4
cold_volt_2023,-1,-1,-1,-1,-1,0,0,0,-1,-1,-1,-1,-1,-1,-1,1,1,0,-1,-1,1,0,0,0,0,1,1,0,0,0,0,0,0,0,0,0,0,0,0,0,0,0,0,0,0,0,0,0,0,0,0,0,0,0,0,0,0,0,0,0,0,0,0,0,0,0,0,0,0,0,0,0,0,0,0,0,1,0,0,0,1,0,-1,-1,0,0,1,1,0,1,0,1,0,0,0,0,0,0,0,0,0,0,0,1,0,1,0,0,0,0,0,0,0,0,0,0,0,0,0,0,0,0,0,1,1,0,0,0,0,0,0,0,0,1,1,0,0,1,1,0,0,1,1,1,0,0,0,0,0,0,0,0,0,0,0,0,0,0,0,0,0,0,0,0,0,0,0,0,0,0,0,0,0,0,0,0,0,0,0,0,0,0,0,0,0,0,0,0,0,0,0,0,0,0,0,0,0,0,0,,0,0,0,0,0,0,0,0,0,0,0,0,0,0,0,0,0,0,0,0,0,0,0,0,0,0,0,,,,0,0,0,0,0,0,0,0,0,0,0,0,0,0,0,0,0,0,0,0,0,0,0,0,1,1,1,0,0,0,1,1,1,0,1,1,1,1,1,1,1,1,1,0,0,0,0,0,0,1,1,0,0,1,1,1,1,1,0,0,0,0,1,1,0,1,1,1,1,0,0,0,-1,-1,0,0,-1,0,-1,0,-1,0,0,0,-1,-1,-1,-1,0,0,-1,-1,0,0,-1,-1,0,-1,-1,-1,-1,0,-1,0,0,0,0,0,-1,-1,0,-1,0,0,0,0,0,0,0,0,0,0,0,0,0,0,0,0,0,0,-1,-1,-1,50,50,0,14.01,319,40,4
crum_creek_technologies_llc_2023,-1,-1,-1,-1,-1,0,0,0,-1,-1,-1,-1,-1,-1,-1,1,1,0,-1,-1,1,0,0,0,0,1,1,0,0,-1,-1,0,0,0,0,0,0,0,0,0,0,-1,0,0,0,0,0,0,0,0,0,0,0,0,0,0,0,0,0,0,0,0,0,0,0,0,0,1,-1,-1,-1,0,-1,0,0,0,0,0,0,0,-1,0,-1,-1,0,0,-1,-1,0,0,-1,-1,-1,-1,-1,-1,0,0,0,0,0,0,0,0,0,1,0,0,0,0,0,0,0,0,0,1,1,1,1,0,1,0,0,1,1,0,0,0,0,0,0,0,0,1,1,0,1,1,1,-1,0,1,1,1,-1,1,0,0,0,0,0,0,0,0,0,0,0,0,0,0,0,0,0,0,0,0,0,0,0,0,0,0,0,0,0,0,0,0,0,0,0,0,0,0,0,0,0,0,0,0,0,0,0,0,0,0,0,0,0,,0,0,0,0,0,0,0,0,0,0,0,0,0,0,0,0,0,0,0,0,0,0,0,0,0,0,0,,,,0,0,0,0,0,0,0,0,0,0,0,0,0,0,0,0,0,0,0,0,0,0,0,0,1,1,1,0,0,0,1,1,1,1,0,0,0,1,1,1,0,0,1,1,1,1,0,1,1,1,0,0,0,-1,0,-1,1,1,-1,-1,0,0,1,1,1,1,1,1,1,1,1,1,1,1,1,1,1,1,1,0,-1,1,-1,-1,-1,-1,-1,0,1,0,0,1,1,1,1,1,1,0,0,0,-1,-1,1,1,-1,1,1,-1,1,1,1,-1,0,-1,-1,1,1,0,0,1,-1,0,0,0,1,-1,0,1,0,-1,1,0,0,80,69,11,22.41,305,54,4
detoxyfi_2023,-1,-1,-1,-1,-1,-1,-1,-1,1,1,1,-1,-1,-1,-1,-1,-1,0,-1,-1,1,-1,0,0,0,0,0,0,0,1,1,1,1,1,-1,-1,-1,0,1,-1,0,1,-1,0,0,1,1,1,1,0,0,-1,0,1,1,-1,0,0,0,0,-1,-1,0,0,0,0,0,1,-1,-1,-1,1,-1,0,0,0,1,1,-1,1,-1,0,-1,-1,0,0,0,0,-1,0,-1,0,0,0,0,0,0,0,0,0,0,0,0,-1,0,1,-1,-1,-1,-1,0,0,0,0,0,,,,,0,0,0,0,1,1,0,0,0,0,0,0,0,0,-1,-1,0,0,1,1,-1,0,-1,-1,-1,0,0,-1,0,0,0,0,0,0,0,0,0,0,0,0,0,0,0,0,0,0,0,0,0,0,0,0,0,0,0,0,0,0,0,0,0,0,0,0,0,0,0,0,0,0,0,0,0,0,0,0,0,0,0,0,,0,0,0,0,0,0,0,0,0,0,0,0,0,0,0,0,0,0,0,0,0,0,0,0,0,0,0,,,,0,0,0,0,0,0,0,0,0,0,0,0,0,0,0,0,0,0,0,0,0,0,0,0,1,1,1,0,0,0,-1,0,-1,0,1,1,1,1,0,0,0,0,-1,0,0,-1,-1,1,1,-1,0,0,0,-1,-1,1,-1,-1,1,1,0,0,-1,-1,-1,-1,-1,-1,-1,-1,1,1,1,-1,1,1,1,-1,-1,-1,0,1,0,-1,-1,-1,-1,-1,1,-1,1,1,1,1,-1,1,-1,-1,-1,-1,1,-1,-1,-1,-1,-1,-1,-1,1,-1,1,-1,0,-1,-1,-1,-1,0,0,-1,1,-1,-1,-1,-1,-1,0,-1,0,1,-1,0,0,57,41,16,15.97,253,102,8
ellexco_2023,-1,-1,-1,-1,-1,-1,-1,-1,-1,-1,-1,-1,-1,-1,-1,1,1,0,-1,-1,1,1,0,0,0,0,-1,0,0,-1,-1,0,0,0,0,0,0,0,-1,0,0,-1,-1,0,-1,0,0,0,0,0,0,0,-1,0,-1,0,0,0,-1,0,0,0,0,-1,-1,0,0,-1,0,0,0,-1,-1,0,0,-1,-1,-1,0,-1,1,0,-1,-1,0,0,-1,-1,1,1,1,0,-1,-1,-1,-1,0,0,0,-1,-1,-1,-1,1,0,1,1,1,1,1,1,1,1,1,1,-1,-1,-1,-1,-1,-1,-1,-1,1,1,1,1,1,1,0,0,0,0,1,1,1,1,1,1,1,1,1,1,1,1,1,1,0,0,0,0,0,0,0,0,0,0,0,0,0,0,0,0,0,0,0,0,0,0,0,0,0,0,0,0,0,0,0,0,0,0,0,0,0,0,0,0,0,0,0,0,0,0,0,0,0,0,0,0,,0,0,0,0,0,0,0,0,0,0,0,0,0,0,0,0,0,0,0,0,0,0,0,0,0,0,0,,,,0,0,0,0,0,0,0,0,0,0,0,0,0,0,0,0,0,0,0,0,0,0,0,0,1,0,0,-1,-1,-1,1,-1,0,0,1,1,1,1,0,0,0,0,0,0,0,0,0,0,0,1,1,1,0,0,0,1,1,0,0,0,0,0,1,-1,-1,1,1,1,1,1,1,1,1,1,1,1,1,1,1,0,1,1,1,1,1,1,1,1,1,1,0,1,1,1,1,1,1,0,-1,1,1,1,1,1,1,1,0,0,1,1,1,0,0,1,-1,1,1,0,0,1,1,1,1,1,1,1,0,1,0,-1,1,0,1,104,86,18,29.13,294,65,4
elyte_energy_llc_2023,-1,-1,-1,-1,-1,-1,-1,-1,-1,-1,-1,-1,-1,-1,-1,-1,-1,0,-1,-1,1,0,0,0,0,1,1,0,0,1,1,0,0,-1,0,0,-1,0,1,1,1,1,1,0,1,0,0,0,-1,0,0,0,1,0,1,0,0,0,-1,-1,1,-1,0,1,1,0,0,1,0,0,0,0,0,0,0,0,1,1,0,-1,-1,0,-1,-1,0,0,-1,-1,0,-1,-1,-1,-1,-1,-1,-1,0,0,0,-1,-1,-1,-1,-1,0,1,0,0,0,0,0,0,0,0,0,1,1,1,1,0,0,0,0,1,1,0,0,0,0,0,0,1,0,1,1,0,0,1,1,1,0,1,1,1,0,0,0,0,0,0,0,0,0,0,0,0,0,0,0,0,0,0,0,0,0,0,0,0,0,0,0,0,0,0,0,0,0,0,0,0,0,0,0,0,0,0,0,0,0,0,0,0,0,0,0,0,0,0,0,,0,0,0,0,0,0,0,0,0,0,0,0,0,0,0,0,0,0,0,0,0,0,0,0,0,0,0,,,,0,0,0,0,0,0,0,0,0,0,0,0,0,0,0,0,0,0,0,0,0,0,0,0,1,1,1,0,0,0,1,1,0,0,1,1,1,1,1,1,1,1,1,0,0,1,0,1,1,1,1,1,1,1,1,1,1,1,1,1,0,0,1,1,0,1,1,1,1,1,1,1,1,1,1,1,1,1,1,1,1,1,0,1,1,1,1,1,0,0,1,,1,1,1,1,0,0,1,0,0,-1,1,1,-1,1,-1,-1,0,1,-1,0,-1,-1,0,-1,1,-1,-1,1,-1,-1,-1,-1,1,-1,-1,-1,0,1,1,1,0,103,88,15,28.85,298,60,5
greenify_2023,-1,-1,-1,-1,-1,-1,-1,-1,-1,-1,-1,-1,-1,-1,-1,1,1,-1,-1,-1,1,-1,0,0,0,1,1,-1,-1,-1,-1,-1,-1,-1,-1,-1,-1,-1,-1,-1,-1,-1,-1,-1,-1,-1,-1,-1,-1,-1,-1,-1,-1,-1,-1,-1,-1,-1,-1,-1,-1,-1,-1,-1,-1,-1,-1,1,1,1,1,-1,-1,1,1,1,-1,-1,-1,-1,1,0,-1,-1,0,0,-1,-1,0,1,0,0,-1,-1,-1,-1,-1,-1,-1,0,0,0,0,1,-1,-1,0,0,0,0,0,0,0,0,0,0,0,0,0,0,0,0,0,-1,-1,0,0,0,0,0,0,0,0,1,1,0,0,-1,-1,-1,-1,1,1,1,0,-1,0,0,0,0,0,0,0,0,0,0,0,0,0,0,0,0,0,0,0,0,0,0,0,0,0,0,0,0,0,0,0,0,0,0,0,0,0,0,0,0,0,0,0,0,0,0,0,0,0,0,0,0,0,,0,0,0,0,0,0,0,0,0,0,0,0,0,0,0,0,0,0,0,0,0,0,0,0,0,0,0,,,,0,0,0,0,0,0,0,0,0,0,0,0,0,0,0,0,0,0,0,0,0,0,0,0,1,0,0,0,0,0,1,-1,-1,-1,-1,-1,-1,1,0,0,0,0,1,0,0,0,0,-1,-1,-1,1,1,0,0,0,0,1,0,0,0,0,0,1,1,0,1,1,1,1,1,1,1,1,1,1,1,1,1,1,1,1,1,1,1,1,1,1,1,1,1,1,1,1,1,1,1,1,1,1,1,1,1,1,1,1,1,1,1,1,1,1,1,1,1,1,1,1,-1,-1,-1,-1,-1,-1,-1,1,-1,-1,-1,-1,1,1,1,1,86,62,24,24.09,254,105,4
foogly_2023,-1,-1,-1,-1,-1,-1,-1,-1,-1,-1,-1,1,1,1,1,1,1,0,-1,-1,1,1,1,1,0,-1,1,0,0,-1,-1,-1,0,0,-1,0,0,0,-1,-1,0,-1,0,0,0,0,0,0,0,0,0,-1,-1,0,-1,0,0,0,0,0,-1,0,-1,0,0,1,1,0,0,0,1,1,1,0,1,1,1,-1,0,0,0,0,-1,-1,1,0,1,1,1,1,0,1,0,0,0,0,0,0,0,0,0,0,0,1,0,1,-1,-1,-1,-1,-1,0,-1,-1,-1,1,1,1,1,0,0,0,0,1,1,0,0,0,0,0,0,1,0,1,1,0,1,1,1,1,0,1,1,1,1,1,-1,0,0,0,0,0,0,0,0,0,0,0,0,0,0,0,0,0,0,0,0,0,0,0,0,0,0,0,0,0,0,0,0,0,0,0,0,0,0,0,0,0,0,0,0,0,0,0,0,0,0,0,0,,0,0,0,0,0,0,0,0,0,0,0,0,0,0,0,0,0,0,0,0,0,0,0,0,0,0,0,,,,0,0,0,0,0,0,0,0,0,0,0,0,0,0,0,0,0,0,0,0,0,0,0,0,1,1,1,1,1,1,1,1,1,1,1,1,1,1,1,1,-1,-1,1,0,0,1,-1,1,1,1,1,1,1,0,0,-1,1,1,1,1,0,0,1,1,1,1,1,1,1,1,1,1,1,-1,1,-1,1,-1,-1,-1,-1,1,-1,0,1,1,1,0,0,0,1,0,1,1,-1,1,0,0,0,0,1,0,0,-1,0,-1,0,0,1,1,-1,1,0,1,0,-1,1,-1,-1,-1,-1,0,0,0,0,0,0,0,0,-1,-1,0,0,100,87,13,28.01,299,60,4
ephemeron_labs_2023,1,1,-1,-1,-1,-1,-1,-1,1,1,1,1,1,1,1,1,1,0,-1,-1,1,0,1,1,0,1,1,0,0,0,0,0,0,0,0,0,0,0,0,0,0,0,0,0,0,0,0,0,0,0,0,0,0,0,0,0,0,0,0,0,0,0,0,0,0,1,1,1,-1,-1,-1,1,1,-1,-1,-1,1,1,1,-1,-1,-1,-1,-1,-1,-1,-1,-1,1,1,-1,-1,0,0,0,0,0,0,0,-1,-1,-1,-1,1,1,1,0,0,0,0,0,0,0,0,0,1,1,1,1,0,0,0,0,1,1,0,0,0,0,0,0,0,0,1,1,0,1,1,1,1,0,1,1,1,0,0,-1,0,0,0,0,0,0,0,0,0,0,0,0,0,0,0,0,0,0,0,0,0,0,0,0,0,0,0,0,0,0,0,0,0,0,0,0,0,0,0,0,0,0,0,0,0,0,0,0,0,0,0,0,,0,0,0,0,0,0,0,0,0,0,0,0,0,0,0,0,0,0,0,0,0,0,0,0,0,0,0,,,,0,0,0,0,0,0,0,0,0,0,0,0,0,0,0,0,0,0,0,0,0,0,0,0,1,0,0,1,1,1,0,1,1,1,1,1,1,1,1,1,1,1,1,0,0,-1,0,1,1,1,1,1,1,1,1,0,1,1,1,1,-1,0,1,1,1,1,1,1,1,1,1,1,1,1,1,1,1,1,1,1,-1,1,-1,0,-1,-1,-1,0,-1,0,-1,-1,1,-1,1,1,1,-1,-1,-1,1,1,1,1,0,1,0,0,0,1,1,0,-1,-1,0,-1,1,0,0,1,0,0,0,0,-1,1,-1,1,0,1,1,0,0,108,94,14,30.25,310,49,4
greenirr_llc_2023,-1,-1,-1,-1,-1,-1,-1,-1,-1,-1,-1,-1,-1,-1,-1,1,1,0,-1,-1,1,-1,-1,-1,1,0,0,1,1,0,0,0,0,0,0,0,0,0,0,0,0,0,0,0,0,0,0,0,0,0,0,0,0,0,0,0,0,0,0,0,0,0,0,0,0,1,1,0,0,0,0,1,1,0,0,0,1,0,0,0,0,0,0,0,-1,0,0,0,0,0,0,0,0,0,0,0,0,0,0,0,0,0,0,-1,-1,1,0,0,0,0,0,0,0,0,0,-1,-1,-1,-1,0,0,0,0,1,1,0,0,0,0,0,0,1,0,1,1,0,0,1,1,0,-1,1,1,1,0,0,0,0,0,0,0,0,0,0,0,0,0,0,0,0,0,0,0,0,0,0,0,0,0,0,0,0,0,0,0,0,0,0,0,0,0,0,0,0,0,0,0,0,0,0,0,0,0,0,0,0,0,0,0,,0,0,0,0,0,0,0,0,0,0,0,0,0,0,0,0,0,0,0,0,0,0,0,0,0,0,0,,,,0,0,0,0,0,0,0,0,0,0,0,0,0,0,0,0,0,0,0,0,0,0,0,0,1,1,1,-1,-1,-1,-1,1,1,1,1,1,1,1,1,1,1,1,1,1,1,0,0,1,1,1,1,1,0,1,1,1,1,1,1,1,-1,-1,1,-1,1,1,1,1,-1,-1,1,1,-1,1,-1,-1,1,1,1,1,-1,1,0,0,1,1,1,0,0,-1,-1,0,0,1,-1,1,1,0,1,0,0,0,0,1,0,1,0,0,0,0,0,1,0,0,1,0,-1,0,0,0,0,0,0,0,0,0,0,0,0,0,1,0,1,77,69,8,21.57,314,45,4
epic_renewal_2023,-1,-1,-1,-1,-1,-1,-1,-1,-1,-1,-1,,,,,-1,-1,0,-1,-1,-1,-1,0,0,0,-1,-1,0,0,-1,-1,0,0,0,0,-1,-1,0,-1,-1,-1,-1,-1,-1,0,-1,0,0,-1,0,0,-1,0,0,-1,-1,0,0,0,0,-1,-1,0,-1,-1,1,1,1,1,1,-1,1,-1,0,-1,1,1,0,-1,0,0,0,-1,-1,0,0,0,0,0,0,0,0,0,0,0,0,0,0,0,0,0,0,0,0,0,0,0,0,0,0,0,0,0,0,0,0,0,0,0,0,0,0,0,0,0,0,0,0,0,0,0,0,0,0,0,0,0,0,0,0,0,0,0,0,0,0,0,0,0,0,0,0,0,0,0,0,0,0,0,0,0,0,0,0,0,0,0,0,0,0,0,0,0,0,0,0,0,0,0,0,0,0,0,0,0,0,0,0,0,0,0,0,0,0,0,0,0,0,0,,0,0,0,0,0,0,0,0,0,0,0,0,0,0,0,0,0,0,0,0,0,0,0,0,0,0,0,,,,0,0,0,0,0,0,0,0,0,0,0,0,0,0,0,0,0,0,0,0,0,0,0,0,1,0,0,0,0,0,1,1,0,0,1,1,1,1,0,0,0,0,1,0,0,0,0,0,0,0,0,1,0,1,1,1,1,0,1,1,0,1,1,0,1,1,1,1,0,0,1,1,1,0,1,1,1,1,1,1,1,1,1,1,1,1,1,0,1,1,1,1,1,1,0,1,1,1,1,1,1,1,1,1,1,1,1,0,1,1,1,1,1,1,0,,1,0,0,1,1,1,1,1,1,1,1,0,0,,0,1,0,79,60,19,22.13,309,44,10
ionworks_technologies_inc_2023,-1,-1,-1,-1,-1,,1,1,-1,-1,-1,-1,-1,-1,-1,1,1,0,1,1,-1,0,0,0,0,-1,1,-1,-1,0,0,0,0,0,0,0,0,0,0,0,0,1,0,0,0,1,-1,1,1,-1,0,0,0,1,0,0,0,0,0,0,1,1,0,0,0,1,1,1,0,0,1,1,1,0,1,0,0,0,-1,1,0,0,0,0,-1,-1,1,1,0,1,0,-1,0,0,0,0,0,0,0,0,0,0,0,1,1,1,0,0,0,0,0,0,0,0,0,0,0,0,0,0,0,0,0,0,0,0,0,0,0,0,0,0,0,0,0,0,0,0,0,0,0,0,0,0,0,1,0,0,0,0,0,0,0,-1,0,1,0,0,0,0,0,0,0,0,-1,0,0,0,0,0,0,0,0,0,0,1,-1,1,1,1,0,1,0,0,1,-1,-1,1,1,1,-1,0,0,0,-1,-1,0,0,0,,-1,-1,-1,-1,-1,-1,-1,1,1,0,0,0,0,1,1,0,0,,1,1,0,0,0,0,0,0,0,,,,0,0,0,0,0,0,0,0,0,0,0,0,0,0,0,0,0,0,0,0,-1,-1,-1,-1,1,-1,-1,1,1,1,1,1,-1,1,1,1,1,1,1,1,1,1,1,1,1,0,0,-1,-1,1,1,1,0,-1,-1,1,1,1,1,1,-1,0,1,0,0,-1,-1,-1,0,0,1,1,1,1,1,1,1,1,1,1,-1,1,1,1,-1,-1,-1,-1,1,0,0,-1,0,0,1,-1,0,0,0,0,0,0,0,0,0,1,0,-1,0,1,0,-1,0,0,0,0,1,0,0,0,0,0,0,0,0,0,0,0,0,1,1,1,0,93,77,16,26.05,296,61,6
hyeyield_2023,1,1,1,1,1,-1,-1,-1,1,1,1,-1,-1,-1,-1,1,1,0,0,0,1,1,0,0,0,0,0,1,1,0,0,0,0,0,0,0,0,0,0,0,0,0,0,0,0,0,0,0,0,0,0,0,0,0,0,0,0,0,0,0,0,0,0,0,0,1,1,1,-1,-1,1,1,1,0,0,-1,1,1,1,1,1,0,-1,-1,0,0,0,0,0,1,0,1,0,0,0,0,0,0,0,0,0,0,0,1,0,1,0,0,0,0,-1,0,-1,-1,-1,0,0,0,0,0,0,0,0,1,1,0,0,0,0,0,0,0,0,1,1,0,1,1,1,1,0,1,1,1,0,1,-1,0,0,0,0,0,0,0,0,0,0,0,0,0,0,0,0,0,0,0,0,0,0,0,0,0,0,0,0,0,0,0,0,0,0,0,0,0,0,0,0,0,0,0,0,0,0,0,0,0,0,0,0,,0,0,0,0,0,0,0,0,0,0,0,0,0,0,0,0,0,0,0,0,0,0,0,0,0,0,0,,,,0,0,0,0,0,0,0,0,0,0,0,0,0,0,0,0,0,0,0,0,0,0,0,0,1,-1,-1,0,0,0,-1,1,-1,-1,1,1,1,1,1,1,-1,-1,1,0,0,1,0,1,1,1,1,1,1,0,0,1,1,1,1,1,0,0,1,1,1,1,1,1,1,1,1,1,1,1,1,1,1,1,1,1,-1,1,-1,-1,1,1,1,-1,1,0,-1,1,1,1,1,1,1,1,1,1,1,1,1,1,1,1,1,0,0,1,1,1,1,1,0,1,1,0,0,1,1,1,1,1,1,1,0,1,0,1,1,-1,0,118,101,17,33.05,329,30,4
livity_yoga_2023,-1,-1,-1,-1,-1,-1,-1,-1,-1,-1,-1,1,1,1,1,1,1,0,1,1,1,0,0,0,0,1,0,0,0,-1,-1,0,0,0,0,0,0,0,0,0,0,-1,0,0,0,0,0,0,0,0,0,0,0,0,0,0,0,0,0,0,0,0,0,0,0,0,0,-1,0,0,0,1,1,0,-1,-1,0,0,1,0,-1,0,-1,-1,-1,0,0,0,0,0,0,0,0,0,0,0,0,0,0,0,0,0,0,0,-1,1,0,0,0,0,0,0,0,0,0,1,1,1,1,1,0,0,0,1,1,-1,-1,0,0,0,0,0,0,0,0,0,0,1,1,-1,-1,1,1,1,-1,-1,0,0,0,0,0,0,0,0,0,0,0,0,0,0,0,0,0,0,0,0,0,0,0,0,0,0,-1,0,0,-1,-1,-1,-1,-1,0,-1,0,-1,-1,-1,0,-1,-1,-1,0,0,0,0,-1,-1,0,0,0,,0,0,-1,-1,-1,-1,-1,0,0,0,0,0,0,0,0,0,0,0,0,0,0,0,0,0,0,0,0,,,,0,0,0,0,0,0,0,0,0,0,0,0,0,0,0,0,0,0,0,0,-1,-1,-1,-1,1,0,0,0,0,0,1,1,1,1,1,1,1,1,1,1,1,1,1,0,0,1,0,1,1,1,0,0,-1,1,0,-1,1,1,1,1,0,0,1,1,-1,1,1,1,-1,0,1,1,1,-1,1,1,1,1,1,1,0,1,1,1,1,1,1,0,1,0,0,1,1,0,0,1,-1,-1,-1,0,-1,1,-1,-1,1,-1,1,0,0,0,0,1,0,0,-1,0,1,0,0,0,0,0,0,0,0,0,0,0,0,1,-1,-1,0,79,67,12,22.13,292,67,4
inceptev_2023,1,1,-1,-1,-1,,1,1,-1,-1,-1,-1,-1,-1,-1,1,1,0,-1,-1,1,0,0,0,0,-1,1,0,0,0,0,0,0,0,0,0,0,0,0,0,0,0,0,0,0,0,0,0,0,0,0,0,0,0,0,0,0,0,0,0,0,0,0,0,0,0,0,1,1,1,1,1,0,0,1,0,1,1,0,1,1,0,-1,-1,1,-1,-1,-1,1,1,1,1,,1,1,1,-1,-1,-1,-1,-1,-1,-1,1,1,1,1,1,1,1,1,1,1,1,1,1,1,1,1,1,1,1,1,1,1,-1,-1,-1,-1,-1,-1,-1,-1,1,1,1,1,1,1,1,1,1,1,1,-1,1,1,0,0,0,0,0,0,0,0,0,0,0,0,0,0,0,0,0,0,0,0,0,0,0,0,0,0,0,0,0,0,0,0,0,0,0,0,0,0,0,0,0,0,0,0,0,0,0,0,0,0,0,0,,0,0,0,0,0,0,0,0,0,0,0,0,0,0,0,0,0,0,0,0,0,0,0,0,0,0,0,,,,0,0,0,0,0,0,0,0,0,0,0,0,0,0,0,0,0,0,0,0,0,0,0,0,1,0,0,1,1,1,1,1,-1,-1,1,1,1,1,-1,-1,0,0,1,0,0,0,0,1,1,1,1,-1,-1,1,1,-1,1,0,1,1,0,0,1,1,1,1,1,1,-1,0,1,1,1,1,1,1,1,1,1,1,1,1,1,1,1,1,1,1,1,1,1,1,1,1,1,1,1,1,1,1,1,1,1,1,1,1,1,1,1,1,1,-1,1,1,-1,1,1,1,1,1,1,1,1,1,1,-1,1,1,1,1,1,1,-1,146,124,22,40.9,311,46,6
haylon_technologies_2023,-1,-1,-1,-1,-1,-1,-1,-1,-1,-1,-1,-1,-1,-1,-1,1,1,0,-1,-1,1,1,0,0,0,1,1,0,0,0,0,0,0,0,0,0,0,0,0,0,0,0,0,0,0,0,0,0,0,0,0,0,0,0,0,0,0,0,0,0,0,0,0,0,0,1,1,1,1,1,1,1,1,0,,1,1,1,1,-1,0,0,-1,-1,1,0,-1,-1,-1,1,0,1,-1,-1,-1,-1,0,0,0,-1,-1,-1,-1,1,1,1,1,1,1,1,1,0,1,1,1,,,,,0,0,0,0,1,1,0,0,0,0,0,0,0,0,1,1,0,1,1,1,1,0,1,1,1,0,1,1,0,0,0,0,0,0,0,0,0,0,0,0,0,0,0,0,0,0,0,0,0,0,0,0,0,0,0,0,0,0,0,0,0,0,0,0,0,0,0,0,0,0,0,0,0,0,0,0,0,0,0,0,,0,0,0,0,0,0,0,0,0,0,0,0,0,0,0,0,0,0,0,0,0,0,0,0,0,0,0,,,,0,0,0,0,0,0,0,0,0,0,0,0,0,0,0,0,0,0,0,0,0,0,0,0,1,1,1,1,1,1,1,1,1,1,1,1,1,1,1,1,1,1,1,-1,-1,1,1,1,1,1,1,1,1,1,1,1,1,1,1,1,-1,0,1,1,1,1,1,1,1,1,1,1,1,1,1,1,1,1,1,1,1,1,1,1,1,1,1,1,1,1,1,1,1,1,1,1,1,1,1,1,1,1,1,1,1,1,1,1,1,1,1,1,1,1,0,1,1,,,1,1,1,1,1,1,1,1,1,0,1,1,,1,145,122,23,40.62,317,34,12
hydropore_2023,1,1,1,1,1,-1,-1,-1,1,1,1,-1,-1,-1,-1,1,1,-1,0,0,1,-1,0,0,0,0,-1,-1,-1,0,0,0,0,0,0,0,0,0,0,0,0,0,0,0,0,0,0,0,0,0,0,0,0,0,0,0,0,0,0,0,0,0,0,0,0,1,1,1,1,1,1,1,0,0,0,-1,1,1,1,1,1,0,-1,-1,0,0,0,0,0,1,1,0,-1,-1,-1,-1,0,0,0,-1,-1,-1,-1,1,0,1,1,1,1,1,1,0,1,1,1,0,0,0,0,0,0,0,0,1,1,0,0,0,0,0,0,0,0,1,1,0,1,1,1,1,0,1,1,1,0,1,1,0,0,0,0,0,0,0,0,0,0,0,0,0,0,0,0,0,0,0,0,0,0,0,0,0,0,0,0,0,0,0,0,0,0,0,0,0,0,0,0,0,0,0,0,0,0,0,0,0,0,0,0,,0,0,0,0,0,0,0,0,0,0,0,0,0,0,0,0,0,0,0,0,0,0,0,0,0,0,0,,,,0,0,0,0,0,0,0,0,0,0,0,0,0,0,0,0,0,0,0,0,0,0,0,0,1,-1,-1,1,1,1,1,1,1,1,1,1,1,1,0,0,0,0,1,0,0,1,-1,1,1,1,1,1,1,0,0,1,1,1,1,1,0,0,1,0,1,1,1,1,1,1,1,1,1,1,1,1,1,1,-1,0,0,1,,1,,,,1,1,1,1,1,1,1,1,1,1,1,1,1,1,1,1,1,1,1,0,0,-1,1,1,1,1,1,0,1,1,0,0,1,1,1,1,1,1,1,0,1,0,1,1,0,0,126,106,20,35.29,327,28,8
incentivize_2023,-1,-1,-1,-1,-1,0,0,0,1,1,1,1,1,1,1,1,1,-1,1,1,1,0,0,0,0,1,1,-1,-1,0,0,0,0,0,0,0,0,0,0,0,0,0,0,0,0,0,0,0,0,0,0,0,0,0,0,0,0,0,0,0,0,0,0,0,0,-1,-1,0,0,0,0,1,1,0,0,0,1,1,-1,1,0,0,0,0,0,0,0,0,-1,1,0,0,0,0,0,0,0,0,0,-1,-1,-1,-1,1,1,1,0,0,0,0,0,0,0,0,0,0,0,0,0,0,0,0,0,1,1,0,0,0,0,0,0,-1,0,-1,-1,0,0,1,1,0,0,1,1,1,0,0,0,0,0,0,0,0,0,0,0,0,0,0,0,0,0,0,0,0,0,0,0,0,0,0,0,0,0,0,0,0,0,0,0,0,0,0,0,0,0,0,0,0,0,0,0,0,0,0,0,0,0,0,0,,0,0,0,0,0,0,0,0,0,0,0,0,0,0,0,0,0,0,0,0,0,0,0,0,0,0,0,,,,0,0,0,0,0,0,0,0,0,0,0,0,0,0,0,0,0,0,0,0,0,0,0,0,1,0,0,1,1,1,1,1,1,1,1,1,1,1,1,1,-1,-1,1,0,0,0,1,1,1,1,1,1,1,1,1,1,1,-1,-1,-1,0,0,1,1,1,1,1,1,1,-1,1,1,1,1,1,1,1,1,1,1,1,1,1,0,1,1,1,1,1,0,0,-1,1,1,1,1,1,0,0,0,1,1,1,1,1,1,1,0,1,1,1,0,0,1,0,1,1,0,0,1,1,0,0,0,1,1,1,0,1,1,1,0,0,107,92,15,29.97,333,26,4
redifarms_2023,-1,-1,-1,-1,-1,-1,-1,-1,-1,-1,-1,-1,-1,-1,-1,1,1,-1,-1,-1,1,-1,0,0,0,-1,-1,1,1,-1,-1,0,-1,0,0,0,0,0,-1,0,0,-1,0,0,0,-1,-1,-1,-1,0,0,0,0,0,-1,-1,0,0,0,0,-1,0,0,0,0,0,0,0,0,0,0,0,0,0,0,0,1,0,0,0,1,-1,-1,-1,1,-1,-1,-1,-1,1,-1,-1,-1,-1,-1,-1,-1,-1,-1,,1,1,1,1,1,1,0,0,0,0,0,0,1,1,0,0,0,0,0,0,0,0,0,1,1,0,0,0,0,0,0,0,0,1,1,0,1,1,1,1,0,1,1,1,-1,1,1,-1,0,-1,0,0,0,0,0,-1,0,-1,0,-1,0,0,0,0,0,0,0,0,0,0,0,0,0,0,0,0,0,0,0,0,0,0,0,0,0,0,0,-1,0,0,0,0,0,0,0,0,-1,0,-1,-1,0,0,-1,-1,-1,-1,-1,0,0,0,0,0,0,0,0,-1,-1,-1,-1,-1,-1,-1,-1,0,0,0,-1,,,,0,0,0,0,0,0,0,0,0,0,0,0,0,0,0,0,0,0,-1,-1,-1,-1,-1,-1,1,1,1,1,1,1,1,1,1,1,1,1,1,1,1,1,1,1,1,1,1,1,0,1,1,1,1,1,1,1,1,1,1,1,0,0,1,0,1,1,1,1,1,1,1,1,1,-1,0,1,0,1,1,1,1,1,1,1,1,0,1,1,1,1,1,0,0,0,0,0,1,1,1,0,0,1,1,0,0,1,1,1,0,0,0,1,0,1,0,1,0,,0,0,0,,,,,,,,0,0,0,0,1,0,0,99,90,9,27.73,271,80,12
matcha_2023,-1,-1,-1,-1,-1,-1,-1,-1,-1,-1,-1,1,1,1,1,1,1,0,1,1,1,-1,0,0,0,-1,1,0,0,1,1,0,1,0,0,0,0,0,0,0,0,1,0,0,0,0,1,-1,-1,0,0,0,-1,1,1,1,1,0,0,0,0,0,0,0,0,1,1,1,-1,-1,0,0,0,0,1,1,1,1,-1,1,-1,-1,0,0,1,1,1,1,1,1,-1,1,0,0,0,0,0,0,0,-1,-1,-1,-1,1,-1,1,0,0,0,0,0,0,0,0,0,0,0,0,0,0,0,0,0,1,1,0,0,0,0,0,0,1,1,1,1,0,1,1,1,0,0,0,0,0,0,0,0,0,0,0,0,0,1,0,-1,1,-1,0,0,0,0,0,0,0,0,0,0,0,0,0,0,0,0,-1,0,-1,-1,-1,1,-1,0,1,1,0,0,0,0,0,-1,1,0,-1,0,0,1,-1,0,0,0,,0,0,-1,-1,-1,-1,-1,-1,-1,1,1,0,0,1,1,-1,-1,0,0,0,0,0,0,0,0,0,0,,,,0,0,0,0,0,0,0,0,0,0,0,0,0,0,0,0,-1,-1,-1,-1,-1,0,-1,-1,1,0,0,0,0,0,0,-1,0,0,-1,-1,-1,1,1,1,-1,-1,1,0,0,-1,0,1,1,1,-1,0,0,-1,1,1,1,1,1,1,-1,0,1,1,1,1,1,1,0,0,1,1,1,1,1,0,0,1,0,0,0,1,1,1,1,1,1,1,1,0,0,1,1,0,1,-1,1,1,1,0,-1,1,1,1,0,1,-1,1,0,-1,0,1,-1,1,1,0,0,0,0,0,0,0,0,0,-1,0,0,0,-1,0,0,0,0,104,89,15,29.13,289,70,4
prezerv_technologies_2023,1,1,-1,-1,-1,-1,-1,-1,-1,-1,-1,1,1,1,1,-1,-1,1,-1,-1,1,1,1,1,1,1,1,1,1,-1,-1,0,-1,-1,0,0,-1,0,-1,-1,-1,-1,-1,0,0,0,0,0,0,0,0,-1,-1,-1,-1,-1,-1,-1,-1,0,-1,-1,0,-1,-1,1,1,-1,-1,-1,-1,0,0,0,0,0,-1,-1,-1,0,-1,0,-1,-1,1,0,1,1,1,1,1,-1,-1,-1,-1,-1,0,0,0,-1,-1,-1,-1,1,1,1,0,0,0,0,0,0,-1,-1,0,1,1,1,1,0,0,0,0,1,1,0,0,0,0,0,0,-1,0,1,1,0,1,1,1,1,0,1,1,1,-1,1,-1,-1,-1,-1,0,0,0,-1,0,-1,-1,-1,0,-1,0,0,0,0,-1,-1,-1,-1,0,0,0,-1,-1,-1,-1,-1,-1,-1,-1,-1,0,-1,-1,-1,-1,-1,-1,-1,-1,-1,-1,-1,-1,-1,-1,-1,-1,0,0,,-1,-1,-1,-1,-1,-1,-1,-1,-1,-1,-1,-1,-1,-1,-1,-1,-1,-1,-1,-1,-1,-1,-1,0,0,-1,-1,,,,0,0,,0,0,0,0,0,0,0,0,0,0,0,,-1,-1,-1,-1,-1,-1,-1,-1,-1,1,0,0,1,1,1,-1,1,1,-1,1,1,1,1,1,1,0,0,1,0,0,0,0,1,1,1,1,1,1,-1,-1,-1,1,-1,-1,-1,0,0,1,1,0,1,1,1,-1,-1,1,1,1,1,1,1,1,1,1,-1,1,1,-1,1,-1,-1,-1,-1,-1,-1,-1,1,1,1,1,1,0,1,1,0,1,1,1,-1,-1,1,-1,0,1,1,1,1,-1,1,0,0,1,0,0,0,0,0,0,0,0,-1,-1,1,1,1,1,1,1,103,87,16,28.85,202,155,6
rivalia_chemical_co_2023,-1,-1,-1,-1,-1,-1,-1,-1,-1,-1,-1,-1,-1,-1,-1,-1,-1,0,-1,-1,1,-1,-1,-1,0,1,-1,0,0,-1,-1,-1,0,0,0,-1,0,0,-1,0,-1,-1,0,0,0,0,0,0,-1,0,0,-1,-1,0,-1,-1,-1,-1,-1,-1,-1,-1,0,-1,-1,1,1,1,1,1,1,1,1,-1,1,1,1,1,1,1,-1,-1,-1,-1,-1,-1,-1,-1,0,1,-1,-1,0,0,0,0,0,0,0,-1,-1,-1,-1,-1,-1,1,-1,-1,-1,-1,-1,1,1,1,1,1,1,1,1,1,1,1,1,1,1,1,1,-1,-1,0,-1,0,0,1,1,0,0,1,1,1,-1,1,1,1,-1,1,-1,-1,0,0,0,0,0,0,-1,-1,-1,-1,0,0,0,0,0,0,0,0,0,0,0,0,0,0,0,0,0,0,0,0,0,0,0,-1,0,-1,0,0,0,0,0,0,0,0,0,0,0,0,0,0,0,0,-1,-1,-1,-1,-1,-1,-1,-1,-1,-1,-1,-1,-1,-1,-1,-1,-1,0,0,0,0,-1,-1,0,0,0,0,,,,0,0,,0,0,0,0,0,0,0,0,0,0,0,,-1,-1,-1,-1,-1,-1,-1,-1,-1,1,1,1,-1,-1,-1,1,1,-1,1,1,1,1,1,1,1,1,1,-1,-1,-1,-1,-1,1,1,1,1,-1,-1,0,-1,-1,1,1,1,1,0,0,1,1,1,1,1,1,1,1,1,1,1,1,1,1,1,1,1,1,0,1,,1,1,1,1,0,1,1,,1,1,1,1,1,,1,1,0,,1,1,1,1,1,1,1,1,1,1,1,0,1,-1,0,1,1,1,1,1,1,1,1,1,1,1,1,1,1,1,0,1,125,107,18,35.01,234,120,9
orus_energy_2023,-1,-1,-1,-1,-1,-1,-1,-1,-1,-1,-1,-1,-1,-1,-1,1,1,0,-1,-1,1,-1,0,0,0,-1,1,0,0,-1,-1,-1,-1,-1,0,0,0,0,-1,-1,-1,-1,-1,0,0,-1,-1,-1,-1,0,0,-1,-1,0,-1,-1,0,0,0,0,0,0,0,0,0,1,1,-1,-1,-1,0,1,0,0,0,0,1,-1,0,0,-1,-1,-1,-1,0,0,-1,-1,0,1,0,1,0,0,0,0,0,0,0,-1,-1,-1,-1,1,0,1,0,0,0,0,0,0,0,0,0,0,0,0,0,0,0,0,0,1,1,0,0,0,0,-1,0,0,0,1,1,0,1,1,1,-1,0,1,1,1,-1,-1,0,0,0,0,0,-1,0,0,0,-1,0,0,0,0,0,0,-1,-1,-1,0,0,0,0,0,0,0,-1,-1,0,-1,0,0,-1,0,0,0,0,-1,0,-1,0,0,-1,0,0,0,0,0,-1,-1,0,0,0,,-1,-1,-1,-1,-1,-1,-1,-1,-1,-1,-1,0,0,0,0,-1,-1,-1,-1,-1,0,0,0,0,0,0,0,,,,0,0,0,0,0,0,0,0,0,0,0,0,0,0,0,0,-1,-1,-1,-1,-1,-1,-1,-1,1,-1,-1,1,1,1,-1,-1,0,0,1,1,1,1,1,1,1,1,1,0,0,1,0,1,1,-1,-1,1,0,1,1,-1,1,1,1,1,-1,0,1,-1,1,1,1,1,1,-1,1,1,1,1,1,1,1,1,1,0,-1,1,1,1,1,1,1,1,1,1,-1,1,1,1,1,1,1,1,1,-1,1,-1,1,1,1,1,1,1,1,1,1,0,0,1,-1,1,1,0,0,1,-1,-1,-1,-1,1,-1,-1,1,0,1,1,-1,0,95,77,18,26.61,244,115,4
aquasaic_formerly_htomic_2023,-1,-1,-1,-1,-1,-1,-1,-1,-1,-1,-1,-1,-1,-1,-1,1,1,0,-1,-1,0,-1,0,0,0,1,0,0,0,1,1,-1,0,0,0,0,-1,0,0,0,0,1,-1,0,1,0,-1,0,0,0,0,1,0,0,-1,1,1,0,0,0,1,-1,0,0,0,0,0,0,0,0,0,0,0,0,0,0,0,0,0,1,1,0,-1,-1,1,0,0,0,0,1,-1,0,-1,-1,-1,-1,-1,-1,-1,-1,-1,-1,-1,1,0,-1,0,0,0,0,0,0,0,0,0,0,0,0,0,0,0,0,0,-1,-1,0,0,0,0,0,0,0,0,0,0,0,0,-1,-1,0,0,0,0,0,0,0,0,0,0,0,0,0,0,0,0,0,0,0,0,-1,0,0,0,0,-1,0,0,0,0,0,0,0,0,0,0,0,0,0,0,0,0,0,0,0,0,0,0,0,0,0,0,0,0,0,0,0,0,0,0,,-1,-1,0,0,-1,0,-1,1,1,0,0,1,1,0,0,0,0,-1,-1,-1,0,-1,-1,0,0,0,0,,,,0,0,0,0,0,0,0,0,0,0,0,0,0,0,0,0,-1,-1,0,0,-1,0,0,-1,1,0,0,1,1,1,0,0,0,0,1,1,1,1,-1,-1,0,0,0,0,0,1,0,1,1,1,0,0,0,1,1,-1,0,0,0,0,0,0,1,0,0,1,1,1,0,1,0,1,1,1,0,-1,-1,1,1,1,0,1,0,1,0,0,0,1,0,0,0,0,0,-1,1,1,1,0,0,-1,0,0,1,0,0,1,0,0,-1,0,1,0,0,0,0,0,1,0,0,0,0,0,0,0,0,0,0,0,0,1,1,0,1,58,47,11,16.25,293,66,4
peoples_energy_analytics_2023,-1,-1,-1,-1,-1,-1,-1,-1,-1,-1,-1,-1,-1,-1,-1,1,1,0,0,0,1,0,0,0,0,0,1,0,0,-1,-1,-1,-1,-1,0,0,0,0,-1,-1,-1,-1,-1,0,0,0,0,0,-1,0,0,-1,-1,-1,-1,-1,0,0,-1,0,0,0,0,0,0,1,1,0,0,0,0,-1,-1,0,0,0,1,-1,0,1,1,0,-1,-1,0,0,1,1,0,1,0,0,0,0,0,0,0,0,0,0,0,0,0,1,0,1,0,0,0,0,0,0,0,0,0,-1,-1,-1,-1,0,0,0,0,1,1,0,0,0,0,0,0,0,0,1,1,0,0,1,1,1,0,1,1,1,0,0,0,-1,0,0,0,-1,0,0,0,-1,0,-1,0,-1,0,0,0,-1,-1,-1,0,0,0,0,0,0,-1,-1,0,-1,0,0,-1,-1,0,0,0,0,0,0,-1,-1,-1,0,0,0,0,0,-1,-1,0,0,0,,-1,-1,-1,-1,-1,-1,-1,-1,-1,-1,-1,0,0,0,0,-1,-1,-1,-1,-1,0,0,0,0,0,0,0,,,,0,0,0,0,0,0,0,0,0,-1,-1,-1,0,0,0,0,-1,-1,-1,-1,-1,-1,-1,-1,1,1,1,1,1,1,1,1,1,0,1,1,1,1,1,1,0,0,1,0,0,0,0,1,1,1,1,-1,1,1,-1,-1,1,1,1,1,0,-1,1,1,1,1,1,1,-1,-1,1,1,1,1,1,1,1,1,-1,0,1,1,1,1,1,1,1,-1,1,1,0,-1,1,1,1,1,1,1,1,1,-1,1,-1,-1,-1,1,-1,-1,0,1,1,-1,-1,-1,-1,-1,1,0,0,-1,-1,-1,-1,-1,-1,-1,-1,1,0,1,1,1,0,90,74,16,25.21,245,114,4
tsi_wave_gen_2023,-1,-1,-1,-1,-1,-1,-1,-1,-1,-1,-1,-1,-1,-1,-1,1,1,0,-1,-1,1,-1,1,1,0,0,0,1,1,1,1,0,0,0,0,0,0,0,1,1,-1,1,0,0,0,1,1,1,1,0,0,1,0,0,1,-1,-1,0,0,0,0,0,0,0,0,1,1,-1,-1,-1,1,-1,0,0,0,0,1,1,0,0,1,1,-1,-1,0,0,-1,-1,0,-1,-1,1,0,0,0,0,0,0,0,-1,-1,-1,-1,1,0,1,0,0,0,0,0,0,0,0,0,0,0,0,0,0,0,0,0,1,1,0,0,0,0,0,0,0,0,1,1,0,1,1,1,1,0,1,1,1,0,1,0,1,0,0,0,0,1,-1,0,-1,0,-1,0,-1,0,0,0,1,1,-1,0,0,0,0,0,0,1,-1,0,-1,-1,-1,-1,1,0,-1,0,-1,-1,-1,-1,1,1,-1,0,0,0,0,1,1,0,0,0,,-1,-1,-1,-1,-1,-1,-1,-1,-1,-1,-1,0,0,0,0,-1,-1,0,0,0,0,0,0,0,-1,0,0,,,,0,0,0,0,0,0,0,0,,0,0,0,0,0,,0,-1,-1,-1,-1,-1,-1,-1,-1,1,0,0,-1,-1,-1,1,1,0,0,1,1,1,1,1,1,-1,-1,-1,0,0,1,0,1,1,1,1,1,-1,1,1,1,1,1,1,1,-1,0,1,-1,0,1,1,1,1,1,1,1,1,1,1,1,1,1,1,-1,1,1,-1,-1,1,1,1,1,1,-1,1,1,1,1,-1,1,1,-1,-1,1,-1,0,0,1,-1,1,0,0,-1,1,1,-1,-1,1,-1,1,1,-1,-1,-1,-1,-1,-1,-1,-1,-1,0,1,0,1,-1,0,0,110,87,23,30.81,252,105,6
spacesense_2023,-1,-1,-1,-1,-1,-1,-1,-1,-1,-1,-1,-1,-1,-1,-1,1,1,0,1,1,1,0,-1,-1,0,-1,-1,0,0,-1,-1,0,0,0,0,0,0,0,0,0,0,-1,0,0,0,-1,-1,-1,0,0,0,0,0,-1,0,-1,-1,0,0,0,-1,0,0,0,0,0,0,0,0,0,0,-1,-1,-1,1,0,1,0,0,0,-1,0,-1,-1,-1,-1,1,1,0,1,1,-1,0,0,0,0,0,0,0,-1,-1,-1,-1,1,1,1,0,0,0,0,0,0,0,0,0,0,0,0,0,0,0,0,0,1,1,0,0,0,0,0,0,-1,0,1,1,0,-1,-1,-1,-1,0,1,1,1,0,-1,0,-1,0,-1,0,0,0,0,0,0,0,0,0,0,0,0,-1,-1,-1,-1,-1,-1,0,-1,0,0,-1,0,0,-1,-1,-1,-1,-1,0,-1,0,-1,-1,-1,0,1,-1,-1,0,-1,0,0,0,-1,0,0,0,,-1,-1,-1,-1,-1,-1,-1,-1,-1,-1,-1,-1,-1,-1,-1,-1,-1,-1,-1,-1,0,-1,-1,0,-1,0,0,,,,0,0,0,0,0,0,0,0,0,0,0,0,0,0,0,-1,-1,-1,-1,-1,-1,-1,-1,-1,1,1,1,1,1,1,1,0,0,0,1,1,1,1,-1,-1,0,0,0,0,0,1,0,0,0,0,1,1,1,1,1,1,1,0,-1,-1,0,0,1,-1,0,0,0,0,0,0,1,1,1,1,1,0,1,1,1,1,-1,1,0,-1,-1,-1,-1,0,0,0,-1,1,0,1,1,1,0,0,0,0,1,0,1,1,1,1,1,0,0,-1,0,-1,0,0,-1,1,1,0,0,0,0,0,0,0,1,-1,-1,0,0,0,1,-1,0,66,58,8,18.49,239,120,4
table_2_ground_llc_2023,-1,-1,-1,-1,-1,-1,-1,-1,-1,-1,-1,-1,-1,-1,-1,1,1,-1,1,1,0,-1,1,1,-1,0,0,1,1,0,0,0,0,0,0,0,0,0,0,0,0,0,0,0,0,0,0,0,0,0,0,0,0,0,0,0,0,0,0,0,0,0,0,0,0,0,0,1,0,0,0,0,0,0,0,0,1,0,0,-1,1,1,1,1,0,0,1,1,-1,-1,1,1,0,0,0,0,0,0,0,-1,-1,-1,-1,-1,0,1,0,0,0,0,0,0,0,0,0,0,0,0,0,0,0,0,0,1,1,0,0,0,0,0,0,0,0,-1,-1,0,-1,-1,-1,1,0,1,1,1,0,1,0,-1,0,0,0,0,0,0,0,0,0,0,0,0,0,0,0,-1,-1,0,0,0,0,0,0,0,-1,0,0,-1,-1,-1,-1,-1,0,-1,0,-1,-1,-1,0,-1,-1,-1,0,0,0,0,-1,-1,0,0,0,,-1,-1,0,0,0,0,0,-1,-1,-1,-1,-1,-1,0,0,0,0,-1,-1,-1,0,0,0,-1,0,0,0,,,,0,0,0,0,0,0,0,0,0,0,0,0,0,0,0,0,-1,-1,-1,-1,0,0,0,0,1,1,1,1,1,1,1,1,1,0,1,1,1,1,1,1,1,1,1,0,0,1,0,1,1,1,1,1,1,1,1,-1,1,-1,1,1,0,0,1,1,1,1,1,1,1,1,1,1,1,1,1,1,1,1,1,1,0,1,-1,-1,1,1,1,1,1,0,0,1,1,1,1,1,1,1,1,1,1,0,1,1,1,1,1,0,0,1,1,-1,0,1,-1,1,1,0,0,1,0,1,1,1,1,-1,-1,1,0,1,1,-1,0,108,92,16,30.25,285,74,4
siclic_advanced_materials_2023,-1,-1,-1,-1,-1,0,0,0,-1,-1,-1,-1,-1,-1,-1,-1,-1,0,0,0,-1,1,0,0,-1,1,-1,0,0,-1,-1,0,0,0,0,0,0,0,0,0,0,-1,0,0,0,-1,-1,-1,0,0,0,-1,0,0,-1,0,0,0,0,0,0,-1,0,0,0,1,1,-1,0,0,0,1,0,0,0,0,-1,0,0,1,1,0,-1,-1,0,0,-1,-1,0,-1,1,1,,1,1,1,-1,-1,-1,-1,-1,-1,-1,1,0,1,0,0,0,0,0,0,-1,-1,0,0,0,0,0,0,0,0,0,1,1,0,0,0,0,0,0,0,0,1,1,0,-1,-1,-1,-1,0,1,1,1,0,0,1,0,0,0,0,-1,-1,0,0,0,0,0,0,-1,-1,0,0,0,-1,0,0,0,0,0,0,0,0,0,0,0,0,0,0,0,0,0,0,0,0,0,0,0,0,0,0,0,0,0,0,0,0,0,0,-1,-1,-1,-1,-1,-1,-1,-1,-1,-1,-1,-1,0,0,0,0,0,0,-1,-1,-1,0,0,0,0,0,0,0,,,,0,0,0,0,0,0,0,0,0,0,0,0,0,0,,0,-1,-1,-1,-1,-1,-1,-1,-1,1,-1,-1,0,0,0,-1,1,1,-1,1,1,1,1,0,0,0,0,1,1,1,-1,0,-1,-1,-1,-1,0,0,1,1,1,1,0,0,0,1,0,1,-1,-1,1,1,1,1,-1,-1,1,1,-1,1,0,1,1,-1,-1,0,1,0,-1,0,0,0,-1,0,0,0,1,1,1,-1,1,1,0,1,0,0,0,0,1,1,-1,-1,0,0,0,0,0,-1,1,0,0,1,0,0,1,1,0,0,0,0,0,0,0,0,1,-1,0,0,61,51,10,17.09,261,97,5
xenoil_2023,1,1,1,1,1,-1,-1,-1,1,1,1,1,1,1,1,1,1,0,-1,-1,1,1,0,0,0,1,1,0,0,0,0,0,0,0,0,0,0,0,0,0,0,0,0,0,0,0,0,0,0,0,0,0,0,0,0,0,0,0,0,0,0,0,0,0,0,1,1,1,1,1,1,1,1,0,1,1,1,1,,0,1,1,-1,-1,1,1,1,1,1,1,0,1,-1,-1,-1,-1,-1,-1,-1,,1,1,1,1,1,1,-1,-1,-1,-1,-1,0,-1,-1,-1,0,0,0,0,0,0,0,0,1,1,0,0,0,0,0,0,1,0,1,1,0,1,1,1,1,0,-1,-1,-1,-1,1,-1,0,0,0,0,0,0,0,0,0,0,0,0,0,0,0,0,0,0,0,0,0,0,0,0,0,0,0,0,0,0,0,0,0,0,0,0,0,0,0,0,0,0,0,0,0,0,0,0,0,0,0,0,,0,0,0,0,0,0,0,0,0,0,0,0,0,0,0,0,0,0,0,0,0,0,0,0,0,0,0,,,,0,0,0,0,0,0,0,0,0,0,0,0,0,0,0,0,0,0,0,0,0,0,0,0,1,1,1,1,1,1,1,1,1,0,1,1,1,1,0,0,-1,-1,1,0,0,-1,0,-1,-1,-1,1,1,-1,-1,-1,1,1,1,1,1,0,0,1,1,0,1,1,1,1,1,1,1,1,1,1,1,1,1,1,1,1,1,1,1,1,1,1,1,1,,0,1,1,1,1,1,1,0,1,1,1,-1,1,1,1,1,1,1,1,1,1,0,,1,1,1,-1,1,1,1,1,1,1,1,1,1,1,1,1,1,1,0,0,137,117,20,38.38,317,38,8
wenew_carbology_llc_2023,1,1,1,1,1,-1,-1,-1,1,1,1,1,1,1,1,1,1,0,1,1,1,1,0,0,0,0,0,0,0,1,1,1,0,1,1,1,1,0,1,1,1,1,1,1,1,1,0,1,0,0,1,1,1,1,1,1,1,1,1,1,1,1,0,1,1,1,1,1,1,1,0,1,0,0,0,1,1,1,0,0,0,1,-1,-1,0,0,-1,-1,0,0,1,1,0,0,0,0,0,0,0,0,0,0,0,0,0,1,1,1,1,1,1,0,1,1,1,1,1,1,1,0,0,0,0,1,1,0,0,0,0,0,0,1,0,1,1,0,1,1,1,1,0,1,1,1,1,1,1,-1,0,-1,0,-1,-1,0,0,-1,0,-1,0,-1,0,0,0,-1,-1,-1,0,0,0,0,-1,0,-1,-1,-1,-1,-1,-1,-1,-1,0,-1,0,-1,-1,-1,-1,-1,-1,-1,0,0,-1,0,0,0,0,0,-1,,-1,-1,-1,-1,-1,-1,-1,-1,-1,-1,-1,-1,-1,0,0,1,1,0,0,0,0,0,0,0,0,1,0,,,,0,0,0,0,0,0,0,0,0,0,0,0,0,0,,0,1,1,1,1,1,-1,-1,-1,1,-1,-1,1,1,1,1,1,1,1,1,1,1,1,1,1,0,0,-1,0,0,0,0,0,0,0,1,1,1,1,1,-1,1,1,1,1,0,0,1,1,-1,1,1,1,1,-1,1,1,1,1,1,1,1,1,1,1,0,1,1,1,1,1,1,1,1,0,1,1,1,1,1,1,1,1,1,1,1,1,1,1,1,1,0,1,1,1,1,1,1,1,1,1,1,0,0,1,0,0,0,0,1,1,1,1,1,1,0,1,1,178,147,31,49.86,300,58,5
shutterbug_exchange_inc_sbx_2023,-1,-1,-1,-1,-1,-1,-1,-1,-1,-1,-1,1,1,1,1,1,1,0,-1,-1,-1,-1,0,0,0,-1,-1,-1,-1,-1,-1,0,0,0,0,0,0,0,0,0,0,-1,0,0,0,0,0,0,0,0,0,-1,0,0,-1,0,0,0,0,0,0,-1,0,0,0,1,1,-1,0,0,0,-1,-1,0,-1,0,0,0,0,-1,0,0,-1,-1,0,0,-1,-1,0,0,0,-1,0,0,0,0,0,0,0,0,0,0,0,0,0,1,0,0,0,0,0,0,0,0,0,0,0,0,0,0,0,0,0,1,1,0,0,0,0,0,0,0,0,-1,-1,0,0,-1,-1,0,0,-1,-1,-1,0,0,0,0,0,0,0,0,0,0,0,0,0,0,0,0,0,0,0,0,0,0,0,0,0,0,0,0,0,0,0,0,0,0,0,0,0,0,0,0,0,0,0,0,0,0,0,0,0,0,0,0,0,0,0,,0,0,0,0,0,0,0,0,0,0,0,0,0,0,0,0,0,0,0,0,0,0,0,0,0,0,0,,,,0,0,0,0,0,0,0,0,0,0,0,0,0,0,0,0,0,0,0,0,0,0,0,0,1,-1,-1,-1,-1,-1,-1,1,-1,-1,1,1,1,1,-1,-1,0,0,1,0,0,-1,0,-1,-1,1,1,1,-1,1,1,1,1,-1,1,1,0,0,1,1,0,1,1,1,1,0,-1,-1,-1,0,-1,0,-1,-1,-1,-1,-1,-1,0,-1,0,0,0,0,0,0,0,-1,-1,-1,-1,-1,0,-1,0,0,0,0,-1,-1,-1,-1,0,0,0,0,0,0,0,0,0,0,-1,0,0,0,0,0,0,0,0,0,0,0,0,0,0,-1,-1,33,33,0,9.24,278,81,4
zinco_verde_2023,1,1,-1,-1,-1,-1,-1,-1,-1,-1,-1,-1,-1,-1,-1,1,1,0,-1,-1,1,1,0,0,0,1,-1,0,0,0,0,0,0,0,0,0,0,0,0,0,0,-1,0,0,0,0,0,0,0,0,0,0,0,0,-1,0,0,0,0,0,0,0,0,0,0,1,1,1,-1,-1,1,1,1,0,-1,-1,1,1,0,0,-1,0,-1,-1,0,0,-1,-1,1,1,0,0,-1,-1,-1,-1,0,0,0,,1,1,1,1,-1,1,0,0,0,0,0,0,-1,-1,0,1,1,1,1,0,0,0,0,1,1,0,0,0,0,0,0,0,-1,-1,-1,-1,-1,1,1,1,0,1,1,1,0,1,1,0,0,0,0,0,0,0,0,0,0,0,0,0,0,0,0,0,0,0,0,0,0,0,0,0,0,0,0,0,0,0,0,0,0,0,0,0,0,0,0,0,0,0,0,0,0,0,0,0,-1,0,0,-1,-1,-1,0,-1,-1,0,-1,-1,-1,0,0,0,0,0,0,0,0,-1,-1,-1,0,-1,-1,0,0,0,0,,,,0,0,0,0,0,0,0,0,0,0,0,0,0,0,0,0,0,0,-1,-1,-1,0,-1,0,1,1,1,1,1,1,1,1,-1,1,1,1,1,1,-1,-1,0,0,1,0,0,1,0,1,1,1,1,1,-1,1,1,1,1,-1,1,1,0,0,1,1,0,1,1,1,1,-1,-1,1,1,1,1,1,1,1,1,-1,0,1,,1,0,0,0,0,-1,0,0,1,1,1,1,1,1,0,0,1,1,0,1,-1,1,0,1,-1,0,1,1,0,0,1,0,,1,0,0,1,0,,,,1,-1,-1,-1,0,1,1,0,0,97,82,15,27.17,283,71,9
carbonbright_2023,-1,-1,1,1,1,-1,-1,-1,-1,-1,-1,1,1,1,1,1,1,-1,1,1,1,1,-1,-1,-1,1,1,1,1,0,0,-1,0,0,0,0,0,0,0,0,0,-1,-1,0,0,-1,-1,-1,-1,0,0,-1,0,-1,-1,-1,0,0,0,0,-1,-1,0,0,0,-1,-1,1,1,1,1,1,1,1,1,1,1,1,1,1,0,0,-1,-1,1,0,-1,-1,0,1,0,0,0,0,0,0,0,0,0,0,0,0,0,1,0,1,0,0,0,0,0,0,0,0,0,0,0,0,0,0,0,0,0,1,1,0,0,0,0,0,0,0,0,1,1,0,0,1,1,1,-1,1,1,1,0,1,0,0,0,-1,0,-1,-1,0,0,-1,0,0,0,0,0,0,0,-1,-1,-1,0,0,0,0,0,0,-1,0,0,-1,-1,-1,-1,-1,0,-1,0,-1,-1,-1,0,-1,-1,-1,0,0,0,0,0,-1,0,0,0,,-1,-1,-1,-1,-1,-1,-1,0,0,0,0,0,0,0,0,-1,-1,-1,-1,-1,0,-1,-1,0,-1,0,0,,,,0,0,0,0,0,0,0,0,0,-1,-1,-1,0,0,,0,-1,-1,-1,-1,-1,-1,-1,-1,1,0,0,1,1,1,1,1,0,0,0,0,0,1,1,1,-1,-1,0,0,0,-1,-1,1,1,1,1,0,0,-1,-1,-1,1,-1,0,0,0,0,1,1,1,1,1,1,1,1,1,1,1,-1,1,1,1,1,1,-1,-1,1,-1,1,1,1,1,-1,1,-1,-1,1,1,-1,-1,1,1,-1,1,1,-1,-1,1,1,1,1,1,-1,1,1,1,-1,-1,1,-1,1,1,-1,-1,1,-1,-1,-1,-1,1,-1,1,1,-1,1,-1,-1,-1,103,84,19,28.85,244,114,5
arx_pax_labs_inc_2023,-1,-1,-1,-1,-1,-1,-1,-1,-1,-1,-1,-1,-1,-1,-1,0,0,0,0,0,1,0,0,0,0,-1,0,0,0,0,0,0,0,0,0,0,0,0,0,0,0,0,0,0,0,0,0,0,0,0,0,0,0,0,0,0,0,0,0,0,0,0,0,0,0,0,0,0,-1,-1,0,0,0,0,0,0,-1,0,0,-1,1,1,-1,-1,0,0,-1,-1,1,1,1,-1,-1,-1,-1,-1,-1,-1,-1,-1,-1,-1,-1,1,-1,1,0,0,0,0,0,0,-1,-1,0,-1,-1,-1,-1,0,0,0,0,1,1,0,0,0,0,0,0,-1,0,1,1,0,0,1,1,-1,0,1,1,1,0,-1,-1,0,0,0,0,0,0,0,0,0,0,0,0,0,0,0,0,0,0,0,0,0,0,0,0,0,0,0,0,0,0,0,0,0,0,0,0,0,0,0,0,0,0,0,0,0,0,0,0,0,0,0,0,,0,0,0,0,0,0,0,0,0,0,0,0,0,0,0,0,0,0,0,0,0,0,0,0,0,0,0,,,,0,0,0,0,0,0,0,0,0,0,0,0,0,0,0,0,0,0,0,0,0,0,0,0,1,1,1,0,0,0,0,1,1,-1,1,1,1,1,-1,-1,0,0,1,0,0,1,-1,1,1,1,1,1,1,1,1,0,1,1,1,1,0,-1,1,1,1,1,1,1,1,1,1,1,1,1,1,1,1,1,1,1,0,1,1,1,1,1,1,0,-1,1,1,1,1,1,1,1,1,-1,1,1,1,1,1,1,1,1,1,-1,0,1,-1,-1,1,-1,0,1,1,0,0,1,-1,1,1,1,1,1,1,1,0,1,1,0,0,95,77,18,26.61,300,59,4
skipso_2024,,,,,,,,,,,,,,,,,,,,,,,,,,,,,,,,,,,,,,,,,,,,,,,,,,,,,,,,,,,,,,,,,,,,,,,,,,,,,,,,,,,,,,,,,,,,,,,,,,,,,,,,,,,,,,,,,,,,,,,,,,,,,,,,,,,,,,,,,,,,,,,,,,,,,,,,,,,,,,,,,,,,,,,,,,,,,,,,,,,,,,,,,,,,,,,,,,,,,,,,,,,,,,,,,,,,,,,,,,,,,,,,,,,,,,,,,,,,,,,,,,,,,,,,,,,,,,,,,,,,,,,,,,,,,,,,,,,,,,,,,,,,,,,,,,,,,,,,,,,,,,,,,,,,,,,,,,,,,,,,,,,,,,,,,,,,,,,,,,,,,,,,,,,,,,,,,,,,,,,,,,,,0,0,0,0.0,0,0,363
tanda_biotech_corp_2024,,,,,,,,,,,,,,,,,,,,,,,,,,,,,,,,,,,,,,,,,,,,,,,,,,,,,,,,,,,,,,,,,,,,,,,,,,,,,,,,,,,,,,,,,,,,,,,,,,,,,,,,,,,,,,,,,,,,,,,,,,,,,,,,,,,,,,,,,,,,,,,,,,,,,,,,,,,,,,,,,,,,,,,,,,,,,,,,,,,,,,,,,,,,,,,,,,,,,,,,,,,,,,,,,,,,,,,,,,,,,,,,,,,,,,,,,,,,,,,,,,,,,,,,,,,,,,,,,,,,,,,,,,,,,,,,,,,,,,,,,,,,,,,,,,,,,,,,,,,,,,,,,,,,,,,,,,,,,,,,,,,,,,,,,,,,,,,,,,,,,,,,,,,,,,,,,,,,,,,,,,,,0,0,0,0.0,0,0,363
airbuild_inc_2024,-1,-1,-1,-1,-1,0,0,0,-1,-1,-1,-1,-1,-1,-1,-1,-1,1,-1,-1,1,-1,-1,-1,0,1,1,1,1,-1,-1,0,0,0,0,0,0,0,-1,-1,-1,1,-1,0,0,-1,-1,-1,-1,0,0,-1,-1,0,-1,-1,0,0,0,0,0,0,0,0,0,0,0,-1,0,0,0,0,0,0,0,0,-1,-1,0,1,1,-1,-1,-1,1,-1,-1,-1,0,1,1,1,0,0,0,0,0,0,0,0,0,0,0,1,0,1,0,0,0,0,0,0,0,0,0,0,0,0,0,0,0,0,0,1,1,0,0,0,0,0,0,0,0,1,1,0,0,1,1,0,0,1,1,1,0,0,0,-1,0,-1,0,-1,-1,0,0,-1,0,-1,0,1,-1,0,0,-1,-1,-1,0,0,0,-1,0,0,0,-1,0,-1,-1,-1,-1,-1,-1,-1,0,-1,-1,-1,0,0,-1,-1,0,0,0,0,-1,-1,0,0,-1,0,-1,-1,-1,-1,-1,-1,-1,-1,-1,1,1,-1,-1,-1,-1,0,0,-1,-1,-1,0,0,0,0,0,0,0,,,,0,0,,0,0,,0,0,,-1,-1,-1,0,0,,-1,-1,-1,-1,-1,-1,-1,-1,-1,1,-1,-1,-1,-1,-1,1,-1,0,0,-1,-1,-1,1,-1,-1,-1,-1,1,0,0,0,0,1,1,1,-1,1,0,-1,-1,1,1,0,-1,-1,0,0,0,-1,-1,1,1,1,1,0,-1,1,1,1,1,1,1,1,1,1,0,1,0,1,1,1,1,1,-1,0,0,-1,-1,1,1,1,-1,0,0,1,1,1,1,1,1,-1,0,0,1,1,-1,-1,0,1,-1,0,-1,0,0,1,1,0,0,0,-1,0,0,-1,0,-1,-1,0,0,70,60,10,19.61,225,131,7
floraponics_2024,-1,-1,-1,-1,-1,-1,-1,-1,-1,-1,-1,0,0,0,0,1,1,0,0,0,1,1,,,0,0,,0,0,1,1,0,0,0,0,0,0,0,1,1,,1,0,0,0,0,0,0,0,0,0,1,0,,1,1,0,0,0,0,0,0,0,0,0,,,,,,,,,0,,0,1,,,0,1,0,0,0,1,0,0,0,0,1,0,1,0,0,0,0,0,0,0,-1,-1,-1,-1,1,0,0,0,0,0,0,0,0,0,0,0,0,0,0,0,0,0,0,0,0,0,0,0,0,0,0,0,1,0,1,1,0,0,0,0,0,0,0,0,0,0,0,0,1,0,0,0,0,0,0,0,0,0,0,0,0,0,0,0,0,0,0,0,0,0,0,0,0,0,0,0,0,0,0,1,0,0,0,0,0,0,0,0,0,0,0,0,0,0,0,0,0,0,0,0,,1,1,-1,-1,-1,-1,-1,1,1,1,1,1,1,0,0,0,0,-1,-1,-1,1,1,1,0,0,0,0,,,,0,0,0,0,0,0,0,0,0,0,0,0,0,0,,0,-1,-1,1,1,-1,-1,-1,-1,1,0,0,1,1,1,1,0,1,0,1,1,1,1,1,1,1,1,1,0,0,0,0,0,0,1,1,1,1,0,0,1,1,1,1,1,0,0,1,1,1,1,1,1,1,1,1,1,1,0,1,1,1,1,1,0,0,1,0,,0,0,0,0,1,,,,1,0,0,0,0,,0,,1,1,0,0,0,1,,,,1,1,0,,0,,0,1,0,0,0,1,0,0,0,0,1,0,1,0,0,0,0,0,88,77,11,24.65,302,29,32
solwise_2024,0,0,-1,-1,-1,0,0,0,0,0,0,0,0,0,0,1,1,0,-1,-1,1,1,-1,-1,0,0,0,0,0,1,1,1,1,0,0,0,0,0,0,0,-1,1,0,0,0,-1,1,1,1,-1,0,0,-1,0,1,1,1,1,0,0,-1,0,0,1,1,0,0,1,-1,-1,0,0,0,0,0,0,1,1,-1,-1,0,-1,-1,-1,1,1,-1,-1,-1,1,1,-1,0,0,0,0,0,0,0,0,0,0,0,-1,0,-1,-1,-1,1,1,0,0,0,0,0,0,0,0,0,0,0,0,0,-1,-1,0,0,0,0,0,0,0,0,0,0,0,0,0,0,0,0,0,0,0,0,0,1,1,0,0,0,1,1,0,0,1,-1,-1,0,-1,0,0,0,0,1,1,-1,1,-1,0,1,-1,1,-1,-1,1,1,1,1,1,0,1,1,0,0,0,0,0,0,0,-1,0,0,0,0,-1,0,0,0,,0,0,-1,-1,-1,-1,-1,-1,-1,0,0,0,0,0,0,-1,-1,0,0,0,0,0,0,-1,0,-1,0,,,,0,0,0,0,0,0,0,0,0,0,0,0,0,0,0,0,-1,-1,-1,-1,-1,-1,-1,-1,1,-1,-1,-1,-1,-1,0,0,-1,-1,-1,-1,-1,1,-1,-1,-1,-1,1,-1,-1,1,-1,-1,-1,-1,1,1,0,0,0,1,-1,-1,0,0,0,0,1,1,1,1,1,1,-1,0,0,0,0,0,0,0,0,0,0,0,0,0,0,0,0,0,0,0,0,0,0,0,0,0,0,0,0,0,0,0,0,0,0,0,0,0,0,0,0,0,0,0,0,0,0,0,0,0,0,0,0,0,0,0,0,0,0,0,0,0,0,0,0,57,50,7,15.97,278,81,4
gigaflow_inc_2024,1,1,1,1,1,,1,1,,,,,,,,1,1,1,1,1,1,1,0,0,0,0,1,1,1,1,1,0,1,1,0,0,1,1,0,1,1,1,0,0,0,1,1,1,1,1,1,1,1,1,1,1,1,1,1,1,0,0,0,1,1,1,1,1,0,0,1,1,1,0,0,0,1,1,0,0,1,0,-1,-1,1,1,1,1,0,1,0,0,0,0,0,0,0,0,0,0,0,0,0,1,1,1,0,0,0,0,0,0,0,0,0,0,0,0,0,0,0,0,0,1,1,0,0,0,0,0,0,0,0,0,0,0,1,0,0,1,0,0,0,0,0,0,0,1,0,1,1,1,1,1,1,1,0,0,1,0,0,0,0,1,1,1,1,1,1,1,1,0,1,1,0,0,1,1,1,1,1,0,1,0,0,0,0,0,1,1,1,0,1,1,0,1,0,0,0,,1,1,-1,-1,1,-1,-1,-1,-1,0,0,0,0,0,0,-1,-1,-1,-1,-1,0,0,0,0,0,1,-1,,,,0,0,0,0,0,0,0,0,0,,1,1,0,0,0,0,1,1,1,1,-1,1,-1,-1,1,1,1,1,1,1,1,1,1,1,1,1,1,1,0,0,0,0,1,0,0,1,0,1,1,1,1,1,0,0,0,1,0,1,0,0,0,0,1,1,1,1,1,1,1,0,0,0,0,0,0,0,0,0,0,0,0,0,0,0,0,0,0,0,0,0,0,0,0,0,0,0,0,0,0,0,0,0,0,0,0,0,0,0,0,0,0,0,0,0,0,0,0,0,0,0,0,0,0,0,0,0,0,0,0,0,0,0,0,136,122,14,38.1,333,17,13
olympian_motors_2024,1,1,1,1,1,,1,1,0,0,0,0,0,0,0,1,1,0,1,1,1,0,1,1,0,0,1,1,1,1,1,0,1,1,0,1,1,0,1,1,1,1,1,0,0,1,1,1,1,1,1,0,1,1,1,1,1,1,1,1,0,1,1,1,1,1,1,1,1,1,1,1,1,1,1,1,0,1,1,0,0,0,1,1,1,1,1,1,1,1,1,1,,1,1,1,,1,1,,1,1,1,1,1,1,0,0,0,0,0,0,1,1,1,0,0,0,0,0,0,0,0,1,1,0,0,0,1,0,0,1,0,1,1,0,1,0,0,1,0,1,1,1,0,1,1,1,,1,1,1,1,1,1,1,1,1,1,1,1,1,1,1,1,1,1,1,0,0,1,1,0,0,0,1,1,1,1,1,0,1,1,1,1,1,1,1,1,1,0,1,0,1,1,1,1,1,,0,1,1,-1,1,-1,1,1,-1,-1,1,1,-1,-1,0,0,-1,-1,,1,1,1,1,1,0,-1,0,0,,,,0,0,,0,0,,0,0,,-1,-1,-1,,,,-1,-1,-1,1,1,-1,1,1,-1,1,1,1,1,1,1,1,0,1,1,1,1,1,1,0,0,0,0,1,0,0,0,1,1,1,1,1,1,0,0,0,1,1,1,1,1,0,0,1,1,1,1,1,1,1,0,0,0,0,0,0,0,0,0,0,0,0,0,0,0,0,0,0,0,0,0,0,0,0,0,0,0,0,0,0,0,0,0,0,0,0,0,0,0,0,0,0,0,0,0,0,0,0,0,0,0,0,0,0,0,0,0,0,0,0,0,0,0,0,186,167,19,52.1,330,17,16
arecos_llc_2024,-1,-1,-1,-1,-1,-1,-1,-1,-1,-1,-1,-1,-1,-1,-1,1,1,0,0,0,1,1,0,0,0,1,1,0,0,1,1,1,1,1,0,1,0,0,1,1,1,1,1,1,1,1,1,1,1,1,1,1,1,1,1,0,0,0,1,1,1,1,1,1,1,1,1,1,1,1,1,1,1,0,1,1,1,1,1,0,1,0,-1,-1,1,0,1,1,0,1,1,1,0,0,0,0,0,0,0,-1,-1,-1,-1,1,1,1,1,1,1,1,1,0,1,1,1,1,1,1,1,0,1,1,1,1,1,1,1,1,1,0,0,1,0,1,1,0,1,1,1,1,0,1,1,1,1,1,1,1,0,0,0,1,1,1,1,0,0,0,0,0,0,1,1,1,1,0,0,0,1,0,1,1,1,1,1,1,1,0,1,0,0,1,1,0,1,1,1,1,1,1,1,0,1,0,0,0,0,0,0,-1,0,0,-1,-1,-1,-1,-1,1,1,0,0,1,1,-1,-1,1,1,0,0,0,1,1,1,0,0,1,-1,,,,0,0,0,0,0,0,0,0,0,0,0,0,0,0,0,0,-1,-1,1,1,-1,-1,-1,-1,1,1,1,1,1,1,1,1,1,1,1,1,1,1,0,0,0,0,1,0,0,1,1,1,1,1,1,1,1,0,0,1,1,0,1,1,0,0,1,1,1,1,1,1,1,1,1,1,1,1,1,1,1,0,0,0,0,1,0,1,1,1,1,1,1,0,1,1,1,1,1,1,1,0,1,1,1,1,1,1,0,1,,0,1,1,1,1,0,1,1,1,1,0,0,0,0,0,0,0,0,0,0,0,0,1,1,1,1,208,174,34,58.26,323,36,4
mosso_2024,1,1,-1,-1,-1,-1,-1,-1,1,1,1,1,1,1,1,1,1,0,1,1,1,1,-1,-1,0,1,1,1,1,1,1,0,0,0,0,,0,,1,1,1,1,1,0,0,-1,1,1,-1,0,1,1,1,1,1,1,1,1,1,1,1,1,-1,0,0,1,1,-1,0,0,0,1,0,0,0,0,1,0,0,0,0,0,0,0,0,0,0,0,0,1,0,0,0,0,0,0,0,0,0,0,0,0,0,1,0,1,0,0,0,0,0,0,0,0,0,0,0,0,0,0,0,0,0,1,1,0,0,0,0,0,0,0,0,0,0,0,0,-1,-1,1,0,-1,-1,-1,1,-1,0,1,-1,1,0,1,-1,0,-1,0,-1,-1,1,0,-1,0,-1,-1,-1,-1,1,1,1,0,1,1,-1,1,-1,-1,1,1,1,0,0,0,-1,1,1,-1,1,-1,1,-1,0,1,-1,-1,1,1,0,0,1,-1,1,1,-1,-1,-1,-1,-1,-1,-1,-1,-1,-1,-1,-1,-1,1,1,-1,-1,-1,1,0,0,0,-1,-1,0,,,,0,0,0,0,0,0,0,0,0,0,0,0,0,0,,0,-1,-1,1,1,-1,-1,-1,-1,1,0,0,0,0,0,0,1,-1,0,-1,-1,-1,1,0,0,0,0,1,0,0,0,0,1,1,0,1,1,1,-1,0,1,1,1,0,0,0,0,1,0,-1,-1,-1,-1,1,0,1,0,1,-1,1,1,1,1,0,0,0,1,0,1,0,0,0,0,0,0,0,0,1,1,1,1,-1,0,-1,0,1,0,0,1,0,1,0,0,0,1,1,0,-1,1,0,0,0,0,0,0,0,0,0,0,0,0,0,1,0,1,0,0,0,113,93,20,31.65,282,75,6
aigreen_2024,-1,-1,-1,-1,-1,-1,-1,-1,-1,-1,-1,0,0,0,0,-1,-1,0,0,0,1,1,0,0,0,0,0,0,0,1,1,-1,0,0,0,0,0,0,-1,0,-1,1,0,0,0,0,0,0,0,0,0,-1,0,-1,1,-1,0,0,0,0,0,0,0,0,0,1,1,0,0,0,0,1,0,0,0,0,1,0,0,0,-1,0,-1,-1,1,1,0,0,0,1,1,0,0,0,0,0,0,0,0,-1,-1,-1,-1,1,0,1,0,0,0,0,0,0,0,0,0,0,0,0,0,0,0,0,0,1,1,0,0,0,0,0,0,1,0,1,1,0,0,1,1,0,0,1,1,1,0,0,0,1,0,0,0,0,0,0,0,-1,0,-1,0,-1,0,0,0,-1,-1,0,0,0,0,0,0,0,0,0,0,0,0,0,1,0,0,0,0,0,0,0,0,0,0,0,0,-1,0,0,0,0,0,0,0,,-1,-1,-1,-1,-1,-1,-1,-1,-1,-1,-1,1,1,-1,-1,0,0,-1,-1,-1,0,-1,-1,0,0,-1,0,,,,0,0,0,0,0,0,0,0,0,0,0,0,0,0,0,0,0,0,-1,-1,-1,-1,-1,-1,1,0,0,1,1,1,0,0,1,-1,1,1,1,1,-1,-1,0,0,-1,-1,-1,1,-1,-1,-1,1,1,1,0,0,0,-1,1,0,1,1,0,-1,1,0,1,1,1,1,1,-1,1,1,1,0,1,1,1,1,1,0,0,1,0,-1,-1,-1,-1,0,0,0,0,1,1,1,0,1,1,0,0,0,1,1,1,1,1,0,1,0,0,1,1,1,1,1,0,0,1,0,0,0,1,0,0,0,1,1,0,1,0,1,0,0,0,83,67,16,23.25,286,73,4
cascadia_carbon_inc_2024,-1,-1,-1,-1,-1,,,,,,,,,,,0,0,0,0,0,1,0,0,0,0,,0,1,1,0,0,0,0,,0,0,0,0,1,0,0,1,0,0,0,1,1,1,1,0,0,0,0,0,1,0,0,0,0,0,0,0,0,0,0,1,1,0,0,0,0,1,0,0,0,0,,0,0,,,,,,,,,,,,,,,,,,,,,,,,,,,,,,,,,,,,,,,,,,,,,,,,,,,,,,,,,,,0,0,,,,,,,,,1,,,,,,,,,,,0,,,,,,,,,,,0,,,,,,,,,,,0,,,,,,,,,,,,,,,,,,,,1,1,,,,,,,,,,,,,,,,-1,-1,-1,,,,,,,,,,,,,,,,,,,,0,0,0,,,,,,,,,,,,,1,,,,,,,,,,,,,,,,,,1,,,,,,,,,,,,,1,,,,,,,1,0,,,,,,,1,,,,,,,,,,,,,,,,,,,,,,,,,,,,,,,,,,,,,,,,,,,,,,,,,,,,,,,,,,,,,,,21,15,6,5.88,78,8,277
aeros_corp_2024,1,1,-1,-1,-1,-1,-1,-1,,,,,,,,1,1,0,1,1,1,1,0,0,0,1,1,1,1,1,1,0,0,-1,1,1,0,0,1,1,1,1,-1,0,0,-1,1,1,1,0,1,1,1,-1,1,-1,0,0,-1,0,1,0,0,0,0,0,0,1,0,0,0,,0,0,0,0,1,0,0,1,0,-1,-1,-1,1,0,-1,-1,1,1,-1,-1,0,0,0,0,0,0,0,,1,1,1,1,1,0,0,0,0,0,0,0,0,0,0,0,0,0,0,0,0,0,0,0,0,0,0,0,0,0,0,0,0,0,0,0,0,0,0,0,0,0,0,0,0,0,0,1,0,1,-1,1,1,0,0,1,0,1,-1,1,1,0,0,0,-1,-1,0,0,0,-1,-1,0,-1,1,0,1,1,-1,-1,1,0,1,0,-1,1,1,0,1,1,1,0,0,0,0,-1,1,0,0,0,,1,1,-1,-1,1,1,1,-1,-1,0,0,1,1,0,0,-1,-1,-1,-1,-1,1,1,1,0,0,0,0,,,,0,0,0,0,0,0,0,0,0,0,0,0,1,1,1,1,1,1,1,1,1,-1,1,-1,1,1,1,1,1,1,-1,-1,1,1,1,1,1,1,1,1,,,1,1,1,1,0,1,1,1,1,0,0,0,0,1,1,1,0,0,0,0,1,1,1,1,1,1,1,1,0,0,0,0,0,0,0,0,0,0,0,0,0,0,0,0,0,0,0,0,0,0,0,0,0,0,0,0,0,0,0,0,0,0,0,0,0,0,0,0,0,0,0,0,0,0,0,0,0,0,0,0,0,0,0,0,0,0,0,0,0,0,0,111,102,9,31.09,305,43,15
hydrophos_sol_2024,-1,-1,-1,-1,-1,,,,-1,-1,-1,1,1,1,1,1,1,1,1,1,0,0,0,0,0,1,1,1,1,1,1,-1,0,0,0,1,,0,1,1,,1,1,0,1,1,1,-1,1,0,0,1,1,0,1,1,0,-1,0,0,1,1,0,0,0,0,0,1,0,0,0,-1,0,0,0,0,0,0,0,0,1,1,-1,-1,0,0,0,0,0,-1,-1,-1,0,0,0,0,0,0,0,0,0,0,0,1,0,1,1,1,1,1,1,,1,1,1,1,1,1,1,,1,1,1,1,1,,,,0,-1,0,0,0,1,1,-1,-1,1,1,1,1,1,1,1,-1,1,1,1,0,1,0,-1,-1,0,0,1,-1,1,0,0,0,0,0,-1,-1,1,0,-1,0,0,0,0,-1,1,1,1,1,1,1,1,0,1,0,1,1,1,0,1,1,1,0,0,0,0,0,1,0,0,1,0,-1,-1,-1,-1,-1,-1,-1,1,1,-1,-1,1,1,0,0,-1,-1,,1,1,0,-1,-1,0,-1,0,0,,,,0,0,0,0,0,0,0,0,0,0,0,0,0,0,0,0,-1,-1,1,1,-1,-1,-1,-1,1,1,1,1,1,1,1,1,1,1,1,1,1,1,0,0,0,0,1,-1,-1,0,0,1,1,1,1,0,0,1,1,1,1,1,1,1,1,1,1,1,1,1,1,1,1,1,-1,1,1,1,1,1,,1,1,1,1,1,1,1,1,1,1,1,1,-1,1,1,1,,1,1,0,0,1,0,-1,0,1,0,0,1,1,1,1,1,1,1,-1,1,0,0,1,0,0,0,0,0,0,0,0,0,0,0,0,1,1,0,0,163,142,21,45.66,293,54,16
fbs_2024,-1,-1,-1,-1,-1,,,,-1,-1,-1,-1,-1,-1,-1,1,1,1,1,1,1,0,0,0,0,1,1,1,1,1,1,1,1,0,0,0,0,0,0,0,0,1,0,0,0,0,-1,-1,0,0,0,0,0,0,-1,0,0,0,0,0,0,0,0,0,0,0,0,1,0,0,0,0,0,0,0,-1,0,0,0,1,0,0,-1,-1,0,0,-1,-1,0,-1,0,0,0,0,0,0,0,0,0,0,0,0,0,0,0,-1,0,0,0,0,0,0,0,0,0,0,0,0,0,0,0,0,0,-1,-1,0,0,0,0,0,0,0,0,-1,-1,0,0,-1,-1,-1,-1,-1,-1,-1,0,-1,0,0,0,0,0,0,1,-1,0,0,0,1,0,0,0,-1,0,1,1,1,0,0,0,0,0,0,-1,0,0,1,1,1,1,1,0,1,0,1,1,1,0,1,1,1,0,0,0,0,-1,1,0,0,0,0,0,0,-1,-1,-1,-1,-1,1,1,0,0,0,0,0,0,1,1,0,0,0,0,-1,-1,0,0,0,0,,,,0,0,0,,,,0,0,0,0,0,0,0,0,0,0,-1,-1,0,0,-1,-1,-1,-1,-1,0,0,1,1,1,0,1,0,0,1,1,1,1,-1,-1,0,0,1,0,0,0,0,1,1,1,1,0,0,1,0,0,1,0,1,1,1,0,1,1,,1,1,1,1,0,0,1,1,1,0,-1,1,-1,1,-1,-1,1,1,1,1,1,1,1,1,1,0,-1,-1,1,1,0,1,1,1,0,0,0,1,0,0,1,0,0,1,1,1,1,0,1,0,1,0,0,0,1,0,0,0,0,0,0,0,0,0,0,1,-1,0,92,77,15,25.77,292,61,10
zemlia_2024,1,1,1,1,1,,1,1,,,,,,,,1,1,-1,1,1,1,1,0,0,0,1,1,-1,-1,1,1,1,1,1,,1,1,0,0,0,1,1,1,1,1,1,1,1,1,1,1,1,1,0,1,-1,0,1,1,,1,1,1,1,1,1,1,1,1,1,1,1,1,,1,1,0,0,1,0,0,0,-1,-1,0,0,0,0,0,1,0,-1,0,0,0,0,0,0,0,-1,-1,-1,-1,1,1,0,0,0,0,0,0,0,0,0,0,0,0,0,0,0,0,0,0,0,0,0,0,0,0,0,0,0,0,0,0,0,0,0,0,0,0,0,0,0,0,0,0,1,0,1,1,0,1,0,0,1,0,0,-1,0,0,0,0,1,1,1,-1,0,0,0,1,1,1,0,0,1,1,1,1,1,0,1,0,0,1,1,0,1,1,1,-1,0,0,0,0,1,0,0,0,0,1,1,-1,-1,1,1,1,1,1,1,1,1,1,0,0,1,1,,1,1,0,0,0,0,0,0,0,,,,0,0,0,0,0,0,0,0,0,,1,1,,,,0,-1,-1,1,1,1,1,-1,-1,1,1,1,1,1,1,1,1,1,1,1,1,1,1,1,1,1,1,1,0,0,-1,-1,1,1,1,1,0,0,0,0,1,1,0,0,0,0,0,1,1,1,1,1,1,1,,-1,1,1,1,1,1,1,1,1,1,0,1,1,1,1,1,1,1,1,1,0,1,1,1,1,1,0,0,1,0,-1,-1,1,-1,0,1,-1,0,1,,1,1,1,1,0,0,-1,0,0,0,0,0,0,0,1,0,0,0,0,-1,1,-1,1,167,137,30,46.78,312,30,21
derisk_energy_2024,-1,-1,1,1,1,0,0,0,,,,,,,,1,1,-1,-1,-1,0,0,0,0,0,1,1,1,1,1,1,0,0,0,-1,1,0,0,-1,-1,-1,1,1,0,-1,0,-1,0,-1,0,0,0,-1,0,1,0,0,0,-1,-1,0,0,0,0,0,0,0,1,0,0,1,0,0,0,0,0,0,0,0,0,0,0,0,0,0,0,0,0,0,0,0,0,0,0,0,0,0,0,0,0,0,0,0,0,0,0,0,0,0,0,0,0,0,0,0,0,0,0,0,0,0,0,0,0,0,0,0,0,0,0,0,0,0,0,0,0,0,0,0,0,0,0,0,0,0,0,0,1,0,-1,-1,-1,0,0,0,-1,0,1,0,0,0,0,0,0,1,-1,0,0,0,0,0,0,1,0,0,1,1,1,1,1,0,1,-1,1,1,1,0,1,1,1,0,0,0,0,-1,1,0,0,-1,,1,1,-1,-1,-1,1,1,0,0,0,0,0,0,0,0,-1,-1,-1,-1,-1,0,-1,-1,0,0,0,0,,,,0,0,0,0,0,0,0,0,0,,,,0,0,0,0,-1,-1,-1,-1,-1,-1,-1,-1,1,0,0,0,0,0,0,0,1,0,1,1,1,1,1,1,0,0,1,0,0,0,0,1,1,1,1,-1,0,0,0,-1,1,0,0,0,0,0,1,1,1,1,1,1,-1,0,0,0,0,0,0,0,0,0,0,0,0,0,0,0,0,0,0,0,0,0,0,0,0,0,0,0,0,0,0,0,0,0,0,0,0,0,0,0,0,0,0,0,0,0,0,0,0,0,0,0,0,0,0,0,0,0,0,0,0,0,0,0,0,58,55,3,16.25,305,44,14
rhea_factory_2024,1,1,1,1,1,0,0,0,1,1,1,,,,,1,1,0,1,1,-1,0,0,0,0,1,0,1,1,0,0,0,0,0,0,-1,0,0,-1,-1,0,-1,-1,0,0,-1,-1,0,-1,0,0,0,0,0,-1,0,0,0,0,0,0,0,0,0,0,0,0,-1,0,0,0,0,0,0,0,0,0,0,-1,1,1,0,0,0,0,0,-1,-1,0,1,0,1,0,0,0,0,0,0,0,-1,-1,-1,-1,1,0,1,1,1,1,1,1,1,1,1,1,1,1,1,1,1,1,1,1,1,1,1,1,0,0,0,0,0,0,0,0,0,0,1,1,1,1,1,1,1,1,1,1,1,1,0,1,1,1,1,0,1,0,1,0,0,0,0,0,0,0,0,0,0,0,0,0,0,-1,-1,0,1,-1,1,-1,1,0,-1,0,-1,-1,-1,0,0,-1,0,0,0,0,0,0,-1,0,0,0,-1,0,0,-1,-1,-1,-1,1,1,1,1,1,1,1,1,1,-1,-1,0,0,0,0,-1,-1,0,-1,-1,0,,,,0,0,0,0,0,0,0,0,0,0,0,0,0,0,0,0,,,-1,-1,1,-1,-1,-1,1,1,1,1,1,1,0,1,0,-1,1,1,1,1,1,1,0,0,1,-1,-1,0,0,1,1,0,0,0,1,-1,0,1,1,0,1,1,-1,0,1,1,1,1,1,1,1,0,0,1,,1,1,1,1,0,1,1,1,1,1,1,1,1,1,1,1,1,0,,1,1,1,1,1,0,0,0,0,0,1,0,0,1,0,1,1,1,1,1,0,1,1,1,1,0,0,1,0,0,0,0,0,0,0,0,0,-1,1,1,0,137,122,15,38.38,302,50,11
narralytics_2024,-1,-1,-1,-1,-1,0,0,0,-1,-1,-1,-1,-1,-1,-1,1,1,1,-1,-1,1,0,1,1,0,1,1,1,1,,,0,0,-1,0,0,-1,0,1,1,1,1,0,0,0,0,0,0,1,0,0,0,0,0,1,0,0,0,0,0,1,0,0,0,0,0,0,1,0,0,1,0,1,0,1,0,0,0,1,1,0,0,-1,-1,0,0,1,1,0,1,0,1,0,0,0,0,0,0,0,0,0,0,0,-1,0,1,1,1,-1,-1,1,1,1,1,,,,,,1,,0,0,1,1,0,0,0,0,1,0,0,0,1,1,-1,0,1,1,1,-1,1,1,1,-1,1,1,-1,0,-1,0,0,0,0,0,1,0,0,0,0,-1,0,0,0,1,,-1,-1,0,0,-1,-1,1,1,-1,1,1,1,1,1,0,1,0,-1,1,1,-1,1,1,1,-1,1,0,-1,-1,1,1,0,0,,-1,-1,-1,-1,-1,1,1,1,1,1,1,1,1,0,0,-1,-1,0,0,0,-1,-1,-1,0,1,1,-1,,,,0,0,0,0,0,0,0,0,0,0,0,0,0,0,0,-1,-1,-1,0,0,-1,-1,-1,-1,1,1,1,-1,-1,-1,0,1,0,0,1,1,1,1,1,1,0,0,1,0,0,-1,0,1,1,1,0,0,0,1,1,1,1,1,1,1,-1,-1,1,1,1,1,1,1,-1,0,-1,1,0,1,,1,1,1,1,1,-1,1,0,0,1,1,1,1,0,,1,,0,0,1,1,0,0,0,1,0,0,,0,0,1,0,0,1,,,1,0,1,1,1,0,0,0,1,-1,0,0,0,0,-1,0,0,0,0,0,0,0,126,110,16,35.29,278,66,19
nanolyx_inc_2024,-1,-1,-1,-1,-1,,,,-1,-1,-1,-1,-1,-1,-1,1,1,-1,-1,-1,1,0,0,0,0,1,1,1,1,1,1,0,0,0,-1,-1,-1,-1,1,,1,1,1,0,0,0,-1,-1,-1,0,0,1,0,1,1,1,1,0,0,0,0,0,0,0,0,1,1,,0,0,1,0,1,-1,-1,-1,-1,0,-1,1,1,0,-1,-1,0,0,-1,-1,0,1,0,0,-1,-1,-1,-1,-1,-1,-1,-1,-1,-1,-1,-1,0,0,0,0,0,0,0,0,0,0,0,0,0,0,0,0,0,0,0,0,0,0,0,0,0,0,0,0,0,0,0,0,,0,0,0,0,0,0,0,0,0,0,1,0,0,1,-1,1,1,-1,1,1,1,1,1,1,-1,0,-1,1,-1,-1,0,0,-1,-1,0,1,1,0,1,1,1,1,1,0,1,0,1,1,1,0,1,1,1,0,0,0,0,1,1,-1,-1,0,,1,1,-1,-1,1,1,1,1,1,-1,-1,1,1,1,1,-1,-1,,1,1,1,-1,-1,0,0,-1,-1,,,,0,0,0,0,0,0,0,0,0,,1,1,0,0,0,0,1,1,1,1,1,-1,1,-1,1,1,1,1,1,1,0,,,-1,1,1,1,1,-1,-1,0,0,1,0,0,-1,1,1,1,1,1,1,1,-1,0,1,0,-1,0,0,0,0,1,1,1,1,1,1,-1,1,-1,1,1,1,1,1,1,-1,1,1,1,1,1,-1,1,1,1,1,1,1,1,1,,0,1,1,0,0,-1,0,0,0,0,0,0,1,0,0,1,1,1,1,0,-1,0,-1,1,0,0,-1,0,-1,-1,-1,-1,0,0,0,0,1,1,1,-1,130,113,17,36.41,264,84,15
project_k_energy_inc_2024,-1,-1,-1,-1,-1,-1,-1,-1,-1,-1,-1,1,1,1,1,1,1,0,-1,-1,1,0,0,0,0,0,0,-1,-1,1,1,0,0,0,0,0,0,0,,1,1,1,0,0,0,1,1,1,1,0,0,1,0,1,1,1,-1,0,0,0,1,0,0,0,0,0,0,0,0,0,1,0,0,0,0,0,0,0,0,1,1,1,-1,-1,0,0,-1,-1,0,1,0,0,0,0,0,0,0,0,0,0,0,0,0,1,0,1,0,0,0,0,0,0,-1,-1,0,,,,,-1,-1,0,0,1,1,0,0,0,0,0,-1,-1,-1,1,1,1,0,1,1,1,1,1,1,1,0,1,0,0,0,1,0,1,-1,-1,0,1,-1,1,0,0,1,0,-1,1,1,1,0,0,0,0,0,0,1,1,1,1,1,1,1,1,-1,1,0,1,1,1,0,1,1,1,0,0,0,0,0,1,0,0,1,,-1,-1,-1,-1,-1,-1,-1,1,1,0,0,1,1,-1,-1,1,1,-1,-1,-1,-1,-1,-1,0,0,0,-1,,,,0,0,0,0,0,0,0,0,0,-1,-1,-1,1,0,0,0,-1,-1,-1,-1,-1,-1,-1,-1,1,1,1,1,1,1,1,1,0,0,1,1,1,1,1,1,0,0,1,0,0,0,0,1,1,1,1,1,0,1,0,1,1,1,1,1,0,0,1,1,0,1,1,1,1,1,-1,1,1,1,1,1,1,1,1,-1,1,1,1,1,1,1,1,1,1,1,1,1,1,-1,1,1,1,1,1,1,0,0,1,0,0,1,0,0,1,1,,1,,1,0,1,1,0,0,0,0,0,0,0,1,0,0,0,0,1,1,0,0,144,118,26,40.34,290,62,11
thermoshade_2024,-1,-1,-1,-1,-1,-1,-1,-1,-1,-1,-1,-1,-1,-1,-1,1,1,0,-1,-1,1,0,1,1,0,1,1,-1,-1,1,1,1,1,1,0,1,1,-1,1,1,1,1,-1,0,0,-1,-1,-1,-1,0,1,1,1,1,1,1,1,-1,-1,-1,1,1,0,0,0,-1,-1,1,1,1,1,0,0,0,0,0,1,1,0,1,1,1,-1,-1,1,0,-1,-1,0,1,0,1,0,0,0,0,0,0,0,-1,-1,-1,-1,1,0,1,0,0,0,0,0,0,1,1,0,0,0,0,0,0,0,0,0,1,1,0,0,0,0,0,0,0,0,-1,-1,-1,1,1,1,1,0,1,1,1,0,1,1,1,0,1,0,1,1,0,0,0,0,1,0,1,-1,0,0,1,1,-1,0,-1,-1,0,-1,0,1,-1,0,1,1,1,1,-1,0,1,0,1,-1,1,0,0,1,1,0,0,0,-1,1,1,0,0,1,-1,-1,-1,-1,-1,-1,-1,-1,-1,-1,1,1,-1,-1,-1,-1,-1,-1,-1,-1,-1,-1,-1,-1,0,-1,1,-1,,,,0,0,,0,0,0,0,0,0,0,0,0,1,0,0,0,-1,-1,-1,-1,-1,-1,-1,-1,1,-1,-1,1,1,1,1,1,1,1,1,1,1,1,1,1,1,1,1,-1,-1,1,0,1,1,1,1,1,1,1,1,-1,1,1,1,1,-1,-1,1,1,0,1,1,1,1,1,1,1,1,1,1,1,1,1,-1,-1,-1,1,0,1,1,1,1,-1,1,0,0,1,1,1,1,1,1,0,1,1,1,-1,1,1,1,-1,0,0,0,1,1,0,0,1,0,-1,1,0,0,-1,-1,0,0,0,1,-1,-1,1,0,1,1,0,1,151,128,23,42.3,259,100,4
ptech_2024,-1,-1,-1,-1,-1,-1,-1,-1,-1,-1,-1,-1,-1,-1,-1,-1,-1,0,-1,-1,1,-1,-1,-1,0,1,1,-1,-1,1,1,0,1,1,-1,-1,0,0,-1,1,-1,1,-1,0,-1,1,-1,1,0,0,0,1,-1,1,1,1,1,0,0,0,1,1,0,0,0,1,1,1,1,1,-1,1,-1,0,-1,-1,-1,0,0,1,1,1,-1,-1,0,0,-1,-1,-1,-1,-1,1,-1,-1,-1,-1,0,0,0,0,0,0,0,-1,0,1,0,0,0,0,0,0,0,0,0,0,0,0,0,0,0,0,0,1,1,0,0,0,0,0,0,0,0,-1,-1,0,-1,1,1,-1,-1,-1,-1,-1,-1,1,0,0,-1,1,-1,-1,-1,0,0,0,-1,-1,0,-1,0,-1,-1,-1,-1,-1,0,-1,0,0,0,0,-1,0,0,0,-1,1,-1,-1,0,-1,0,1,1,-1,-1,-1,-1,-1,0,0,0,0,1,1,0,0,1,-1,-1,-1,-1,-1,-1,-1,-1,-1,-1,-1,-1,1,1,0,0,0,0,0,0,0,0,-1,-1,0,-1,0,0,,,,0,0,0,0,0,0,0,0,,0,0,0,0,0,0,-1,-1,-1,1,1,-1,-1,-1,-1,1,1,1,1,1,1,-1,1,-1,0,-1,-1,-1,1,1,1,1,1,1,-1,-1,1,-1,1,1,1,-1,1,1,-1,-1,1,-1,-1,-1,-1,0,0,1,-1,0,-1,-1,-1,-1,1,1,-1,1,1,1,1,1,1,1,-1,0,1,0,-1,1,1,1,1,-1,0,1,-1,1,1,1,1,1,-1,0,-1,-1,1,-1,1,-1,-1,-1,0,-1,-1,-1,0,0,-1,0,-1,1,0,0,-1,1,1,1,1,-1,-1,-1,-1,0,-1,-1,-1,-1,93,78,15,26.05,210,149,4
carbon_blade_corp_2024,-1,-1,-1,-1,-1,-1,-1,-1,-1,-1,-1,-1,-1,-1,-1,1,1,0,-1,-1,1,1,,,0,,,0,0,1,1,1,0,0,0,1,0,0,1,-1,0,1,-1,0,0,1,1,1,-1,0,0,1,-1,1,1,1,-1,0,-1,-1,-1,,0,-1,-1,1,1,1,-1,-1,,0,0,0,0,0,1,0,0,1,1,0,-1,-1,0,0,1,1,1,1,1,-1,,1,1,1,0,0,0,-1,-1,-1,-1,1,0,1,0,0,0,0,0,0,0,0,0,0,0,0,0,0,0,0,0,1,1,0,0,0,0,0,0,-1,0,-1,-1,-1,-1,1,1,,-1,1,1,1,0,1,0,1,0,-1,1,1,-1,0,0,-1,1,1,0,0,0,-1,1,1,-1,0,0,0,-1,0,0,1,0,0,0,-1,0,-1,-1,0,0,0,0,-1,-1,0,0,0,0,0,0,0,-1,-1,,,0,0,0,,-1,-1,-1,-1,-1,-1,-1,-1,-1,-1,-1,-1,-1,0,0,0,0,-1,-1,-1,-1,-1,-1,0,0,0,0,,,,0,0,0,0,0,0,0,0,,0,0,0,0,0,,-1,-1,-1,-1,-1,-1,-1,-1,-1,1,1,1,1,1,1,1,1,1,1,1,1,1,1,1,1,1,1,1,1,1,1,0,1,1,1,1,1,-1,1,1,1,1,1,1,1,1,0,1,1,1,1,1,1,1,1,1,1,1,-1,1,1,1,1,1,1,1,1,1,,1,1,1,1,1,0,-1,1,1,1,-1,1,1,-1,1,-1,1,1,1,1,1,1,-1,-1,-1,1,1,0,-1,1,0,1,1,-1,-1,1,1,1,1,1,-1,1,1,1,-1,1,-1,-1,0,135,113,22,37.82,247,99,17
activated_energy_llc_2024,-1,-1,-1,-1,-1,0,0,0,-1,-1,-1,1,1,1,1,1,1,1,-1,-1,1,-1,1,1,0,1,1,1,1,1,1,0,0,1,0,0,0,0,1,1,1,1,-1,0,0,1,1,1,1,0,-1,1,0,1,1,1,0,0,0,0,-1,-1,0,-1,-1,-1,-1,1,0,0,1,-1,1,0,0,0,1,-1,0,1,1,0,-1,-1,0,0,-1,-1,0,1,-1,0,0,0,0,0,0,0,0,-1,-1,-1,-1,-1,0,1,0,0,0,0,0,0,0,0,0,0,0,0,0,0,0,0,0,1,1,0,0,0,0,0,0,0,0,1,1,0,-1,1,1,-1,0,-1,-1,-1,0,-1,0,1,0,0,0,0,0,0,0,1,0,-1,0,0,0,-1,-1,-1,-1,0,0,0,0,0,1,-1,0,-1,-1,-1,-1,-1,0,0,0,0,-1,-1,-1,-1,-1,-1,0,0,0,0,0,-1,0,0,0,0,-1,0,1,1,-1,-1,1,-1,-1,1,1,-1,-1,0,0,0,0,-1,-1,,1,1,0,-1,-1,0,0,0,0,,,,0,0,0,0,0,0,0,0,0,0,0,0,0,0,,-1,-1,-1,1,1,-1,-1,-1,-1,1,1,1,1,1,1,-1,1,1,0,-1,-1,-1,1,0,0,0,0,1,0,0,-1,0,1,1,1,1,-1,-1,-1,0,1,-1,-1,1,1,0,0,1,1,1,1,1,1,-1,-1,1,1,1,0,1,1,1,1,1,1,0,1,0,0,1,1,1,0,0,0,0,1,1,1,0,1,1,-1,-1,-1,1,1,1,1,1,1,0,0,-1,-1,1,0,0,-1,0,0,1,0,0,0,0,0,0,0,0,0,0,-1,-1,1,0,-1,0,105,85,20,29.41,264,94,5
photon_vault_inc_2024,-1,-1,-1,-1,-1,,1,1,-1,-1,-1,1,1,1,1,1,1,1,0,0,1,1,1,1,0,1,1,1,1,1,1,0,0,0,0,0,0,0,1,0,1,1,0,0,0,1,1,1,1,0,0,1,0,1,1,1,1,0,0,0,1,1,0,0,0,1,1,1,1,1,0,1,0,0,0,0,1,1,0,0,1,0,-1,-1,0,0,1,1,0,1,1,0,,1,1,1,,1,1,,1,1,1,1,0,1,0,0,0,0,0,0,1,1,0,0,0,0,0,0,0,0,0,1,1,0,0,0,0,0,0,0,0,1,1,0,1,1,1,0,0,1,1,1,0,1,1,1,0,1,1,0,0,0,0,1,1,1,0,0,0,1,1,1,0,0,0,0,0,0,0,1,0,0,0,0,0,1,0,0,0,0,0,0,1,0,0,1,0,0,0,0,0,1,0,0,0,0,,,1,1,-1,1,1,-1,1,1,1,1,1,0,0,0,0,0,0,-1,-1,-1,0,-1,-1,0,0,0,0,,,,1,0,0,1,0,0,0,0,,-1,-1,-1,0,0,,1,1,1,1,1,1,-1,-1,-1,1,0,0,1,1,1,1,1,0,0,0,0,0,1,0,0,0,0,1,0,0,1,0,1,1,1,1,1,1,0,0,1,1,1,1,1,0,0,1,1,1,1,1,1,1,1,1,1,1,1,1,1,1,1,0,0,0,1,0,0,1,1,1,1,1,0,1,1,1,1,1,1,1,0,0,1,1,1,1,1,1,0,0,1,1,1,1,0,0,1,0,1,1,0,0,1,1,1,1,1,1,1,1,1,1,1,1,0,0,175,152,23,49.02,329,23,11
safe_shower_2024,-1,-1,-1,-1,-1,,1,1,0,0,0,0,0,0,0,-1,-1,0,-1,-1,-1,0,0,0,0,0,-1,0,0,-1,-1,0,0,0,0,-1,0,0,-1,-1,0,1,-1,-1,0,-1,-1,-1,-1,-1,0,-1,-1,0,1,-1,-1,0,0,0,-1,0,0,0,0,0,0,0,0,0,0,-1,-1,0,0,0,-1,0,0,-1,-1,-1,-1,-1,0,0,-1,-1,-1,1,-1,-1,-1,-1,-1,-1,-1,-1,-1,-1,-1,-1,-1,1,-1,1,0,0,-1,-1,-1,0,0,0,0,0,0,0,0,0,0,0,0,0,0,0,0,0,0,0,0,0,0,0,0,0,1,-1,-1,0,0,0,0,0,0,-1,1,1,0,-1,-1,-1,-1,0,0,-1,-1,1,-1,-1,-1,-1,-1,0,0,-1,0,0,0,-1,0,0,0,-1,0,1,1,-1,-1,-1,0,-1,0,-1,1,-1,0,-1,-1,0,0,-1,0,0,1,1,-1,-1,0,0,-1,-1,-1,-1,-1,-1,-1,-1,-1,1,1,-1,-1,-1,-1,-1,-1,-1,-1,-1,1,-1,-1,0,0,0,0,,,,0,0,,0,0,0,0,0,0,-1,-1,-1,0,0,0,0,-1,-1,1,1,-1,-1,-1,-1,1,0,0,1,1,1,1,1,-1,-1,1,1,1,1,0,0,0,0,-1,0,0,-1,-1,-1,-1,-1,1,-1,1,-1,-1,-1,1,-1,0,0,0,0,1,1,-1,1,1,1,-1,1,0,-1,-1,-1,-1,-1,-1,-1,-1,0,0,-1,-1,-1,-1,-1,-1,0,-1,0,-1,-1,-1,-1,0,-1,-1,-1,-1,0,-1,-1,-1,-1,-1,0,-1,0,-1,-1,-1,-1,-1,0,-1,0,-1,0,0,0,-1,0,0,0,-1,0,0,-1,0,-1,-1,0,0,40,39,1,11.2,189,169,5
hidrogenics_2024,1,1,1,1,1,,1,1,-1,-1,-1,-1,-1,-1,-1,1,1,,0,0,1,1,0,0,0,0,0,,,1,1,0,0,0,1,1,0,0,0,0,1,1,1,0,0,1,1,1,-1,-1,0,1,1,-1,1,0,0,0,1,,-1,-1,0,0,0,-1,-1,0,-1,-1,0,0,0,0,0,-1,-1,0,-1,0,0,0,-1,-1,0,0,-1,-1,-1,1,-1,1,-1,-1,-1,-1,0,0,0,-1,-1,-1,-1,1,1,1,-1,-1,1,1,1,-1,1,1,1,-1,-1,-1,-1,0,0,0,0,1,1,0,0,0,0,0,0,0,0,-1,-1,0,-1,1,1,1,0,1,1,1,0,1,-1,1,0,0,0,0,0,0,0,0,0,1,1,1,-1,0,-1,1,1,1,0,0,0,-1,1,1,1,0,0,1,1,1,1,0,0,1,0,-1,1,1,1,1,1,1,0,0,0,0,1,1,0,0,0,,1,1,-1,-1,-1,-1,-1,1,1,-1,-1,1,1,1,1,1,1,-1,-1,-1,1,-1,-1,0,0,0,0,,,,0,0,0,0,0,0,0,0,0,-1,-1,-1,0,0,0,0,-1,-1,1,1,1,-1,-1,-1,1,0,0,1,1,1,0,-1,-1,1,1,1,1,1,1,1,1,1,1,1,1,0,0,1,1,1,1,1,1,1,-1,-1,1,1,1,1,1,-1,-1,-1,0,1,1,1,-1,0,1,1,1,1,1,1,1,1,1,1,1,1,-1,-1,-1,-1,-1,-1,-1,0,0,1,1,1,1,1,1,0,-1,-1,-1,0,-1,1,1,-1,0,-1,-1,1,-1,1,0,-1,-1,1,1,-1,-1,1,-1,0,0,0,1,0,-1,1,-1,1,1,0,0,142,122,20,39.78,256,98,9
currents_2024,-1,-1,1,1,1,,1,1,-1,-1,-1,1,1,1,1,1,1,,0,0,1,0,0,0,0,1,1,,,1,1,1,1,1,0,1,1,0,0,0,1,1,1,1,0,1,1,1,1,0,0,1,1,1,1,1,1,1,1,,1,1,1,1,1,1,1,1,1,1,0,1,0,0,0,1,0,0,0,0,1,1,1,1,1,1,1,1,1,1,1,1,0,0,0,0,0,0,0,-1,-1,-1,-1,1,1,1,0,0,1,1,1,1,1,1,1,0,0,0,0,0,0,1,1,0,0,1,1,1,0,0,0,0,0,1,1,1,1,1,1,0,0,0,0,0,0,0,0,1,0,0,0,0,0,0,0,0,0,0,1,0,0,0,0,1,1,1,0,0,1,0,1,1,1,0,1,1,1,0,1,1,0,1,1,1,1,1,1,1,1,0,0,0,1,0,1,0,0,0,0,,1,1,-1,-1,-1,-1,-1,0,0,0,0,0,0,0,0,1,1,-1,-1,-1,1,-1,-1,0,-1,0,0,,,,0,0,0,0,0,0,0,0,0,-1,-1,-1,0,0,0,0,0,0,1,1,-1,-1,-1,-1,1,1,1,1,1,1,1,1,1,1,1,1,1,1,0,0,0,0,1,1,1,0,1,1,1,1,0,0,0,1,0,1,0,1,1,1,0,0,1,1,0,1,1,1,0,1,1,1,1,0,1,1,1,1,1,0,0,1,1,1,1,1,1,1,1,1,1,1,1,1,0,1,0,0,1,0,1,0,1,1,1,0,0,0,1,1,1,1,0,0,0,1,1,0,0,1,1,1,1,1,1,0,0,1,1,1,0,0,1,188,156,32,52.66,327,27,9
sunchem_2024,1,1,-1,-1,-1,-1,-1,-1,1,1,1,1,1,1,1,1,1,,1,1,1,1,0,0,1,0,0,,,1,1,1,1,1,1,1,0,0,0,1,1,1,1,1,0,1,1,1,,0,0,1,0,0,1,0,0,0,0,0,1,1,1,0,0,0,0,1,1,1,1,0,1,0,0,0,0,0,0,1,1,1,1,1,0,0,-1,-1,1,1,1,1,-1,-1,-1,-1,-1,-1,-1,-1,-1,-1,-1,1,1,0,0,0,0,0,0,0,0,0,0,0,0,0,0,0,0,1,1,0,0,1,1,1,0,0,0,0,0,1,1,0,1,1,1,1,0,0,0,0,1,1,0,1,0,1,0,1,1,1,0,0,0,1,1,1,1,0,0,0,0,1,0,0,1,0,1,1,1,0,1,1,1,1,1,0,0,1,0,1,1,1,1,1,1,1,1,0,1,0,0,1,1,0,0,,-1,-1,-1,-1,-1,-1,-1,1,1,0,0,1,1,0,0,1,1,0,0,0,0,-1,-1,0,0,0,0,,,,0,0,0,0,0,0,0,0,0,0,0,0,0,0,0,0,0,0,1,1,1,-1,-1,-1,1,1,1,1,1,1,1,1,0,0,1,1,1,1,0,0,0,0,1,1,1,1,1,1,1,1,0,0,0,1,1,1,1,1,1,1,0,0,1,1,0,1,1,1,0,1,1,1,1,1,1,1,0,0,1,0,1,1,1,1,0,0,0,1,1,1,0,0,1,0,1,1,0,0,1,1,0,0,1,1,1,1,1,0,0,1,1,1,0,1,1,1,1,0,0,1,1,1,1,1,1,0,1,1,1,0,1,1,0,180,153,27,50.42,324,31,8
energizedai_2024,-1,-1,-1,-1,-1,-1,-1,-1,0,0,0,0,0,0,0,1,1,,1,1,1,0,0,0,0,0,1,,,0,0,0,0,0,0,1,1,0,0,0,0,1,1,0,0,1,1,1,1,0,0,0,1,0,0,0,0,0,1,0,0,0,1,1,1,0,0,0,0,0,0,0,1,0,0,0,0,0,1,0,1,0,1,1,0,0,1,1,1,1,1,1,0,0,0,0,0,0,0,-1,-1,-1,-1,1,1,1,0,0,0,0,0,0,0,0,0,0,0,0,0,0,0,0,0,0,0,0,0,0,0,0,0,0,0,0,0,0,0,0,0,0,0,0,0,0,0,0,0,0,0,1,0,1,1,1,0,1,1,0,0,0,0,0,0,0,0,0,0,0,0,0,0,0,0,0,0,1,1,1,1,0,0,1,1,1,1,1,1,1,1,1,0,0,0,0,0,1,0,0,0,,1,1,-1,-1,-1,1,-1,0,0,0,0,0,0,0,0,1,1,,1,1,1,-1,-1,0,0,0,-1,,,,0,0,0,0,0,0,0,0,0,,1,1,0,0,0,0,1,1,1,1,1,-1,-1,-1,1,0,0,1,1,1,0,0,0,0,1,1,1,1,0,0,0,0,1,0,0,0,1,0,0,0,0,0,0,0,0,1,0,1,0,0,0,0,1,1,0,1,1,1,0,1,0,1,1,0,1,0,0,1,0,0,0,0,0,1,0,0,0,0,0,0,0,0,0,1,0,1,1,0,0,0,1,1,1,0,1,0,0,0,0,0,0,1,0,0,0,0,1,0,0,0,0,0,0,0,0,0,0,0,0,1,0,0,0,101,86,15,28.29,332,22,9
uniscrap_pbc_2024,-1,-1,-1,-1,-1,0,0,0,-1,-1,-1,0,0,0,0,1,1,0,0,0,0,0,0,0,0,0,1,0,0,1,1,1,0,0,0,0,0,0,1,1,0,1,,0,0,0,0,0,0,0,0,0,0,0,1,0,0,0,0,0,0,0,0,0,0,1,1,0,1,1,1,1,0,0,0,0,0,0,0,1,1,0,-1,-1,0,0,0,0,0,1,1,1,0,0,0,0,0,0,0,-1,-1,-1,-1,1,0,0,0,0,0,0,0,0,0,0,0,0,0,0,0,0,0,0,0,0,0,0,0,0,0,0,0,1,0,0,0,0,0,0,0,0,0,0,0,0,0,0,0,1,0,1,0,0,0,0,0,0,0,1,0,1,1,0,0,0,1,0,0,0,0,0,1,0,0,1,0,0,0,0,1,0,0,0,0,0,0,0,0,0,0,0,0,1,0,0,0,0,0,0,0,,1,1,-1,,,-1,,1,1,-1,-1,1,1,-1,-1,-1,-1,-1,-1,-1,1,-1,-1,0,0,0,0,,,,0,0,0,0,0,0,0,0,0,0,0,0,1,1,1,-1,1,1,1,1,1,-1,-1,-1,1,1,1,0,0,0,1,0,1,1,1,1,1,1,0,0,0,0,1,0,0,1,1,0,0,1,1,1,1,0,0,0,1,1,1,1,0,0,1,1,1,0,0,0,0,1,0,1,1,0,1,0,1,1,0,0,0,1,0,0,0,0,0,0,0,0,1,1,0,1,0,0,0,0,1,1,1,1,1,1,1,0,1,0,0,1,1,0,1,1,0,0,1,0,0,0,1,0,0,0,1,1,0,1,0,1,0,0,0,100,84,16,28.01,324,31,8
vuv_tech_inc_2024,-1,-1,-1,-1,-1,-1,-1,-1,-1,-1,-1,-1,-1,-1,-1,1,1,1,-1,-1,1,0,-1,-1,0,1,1,1,1,0,0,0,0,0,0,0,0,0,0,0,0,0,0,0,0,0,0,0,0,0,0,0,0,0,0,0,0,0,0,0,0,0,0,0,0,1,1,1,-1,-1,1,1,1,0,0,0,1,0,-1,1,1,-1,-1,-1,1,-1,1,1,1,1,1,1,0,0,0,0,,1,1,,1,1,1,1,1,1,-1,-1,-1,-1,-1,-1,-1,-1,0,-1,-1,-1,-1,0,0,0,0,1,1,0,0,0,0,0,0,0,0,1,1,0,1,1,1,1,-1,1,1,1,0,1,1,0,0,0,0,0,0,0,0,0,0,0,0,0,0,0,0,0,0,0,0,0,0,0,0,0,0,0,0,0,0,0,0,0,0,0,0,0,0,0,0,0,0,0,0,0,0,0,0,0,0,0,0,,0,0,0,0,0,0,0,0,0,0,0,0,0,0,0,0,0,0,0,0,0,0,0,0,0,0,0,,,,0,0,0,0,0,0,0,0,0,0,0,0,0,0,0,0,0,0,0,0,0,0,0,0,1,1,1,1,1,1,1,1,0,0,1,1,1,1,1,1,1,1,1,1,1,1,1,1,1,1,1,1,1,1,1,1,1,0,1,1,1,1,1,1,1,1,1,1,1,1,1,1,1,1,1,1,1,1,1,-1,1,1,-1,1,-1,-1,-1,1,1,1,-1,1,1,1,1,1,1,-1,1,1,1,0,1,1,-1,1,0,0,-1,1,1,1,-1,1,-1,-1,1,0,0,1,0,-1,-1,-1,1,1,-1,-1,0,1,1,0,-1,125,106,19,35.01,300,57,6
data_company_one_inc_2024,,,,,,,,,,,,,,,,0,0,0,0,0,1,0,0,0,0,0,0,0,0,,,,,,,,,,,,,,,,,,,,,,,,,,,,,,,,,,,,,1,1,0,0,0,0,1,0,0,0,0,1,1,0,,,,,,,,,,,,,,,,,,,,,,,,,,,0,0,0,0,0,0,0,0,0,0,0,0,0,0,0,0,0,0,0,0,0,0,0,0,0,0,1,0,0,0,0,0,0,0,0,0,0,0,0,0,0,0,0,0,0,0,0,0,0,0,0,0,0,0,0,0,0,0,0,0,0,0,0,0,0,0,0,0,0,0,0,0,0,0,0,0,0,0,0,0,0,0,0,0,0,0,0,0,0,0,0,0,0,0,,1,1,-1,1,-1,1,-1,0,0,-1,-1,0,0,0,0,0,0,,1,1,0,-1,-1,0,0,0,0,,,,0,0,,0,0,0,0,0,0,-1,-1,-1,0,0,0,0,1,1,1,1,-1,-1,-1,-1,0,0,0,0,0,0,0,0,0,0,0,0,0,0,0,0,0,0,0,0,0,0,0,0,0,0,0,0,0,0,0,0,0,0,0,0,0,0,0,0,0,0,0,0,0,0,0,0,0,0,0,0,0,0,0,0,0,0,0,0,0,0,0,0,0,0,0,0,0,0,0,0,0,0,0,0,0,0,0,0,0,0,0,0,0,0,0,0,0,0,0,0,0,0,0,0,0,0,0,0,0,0,0,0,0,0,0,0,0,17,16,1,4.76,266,14,83
litech_llc_2024,0,0,-1,-1,-1,0,0,0,-1,-1,-1,1,1,1,1,0,0,1,0,0,1,0,0,0,0,1,1,1,1,0,0,0,0,0,0,0,0,0,0,0,0,0,0,0,0,0,0,0,0,0,0,0,0,0,0,0,0,0,0,0,0,0,0,0,0,1,1,1,0,0,1,1,0,0,1,0,1,1,1,0,0,0,-1,-1,0,0,0,0,0,1,0,0,0,0,0,0,0,0,0,0,0,0,0,1,0,1,0,0,0,0,0,0,0,0,0,0,0,0,0,0,0,0,0,1,1,0,0,0,0,0,0,0,0,0,0,0,0,1,1,0,0,0,0,0,0,0,0,0,0,0,0,0,0,0,0,0,0,0,0,0,0,0,0,0,0,0,0,0,0,0,0,0,0,0,0,0,0,0,0,0,0,0,0,0,0,0,0,0,0,0,0,0,0,0,0,0,0,0,0,,0,0,0,0,0,0,0,0,0,0,0,0,0,0,0,0,0,0,0,0,0,0,0,0,0,0,0,,,,0,0,0,0,0,0,0,0,0,0,0,0,0,0,0,0,0,0,0,0,0,0,0,0,1,1,1,1,1,1,0,1,0,0,1,1,1,1,0,0,0,0,1,0,0,0,0,1,1,1,1,1,0,1,1,1,1,0,1,1,0,0,1,1,1,1,1,1,0,0,1,1,1,1,1,1,1,1,1,0,1,1,0,1,0,0,0,0,1,1,1,1,1,1,1,1,1,1,1,1,1,0,1,1,0,1,0,0,1,1,1,1,1,1,1,0,1,0,0,0,0,0,0,0,0,0,0,0,0,1,1,1,0,94,75,19,26.33,351,8,4
conusant_inc_2024,1,1,1,1,1,0,0,0,-1,-1,-1,,,,,1,1,1,1,1,1,1,0,0,0,1,1,1,1,0,0,0,0,0,0,0,0,0,0,0,0,0,0,0,0,0,0,0,0,0,0,0,0,0,0,0,0,0,0,0,0,0,0,0,0,0,0,1,1,1,1,0,0,0,1,0,1,1,0,0,1,0,0,0,1,0,0,0,1,1,0,0,-1,-1,-1,-1,-1,-1,-1,0,0,0,0,1,1,1,0,0,0,0,0,0,0,0,0,0,0,0,0,0,0,0,0,1,1,0,0,0,0,0,0,0,0,0,0,0,1,1,1,1,1,0,0,0,0,1,0,0,0,0,0,0,0,0,0,0,0,0,0,0,0,0,0,0,0,0,0,0,0,0,0,0,0,0,0,0,0,0,0,0,0,0,0,0,0,0,0,0,0,0,0,0,0,0,0,0,0,0,0,,0,0,0,0,0,0,0,0,0,0,0,0,0,0,0,0,0,0,0,0,0,0,0,0,0,0,0,,,,0,0,0,0,0,0,0,0,0,0,0,0,0,0,0,0,0,0,0,0,0,0,0,0,1,1,1,0,0,0,1,1,0,0,1,1,1,1,1,1,1,1,1,0,0,0,0,1,1,0,1,1,0,1,0,0,,0,1,1,1,1,1,1,1,1,1,1,1,0,1,1,1,1,1,1,1,1,0,0,1,1,1,1,0,0,0,0,1,0,0,1,1,1,1,1,1,1,1,1,0,1,1,1,1,1,1,1,0,1,1,0,1,0,1,1,1,0,0,1,1,1,1,1,1,1,1,0,1,1,1,1,0,115,96,19,32.21,344,10,9
global_agriculture_sustainabili_2024,,,,,,,,,,,,,,,,,,,,,,,,,,,,,,,,,,,,,,,,,,,,,,,,,,,,,,,,,,,,,,,,,,,,,,,,,,,,,,,,,,,,,,,,,,,,,,,,,,,,,,,,,,,,,,,,,,,,,,,,,,,,,,,,,,,,,,,,,,,,,,,,,,,,,,,,,,,,,,,,,,,,,,,,,,,,,,,,,,,,,,,,,,,,,,,,,,,,,,,,,,,,,,,,,,,,,,,,,,,,,,,,,,,,,,,,,,,,,,,,,,,,,,,,,,,,,,,,,,,,,,,,,,,,,,,,,,,,,,,,,,,,,,,,,,,,,,,,,,,,,,,,,,,,,,,,,,,,,,,,,,,,,,,,,,,,,,,,,,,,,,,,,,,,,,,,,,,,,,,,,,,,0,0,0,0.0,0,0,363
leeta_materials_inc_2024,-1,-1,-1,-1,-1,-1,-1,-1,0,0,0,0,0,0,0,0,0,0,0,0,1,0,0,0,0,0,0,0,0,1,1,0,0,0,0,0,0,0,0,0,0,1,0,0,0,0,0,0,0,0,0,0,,0,0,0,0,0,,0,0,0,0,0,0,,,0,0,0,0,0,,0,0,0,0,0,0,1,0,0,0,0,0,0,0,0,0,0,0,1,-1,-1,-1,-1,0,0,0,0,0,0,0,0,0,0,0,0,0,0,0,0,0,0,0,0,0,0,0,0,0,0,0,0,0,0,0,0,0,0,0,0,0,0,0,0,0,0,0,0,0,0,0,0,0,0,0,1,0,0,0,0,0,0,0,0,0,0,0,0,0,0,0,0,0,0,0,0,0,0,0,0,0,0,0,0,0,0,0,0,0,0,0,0,0,0,0,0,0,0,0,0,0,0,0,0,0,0,0,,-1,-1,-1,-1,-1,-1,-1,0,0,0,0,0,0,0,0,0,0,-1,-1,-1,1,0,0,1,0,1,0,,,,0,0,,0,0,,0,0,,0,0,0,0,0,,-1,-1,-1,1,1,-1,-1,-1,-1,1,0,0,0,0,0,0,0,0,0,0,0,0,0,0,0,0,0,0,0,0,0,0,0,0,0,0,0,0,0,0,0,0,0,0,0,0,0,1,0,0,1,1,1,1,0,0,0,0,0,0,0,0,0,0,0,0,0,0,0,0,0,0,0,0,0,0,0,0,0,0,0,0,0,0,0,0,0,0,0,0,0,0,0,0,0,0,0,0,0,0,0,0,0,0,0,0,0,0,0,0,0,0,0,0,0,0,0,0,18,16,2,5.04,321,29,13
coulomb_tech_2024,-1,-1,-1,-1,-1,-1,-1,-1,-1,-1,-1,-1,-1,-1,-1,-1,-1,0,0,0,1,1,1,1,0,1,0,0,0,1,1,0,0,0,1,1,0,0,1,1,1,1,0,0,0,0,0,0,0,0,0,0,0,0,0,1,1,1,0,0,0,0,0,0,0,1,1,0,0,0,0,1,1,0,0,0,0,0,0,0,0,1,0,0,0,0,1,1,1,0,0,0,0,0,0,0,0,0,0,0,0,0,0,1,1,1,1,1,1,1,0,1,1,1,0,0,0,0,0,0,0,0,0,1,1,0,0,0,0,0,0,0,0,1,1,1,1,1,1,1,1,1,1,1,0,1,0,1,0,0,0,0,0,0,0,0,0,1,0,1,1,1,1,0,0,0,0,0,0,0,0,0,0,0,0,0,0,0,0,0,0,0,0,0,0,0,0,0,0,0,0,0,0,0,0,0,0,0,0,,1,1,-1,-1,-1,-1,-1,1,1,1,1,1,1,-1,-1,0,0,-1,-1,-1,0,0,0,0,0,0,0,,,,0,0,0,0,0,0,0,0,0,0,0,0,0,0,0,0,1,1,1,1,1,-1,-1,-1,1,0,0,1,1,1,0,1,0,0,0,0,0,0,1,1,0,0,1,0,0,0,0,0,0,0,1,0,0,0,0,0,1,0,1,1,1,1,1,1,0,0,0,0,0,0,1,1,1,1,1,0,1,0,1,1,0,0,0,0,1,1,1,0,0,0,1,0,0,0,1,0,0,0,0,0,0,0,0,0,0,0,1,0,0,1,0,0,0,0,0,1,1,0,0,0,0,0,0,0,0,0,0,0,0,1,1,0,0,102,88,14,28.57,329,30,4
sea_dragon_energy_inc_2024,-1,-1,-1,-1,-1,-1,-1,-1,-1,-1,-1,-1,-1,-1,-1,1,1,1,-1,-1,-1,0,1,1,0,1,1,1,1,1,1,0,0,0,0,1,0,0,1,1,1,1,1,1,0,0,1,1,1,0,1,0,0,0,1,1,1,0,0,0,1,1,0,0,0,0,0,1,-1,-1,-1,-1,-1,0,0,-1,1,-1,0,0,1,0,-1,-1,0,0,-1,-1,0,1,1,1,-1,-1,-1,-1,0,0,0,-1,-1,-1,-1,1,0,1,0,0,-1,-1,0,0,0,0,0,0,0,0,0,0,0,-1,-1,1,1,-1,-1,-1,0,0,0,0,-1,1,1,1,-1,1,1,1,0,1,1,1,1,1,0,1,,0,1,0,1,0,1,1,0,1,0,1,1,0,0,1,1,1,1,1,1,1,1,0,1,0,0,1,1,1,0,1,1,0,1,1,1,0,0,0,1,0,0,0,0,0,1,0,1,1,,-1,1,1,-1,-1,1,-1,1,-1,-1,-1,-1,-1,-1,-1,-1,-1,-1,,1,1,0,1,1,0,0,0,0,,,,0,0,,0,0,0,0,0,0,,1,1,1,1,1,-1,1,1,1,1,-1,1,1,-1,1,1,1,1,1,1,1,1,1,-1,1,1,1,1,-1,-1,-1,-1,1,1,1,1,-1,1,1,1,1,1,1,1,-1,1,1,1,1,1,-1,0,1,1,1,1,1,1,1,1,1,1,1,1,1,1,1,1,1,1,1,1,1,1,1,1,1,1,1,1,-1,1,1,1,1,1,1,0,1,1,,-1,1,1,1,0,1,1,-1,1,1,1,1,1,0,0,1,0,0,1,1,1,1,1,1,1,1,-1,1,1,0,0,-1,182,153,29,50.98,278,76,9
solar_ice_llc_2024,-1,-1,-1,-1,-1,-1,-1,-1,1,1,1,1,1,1,1,,,0,0,0,1,1,0,0,1,,,0,0,1,1,0,0,0,0,0,1,1,0,0,0,1,,0,0,0,0,0,0,0,0,0,0,0,1,0,0,0,0,0,0,0,0,0,0,,,,,,,,,0,0,,,,,0,1,0,-1,-1,,0,-1,-1,,1,,1,-1,-1,-1,-1,0,0,0,-1,-1,-1,-1,1,,0,0,0,0,0,0,0,0,0,0,0,0,0,0,0,0,0,0,0,0,0,0,0,0,0,0,0,0,0,0,0,0,0,0,0,0,0,0,0,0,0,0,0,0,1,0,1,1,1,0,1,0,1,0,1,0,0,0,0,0,0,0,0,0,0,0,0,0,0,0,0,0,0,0,0,0,0,0,0,0,0,0,0,0,0,0,0,0,0,0,0,0,0,1,,-1,-1,-1,-1,1,-1,-1,0,0,0,0,0,0,0,0,0,0,,1,1,0,0,0,0,0,0,0,,,,0,0,0,0,0,0,0,0,0,-1,-1,-1,0,0,,0,1,1,1,1,-1,-1,-1,-1,1,,,1,1,1,1,1,1,,0,0,0,0,0,0,0,0,1,0,0,0,0,0,0,0,0,0,0,0,0,,0,0,0,0,0,0,1,1,1,1,1,1,1,1,1,0,1,,0,1,1,1,1,,0,1,0,,1,1,1,1,0,0,1,1,0,1,,1,0,0,0,0,0,0,0,0,1,0,0,0,0,1,1,0,0,1,0,0,1,0,0,0,0,0,0,0,1,0,0,1,0,1,,0,0,74,63,11,20.73,294,33,36
pinegem_2024,-1,-1,-1,-1,-1,0,0,0,-1,-1,-1,-1,-1,-1,-1,-1,-1,0,0,0,1,1,-1,-1,0,-1,-1,-1,-1,-1,-1,0,0,0,-1,0,0,0,0,0,0,-1,0,0,0,0,0,0,0,0,0,0,0,0,0,0,0,0,0,0,0,0,0,0,0,-1,-1,0,0,0,0,1,-1,0,0,-1,-1,0,0,0,1,1,-1,-1,-1,0,-1,-1,0,0,-1,-1,-1,-1,-1,-1,-1,-1,-1,0,0,0,0,0,0,1,-1,-1,0,0,0,0,-1,-1,-1,0,0,0,0,0,0,0,0,-1,-1,-1,-1,-1,-1,0,0,0,0,-1,-1,0,0,0,0,0,0,-1,-1,-1,1,-1,-1,0,0,0,0,0,0,0,0,0,0,0,0,0,0,0,0,0,0,0,0,0,0,0,0,0,0,0,0,0,0,0,0,0,0,0,0,0,0,0,0,0,0,0,0,0,0,0,0,0,0,0,0,,-1,-1,-1,-1,-1,-1,-1,0,0,0,0,0,0,0,0,0,0,0,0,0,0,0,0,0,0,0,0,,,,0,0,0,0,0,0,0,0,0,0,0,0,0,0,0,0,-1,-1,-1,-1,-1,-1,-1,-1,1,-1,-1,1,1,1,0,0,0,-1,-1,-1,-1,-1,-1,-1,0,0,1,-1,-1,-1,0,-1,-1,-1,-1,0,-1,0,0,0,-1,0,-1,-1,0,0,-1,-1,-1,-1,-1,-1,0,-1,1,1,1,-1,1,-1,0,-1,1,-1,-1,-1,0,-1,1,1,1,0,-1,0,1,-1,-1,1,-1,-1,-1,-1,0,0,1,0,1,1,0,0,-1,-1,-1,-1,-1,0,-1,-1,-1,0,1,0,0,0,-1,0,0,0,0,1,0,-1,0,-1,-1,-1,0,27,22,5,7.56,229,130,4
turnover_labs_2024,-1,-1,1,1,1,,1,1,-1,-1,-1,-1,-1,-1,-1,1,1,0,-1,-1,1,0,1,1,-1,1,0,1,1,1,1,0,0,0,0,1,0,0,1,1,1,1,0,0,0,1,1,1,-1,0,0,0,1,,1,1,0,1,0,0,1,0,0,1,1,1,1,1,0,0,1,0,1,0,0,0,1,1,0,1,1,1,-1,-1,0,0,-1,-1,0,1,0,1,0,0,0,0,0,0,0,0,0,0,0,1,0,1,0,0,0,0,0,0,0,0,0,1,1,1,1,0,0,0,0,1,1,0,0,0,0,0,0,1,0,1,1,0,1,1,1,1,0,1,1,1,0,-1,-1,1,0,1,0,1,1,-1,0,1,0,1,1,1,0,0,1,1,1,-1,-1,0,0,0,0,0,1,0,0,1,1,1,1,1,0,0,0,1,1,1,,1,1,1,0,0,0,0,1,1,0,0,0,,1,1,-1,1,1,-1,1,1,1,-1,-1,0,0,0,0,-1,-1,,1,1,0,-1,-1,0,0,-1,0,,,,0,0,,0,0,0,0,0,0,0,0,0,0,0,0,0,1,1,1,1,1,-1,1,-1,1,1,1,0,0,0,0,0,0,0,1,1,1,1,1,1,0,0,1,0,0,0,0,1,1,1,-1,0,0,-1,0,1,1,1,0,0,0,0,1,1,0,1,1,1,1,0,1,1,1,1,1,1,1,1,1,1,0,1,1,1,0,0,0,1,1,0,1,1,1,1,1,1,1,1,1,0,,0,1,1,1,1,0,1,0,1,-1,-1,0,1,0,0,1,0,0,0,0,0,0,0,0,0,0,0,0,1,1,-1,0,156,133,23,43.7,315,38,10
sustainabli_2024,-1,-1,1,1,1,-1,-1,-1,-1,-1,-1,,,,,1,1,1,-1,-1,1,1,1,1,0,1,1,1,1,1,1,1,1,1,-1,0,-1,0,1,1,1,1,1,1,0,1,1,1,1,0,1,1,1,0,1,1,1,1,1,1,1,1,1,1,1,1,1,1,0,0,1,1,-1,0,0,1,1,1,1,0,1,1,-1,-1,1,1,1,1,0,1,1,-1,-1,-1,-1,-1,0,0,0,,1,1,1,1,1,1,1,1,1,1,1,0,1,1,1,-1,-1,-1,-1,0,0,0,0,1,1,0,0,0,0,0,0,1,0,1,1,0,1,1,1,1,0,1,1,1,0,1,1,1,0,1,0,1,1,-1,0,1,-1,1,0,1,1,0,0,1,1,-1,-1,-1,0,0,-1,0,1,0,0,1,1,1,1,1,0,0,0,1,1,1,0,1,1,1,0,0,0,0,1,1,0,0,1,0,1,1,-1,-1,-1,-1,-1,1,1,-1,-1,0,0,0,0,-1,-1,-1,-1,-1,0,0,0,0,0,0,0,,,,0,0,0,0,0,0,0,0,0,-1,-1,-1,0,0,,0,0,0,1,1,1,-1,-1,-1,1,1,1,1,1,1,1,1,1,1,1,1,1,1,1,1,1,1,1,0,0,0,0,0,0,1,1,1,0,1,-1,1,1,0,1,1,0,0,1,1,0,1,1,1,1,-1,1,1,1,1,1,1,1,1,1,1,1,1,1,1,1,1,1,1,1,1,1,0,1,-1,1,1,1,1,1,1,1,1,1,1,1,-1,0,1,1,-1,1,1,1,0,-1,1,1,1,1,1,-1,0,0,0,1,0,0,1,0,-1,0,1,1,200,167,33,56.02,298,56,9
global_sustainable_products_inc_2024,1,1,1,1,1,,1,1,1,1,1,,,,,1,1,-1,-1,-1,1,1,0,0,1,1,1,1,1,1,1,1,0,0,0,1,-1,0,1,1,1,1,1,0,0,-1,1,1,,0,1,1,1,0,1,1,-1,1,1,1,1,0,0,1,1,1,1,1,1,1,1,1,1,0,1,1,1,-1,0,0,1,0,1,1,1,0,1,1,-1,1,1,-1,-1,-1,-1,-1,0,0,0,,1,1,1,1,1,1,1,1,1,1,-1,0,-1,-1,1,1,1,1,1,-1,0,0,0,1,1,0,0,0,0,0,0,-1,0,1,1,0,-1,1,1,-1,0,-1,-1,-1,-1,-1,1,1,0,1,0,1,1,1,-1,1,1,1,0,1,0,0,0,0,1,1,1,-1,0,0,1,-1,1,0,1,1,1,1,1,0,0,-1,1,1,0,1,0,1,1,-1,0,0,0,0,1,1,0,-1,1,-1,1,1,-1,-1,-1,-1,-1,-1,-1,-1,-1,-1,-1,0,0,-1,-1,-1,-1,-1,1,1,1,0,0,0,0,,,,0,0,0,0,0,0,0,0,0,-1,-1,-1,0,0,0,0,1,1,1,1,-1,-1,-1,-1,1,1,1,1,1,1,1,1,1,1,1,1,1,1,1,1,1,1,-1,0,0,0,-1,1,1,1,1,1,0,0,0,-1,1,0,1,1,0,0,1,-1,1,1,1,1,1,1,-1,-1,-1,0,-1,-1,-1,-1,-1,-1,0,-1,-1,0,-1,-1,-1,-1,-1,0,-1,-1,-1,-1,0,-1,0,-1,0,-1,-1,-1,-1,-1,-1,-1,0,-1,0,-1,-1,0,-1,-1,0,-1,-1,0,0,-1,-1,-1,-1,-1,-1,-1,0,-1,-1,-1,0,0,-1,151,139,12,42.3,247,106,10
enamp_2024,-1,-1,-1,-1,-1,0,0,0,-1,-1,-1,,,,,1,1,1,-1,-1,1,0,1,1,0,1,1,1,1,1,1,0,0,1,0,0,0,0,1,1,1,1,0,0,0,1,1,1,1,0,1,1,0,,1,1,1,0,0,0,1,1,0,0,0,0,0,1,0,0,1,1,1,0,0,0,1,1,0,0,1,1,-1,-1,1,0,-1,-1,0,1,0,0,0,0,0,0,0,0,0,-1,-1,-1,-1,1,0,1,0,0,0,0,0,0,0,0,0,1,1,1,1,0,0,-1,-1,1,1,-1,-1,0,0,0,0,0,0,1,1,0,1,1,1,1,0,1,1,1,-1,1,0,1,0,1,-1,1,1,1,-1,1,1,1,0,-1,-1,0,0,1,1,-1,-1,0,0,0,-1,0,1,0,0,1,1,0,1,1,0,1,0,1,1,1,0,0,1,1,0,0,0,0,1,1,0,0,0,-1,-1,-1,-1,-1,-1,-1,-1,1,1,0,0,0,0,0,0,-1,-1,-1,-1,-1,0,-1,-1,-1,0,-1,0,,,,0,0,0,0,0,0,0,0,0,0,0,0,0,0,,0,1,1,1,1,-1,-1,-1,-1,1,1,1,1,1,1,1,1,0,1,1,1,1,1,0,0,0,0,1,-1,-1,1,0,1,1,1,1,1,-1,1,1,1,1,1,1,1,0,0,1,1,1,1,1,1,1,0,1,1,1,1,1,1,1,1,1,0,-1,1,1,1,1,1,1,1,1,0,0,1,1,1,1,1,1,1,1,0,1,1,1,0,1,1,1,1,1,1,1,0,0,0,0,1,1,1,1,1,1,1,1,1,1,0,0,1,0,1,1,0,0,167,139,28,46.78,299,55,9
revvit_inc_2024,-1,-1,-1,-1,-1,-1,-1,-1,-1,-1,-1,-1,-1,-1,-1,1,1,1,-1,-1,1,0,1,1,0,1,1,1,1,1,1,1,1,1,0,0,0,0,1,1,1,1,0,0,0,-1,-1,-1,-1,0,1,1,-1,1,1,1,1,0,-1,0,1,1,0,1,1,0,0,,0,0,1,1,0,0,,,1,1,0,0,0,0,-1,-1,1,0,-1,-1,0,1,0,1,0,0,0,0,0,0,0,-1,-1,-1,-1,1,0,1,0,0,0,0,0,0,0,0,0,0,0,0,0,0,0,0,0,1,1,0,0,0,0,0,0,0,0,1,1,0,1,1,1,-1,0,1,1,1,0,-1,0,0,1,1,0,1,1,0,0,1,0,0,0,0,0,0,0,1,1,0,0,0,0,0,0,0,1,0,0,1,1,0,1,1,0,0,0,1,1,1,0,0,1,1,0,0,0,1,1,0,0,0,0,0,-1,-1,-1,-1,-1,-1,-1,0,0,1,1,0,0,0,0,1,1,0,0,0,1,0,0,0,0,0,0,,,,0,0,0,0,0,0,0,0,0,0,0,0,0,0,,0,-1,-1,-1,-1,-1,-1,-1,-1,1,1,1,1,1,1,1,1,1,1,1,1,1,1,1,1,0,0,1,0,0,0,-1,1,1,1,1,1,1,-1,0,-1,1,1,1,1,0,0,1,1,1,1,1,1,1,1,1,1,1,1,1,1,1,1,1,0,0,1,1,1,1,1,1,1,1,0,1,1,1,1,1,1,1,1,1,1,1,1,1,1,1,1,0,0,1,1,1,0,1,1,1,1,1,0,0,1,0,0,0,0,1,1,0,1,0,1,1,0,0,154,128,26,43.14,305,51,7
grid_science_2024,-1,-1,-1,-1,-1,-1,-1,-1,-1,-1,-1,-1,-1,-1,-1,-1,-1,0,-1,-1,1,0,1,1,0,0,1,0,0,1,1,0,0,0,0,0,0,0,1,0,1,1,0,0,0,0,0,0,0,0,0,1,0,0,1,0,0,0,0,0,0,0,0,0,0,1,1,0,0,0,0,0,1,0,0,0,0,0,0,1,0,0,,,0,0,0,0,0,1,1,1,0,0,0,0,0,0,0,0,0,0,0,0,0,1,1,1,1,1,1,0,1,1,1,0,0,0,0,0,0,0,0,1,1,0,0,0,0,1,0,1,1,1,1,1,1,1,1,1,0,1,1,1,1,1,1,0,0,0,0,0,0,0,0,0,0,1,0,1,1,1,1,0,0,0,0,0,0,0,0,0,0,0,0,0,0,0,0,0,0,0,0,0,0,0,0,0,0,0,0,0,0,0,0,0,0,0,0,,0,0,0,0,0,0,0,0,0,0,0,0,0,0,0,0,0,0,0,0,0,0,0,0,0,0,0,,,,0,0,0,0,0,0,0,0,0,0,0,0,0,0,0,0,0,0,0,0,0,0,0,0,,,,,,,,,,,,,,,,,,,,,,,,,,,,,,,,,,,,,,,,,,,,,,,,,,,,,,,,,,,,,,,,,,,,,,,,,,,,,,,,,,,,,,,,,,,,,,,,,,,,,,,,,,,,,,50,47,3,14.01,229,19,115
stranergy_2024,1,1,1,1,1,-1,-1,-1,1,1,1,,,,,1,1,0,1,1,1,0,0,0,0,0,0,0,0,0,0,0,0,0,0,0,0,0,0,0,0,0,0,0,0,0,0,0,0,0,0,0,0,0,0,0,0,0,0,0,0,0,0,0,0,0,0,1,0,0,1,1,0,0,1,1,1,1,0,1,1,1,1,1,0,0,0,0,0,1,1,1,,1,1,1,0,0,0,-1,-1,-1,-1,0,0,1,0,0,0,0,0,0,0,0,1,0,0,0,0,0,0,0,0,1,1,0,0,0,0,0,0,0,0,0,0,0,0,0,0,1,1,1,1,1,0,1,1,0,0,0,0,0,0,0,0,0,0,0,0,0,0,0,0,0,0,0,0,0,0,0,0,0,0,0,0,0,0,0,0,0,0,0,0,0,0,0,0,0,0,0,0,0,0,0,0,0,0,0,0,,0,0,0,0,0,0,0,0,0,0,0,0,0,0,0,0,0,0,0,0,0,0,0,0,0,0,0,,,,0,0,0,0,0,0,0,0,0,0,0,0,0,0,0,0,0,0,0,0,0,0,0,0,1,1,1,1,1,1,1,1,0,0,1,1,1,1,1,1,1,1,1,1,1,0,0,1,1,1,1,1,0,1,0,1,1,1,1,1,1,1,1,1,1,1,1,1,1,0,1,1,1,1,1,1,1,1,1,1,1,1,1,1,0,0,0,0,1,1,1,1,1,1,1,1,1,1,1,0,1,1,1,1,1,1,0,1,0,1,1,1,1,1,1,0,1,0,0,1,1,0,0,0,1,0,0,0,0,1,1,0,0,125,105,20,35.01,347,7,9
chrgsystem_2024,1,1,1,1,1,-1,-1,-1,-1,-1,-1,1,1,1,1,1,1,-1,-1,-1,1,-1,1,1,0,-1,-1,-1,-1,-1,-1,0,0,0,0,-1,0,-1,0,0,0,-1,0,0,0,0,0,0,0,0,0,-1,-1,0,0,0,0,0,0,0,0,0,0,0,0,1,1,-1,0,0,0,0,0,0,0,0,-1,-1,-1,-1,0,0,-1,-1,-1,-1,-1,-1,-1,1,-1,0,0,0,0,0,0,0,0,-1,-1,-1,-1,0,0,1,0,0,0,0,0,0,0,0,-1,0,0,0,0,0,0,0,0,1,1,0,0,0,0,0,0,-1,-1,1,1,-1,-1,1,1,1,-1,-1,-1,-1,0,0,0,-1,-1,-1,0,0,0,0,0,-1,0,0,-1,-1,0,0,0,0,0,0,0,0,0,-1,0,-1,-1,-1,-1,-1,-1,0,0,0,-1,0,0,0,0,0,0,0,0,0,0,-1,0,0,-1,-1,-1,-1,-1,0,-1,-1,0,-1,-1,0,0,0,0,0,0,0,0,0,0,0,0,0,0,0,0,0,0,0,0,-1,0,,,,0,0,,0,0,,0,0,,0,0,0,0,0,,-1,0,0,0,0,-1,-1,-1,-1,1,1,1,1,1,1,1,-1,-1,-1,-1,-1,-1,1,1,1,1,1,-1,1,1,-1,-1,-1,-1,0,-1,-1,0,-1,0,1,0,0,-1,-1,0,0,1,-1,1,1,1,1,1,1,1,-1,-1,-1,-1,0,-1,-1,-1,1,0,1,0,0,0,0,0,0,0,0,0,-1,-1,-1,1,-1,-1,0,0,0,-1,0,-1,1,1,-1,1,-1,0,-1,-1,0,0,0,0,-1,-1,0,0,-1,-1,0,0,0,0,0,0,0,0,-1,-1,-1,0,54,53,1,15.13,237,119,7
waste_salt_tech_llc_2024,-1,-1,-1,-1,-1,-1,-1,-1,-1,-1,-1,-1,-1,-1,-1,1,1,1,1,1,1,1,0,0,0,1,1,1,1,1,1,0,0,0,0,0,0,0,1,1,1,1,0,0,0,1,1,1,0,0,0,0,1,0,0,0,0,0,0,0,0,0,0,0,0,,,0,1,1,1,1,,0,,1,1,1,0,1,1,-1,-1,-1,1,0,1,1,1,1,1,1,-1,-1,-1,-1,0,0,0,-1,-1,-1,-1,1,1,1,0,0,0,0,0,0,1,1,0,1,1,1,1,0,0,0,0,1,1,0,0,0,0,0,0,0,0,1,1,1,1,1,1,1,0,0,0,0,0,1,1,1,0,1,1,1,-1,0,0,1,-1,0,0,-1,0,1,1,1,-1,0,0,0,0,0,1,1,0,1,1,1,1,0,0,0,0,1,0,0,0,0,1,-1,0,0,1,0,-1,0,1,1,0,0,0,0,1,1,-1,-1,-1,-1,-1,1,1,-1,-1,0,0,0,0,-1,-1,-1,-1,-1,1,0,0,0,0,0,0,,,,0,0,0,0,0,0,0,0,0,0,0,0,0,0,,0,-1,-1,-1,-1,-1,-1,-1,-1,1,1,1,1,1,1,1,1,1,1,1,1,1,1,0,0,0,0,1,1,1,1,0,-1,-1,1,1,1,1,1,-1,1,1,1,1,1,0,1,1,1,1,1,1,1,1,1,1,1,1,1,1,1,1,1,1,0,1,1,1,1,1,1,1,0,0,0,0,1,1,1,1,1,1,0,0,0,-1,1,1,1,1,1,0,0,0,1,1,-1,1,0,0,1,1,1,1,1,1,1,1,1,1,1,-1,1,0,1,1,-1,0,162,137,25,45.38,296,59,8
contractpower_2024,1,1,1,1,1,-1,-1,-1,-1,-1,-1,-1,-1,-1,-1,1,1,0,-1,-1,1,0,1,1,0,1,1,0,0,1,1,0,1,1,0,0,1,0,-1,-1,1,1,1,0,0,1,1,1,1,0,1,1,1,1,1,1,1,-1,1,-1,1,1,0,1,1,1,1,0,0,0,1,1,0,0,0,1,1,1,0,0,-1,0,-1,-1,1,1,1,1,1,1,0,1,0,0,0,0,0,0,0,,1,1,1,1,1,1,0,0,0,0,1,0,1,1,1,1,1,1,1,0,0,0,0,1,1,0,0,0,0,0,0,1,0,1,1,0,1,1,1,1,0,1,1,1,0,1,1,1,0,1,1,1,1,1,0,-1,0,1,0,1,0,0,0,1,1,-1,0,0,1,0,0,0,0,1,1,0,1,1,1,1,0,0,0,0,1,0,0,0,0,1,1,1,0,0,1,1,1,0,1,-1,-1,-1,1,1,1,1,1,-1,-1,-1,-1,-1,-1,-1,-1,-1,-1,-1,-1,-1,1,-1,-1,1,-1,0,-1,,,,1,0,0,0,0,,0,0,0,0,0,0,1,0,0,0,-1,-1,-1,-1,1,1,1,1,1,1,1,1,1,1,1,1,1,1,1,1,1,1,0,0,0,0,1,0,0,-1,0,1,1,1,1,1,1,1,1,-1,1,1,1,1,0,0,1,1,1,1,1,1,1,1,1,1,1,-1,1,1,1,1,1,-1,0,1,-1,1,1,1,1,1,1,-1,1,1,1,1,1,1,1,1,1,1,,1,1,1,1,1,1,1,0,,1,1,1,0,1,,1,0,0,0,,0,0,0,,,,,0,1,1,0,0,190,162,28,53.22,299,51,13
carbon_utility_llc_2024,1,1,-1,-1,-1,-1,-1,-1,1,1,1,-1,-1,-1,-1,1,1,1,1,1,1,0,1,1,0,1,1,1,1,1,1,-1,1,-1,0,0,0,0,1,1,1,1,1,-1,0,-1,-1,-1,-1,0,0,1,1,1,1,1,1,0,0,0,1,1,1,1,1,0,0,0,0,0,-1,1,0,0,0,1,1,1,0,1,0,0,-1,-1,0,0,0,0,0,1,0,0,-1,-1,-1,-1,0,0,0,-1,-1,-1,-1,1,0,1,0,0,0,0,0,0,0,0,0,1,1,1,1,0,0,0,0,1,1,0,0,0,0,0,0,1,0,1,1,0,0,1,1,0,0,1,1,1,0,0,0,1,1,0,0,-1,-1,0,0,0,1,1,0,0,0,0,0,1,0,0,0,0,0,0,0,1,1,0,1,1,1,1,0,0,0,0,1,1,1,0,1,1,1,0,0,0,1,1,0,1,0,0,1,-1,1,1,-1,-1,-1,-1,-1,-1,-1,-1,-1,-1,-1,-1,-1,-1,-1,-1,-1,-1,1,0,0,-1,0,-1,0,,,,0,0,,0,0,0,0,0,0,0,0,0,0,0,,0,-1,-1,-1,-1,-1,-1,-1,-1,1,0,0,1,1,1,1,1,1,1,1,1,1,1,-1,-1,-1,-1,1,0,0,1,0,1,1,1,1,1,1,1,1,-1,1,1,0,0,0,0,1,1,0,1,1,1,1,1,1,1,1,1,1,1,1,1,1,-1,0,1,0,1,1,1,1,0,0,0,0,1,1,1,1,1,1,0,0,1,0,0,1,1,1,-1,-1,0,0,1,1,0,-1,1,0,1,1,0,0,1,0,0,0,0,1,1,1,1,0,1,1,0,0,149,127,22,41.74,290,68,5
further_products_inc_2024,1,1,1,1,1,-1,-1,-1,1,1,1,1,1,1,1,1,1,1,-1,-1,1,1,1,1,0,1,1,1,1,1,1,1,1,1,0,0,1,0,1,1,1,1,0,0,0,1,1,1,1,0,1,1,1,1,1,1,1,0,1,1,1,1,1,1,1,1,1,1,,,,1,1,0,0,1,1,1,0,0,1,1,-1,-1,1,1,-1,-1,1,1,0,0,0,0,0,0,0,0,0,0,0,0,0,1,1,1,0,0,0,0,0,0,0,0,0,0,0,0,0,0,0,0,0,1,1,0,0,0,0,0,0,1,0,1,1,0,1,1,1,1,0,1,1,1,1,1,0,1,0,0,0,1,1,1,0,1,0,1,0,0,0,0,0,0,1,1,0,0,0,0,0,0,1,1,0,1,1,0,1,1,0,0,0,0,0,1,1,1,1,0,0,0,0,0,1,1,1,1,0,-1,-1,-1,-1,1,1,-1,1,0,0,1,1,0,0,0,0,1,1,-1,-1,-1,1,-1,-1,0,0,1,0,,,,0,0,,0,0,0,0,0,0,0,0,0,0,0,,-1,-1,-1,1,1,-1,-1,-1,-1,1,1,1,1,1,1,1,1,0,0,1,1,1,1,1,1,1,1,1,1,1,1,1,1,1,1,1,1,1,1,1,1,1,1,1,1,0,0,1,1,1,1,1,1,1,1,1,1,1,1,1,1,1,1,1,0,0,1,0,1,1,1,1,,1,,,1,,1,1,1,1,1,1,1,1,1,1,1,1,1,1,,1,1,1,,,1,0,1,1,,,1,1,1,1,1,1,1,1,1,0,1,1,0,0,204,174,30,57.14,320,26,17
energy_releaf_2024,1,1,1,1,1,,1,1,1,1,1,1,1,1,1,1,1,1,1,1,1,1,1,1,1,1,1,1,1,1,1,1,1,1,0,0,0,0,1,1,1,1,0,1,0,0,1,1,1,1,1,1,1,1,1,1,1,0,1,1,1,1,1,1,1,1,1,0,0,0,1,1,1,0,1,1,1,1,0,0,0,0,-1,-1,1,0,-1,-1,0,1,0,0,-1,-1,-1,-1,0,0,0,,1,1,1,1,1,1,0,0,0,0,0,0,0,0,0,1,1,1,1,0,0,0,0,1,1,0,0,0,1,0,0,1,0,1,1,0,0,1,1,0,0,1,1,1,0,0,0,1,1,0,0,1,1,1,0,0,1,0,0,1,1,0,0,0,1,1,1,0,0,0,0,0,0,1,1,0,1,1,1,1,0,0,0,0,1,0,1,0,0,1,0,0,0,0,0,1,0,0,1,0,1,1,-1,1,1,-1,1,-1,-1,-1,-1,1,1,1,1,1,1,-1,-1,-1,,0,0,1,0,0,0,,,,0,0,0,0,0,0,0,0,0,-1,-1,-1,0,0,,0,1,1,1,1,1,1,1,-1,1,1,1,1,1,1,1,1,1,1,1,1,1,1,1,1,1,1,1,1,1,1,0,1,1,1,1,1,1,1,1,1,1,1,1,1,1,0,1,1,0,1,1,1,1,0,1,1,1,1,1,1,1,1,1,1,0,1,0,1,1,1,1,0,1,0,0,1,1,1,1,1,1,0,0,1,1,1,1,1,1,1,1,0,0,1,1,0,0,1,0,1,1,0,0,1,0,0,0,0,0,0,0,1,0,1,1,0,0,210,184,26,58.82,335,21,7
kin_tech_energy_inc_2024,-1,-1,-1,-1,-1,0,0,0,-1,-1,-1,0,0,0,0,1,1,0,0,0,1,0,0,0,0,1,1,0,0,1,1,0,0,0,0,0,0,0,1,1,0,1,0,0,0,0,0,0,0,0,0,1,0,0,1,1,0,0,0,0,-1,0,0,0,0,1,1,0,0,0,0,1,0,0,0,0,1,0,0,0,0,0,-1,-1,1,0,-1,-1,0,1,0,0,0,0,0,0,0,0,0,0,0,0,0,1,1,0,0,0,0,0,0,0,0,0,0,0,0,0,0,0,0,0,0,0,0,0,0,0,0,0,0,0,0,0,0,0,0,0,0,0,0,0,0,0,0,0,0,0,1,0,1,1,0,0,0,0,0,0,0,0,0,0,0,0,1,0,1,0,0,0,0,0,0,-1,1,1,0,1,1,1,0,1,1,1,0,1,1,0,0,1,0,0,0,0,1,1,0,0,0,0,1,1,-1,-1,-1,-1,-1,-1,-1,-1,-1,0,0,0,0,1,1,-1,-1,-1,1,-1,-1,0,0,0,0,,,,0,0,,0,0,0,0,0,0,0,0,0,0,0,,0,-1,-1,1,1,-1,-1,-1,-1,1,0,0,1,1,1,1,1,0,0,1,1,1,1,0,0,0,0,1,0,0,1,0,1,1,1,1,1,1,0,0,-1,1,1,0,0,0,0,1,1,0,1,1,1,1,0,1,1,1,0,1,1,1,1,0,0,0,1,0,1,1,1,1,0,0,0,0,1,1,1,0,1,0,0,1,0,0,0,0,1,1,1,0,0,0,1,1,-1,0,0,0,0,1,0,0,0,0,0,0,0,0,0,0,0,0,1,-1,0,0,96,80,16,26.89,321,37,5
kinetix_energy_storage_2024,-1,-1,-1,-1,-1,0,0,0,-1,-1,-1,0,0,0,0,1,1,0,0,0,1,0,0,0,0,0,1,0,0,1,1,0,0,0,0,0,0,0,1,1,0,1,1,0,0,0,0,0,0,0,0,0,0,0,1,0,0,0,0,0,0,0,0,0,0,0,0,0,0,0,0,0,0,0,0,0,1,0,0,0,0,0,-1,-1,1,0,-1,-1,0,1,1,0,0,0,0,0,0,0,0,0,0,0,0,1,1,0,0,0,0,0,0,0,0,0,0,0,0,0,0,0,0,0,0,0,0,0,0,0,0,0,0,0,0,0,0,0,0,0,0,0,0,0,0,0,0,0,0,1,1,1,1,0,1,1,0,0,0,0,1,1,1,1,1,1,1,0,1,1,1,1,1,1,1,1,0,1,1,1,1,1,1,0,0,1,1,1,0,1,1,1,1,0,0,0,1,1,0,0,1,0,1,1,-1,-1,-1,-1,-1,-1,-1,-1,-1,0,0,0,0,1,1,-1,-1,-1,1,0,0,0,0,1,0,,,,0,0,,0,0,,0,0,0,0,0,0,0,0,,-1,1,1,1,1,-1,-1,-1,-1,1,0,0,0,0,0,0,1,1,0,1,1,1,1,0,0,0,0,1,0,0,0,0,0,0,1,0,1,0,0,0,1,1,1,0,0,0,0,1,0,0,1,1,1,1,0,,,,0,,,,,0,0,0,,0,0,0,0,0,0,0,0,0,,0,0,0,,0,0,0,0,0,0,0,,0,,0,0,0,,,,0,0,0,0,,0,0,0,0,0,0,0,0,0,0,,0,,0,0,0,82,75,7,22.97,310,29,24
aepnus_tech_inc_2024,-1,-1,-1,-1,-1,-1,-1,-1,,,,,,,,-1,-1,0,-1,-1,1,0,0,0,0,0,-1,1,1,1,1,0,0,0,0,0,0,0,-1,1,-1,1,1,0,0,-1,-1,-1,-1,0,0,1,0,0,1,0,0,0,0,0,-1,-1,0,1,1,1,1,0,0,0,-1,1,0,0,0,0,1,0,0,0,0,0,-1,-1,0,0,-1,-1,1,1,0,1,0,0,0,0,0,0,0,-1,-1,-1,-1,1,0,0,0,0,0,0,0,0,0,0,0,0,0,0,0,0,0,0,0,0,0,0,0,0,0,0,0,0,0,0,0,0,0,0,0,0,0,0,0,0,0,0,0,-1,0,0,0,0,0,0,0,-1,-1,0,0,0,0,0,-1,0,-1,0,0,-1,-1,0,-1,-1,0,1,-1,-1,1,-1,1,-1,0,1,-1,-1,1,-1,1,-1,-1,-1,-1,0,-1,-1,-1,1,0,0,0,,0,0,0,0,0,0,0,0,0,0,0,0,0,0,0,0,0,0,0,0,0,0,0,0,0,0,0,,,,0,0,0,0,0,0,0,0,0,0,0,0,0,0,0,0,0,0,0,0,0,0,0,0,1,1,1,1,1,1,1,1,1,1,1,1,1,1,-1,-1,-1,-1,1,-1,-1,-1,-1,1,1,1,1,1,1,0,0,1,1,1,1,1,0,0,1,-1,-1,1,1,1,1,-1,1,1,1,0,1,1,1,1,1,0,-1,1,-1,1,1,1,1,0,1,-1,-1,1,1,1,0,1,1,-1,-1,-1,1,1,-1,1,1,-1,0,-1,-1,-1,-1,-1,-1,-1,1,0,1,0,0,-1,0,-1,-1,-1,-1,0,0,0,1,1,0,0,0,85,70,15,23.81,267,85,11
scalvy_inc_2024,1,1,1,1,1,,1,1,-1,-1,-1,1,1,1,1,1,1,0,-1,-1,1,1,0,0,0,1,1,0,0,1,1,0,1,1,0,0,0,0,1,1,1,1,1,0,0,0,0,0,0,0,0,1,1,1,1,1,1,1,1,0,1,1,0,1,1,1,1,1,0,0,0,1,0,0,0,0,1,1,0,1,1,1,-1,-1,1,1,-1,-1,1,1,1,0,,1,1,1,,1,1,-1,-1,-1,-1,1,1,1,0,0,0,0,0,0,0,0,0,1,1,1,1,0,0,0,0,1,1,0,0,0,0,0,0,0,0,1,1,0,1,1,1,1,0,1,1,1,,1,0,1,0,1,1,0,0,1,0,1,1,0,0,1,0,0,1,1,1,1,1,1,1,1,1,1,0,1,1,1,1,1,0,1,0,1,1,1,1,1,0,0,0,0,1,0,0,0,0,0,0,0,0,0,1,1,-1,1,1,-1,1,1,1,1,1,0,0,-1,-1,1,1,,1,1,1,-1,-1,0,-1,1,-1,,,,0,0,,0,0,,1,0,0,-1,-1,-1,1,0,0,1,1,1,1,1,1,1,1,1,1,0,0,1,1,1,1,1,1,1,1,1,1,1,1,1,1,1,1,0,0,1,0,1,1,1,1,1,1,1,1,1,1,1,1,1,0,0,1,1,0,1,1,1,1,1,1,1,1,1,1,1,1,1,1,1,0,1,0,1,1,1,1,1,1,0,0,1,1,1,1,1,1,1,1,1,1,1,1,1,1,1,0,0,1,1,1,1,0,1,0,1,1,0,0,1,0,0,0,0,0,1,0,1,1,1,1,0,0,214,187,27,59.94,329,24,10
furno_materials_inc_2024,,,,,,,,,,,,,,,,1,1,0,1,1,1,1,1,1,1,1,1,1,1,1,1,1,1,1,0,0,0,0,1,1,1,1,1,0,0,0,0,0,1,0,1,1,1,1,1,1,1,1,1,0,1,1,0,1,1,1,1,1,0,0,1,1,1,0,0,1,1,1,0,0,1,1,1,1,1,0,1,1,0,1,1,0,-1,-1,-1,-1,0,0,0,-1,-1,-1,-1,1,1,1,0,0,0,0,0,0,1,1,0,1,1,1,1,0,0,0,0,1,1,0,0,0,0,0,0,0,0,1,1,0,0,1,1,0,0,1,1,1,0,0,1,,,,,,,,,,,,,,,,,,,,,,,,,,,,,,,,,,,,,,,,,,,,,,,,,,,,,,1,1,-1,-1,-1,-1,-1,1,1,1,1,1,1,1,1,1,1,-1,-1,-1,1,-1,-1,0,0,1,-1,,,,0,0,,0,0,0,1,0,0,0,0,0,1,0,0,0,-1,-1,1,1,-1,-1,-1,-1,1,0,0,1,1,1,1,1,1,1,1,1,1,1,1,1,0,0,1,0,0,1,0,1,1,1,1,1,1,0,0,1,1,1,1,1,0,1,1,1,0,1,1,1,1,1,1,1,1,1,1,1,1,1,1,1,1,1,0,1,1,1,1,0,1,0,1,1,1,1,1,1,1,1,1,,1,1,1,1,1,1,1,0,0,1,1,1,1,1,0,1,1,1,1,1,1,1,1,1,1,1,1,1,1,1,1,0,0,181,154,27,50.7,265,25,73
biozen_batteries_2024,1,1,1,1,1,-1,-1,-1,-1,-1,-1,-1,-1,-1,-1,1,1,0,-1,-1,1,0,0,0,1,1,1,0,0,1,1,0,0,0,0,0,0,0,1,1,0,1,1,0,0,1,1,1,1,0,0,1,1,0,1,0,0,0,0,0,1,0,0,0,0,1,1,1,0,0,0,1,0,0,0,0,1,1,0,1,1,0,-1,-1,0,0,-1,-1,0,1,1,0,-1,-1,-1,-1,0,0,0,-1,-1,-1,-1,1,0,1,0,0,0,0,0,0,0,0,0,0,0,0,0,0,0,0,0,1,1,0,0,0,0,0,0,1,0,1,1,0,1,1,1,1,0,1,1,1,1,1,0,1,0,0,0,0,0,0,0,1,1,1,1,0,0,0,1,1,1,1,0,1,1,1,1,1,0,1,1,0,1,1,0,0,1,1,0,0,0,1,1,0,0,0,0,0,1,0,0,0,0,0,1,,1,1,-1,-1,1,-1,-1,1,1,-1,-1,1,1,-1,-1,1,1,-1,-1,-1,1,-1,-1,0,-1,1,-1,,,,0,0,,0,0,0,0,0,,-1,-1,-1,1,0,0,0,-1,-1,1,1,-1,-1,-1,-1,1,1,1,1,1,1,1,1,1,1,1,1,1,1,1,1,1,1,1,0,0,0,0,1,1,1,1,1,1,0,0,1,1,1,1,1,0,0,1,1,0,1,1,1,1,1,1,1,1,1,1,1,1,1,1,1,0,1,0,1,1,1,1,1,1,1,1,1,1,1,1,1,1,1,1,1,1,1,1,1,1,1,1,1,1,1,1,1,1,1,1,1,1,1,1,1,1,1,1,1,1,1,1,0,0,1,1,0,0,183,153,30,51.26,309,48,6
electric_air_2024,1,1,1,1,1,-1,-1,-1,1,1,1,-1,-1,-1,-1,1,1,0,0,0,1,1,0,0,0,0,1,0,0,1,1,0,0,0,0,0,0,0,0,0,0,1,0,0,0,0,0,0,0,0,0,1,1,1,1,1,0,0,0,0,0,0,0,0,0,1,1,0,0,0,0,1,0,0,0,0,1,0,0,0,0,0,0,0,1,1,0,0,1,1,0,0,0,0,0,0,0,0,0,0,0,0,0,1,1,0,0,0,0,0,0,0,0,0,0,0,0,0,0,0,0,0,0,0,0,0,0,0,0,0,0,1,0,0,0,0,0,0,0,0,0,0,0,0,0,0,0,1,0,0,0,0,0,0,0,1,0,0,0,0,0,0,1,0,1,0,0,0,0,0,1,1,0,1,1,1,1,1,1,0,0,1,1,1,0,1,1,1,0,0,0,0,1,1,0,0,0,0,0,0,1,1,-1,-1,-1,-1,-1,0,0,0,0,0,0,0,0,1,1,-1,-1,-1,1,0,0,0,0,0,0,,,,0,0,0,0,0,0,1,1,1,0,0,0,0,0,0,-1,1,1,1,1,-1,-1,-1,-1,1,0,0,1,1,1,1,0,1,0,1,1,1,1,1,1,0,0,0,0,0,1,0,1,1,1,1,1,1,0,0,0,1,0,1,1,0,0,1,1,0,1,1,1,1,0,1,1,1,0,1,1,1,1,0,0,0,1,0,1,1,1,1,0,0,0,0,1,1,1,0,1,0,0,1,1,1,1,1,1,0,1,0,0,0,1,1,0,0,1,0,0,1,0,0,0,0,0,0,0,0,1,0,1,0,1,0,0,0,122,103,19,34.17,340,20,3
solarflux_energy_tech_inc_2024,1,1,1,1,1,-1,-1,-1,-1,-1,-1,-1,-1,-1,-1,1,1,1,1,1,1,0,1,1,0,1,1,1,1,1,1,1,0,0,0,0,0,0,1,1,1,1,0,0,0,0,0,0,0,0,0,1,1,1,1,1,0,0,0,0,1,1,0,0,0,1,1,0,0,0,0,1,0,0,0,0,1,0,0,1,1,1,1,1,1,0,-1,-1,1,1,1,0,,1,1,1,0,0,0,,1,1,1,1,1,1,0,0,0,0,0,0,0,0,0,0,0,0,0,0,0,0,0,1,1,0,0,0,0,0,0,0,0,1,1,0,0,1,1,0,0,1,1,1,0,0,0,1,0,0,0,1,1,1,0,0,0,1,0,1,0,0,0,1,1,1,0,0,0,0,0,0,1,1,0,1,1,1,1,1,0,1,0,1,1,1,1,0,1,1,0,0,0,0,1,1,0,0,1,,1,1,-1,-1,1,-1,1,-1,-1,-1,-1,1,1,-1,-1,1,1,-1,-1,-1,0,-1,-1,0,0,1,-1,,,,0,0,,0,0,0,0,0,0,0,0,0,1,0,0,0,-1,-1,1,1,1,-1,1,-1,1,0,0,1,1,1,0,1,1,1,1,1,1,1,0,0,0,0,1,0,0,1,0,1,1,1,1,1,1,1,1,0,1,1,1,1,0,0,1,1,0,1,1,1,1,1,1,1,1,0,0,1,1,1,0,0,0,1,0,0,1,1,1,0,0,0,0,1,0,0,0,1,0,0,0,0,0,0,0,1,0,0,0,0,0,1,1,0,0,0,0,1,1,0,0,1,0,0,0,0,0,0,0,1,0,1,0,0,0,154,136,18,43.14,325,31,7
hatchless_inc_2024,1,1,-1,-1,-1,0,0,0,-1,-1,-1,-1,-1,-1,-1,1,1,0,-1,-1,1,1,1,1,0,1,1,1,1,1,1,1,1,1,0,0,0,0,1,1,0,1,1,0,0,0,0,0,0,0,0,1,0,1,1,1,1,0,0,0,1,1,0,0,0,1,1,,0,0,0,1,1,0,0,0,1,0,0,0,1,0,-1,-1,0,0,0,0,1,1,1,1,,1,1,1,0,0,0,,1,1,1,1,1,1,0,0,0,0,0,0,1,1,0,1,1,1,1,0,0,0,0,1,1,0,0,0,0,0,,0,1,0,0,1,1,1,1,1,0,1,1,1,0,0,1,1,0,0,0,0,0,0,0,0,0,1,0,1,1,0,0,0,0,0,1,1,1,0,1,1,1,1,1,1,1,1,1,1,0,1,1,1,1,1,1,1,1,1,1,0,1,1,1,1,0,0,1,,1,1,-1,1,1,-1,1,1,1,1,1,1,1,1,1,1,1,-1,-1,-1,1,-1,-1,0,-1,1,-1,,,,0,0,,0,0,0,0,0,0,0,0,0,1,0,0,0,-1,-1,1,1,1,-1,-1,-1,1,0,0,0,0,0,1,1,1,1,1,1,1,1,1,1,1,1,1,0,0,1,0,1,1,1,1,0,0,1,1,0,1,1,1,1,0,0,1,1,1,1,1,1,1,1,1,1,1,1,0,1,1,1,1,1,0,1,0,0,1,1,1,1,1,0,0,1,1,1,1,1,1,1,1,1,1,1,1,1,1,1,1,1,0,1,1,0,1,0,0,1,1,1,1,1,1,1,1,1,1,1,1,1,1,1,0,0,0,201,175,26,56.3,326,28,9
c_crete_technologies_2024,-1,-1,1,1,1,0,0,0,-1,-1,-1,-1,-1,-1,-1,1,1,1,0,0,1,0,1,1,0,1,1,1,1,1,1,0,0,0,0,0,0,0,1,1,1,1,0,0,0,0,0,0,0,0,0,1,0,0,1,0,0,0,0,0,1,1,0,0,0,1,1,0,0,0,0,1,0,0,0,0,1,0,0,1,1,0,1,1,1,1,1,1,1,1,1,1,,1,1,1,,1,1,,1,1,1,1,1,1,0,0,0,0,0,0,0,0,0,0,0,0,0,0,0,0,0,1,1,0,0,0,0,0,0,1,0,1,1,0,0,1,1,0,0,1,1,1,0,0,0,1,0,0,1,0,0,1,0,1,1,0,0,0,0,1,1,1,1,1,0,1,1,0,1,1,0,0,0,0,1,1,0,0,0,0,0,0,1,1,0,0,0,0,0,0,1,1,0,0,0,0,0,,1,1,-1,-1,-1,-1,-1,1,1,1,1,1,1,-1,-1,1,1,-1,-1,-1,0,0,0,0,0,0,0,,,,0,0,0,0,0,0,0,0,0,0,0,0,1,1,1,0,1,1,1,1,-1,-1,-1,-1,1,0,0,1,1,1,1,1,1,0,1,1,1,1,0,0,0,0,1,0,0,1,0,1,1,1,1,1,1,1,1,0,1,1,1,1,0,0,1,1,1,1,1,1,1,1,1,1,1,0,1,1,1,1,1,1,0,1,0,1,1,1,1,0,0,0,0,1,1,1,0,1,1,0,0,0,1,1,1,1,1,1,1,1,1,1,1,0,0,0,0,1,1,1,1,1,0,0,0,0,1,1,0,1,1,1,0,0,0,170,149,21,47.62,333,23,7
ceja_engineering_llc_2024,-1,-1,0,0,0,0,0,0,,,,,,,,1,1,0,1,1,1,0,0,0,0,0,1,0,0,0,0,0,0,0,0,0,0,0,0,0,1,1,0,0,0,0,0,0,0,0,0,0,0,0,1,0,0,0,0,0,0,0,0,0,0,0,0,0,0,0,0,0,0,0,0,0,0,0,0,0,0,0,0,0,0,0,0,0,0,0,0,0,0,0,0,0,0,0,0,-1,-1,-1,-1,0,0,0,0,0,0,0,0,0,0,0,0,0,0,0,0,0,0,0,0,0,0,0,0,0,0,0,0,0,0,0,0,0,0,0,0,0,0,0,0,0,0,0,0,0,,1,0,0,1,0,0,0,0,0,0,0,1,0,0,0,1,0,0,0,0,0,0,0,1,0,0,1,1,1,1,0,0,1,0,1,1,1,1,0,1,1,1,0,1,1,1,1,0,0,0,0,-1,-1,-1,-1,-1,-1,-1,0,0,-1,-1,0,0,0,0,0,0,0,0,0,0,-1,-1,0,0,0,0,,,,0,0,0,0,0,0,0,0,0,0,0,0,0,0,,0,0,0,0,0,-1,-1,-1,-1,1,0,0,0,0,0,0,1,0,0,1,1,1,1,0,0,0,0,0,0,0,0,0,0,0,1,1,0,1,0,0,0,0,0,0,0,0,0,1,1,1,1,1,1,1,0,0,0,0,0,0,0,0,0,0,0,0,0,0,0,0,0,0,0,0,0,0,0,0,0,0,1,0,0,0,0,0,0,0,0,0,0,0,0,0,0,0,0,1,0,0,0,0,0,0,0,0,0,0,0,0,0,0,0,0,1,0,0,0,49,44,5,13.73,330,21,12
van_cor_threads_llc_2024,-1,-1,-1,-1,-1,,1,1,-1,-1,-1,0,0,0,0,1,1,0,0,0,1,0,0,0,0,0,0,0,0,0,0,0,0,0,0,0,0,0,1,-1,-1,1,-1,0,0,0,0,0,0,0,0,0,1,0,1,0,0,0,1,1,1,0,1,1,1,1,1,0,1,1,-1,1,1,-1,1,0,0,0,0,1,0,0,-1,-1,0,0,0,0,0,0,0,1,,1,1,1,0,0,0,0,0,0,0,1,0,0,0,0,0,0,0,0,0,0,0,0,0,0,0,0,0,0,0,0,0,0,0,0,0,0,0,0,0,0,0,0,0,0,0,0,0,0,0,0,0,0,0,1,0,0,0,1,1,0,0,1,0,1,-1,1,1,0,0,0,-1,0,0,0,0,-1,0,0,0,1,0,0,0,0,1,0,-1,0,0,0,0,0,1,0,0,0,0,0,0,0,0,0,0,0,0,-1,1,1,-1,-1,-1,-1,1,0,0,0,0,0,0,0,0,0,0,-1,-1,-1,1,0,0,0,0,0,0,,,,0,0,0,0,0,0,0,0,0,0,0,0,0,0,0,0,0,0,1,1,1,-1,-1,1,0,0,0,0,0,0,0,0,0,0,0,0,0,0,0,0,0,0,0,0,0,0,0,0,0,0,0,0,0,0,0,0,0,0,0,0,0,0,0,0,0,0,0,0,0,0,0,0,0,0,0,0,0,0,0,0,0,0,0,0,0,0,0,0,0,0,0,0,0,0,0,0,0,0,0,0,0,0,0,0,0,0,0,0,0,0,0,0,0,0,0,0,0,0,0,0,0,0,0,0,0,0,0,0,0,0,0,0,0,46,43,3,12.89,329,29,5
next_marine_solutions_inc_2024,1,1,-1,-1,-1,,1,1,1,1,1,1,1,1,1,1,1,1,1,1,1,1,1,1,0,1,1,1,1,1,1,0,0,0,0,0,0,0,1,1,0,1,1,0,0,1,1,1,1,0,0,1,0,0,1,0,0,0,0,0,1,0,0,1,1,1,1,0,0,0,1,1,1,0,0,0,1,0,1,1,1,0,-1,-1,0,0,-1,-1,0,1,0,1,,1,1,1,0,0,0,-1,-1,-1,-1,1,1,1,1,1,1,1,1,0,1,1,1,0,0,0,0,0,0,0,0,1,1,0,0,0,0,0,0,0,0,1,1,1,1,1,1,1,0,1,1,1,0,1,1,1,1,1,0,1,1,1,0,1,0,1,1,1,1,1,0,0,1,1,1,1,0,1,0,0,1,1,0,1,1,1,1,1,1,1,1,0,0,0,0,0,0,0,0,1,0,0,0,0,1,1,1,0,1,1,-1,-1,1,-1,1,-1,-1,-1,-1,1,1,1,1,0,0,-1,-1,-1,0,0,0,0,0,0,0,,,,0,0,0,0,0,0,0,0,0,0,0,0,0,0,0,0,1,1,1,1,1,-1,-1,1,1,1,1,1,1,1,1,1,1,1,1,1,1,1,1,1,1,1,1,1,1,1,0,1,1,1,1,1,1,0,0,1,1,1,1,1,1,0,1,1,1,1,1,1,1,1,1,1,1,1,1,1,,1,1,1,1,1,0,1,1,1,1,1,1,1,1,1,1,0,1,1,1,0,0,1,1,0,1,1,0,1,1,1,0,1,1,0,0,1,1,1,1,0,0,1,0,0,0,0,1,0,0,1,0,1,1,0,0,207,183,24,57.98,334,23,6
grain_ecosystem_inc_2024,1,1,1,1,1,-1,-1,-1,1,1,1,1,1,1,1,1,1,0,-1,-1,1,0,1,1,0,1,1,0,0,1,1,0,0,0,0,0,0,0,1,1,0,1,1,0,0,1,1,1,1,0,1,1,0,1,1,0,0,0,0,0,1,1,0,1,1,1,1,1,1,1,0,1,1,0,0,1,1,1,1,0,0,0,-1,-1,1,0,1,1,1,1,0,1,-1,-1,-1,-1,0,0,0,,1,1,1,1,1,1,1,1,1,1,1,0,1,1,1,0,0,0,0,0,0,0,0,1,1,0,0,0,0,0,0,1,0,1,1,0,1,1,1,1,0,1,1,1,0,1,1,1,0,1,0,1,1,1,0,1,0,1,0,0,0,0,0,0,1,1,0,0,0,0,0,0,1,1,0,1,0,0,0,0,0,0,0,0,0,0,0,0,0,0,0,0,0,0,0,0,1,0,1,0,1,1,-1,-1,1,-1,1,-1,-1,-1,-1,-1,-1,0,0,0,0,-1,-1,-1,0,0,0,0,0,0,0,,,,0,0,0,0,0,0,0,0,0,0,0,0,0,0,0,0,-1,-1,1,1,1,-1,-1,-1,1,1,1,1,1,1,1,1,1,1,1,1,1,1,1,1,1,1,1,0,0,1,0,1,1,1,1,1,1,1,1,1,1,1,1,1,1,0,1,1,1,1,1,1,1,1,1,1,1,1,1,1,,1,1,1,1,1,0,1,1,1,1,1,1,1,1,1,1,1,1,1,1,1,1,1,1,0,1,1,1,1,1,1,1,1,1,1,0,1,1,1,1,0,0,1,0,0,0,0,1,1,0,1,0,1,1,,0,194,165,29,54.34,329,28,6
aquadynamics_2024,-1,-1,-1,-1,-1,0,0,0,-1,-1,-1,-1,-1,-1,-1,1,1,1,-1,-1,-1,0,-1,-1,0,1,1,1,1,-1,-1,0,0,0,0,0,0,0,-1,0,0,-1,0,0,0,0,0,0,0,0,0,-1,0,0,-1,-1,0,0,0,0,0,0,0,-1,-1,1,1,-1,0,0,-1,1,1,0,0,0,1,1,-1,0,0,0,0,0,0,0,-1,-1,0,0,0,-1,0,0,0,0,0,0,0,-1,-1,-1,-1,1,0,-1,0,0,0,0,0,-1,0,0,0,0,0,0,0,0,0,0,0,-1,-1,0,0,0,0,0,0,0,0,-1,-1,0,-1,-1,-1,-1,-1,-1,-1,-1,-1,-1,-1,-1,0,0,0,1,-1,0,0,1,0,1,0,0,-1,0,0,-1,1,1,0,0,0,0,0,0,1,1,0,1,0,-1,-1,0,0,0,0,0,0,0,0,0,-1,-1,0,0,0,0,0,0,0,0,1,0,-1,-1,-1,-1,-1,-1,-1,0,0,-1,-1,0,0,0,0,0,0,-1,-1,-1,0,0,0,0,0,0,0,,,,0,0,0,0,0,0,0,0,0,0,0,0,0,0,0,0,-1,-1,-1,-1,-1,-1,-1,-1,1,1,1,1,1,1,1,1,-1,0,1,1,1,1,-1,-1,0,0,1,0,0,-1,0,1,1,1,-1,1,0,1,1,1,1,1,1,1,0,0,1,1,1,1,1,1,1,0,1,1,1,1,1,1,1,1,-1,-1,-1,1,-1,1,1,1,1,1,1,1,-1,-1,1,0,1,1,1,0,0,1,-1,0,1,-1,0,1,-1,1,-1,1,1,0,0,1,-1,0,1,0,0,0,0,0,0,0,-1,0,0,0,0,1,-1,0,0,83,67,16,23.25,261,99,3
panelcleantech_2024,-1,-1,-1,-1,-1,-1,-1,-1,-1,-1,-1,1,1,1,1,1,1,1,-1,-1,-1,0,1,1,0,1,1,1,1,-1,-1,0,0,0,0,0,0,0,-1,-1,0,-1,-1,0,0,-1,-1,-1,-1,0,-1,-1,-1,-1,-1,-1,-1,-1,-1,-1,-1,-1,0,-1,-1,-1,-1,1,1,1,1,1,1,0,0,0,1,1,1,0,1,0,-1,-1,1,0,1,1,1,1,0,1,,1,1,1,,1,1,-1,-1,-1,-1,1,1,1,1,1,1,1,0,0,1,1,0,0,0,0,0,0,0,0,0,1,1,0,0,0,0,0,0,1,0,-1,-1,-1,-1,1,1,-1,-1,1,1,1,0,-1,1,-1,0,0,0,-1,-1,0,0,1,0,1,0,1,1,0,0,1,1,1,0,0,0,-1,0,0,1,1,0,0,0,0,-1,-1,0,0,0,0,0,0,-1,0,-1,-1,0,0,0,0,0,0,0,0,1,-1,-1,-1,-1,-1,-1,-1,-1,0,0,-1,-1,0,0,0,0,-1,-1,-1,-1,-1,0,-1,-1,0,0,0,0,,,,0,0,0,0,0,0,0,0,0,-1,-1,-1,0,0,0,0,-1,-1,-1,-1,-1,-1,-1,-1,1,-1,-1,1,1,1,1,1,1,1,1,1,1,1,-1,-1,-1,-1,1,1,1,-1,0,1,1,1,-1,-1,-1,1,1,-1,1,1,1,1,1,0,1,1,-1,1,1,1,-1,-1,1,1,1,1,1,1,1,1,1,-1,-1,1,-1,-1,1,1,1,1,1,1,1,1,1,1,1,1,1,-1,1,1,1,1,1,1,-1,1,-1,1,1,1,1,0,0,1,0,-1,1,0,0,1,0,0,0,0,1,1,-1,-1,0,-1,1,0,0,132,115,17,36.97,243,115,5
kwh_bot_2024,-1,-1,-1,-1,-1,,,,1,1,1,1,1,1,1,1,1,1,-1,-1,1,0,-1,-1,-1,1,1,1,1,0,0,0,0,0,0,0,0,0,0,0,0,0,0,0,0,0,0,0,0,0,0,0,0,0,0,0,0,0,0,0,0,0,0,0,0,1,1,1,1,1,0,1,1,0,1,0,1,1,-1,0,1,-1,-1,-1,1,-1,-1,-1,-1,1,0,1,0,0,0,0,0,0,0,-1,-1,-1,-1,1,1,1,0,0,0,0,0,-1,0,0,0,-1,-1,-1,-1,0,0,0,0,1,1,0,0,-1,0,0,0,0,0,-1,-1,0,1,1,1,1,-1,1,1,1,0,1,1,0,0,1,0,0,0,0,0,1,0,0,0,0,0,0,0,1,1,1,0,0,0,0,0,0,1,1,0,0,1,1,1,1,0,0,0,0,0,1,0,0,1,1,0,0,0,0,0,0,0,0,0,1,-1,-1,-1,-1,-1,-1,-1,0,0,0,0,0,0,0,0,0,0,0,0,0,0,0,0,1,0,0,0,,,,0,0,0,0,0,0,0,0,0,0,0,0,0,0,0,0,0,0,0,0,-1,-1,-1,-1,1,1,1,1,1,1,1,1,1,-1,1,1,1,1,-1,-1,0,0,1,0,0,0,0,1,1,1,1,0,1,1,1,-1,1,1,1,1,0,0,1,1,1,1,1,1,1,0,1,1,1,0,1,1,1,1,1,1,1,1,1,0,-1,-1,-1,0,1,1,0,1,1,1,0,1,1,0,0,0,1,0,1,1,1,1,0,0,0,-1,1,0,0,0,0,0,1,0,0,1,-1,0,0,0,1,0,0,1,0,-1,0,0,0,120,105,15,33.61,305,52,6
gs_vortex_systems_2024,-1,-1,1,1,1,0,0,0,-1,-1,-1,1,1,1,1,1,1,0,-1,-1,0,0,-1,-1,0,1,-1,1,1,-1,-1,0,0,-1,0,0,0,0,-1,-1,-1,-1,0,0,0,-1,-1,-1,-1,-1,0,-1,0,0,-1,0,0,0,0,0,0,0,0,0,0,1,1,1,0,0,0,-1,1,0,0,0,1,0,0,0,1,0,1,1,1,1,-1,-1,1,1,1,-1,,1,1,1,,1,1,0,0,0,0,1,1,1,0,0,0,0,-1,0,-1,-1,0,0,0,0,0,0,-1,0,0,1,1,0,0,-1,-1,0,0,1,0,-1,-1,0,-1,1,1,1,-1,1,1,1,-1,1,1,0,0,0,0,0,0,0,0,-1,0,1,0,1,-1,0,0,0,1,1,0,0,0,0,0,0,-1,-1,0,0,0,0,-1,0,0,0,0,0,0,0,0,0,-1,-1,0,0,0,0,0,-1,0,0,0,,-1,-1,-1,-1,-1,-1,-1,0,0,-1,-1,0,0,0,0,-1,-1,0,0,0,-1,-1,-1,-1,0,0,0,,,,0,0,0,0,0,0,0,0,0,0,0,0,0,0,0,0,0,0,0,0,-1,-1,-1,-1,1,0,0,1,1,1,0,-1,0,0,-1,-1,-1,1,0,0,0,0,1,0,0,0,0,1,1,1,1,-1,0,1,1,1,1,-1,1,1,0,0,1,1,-1,1,1,1,1,1,1,1,1,1,1,1,1,1,1,1,0,1,1,1,0,0,0,0,-1,-1,0,1,1,-1,1,1,1,0,1,0,-1,0,0,0,0,1,-1,-1,0,1,-1,1,-1,1,-1,0,-1,0,0,-1,0,0,0,0,0,0,0,0,0,0,1,1,0,96,83,13,26.89,273,84,6
breatheev_2024,-1,-1,-1,-1,-1,0,0,0,-1,-1,-1,-1,-1,-1,-1,1,1,1,1,1,1,0,-1,-1,0,1,1,1,1,0,0,0,0,0,0,0,0,0,0,0,0,0,0,0,0,0,0,0,0,0,0,0,0,0,0,0,0,0,0,0,0,0,0,0,0,0,0,1,0,0,0,1,0,0,0,0,1,0,0,0,1,-1,-1,-1,1,1,1,1,1,1,0,1,-1,-1,-1,-1,0,0,0,,1,1,1,1,1,1,0,0,0,0,0,0,0,0,0,1,1,1,1,0,0,0,0,1,1,0,0,0,0,0,0,-1,0,-1,-1,0,0,1,1,0,-1,1,1,1,0,0,0,0,0,1,0,0,0,0,0,1,0,1,0,1,1,0,0,0,1,1,1,0,0,0,0,0,1,1,0,1,1,1,1,1,0,1,0,0,0,0,0,0,0,1,0,0,0,0,0,1,0,0,0,0,-1,-1,-1,-1,-1,-1,-1,0,0,0,0,0,0,0,0,0,0,0,0,0,0,0,0,0,0,0,0,,,,0,0,0,0,0,0,0,0,0,0,0,0,0,0,0,0,0,0,0,0,-1,-1,-1,-1,1,1,1,1,1,1,1,1,1,1,1,1,1,1,-1,-1,0,0,1,0,0,1,0,1,1,1,1,1,1,1,1,-1,1,1,1,1,0,1,1,1,1,1,1,1,1,1,1,1,1,1,1,1,1,1,1,1,1,1,1,1,1,1,1,1,1,1,0,1,1,1,1,1,1,0,1,1,1,-1,1,-1,-1,1,1,0,-1,1,1,-1,0,1,0,1,1,0,0,1,0,0,0,0,-1,0,0,,0,-1,1,-1,-1,132,113,19,36.97,310,48,5
aionergy_2024,-1,-1,,,,,,,,,,-1,-1,-1,-1,1,1,0,0,0,1,1,0,0,0,1,1,0,0,1,1,0,1,1,0,0,0,0,1,1,1,1,1,0,0,0,0,0,0,0,0,1,1,0,1,0,0,0,0,0,0,0,0,0,0,1,1,1,1,1,1,1,0,0,0,1,1,1,0,0,0,0,-1,-1,0,0,1,1,0,1,0,0,0,0,0,0,0,0,0,0,0,0,0,1,0,0,0,0,0,0,0,0,0,0,0,0,0,0,0,0,0,0,0,0,0,0,0,0,0,0,0,0,0,1,1,1,1,0,0,0,0,0,0,0,0,0,0,1,0,1,0,0,0,0,0,0,0,1,0,0,0,0,0,1,1,0,1,0,0,0,1,1,1,0,0,1,1,1,1,1,0,1,0,1,1,1,0,0,1,1,0,0,0,0,0,1,0,0,1,,1,1,-1,-1,-1,-1,-1,0,0,0,0,0,0,0,0,0,0,-1,-1,-1,0,0,0,0,0,0,-1,,,,0,0,0,0,0,0,0,0,0,0,0,0,0,0,0,0,-1,-1,1,1,-1,-1,-1,-1,1,1,1,1,1,1,1,1,1,1,1,1,1,1,1,1,1,1,0,1,1,1,0,1,1,1,1,1,1,0,0,0,1,0,1,1,1,0,1,1,1,1,1,1,1,1,1,1,1,0,1,0,1,1,1,1,0,1,0,1,1,1,1,0,0,0,0,1,1,1,0,1,0,1,1,1,1,1,1,1,1,0,1,0,1,1,1,1,1,1,0,0,1,0,0,1,1,0,0,0,1,1,0,1,1,1,0,0,1,142,118,24,39.78,327,23,13
iprotech_2024,-1,-1,-1,-1,-1,0,0,0,,,,,,,,1,1,0,0,0,1,0,0,0,0,0,0,0,0,1,1,0,0,0,0,0,0,0,1,0,0,1,0,0,0,0,0,0,0,0,0,1,0,0,1,1,0,0,0,0,0,0,0,0,0,1,1,0,0,0,1,0,1,0,0,0,0,0,0,0,1,1,1,1,0,0,0,0,0,1,1,0,,1,1,1,,1,1,-1,-1,-1,-1,1,0,,,,,,,,,,,,,,,,,,,,,,,,,,,,,,,,,,,,,,,,,,,,,,,,,,,,,,,,,,,,,,,,,,,,,,,,,,,,,,,,,,,,,,,,,,,,,,,,,,,,,,,,,,,,,,,,,,,,,,,,,,,,,,,,,,,,,,,,,,,,,,,,,,,,,,,,,,,,,,,,,,,,,,,,,,,,,,,,,,,,,,,,,,,,,,,,,,,,,,,,,,,,,,,,,,,,,,,,,,,,,,,,,,,,,,,,,,,,,,,,,,,,,,,,,,,,,,,,,,,26,24,2,7.28,87,9,267
blueurbn_2024,,,,,,,,,,,,,,,,,,,,,,,,,,,,,,,,,,,,,,,,,,,,,,,,,,,,,,,,,,,,,,,,,,,,,,,,,,,,,,,,,,,,,,,,,,,,,,,,,,,,,,,,,,,,,,,,,,,,,,,,,,,,,,,,,,,,,,,,,,,,,,,,,,,,,,,,,,,,,,,,,,,,,,,,,,,,,,,,,,,,,,,,,,,,,,,,,,,,,,,,,,,,,,,,,,,,,,,,,,,,,,,,,,,,,,,,,,,,,,,,,,,,,,,,,,,,,,,,,,,,,,,,,,,,,,,,,,,,,,,,,,,,,,,,,,,,,,,,,,,,,,,,,,,,,,,,,,,,,,,,,,,,,,,,,,,,,,,,,,,,,,,,,,,,,,,,,,,,,,,,,,,,0,0,0,0.0,0,0,363
energy_ai_solutions_llc_2024,,,,,,,,,,,,,,,,,,,,,,,,,,,,,,,,,,,,,,,,,,,,,,,,,,,,,,,,,,,,,,,,,,,,,,,,,,,,,,,,,,,,,,,,,,,,,,,,,,,,,,,,,,,,,,,,,,,,,,,,,,,,,,,,,,,,,,,,,,,,,,,,,,,,,,,,,,,,,,,,,,,,,,,,,,,,,,,,,,,,,,,,,,,,,,,,,,,,,,,,,,,,,,,,,,,,,,,,,,,,,,,,,,,,,,,,,,,,,,,,,,,,,,,,,,,,,,,,,,,,,,,,,,,,,,,,,,,,,,,,,,,,,,,,,,,,,,,,,,,,,,,,,,,,,,,,,,,,,,,,,,,,,,,,,,,,,,,,,,,,,,,,,,,,,,,,,,,,,,,,,,,,0,0,0,0.0,0,0,363
chargemate_ai_inc_2024,,,,,,,,,,,,,,,,,,,,,,,,,,,,,,,,,,,,,,,,,,,,,,,,,,,,,,,,,,,,,,,,,,,,,,,,,,,,,,,,,,,,,,,,,,,,,,,,,,,,,,,,,,,,,,,,,,,,,,,,,,,,,,,,,,,,,,,,,,,,,,,,,,,,,,,,,,,,,,,,,,,,,,,,,,,,,,,,,,,,,,,,,,,,,,,,,,,,,,,,,,,,,,,,,,,,,,,,,,,,,,,,,,,,,,,,,,,,,,,,,,,,,,,,,,,,,,,,,,,,,,,,,,,,,,,,,,,,,,,,,,,,,,,,,,,,,,,,,,,,,,,,,,,,,,,,,,,,,,,,,,,,,,,,,,,,,,,,,,,,,,,,,,,,,,,,,,,,,,,,,,,,0,0,0,0.0,0,0,363
arculus_solutions_inc_2024,,,,,,,,,,,,,,,,,,,,,,,,,,,,,,,,,,,,,,,,,,,,,,,,,,,,,,,,,,,,,,,,,,,,,,,,,,,,,,,,,,,,,,,,,,,,,,,,,,,,,,,,,,,,,,,,,,,,,,,,,,,,,,,,,,,,,,,,,,,,,,,,,,,,,,,,,,,,,,,,,,,,,,,,,,,,,,,,,,,,,,,,,,,,,,,,,,,,,,,,,,,,,,,,,,,,,,,,,,,,,,,,,,,,,,,,,,,,,,,,,,,,,,,,,,,,,,,,,,,,,,,,,,,,,,,,,,,,,,,,,,,,,,,,,,,,,,,,,,,,,,,,,,,,,,,,,,,,,,,,,,,,,,,,,,,,,,,,,,,,,,,,,,,,,,,,,,,,,,,,,,,,0,0,0,0.0,0,0,363
eqo_2024,,,,,,,,,,,,,,,,,,,,,,,,,,,,,,,,,,,,,,,,,,,,,,,,,,,,,,,,,,,,,,,,,,,,,,,,,,,,,,,,,,,,,,,,,,,,,,,,,,,,,,,,,,,,,,,,,,,,,,,,,,,,,,,,,,,,,,,,,,,,,,,,,,,,,,,,,,,,,,,,,,,,,,,,,,,,,,,,,,,,,,,,,,,,,,,,,,,,,,,,,,,,,,,,,,,,,,,,,,,,,,,,,,,,,,,,,,,,,,,,,,,,,,,,,,,,,,,,,,,,,,,,,,,,,,,,,,,,,,,,,,,,,,,,,,,,,,,,,,,,,,,,,,,,,,,,,,,,,,,,,,,,,,,,,,,,,,,,,,,,,,,,,,,,,,,,,,,,,,,,,,,,0,0,0,0.0,0,0,363
finev_inc_2024,,,,,,,,,,,,,,,,,,,,,,,,,,,,,,,,,,,,,,,,,,,,,,,,,,,,,,,,,,,,,,,,,,,,,,,,,,,,,,,,,,,,,,,,,,,,,,,,,,,,,,,,,,,,,,,,,,,,,,,,,,,,,,,,,,,,,,,,,,,,,,,,,,,,,,,,,,,,,,,,,,,,,,,,,,,,,,,,,,,,,,,,,,,,,,,,,,,,,,,,,,,,,,,,,,,,,,,,,,,,,,,,,,,,,,,,,,,,,,,,,,,,,,,,,,,,,,,,,,,,,,,,,,,,,,,,,,,,,,,,,,,,,,,,,,,,,,,,,,,,,,,,,,,,,,,,,,,,,,,,,,,,,,,,,,,,,,,,,,,,,,,,,,,,,,,,,,,,,,,,,,,,0,0,0,0.0,0,0,363
virge_corp_2024,,,,,,,,,,,,,,,,,,,,,,,,,,,,,,,,,,,,,,,,,,,,,,,,,,,,,,,,,,,,,,,,,,,,,,,,,,,,,,,,,,,,,,,,,,,,,,,,,,,,,,,,,,,,,,,,,,,,,,,,,,,,,,,,,,,,,,,,,,,,,,,,,,,,,,,,,,,,,,,,,,,,,,,,,,,,,,,,,,,,,,,,,,,,,,,,,,,,,,,,,,,,,,,,,,,,,,,,,,,,,,,,,,,,,,,,,,,,,,,,,,,,,,,,,,,,,,,,,,,,,,,,,,,,,,,,,,,,,,,,,,,,,,,,,,,,,,,,,,,,,,,,,,,,,,,,,,,,,,,,,,,,,,,,,,,,,,,,,,,,,,,,,,,,,,,,,,,,,,,,,,,,0,0,0,0.0,0,0,363
enchargo_inc_2024,,,,,,,,,,,,,,,,,,,,,,,,,,,,,,,,,,,,,,,,,,,,,,,,,,,,,,,,,,,,,,,,,,,,,,,,,,,,,,,,,,,,,,,,,,,,,,,,,,,,,,,,,,,,,,,,,,,,,,,,,,,,,,,,,,,,,,,,,,,,,,,,,,,,,,,,,,,,,,,,,,,,,,,,,,,,,,,,,,,,,,,,,,,,,,,,,,,,,,,,,,,,,,,,,,,,,,,,,,,,,,,,,,,,,,,,,,,,,,,,,,,,,,,,,,,,,,,,,,,,,,,,,,,,,,,,,,,,,,,,,,,,,,,,,,,,,,,,,,,,,,,,,,,,,,,,,,,,,,,,,,,,,,,,,,,,,,,,,,,,,,,,,,,,,,,,,,,,,,,,,,,,0,0,0,0.0,0,0,363
ap_renewables_2024,,,,,,,,,,,,,,,,,,,,,,,,,,,,,,,,,,,,,,,,,,,,,,,,,,,,,,,,,,,,,,,,,,,,,,,,,,,,,,,,,,,,,,,,,,,,,,,,,,,,,,,,,,,,,,,,,,,,,,,,,,,,,,,,,,,,,,,,,,,,,,,,,,,,,,,,,,,,,,,,,,,,,,,,,,,,,,,,,,,,,,,,,,,,,,,,,,,,,,,,,,,,,,,,,,,,,,,,,,,,,,,,,,,,,,,,,,,,,,,,,,,,,,,,,,,,,,,,,,,,,,,,,,,,,,,,,,,,,,,,,,,,,,,,,,,,,,,,,,,,,,,,,,,,,,,,,,,,,,,,,,,,,,,,,,,,,,,,,,,,,,,,,,,,,,,,,,,,,,,,,,,,0,0,0,0.0,0,0,363
net_offset_2024,,,,,,,,,,,,,,,,,,,,,,,,,,,,,,,,,,,,,,,,,,,,,,,,,,,,,,,,,,,,,,,,,,,,,,,,,,,,,,,,,,,,,,,,,,,,,,,,,,,,,,,,,,,,,,,,,,,,,,,,,,,,,,,,,,,,,,,,,,,,,,,,,,,,,,,,,,,,,,,,,,,,,,,,,,,,,,,,,,,,,,,,,,,,,,,,,,,,,,,,,,,,,,,,,,,,,,,,,,,,,,,,,,,,,,,,,,,,,,,,,,,,,,,,,,,,,,,,,,,,,,,,,,,,,,,,,,,,,,,,,,,,,,,,,,,,,,,,,,,,,,,,,,,,,,,,,,,,,,,,,,,,,,,,,,,,,,,,,,,,,,,,,,,,,,,,,,,,,,,,,,,,0,0,0,0.0,0,0,363
sylvan_systems_2024,,,,,,,,,,,,,,,,,,,,,,,,,,,,,,,,,,,,,,,,,,,,,,,,,,,,,,,,,,,,,,,,,,,,,,,,,,,,,,,,,,,,,,,,,,,,,,,,,,,,,,,,,,,,,,,,,,,,,,,,,,,,,,,,,,,,,,,,,,,,,,,,,,,,,,,,,,,,,,,,,,,,,,,,,,,,,,,,,,,,,,,,,,,,,,,,,,,,,,,,,,,,,,,,,,,,,,,,,,,,,,,,,,,,,,,,,,,,,,,,,,,,,,,,,,,,,,,,,,,,,,,,,,,,,,,,,,,,,,,,,,,,,,,,,,,,,,,,,,,,,,,,,,,,,,,,,,,,,,,,,,,,,,,,,,,,,,,,,,,,,,,,,,,,,,,,,,,,,,,,,,,,0,0,0,0.0,0,0,363
changewater_labs_inc_2024,-1,-1,1,1,1,,1,1,,,,,,,,1,1,,-1,-1,1,1,0,0,1,1,1,,,1,1,1,1,1,0,0,1,0,0,0,1,1,1,1,1,1,1,1,1,0,0,1,1,1,1,1,1,1,1,1,1,1,1,1,1,1,1,1,1,1,1,1,1,0,0,0,1,1,1,0,1,1,1,1,1,1,0,0,1,1,1,0,-1,-1,-1,-1,0,0,0,-1,-1,-1,-1,1,1,1,0,0,0,0,0,0,0,0,0,1,1,1,1,0,0,0,0,1,1,0,0,0,0,0,0,1,0,1,1,0,1,1,1,1,0,1,1,1,0,1,0,1,,1,0,0,0,0,0,0,0,1,0,1,1,0,0,1,1,1,0,0,0,0,0,0,1,0,0,1,1,1,1,1,0,1,1,0,1,1,1,0,1,1,1,0,0,0,1,1,0,1,,-1,1,1,-1,1,1,1,1,-1,-1,1,1,0,0,0,0,0,0,,1,1,0,-1,-1,0,0,0,0,,,,0,0,,0,0,0,0,0,0,,1,1,0,0,,-1,1,1,1,1,-1,-1,-1,1,,,,,,,,,,,,,,,,,,,,,,,,,,,,,,,,,,,,,,,,,,,,,,,,,,,,,,,,,,,,,,,,,,,,,,,,,,,,,,,,,,,,,,,,,,,,,,,,,,,,,,,,,,,,,,123,112,11,34.45,212,22,129
globewater_solar_tech_llc_2024,-1,-1,1,1,1,0,0,0,1,1,1,1,1,1,1,1,1,-1,1,1,-1,0,-1,-1,-1,-1,-1,1,1,-1,-1,0,0,,0,0,0,0,0,0,0,-1,0,0,0,0,-1,-1,-1,0,0,-1,0,-1,-1,-1,-1,0,0,0,-1,0,0,0,0,1,1,1,1,1,,1,1,0,0,0,0,1,0,0,1,1,,,0,0,0,0,0,1,1,1,0,0,0,0,0,0,0,0,0,0,0,1,0,1,0,0,0,0,,0,0,0,0,0,0,0,0,0,0,0,0,1,1,0,0,0,0,0,0,0,0,1,1,0,1,0,0,1,0,1,1,1,0,1,0,0,,0,,0,0,0,0,0,0,0,0,0,0,0,0,0,0,0,0,0,0,0,0,0,0,0,0,0,0,0,0,0,0,0,0,0,0,0,0,0,0,0,0,0,0,0,0,0,0,0,,,-1,-1,-1,-1,,-1,-1,0,0,0,0,0,0,0,0,0,0,0,0,0,0,0,0,0,0,0,0,,,,,,,,,,,,,0,0,0,,,,,0,0,0,0,-1,-1,-1,-1,1,0,0,1,1,1,,1,0,0,1,1,1,1,0,0,0,0,1,0,0,0,0,1,1,1,1,1,1,1,1,1,1,1,1,1,0,0,1,1,0,1,1,1,0,0,1,0,0,,0,0,0,1,0,0,0,1,0,0,0,0,0,0,0,0,0,0,0,0,0,0,0,1,0,0,0,0,0,1,0,1,0,0,0,0,0,0,1,0,0,1,0,0,0,0,0,0,0,0,0,1,0,0,0,1,0,0,0,79,75,4,22.13,304,31,28
fibercrete_2024,-1,-1,-1,-1,-1,0,0,0,-1,-1,-1,1,1,1,1,1,1,0,1,1,1,0,1,1,0,1,1,1,1,0,0,0,0,0,0,0,0,0,0,0,0,0,0,0,0,0,0,0,0,0,0,0,0,0,0,0,0,0,0,0,0,0,0,0,0,0,0,1,0,0,,0,0,0,0,0,1,0,0,0,1,0,-1,-1,0,0,-1,-1,0,1,0,0,0,0,0,0,0,0,0,-1,-1,-1,-1,1,0,1,0,0,0,0,0,0,0,0,0,0,0,0,0,0,0,0,0,1,1,0,0,0,0,0,0,0,0,1,1,1,0,1,1,0,0,1,1,1,0,0,0,0,0,0,0,0,0,0,0,0,0,0,0,0,0,0,0,0,0,0,0,0,0,0,0,0,0,0,0,0,0,0,0,0,0,0,0,0,0,0,0,0,0,0,0,0,0,0,0,0,0,0,0,,-1,-1,-1,-1,-1,-1,-1,0,0,0,0,0,0,0,0,0,0,0,0,0,0,0,0,0,0,0,0,,,,,,,,,,,,,0,0,0,,,,,0,0,0,0,-1,-1,-1,-1,1,1,1,1,1,1,0,1,1,1,0,0,0,1,0,0,0,0,1,0,0,1,0,1,1,1,1,1,1,0,0,1,1,1,1,1,0,0,1,1,0,1,1,1,1,0,1,1,1,1,1,1,1,1,1,1,0,1,0,0,1,1,1,1,1,0,0,1,1,1,1,1,0,0,1,1,1,1,0,1,0,0,0,0,0,1,1,0,0,0,0,0,1,0,0,0,0,0,0,0,1,0,0,1,0,1,1,0,0,93,79,14,26.05,318,27,18
betterkitchen_2024,1,1,1,1,1,0,0,0,1,1,1,1,1,1,1,1,1,0,1,1,1,0,1,1,0,1,1,1,1,1,1,1,1,0,0,0,0,0,1,1,1,1,1,1,0,1,1,1,1,0,1,1,0,0,1,0,0,1,0,0,1,1,0,0,0,1,1,1,0,0,0,0,0,0,0,0,0,0,0,0,0,0,-1,-1,1,0,1,1,0,1,0,1,0,0,0,0,0,0,0,-1,-1,-1,-1,1,0,1,0,0,0,0,0,0,0,0,0,0,0,0,0,0,0,0,0,1,1,0,0,0,0,0,0,0,0,1,1,0,1,1,1,1,0,1,1,1,0,1,0,0,1,1,0,0,0,0,0,0,0,0,0,0,0,0,0,0,0,0,0,0,0,0,0,0,0,0,0,0,0,0,0,0,0,0,0,0,0,0,0,0,0,0,0,0,0,0,0,0,0,0,1,0,-1,-1,-1,-1,-1,-1,-1,0,0,0,0,0,0,0,0,0,0,0,0,0,0,0,0,0,0,0,0,,,,,,,,,,,,,0,0,0,,,,,0,0,0,0,-1,-1,-1,-1,1,1,1,1,1,1,0,1,0,0,1,1,1,1,1,1,1,1,1,0,0,0,0,0,0,0,1,1,1,1,1,1,1,1,1,1,0,0,1,1,1,1,1,1,0,0,1,1,1,1,1,1,1,1,1,1,0,1,1,1,0,0,0,0,1,0,0,0,1,1,1,1,1,1,1,1,1,0,0,0,0,1,1,1,1,1,1,0,0,0,1,1,1,1,1,1,1,0,0,0,0,0,0,0,0,1,0,0,0,137,111,26,38.38,330,17,16
climative_2024,-1,-1,1,1,1,0,0,0,-1,-1,-1,-1,-1,-1,-1,-1,-1,1,-1,-1,1,1,1,1,0,1,1,1,1,1,1,1,1,1,0,1,0,0,1,1,1,1,0,0,0,1,1,1,1,0,0,1,0,0,1,0,0,0,0,0,1,1,0,0,0,1,1,1,0,0,1,1,1,0,1,1,1,1,0,1,1,1,1,1,1,0,1,1,1,1,1,1,-1,-1,-1,-1,0,0,0,,1,1,1,1,1,1,0,0,0,0,0,0,0,0,0,1,1,1,1,0,1,0,0,1,1,0,0,0,0,0,0,1,0,0,0,0,1,1,1,1,1,0,0,0,0,1,1,0,0,0,0,0,0,0,0,0,0,0,0,0,0,0,0,0,0,0,0,0,0,0,0,0,0,0,0,0,0,0,0,0,0,0,0,0,0,0,0,0,0,0,0,0,0,0,0,0,0,0,0,,-1,-1,-1,-1,-1,-1,-1,0,0,0,0,0,0,0,0,0,0,0,0,0,0,0,0,0,0,0,0,,,,,,,,,,,,,0,0,0,,,,,0,0,0,0,-1,-1,-1,-1,1,1,1,1,1,1,1,1,1,1,1,1,1,1,0,0,0,0,1,0,0,1,0,1,1,1,1,1,0,1,1,1,1,1,1,1,0,0,1,1,1,1,1,1,1,1,1,1,1,0,0,0,1,1,1,0,0,1,0,0,1,1,1,0,0,0,0,1,1,0,0,1,0,0,0,0,1,1,1,1,0,1,0,0,0,1,1,0,0,0,0,0,1,0,0,1,0,0,0,0,1,0,1,0,1,1,0,0,0,135,114,21,37.82,317,28,18
gamotech_2024,1,1,1,1,1,0,0,0,0,0,0,0,0,0,0,1,1,0,0,0,1,1,0,0,0,1,1,0,0,1,1,1,1,1,0,1,1,0,1,1,1,1,1,0,0,1,1,1,1,0,0,1,1,0,1,0,0,0,1,1,1,1,0,1,1,1,1,0,1,1,1,1,1,0,0,0,1,1,1,0,1,0,1,1,1,1,1,1,1,1,1,1,0,0,0,0,0,0,0,,1,1,1,1,1,1,0,0,0,0,0,0,0,0,0,1,1,1,1,0,0,0,0,1,1,0,0,0,0,0,1,1,0,1,1,0,0,1,1,1,0,1,1,1,0,1,0,1,,1,0,1,1,0,0,1,1,1,1,1,1,1,1,1,1,0,1,1,0,1,1,1,1,1,0,0,0,0,1,1,0,1,0,1,1,1,1,1,1,1,0,0,0,0,1,1,0,0,,0,1,1,-1,-1,1,-1,-1,-1,-1,0,0,0,0,0,0,-1,-1,,1,1,1,1,1,0,0,0,0,,,,0,0,,0,0,0,0,0,0,-1,-1,-1,1,0,0,0,-1,-1,1,1,1,-1,1,-1,1,0,0,1,1,1,1,0,1,0,1,1,1,1,0,0,0,0,0,0,0,1,0,1,1,1,1,1,1,0,0,0,1,0,1,1,0,0,1,1,1,1,1,1,1,1,0,1,1,0,1,1,1,1,1,1,0,1,1,1,1,1,1,0,0,0,0,1,1,1,0,1,1,0,1,1,1,1,1,1,1,0,0,0,0,1,1,1,1,1,0,1,1,0,0,1,1,1,1,1,1,1,0,1,0,1,0,0,1,197,165,32,55.18,340,15,8
multicharge_2024,,,,,,,,,,,,,,,,,,,,,,,,,,,,,,,,,,,,,,,,,,,,,,,,,,,,,,,,,,,,,,,,,,,,,,,,,,,,,,,,,,,,,,,,,,,,,,,,,,,,,,,,,,,,,,,,,,,,,,,,,,,,,,,,,,,,,,,,,,,,,,,,,,,,,,,,,,,,,,,,,,,,,,,,,,,,,,,,,,,,,,,,,,,,,,,,,,,,,,,,,,,,,,,,,,,,,,,,,,,,,,,,,,,,,,,,,,,,,,,,,,,,,,,,,,,,,,,,,,,,,,,,,,,,,,,,,,,,,,,,,,,,,,,,,,,,,,,,,,,,,,,,,,,,,,,,,,,,,,,,,,,,,,,,,,,,,,,,,,,,,,,,,,,,,,,,,,,,,,,,,,,,0,0,0,0.0,0,0,363
pila_energy_2024,,,,,,,,,,,,,,,,,,,,,,,,,,,,,,,,,,,,,,,,,,,,,,,,,,,,,,,,,,,,,,,,,,,,,,,,,,,,,,,,,,,,,,,,,,,,,,,,,,,,,,,,,,,,,,,,,,,,,,,,,,,,,,,,,,,,,,,,,,,,,,,,,,,,,,,,,,,,,,,,,,,,,,,,,,,,,,,,,,,,,,,,,,,,,,,,,,,,,,,,,,,,,,,,,,,,,,,,,,,,,,,,,,,,,,,,,,,,,,,,,,,,,,,,,,,,,,,,,,,,,,,,,,,,,,,,,,,,,,,,,,,,,,,,,,,,,,,,,,,,,,,,,,,,,,,,,,,,,,,,,,,,,,,,,,,,,,,,,,,,,,,,,,,,,,,,,,,,,,,,,,,,0,0,0,0.0,0,0,363
thermalshell_technologies_2024,,,,,,,,,,,,,,,,,,,,,,,,,,,,,,,,,,,,,,,,,,,,,,,,,,,,,,,,,,,,,,,,,,,,,,,,,,,,,,,,,,,,,,,,,,,,,,,,,,,,,,,,,,,,,,,,,,,,,,,,,,,,,,,,,,,,,,,,,,,,,,,,,,,,,,,,,,,,,,,,,,,,,,,,,,,,,,,,,,,,,,,,,,,,,,,,,,,,,,,,,,,,,,,,,,,,,,,,,,,,,,,,,,,,,,,,,,,,,,,,,,,,,,,,,,,,,,,,,,,,,,,,,,,,,,,,,,,,,,,,,,,,,,,,,,,,,,,,,,,,,,,,,,,,,,,,,,,,,,,,,,,,,,,,,,,,,,,,,,,,,,,,,,,,,,,,,,,,,,,,,,,,0,0,0,0.0,0,0,363
materium_tech_llc_2024,,,,,,,,,,,,,,,,,,,,,,,,,,,,,,,,,,,,,,,,,,,,,,,,,,,,,,,,,,,,,,,,,,,,,,,,,,,,,,,,,,,,,,,,,,,,,,,,,,,,,,,,,,,,,,,,,,,,,,,,,,,,,,,,,,,,,,,,,,,,,,,,,,,,,,,,,,,,,,,,,,,,,,,,,,,,,,,,,,,,,,,,,,,,,,,,,,,,,,,,,,,,,,,,,,,,,,,,,,,,,,,,,,,,,,,,,,,,,,,,,,,,,,,,,,,,,,,,,,,,,,,,,,,,,,,,,,,,,,,,,,,,,,,,,,,,,,,,,,,,,,,,,,,,,,,,,,,,,,,,,,,,,,,,,,,,,,,,,,,,,,,,,,,,,,,,,,,,,,,,,,,,0,0,0,0.0,0,0,363
spare_it_2024,,,,,,,,,,,,,,,,,,,,,,,,,,,,,,,,,,,,,,,,,,,,,,,,,,,,,,,,,,,,,,,,,,,,,,,,,,,,,,,,,,,,,,,,,,,,,,,,,,,,,,,,,,,,,,,,,,,,,,,,,,,,,,,,,,,,,,,,,,,,,,,,,,,,,,,,,,,,,,,,,,,,,,,,,,,,,,,,,,,,,,,,,,,,,,,,,,,,,,,,,,,,,,,,,,,,,,,,,,,,,,,,,,,,,,,,,,,,,,,,,,,,,,,,,,,,,,,,,,,,,,,,,,,,,,,,,,,,,,,,,,,,,,,,,,,,,,,,,,,,,,,,,,,,,,,,,,,,,,,,,,,,,,,,,,,,,,,,,,,,,,,,,,,,,,,,,,,,,,,,,,,,0,0,0,0.0,0,0,363
the_dridi_foundation_2024,0,0,0,0,0,0,0,0,0,0,0,0,0,0,0,1,1,0,0,0,1,0,0,0,0,0,1,1,1,0,0,0,0,0,0,0,0,0,0,0,0,1,1,0,0,1,1,1,0,0,0,0,0,0,1,0,0,0,0,0,0,0,0,1,1,1,1,0,0,0,0,0,0,0,0,0,0,0,0,0,1,0,0,0,0,0,0,0,0,0,1,1,0,0,0,0,0,0,0,0,0,0,0,0,0,0,0,0,0,0,0,0,0,0,0,0,0,0,0,0,0,0,0,0,0,0,0,0,0,0,0,0,0,0,0,0,0,0,0,0,0,0,0,0,0,0,0,0,0,1,1,1,1,0,0,0,0,0,0,0,0,0,0,0,1,1,0,0,0,0,0,0,0,0,0,1,1,1,1,1,0,1,0,1,1,1,0,0,1,1,0,0,0,0,0,1,0,0,1,-1,1,1,-1,-1,-1,-1,-1,0,0,0,0,1,1,0,0,-1,-1,-1,-1,-1,0,0,0,0,0,0,0,,,,0,0,0,0,0,0,0,0,0,0,0,0,0,0,0,0,-1,-1,1,1,-1,-1,-1,-1,0,0,0,0,0,0,0,0,0,0,0,0,0,1,0,0,0,0,0,0,0,0,0,0,0,0,1,1,0,0,0,1,0,0,0,0,0,0,1,0,0,1,1,1,0,1,0,0,0,0,0,0,0,0,0,0,0,0,0,0,0,0,0,0,0,0,0,0,0,0,0,0,0,0,0,0,0,0,0,0,0,0,0,0,0,0,0,0,0,0,0,0,0,0,0,0,0,0,0,0,0,0,0,0,0,0,0,0,0,53,48,5,14.85,343,17,3
sunray_scientific_inc_2024,0,0,0,0,0,0,0,0,0,0,0,0,0,0,0,0,0,0,0,0,1,0,0,0,0,1,1,0,0,1,1,0,0,0,0,0,1,0,0,0,0,1,1,1,1,1,1,1,1,0,0,0,1,0,1,0,0,1,1,1,0,0,0,1,1,1,1,1,1,1,0,1,1,0,1,1,0,0,1,0,1,0,1,1,1,1,0,0,1,1,1,0,,1,1,1,,1,1,0,0,0,0,1,1,1,0,0,1,1,0,0,0,0,0,0,0,0,0,0,0,0,0,1,1,0,0,0,0,0,0,1,0,1,1,0,0,1,1,1,1,1,1,1,1,1,0,1,0,1,1,1,1,0,1,1,1,1,0,1,1,0,0,0,1,1,0,0,0,1,0,0,1,1,1,1,1,1,1,1,1,1,1,1,1,1,1,1,1,1,0,1,0,0,0,1,1,1,1,-1,-1,-1,-1,-1,-1,1,1,1,1,1,1,1,1,0,0,1,1,0,0,0,0,1,1,0,0,0,1,,,,1,0,0,0,0,0,0,0,0,0,0,0,1,0,0,0,1,1,-1,-1,1,-1,1,1,1,0,0,0,0,0,1,0,0,0,1,1,1,1,0,0,0,0,1,1,1,1,0,0,0,0,1,1,1,1,1,1,1,1,1,1,0,1,1,1,0,1,1,1,1,1,0,0,0,0,0,0,0,0,0,0,0,0,0,0,0,0,0,0,0,0,0,0,0,0,0,0,0,0,0,0,0,0,0,0,0,0,0,0,0,0,0,0,0,0,0,0,0,0,0,0,0,0,0,0,0,0,0,0,0,0,0,0,0,148,135,13,41.46,349,9,5
very_good_tech_inc_2024,0,0,0,0,0,0,0,0,0,0,0,0,0,0,0,1,1,0,0,0,1,0,0,0,0,0,1,0,0,1,1,0,0,0,1,0,0,0,0,0,0,1,1,0,0,0,0,0,0,0,0,0,0,0,0,0,0,0,0,0,0,0,0,1,1,1,1,0,0,0,0,1,0,0,0,0,0,0,0,0,0,0,0,0,0,0,0,0,0,0,0,0,0,0,0,0,0,0,0,0,0,0,0,0,0,0,0,0,1,1,0,0,0,0,0,0,0,0,0,0,0,0,0,0,0,0,0,0,0,0,0,0,0,1,1,0,0,1,1,0,0,0,0,0,1,0,0,1,0,1,0,1,1,0,0,0,0,1,0,0,0,0,0,0,1,1,0,0,0,0,0,0,0,0,0,1,1,1,1,1,0,1,0,1,1,1,0,0,1,1,0,0,0,0,0,1,0,0,0,-1,-1,-1,-1,-1,-1,-1,-1,-1,-1,0,0,0,0,0,0,-1,-1,0,0,0,0,0,0,0,0,1,0,,,,0,0,0,0,0,0,0,0,0,0,0,0,0,0,0,0,-1,-1,-1,-1,-1,-1,-1,-1,1,0,0,0,0,0,0,0,0,0,0,0,0,1,0,0,0,0,0,0,0,0,0,0,0,0,1,0,0,0,0,0,0,0,1,1,0,1,1,1,0,1,1,1,1,0,0,0,0,0,0,0,0,0,0,0,0,0,0,0,0,0,0,0,0,0,0,0,0,0,0,0,0,0,0,0,0,0,0,0,0,0,0,0,0,0,0,0,0,0,0,0,0,0,0,0,0,0,0,0,0,0,0,0,0,0,0,0,0,53,49,4,14.85,340,20,3
nanospan_inc_2024,0,0,0,0,0,0,0,0,0,0,0,0,0,0,0,1,1,0,1,1,1,1,1,1,0,1,1,0,0,1,1,0,0,0,1,0,1,0,0,0,0,1,1,1,1,1,1,1,1,0,0,0,0,0,1,1,0,1,0,0,1,0,0,1,1,0,0,0,1,1,0,1,0,0,0,0,0,0,1,0,0,0,0,0,1,1,1,1,1,1,0,0,,1,1,1,,1,1,0,0,0,0,1,1,0,0,0,0,0,0,0,0,0,0,0,0,0,0,0,0,0,0,0,0,0,0,0,0,0,0,1,0,0,0,0,0,0,0,0,0,0,0,0,0,0,0,1,0,1,1,1,1,0,1,1,1,1,1,1,1,0,0,0,1,1,0,0,0,1,0,0,0,0,0,1,1,1,1,1,1,1,0,1,1,1,0,1,1,1,0,1,0,0,0,1,1,0,1,-1,1,1,-1,1,-1,-1,1,1,1,-1,-1,1,1,0,0,1,1,-1,-1,-1,1,1,1,0,0,0,0,,,,0,0,0,0,0,,0,0,0,-1,-1,-1,0,0,0,0,1,1,1,1,1,1,1,1,1,1,1,0,0,0,1,0,1,1,1,1,1,1,0,0,0,0,1,0,0,0,1,0,0,1,1,1,1,0,0,1,1,1,0,0,0,0,1,1,0,1,1,1,1,0,1,0,0,0,0,0,0,0,0,0,0,0,0,0,0,0,0,0,0,0,0,0,0,0,0,0,0,0,0,0,0,0,0,0,0,0,0,0,0,0,0,0,0,0,0,0,0,0,0,0,0,0,0,0,0,0,0,0,0,0,0,0,0,125,114,11,35.01,345,12,6
sept_2024,0,0,0,0,0,0,0,0,0,0,0,0,0,0,0,1,1,0,0,0,1,0,0,0,0,0,1,0,0,1,1,0,0,0,0,0,0,0,0,0,0,1,1,0,0,1,1,1,0,0,0,0,0,0,1,1,0,0,0,0,0,0,0,0,0,1,1,0,0,0,0,1,1,0,0,0,0,0,0,0,0,0,0,0,0,0,0,0,0,0,0,1,0,0,0,0,0,0,0,0,0,0,0,0,0,0,0,0,0,0,0,0,0,0,0,0,0,0,0,0,0,0,0,0,0,0,0,0,0,0,0,0,0,0,0,0,0,0,0,0,0,0,0,0,0,0,0,0,0,1,0,1,1,0,0,1,1,0,0,0,0,0,0,0,1,1,0,0,0,0,0,0,1,0,0,,0,1,1,1,0,1,0,1,1,1,0,1,1,1,0,0,0,0,0,1,0,0,0,,-1,-1,-1,-1,-1,-1,-1,0,0,-1,-1,0,0,0,0,1,1,0,0,0,0,0,0,0,0,0,0,,,,0,0,0,0,0,0,0,0,0,0,0,0,0,0,0,0,0,0,0,0,-1,-1,-1,-1,1,0,0,0,0,0,0,0,0,0,1,1,1,1,0,0,0,0,1,0,0,0,0,0,0,0,1,1,0,0,0,1,0,0,0,0,0,0,1,0,0,1,1,1,0,0,0,0,0,0,0,0,0,0,0,0,0,0,0,0,0,0,0,0,0,0,0,0,0,0,0,0,0,0,0,0,0,0,0,0,0,0,0,0,0,0,0,0,0,0,0,0,0,0,0,0,0,0,0,0,0,0,0,0,0,0,0,0,0,52,45,7,14.57,345,13,5
sponge_2024,0,0,0,0,0,0,0,0,0,0,0,0,0,0,0,1,1,0,1,1,1,0,0,0,0,1,1,0,0,0,0,0,0,0,0,0,0,0,0,0,0,1,1,0,0,1,1,1,0,0,0,0,0,0,0,0,0,0,0,0,0,0,0,1,1,0,0,0,0,0,0,0,0,0,1,0,0,0,0,0,1,0,0,0,0,0,0,0,0,0,1,1,-1,-1,-1,-1,-1,-1,-1,0,0,0,0,0,0,0,0,0,0,0,0,0,0,0,0,0,0,0,0,0,0,0,0,0,0,0,0,0,0,0,0,0,0,0,0,0,0,0,0,0,0,0,0,0,0,0,0,1,0,0,0,1,1,0,0,1,0,1,1,1,0,0,0,0,1,1,0,0,0,1,0,0,1,0,0,1,1,1,1,1,0,1,0,1,1,1,0,0,1,1,0,0,0,0,0,1,0,0,0,-1,1,1,-1,-1,-1,-1,-1,-1,-1,-1,-1,-1,-1,0,0,1,1,-1,-1,-1,1,0,0,0,0,0,0,,,,0,0,0,0,0,0,0,0,0,-1,-1,-1,0,0,0,0,1,1,-1,-1,-1,-1,-1,-1,1,0,0,0,0,0,0,0,1,0,1,1,1,1,0,0,0,0,1,0,0,0,0,0,0,0,1,1,0,0,0,1,1,0,0,0,0,0,1,0,1,1,1,1,0,0,0,0,0,0,0,0,0,0,0,0,0,0,0,0,0,0,0,0,0,0,0,0,0,0,0,0,0,0,0,0,0,0,0,0,0,0,0,0,0,0,0,0,0,0,0,0,0,0,0,0,0,0,0,0,0,0,0,0,0,0,0,0,0,64,59,5,17.93,329,31,3
sili_ion_inc_2024,-1,-1,-1,-1,-1,0,0,0,-1,-1,-1,,,,,1,1,0,1,1,1,1,1,1,0,0,1,0,0,1,1,0,0,0,0,0,0,0,1,1,1,1,1,0,0,1,1,1,0,0,0,1,0,1,1,1,1,1,0,0,0,0,1,1,1,1,1,1,1,1,0,1,1,0,0,1,0,1,0,1,1,1,1,1,0,0,1,1,,1,1,0,-1,-1,-1,-1,-1,-1,-1,-1,-1,-1,-1,1,1,0,1,1,1,1,1,1,1,1,1,1,1,1,1,0,0,0,0,1,1,0,0,0,0,0,0,0,0,1,1,1,0,1,1,1,1,1,1,1,1,1,1,1,0,0,1,1,1,0,1,1,1,1,1,1,0,0,0,0,1,1,0,0,1,1,1,0,1,1,1,1,1,1,1,1,0,1,0,1,1,1,0,1,1,1,0,1,0,0,0,1,1,0,0,-1,-1,-1,-1,-1,-1,1,1,1,1,1,1,1,1,0,0,1,1,0,0,0,0,-1,-1,0,0,0,0,,,,0,0,0,0,0,0,0,0,0,0,0,0,0,0,,0,1,1,-1,-1,1,1,-1,-1,1,1,1,1,1,1,1,1,1,1,1,1,1,1,1,1,1,1,1,1,1,0,1,1,1,1,1,1,1,1,1,1,1,0,1,1,0,1,1,0,1,1,1,1,1,1,0,1,1,1,1,1,1,1,1,1,1,1,1,1,1,1,1,1,1,0,0,0,1,0,1,1,1,0,1,1,1,1,1,0,0,1,1,0,1,1,1,0,1,1,0,1,1,0,0,1,1,1,1,1,0,1,1,0,0,1,1,0,0,210,180,30,58.82,323,31,9
d_to_inc_2024,-1,-1,-1,-1,-1,-1,-1,-1,-1,-1,-1,1,1,1,1,1,1,0,-1,-1,1,-1,0,0,0,1,1,1,1,1,1,-1,0,-1,0,-1,-1,0,1,1,-1,1,-1,-1,0,-1,-1,0,0,0,0,-1,-1,0,1,1,0,0,-1,-1,-1,-1,-1,-1,-1,-1,-1,-1,-1,-1,-1,-1,1,0,1,-1,-1,-1,-1,0,-1,-1,-1,-1,-1,-1,-1,-1,-1,-1,-1,0,-1,-1,-1,-1,0,0,0,-1,-1,-1,-1,-1,-1,-1,0,0,0,0,0,0,-1,-1,0,0,0,0,0,0,0,0,0,-1,-1,0,0,0,0,0,0,-1,0,-1,-1,0,-1,-1,-1,0,0,-1,-1,-1,0,0,-1,-1,0,-1,0,0,0,0,0,-1,0,-1,0,-1,0,0,0,-1,-1,-1,0,0,0,0,0,0,-1,-1,0,1,-1,-1,-1,1,0,-1,0,-1,0,0,-1,-1,0,0,0,0,0,0,0,0,0,-1,0,0,1,1,-1,-1,-1,-1,-1,-1,-1,-1,-1,0,0,0,0,0,0,-1,-1,-1,0,-1,-1,0,0,0,0,,,,0,0,0,0,0,0,0,0,0,0,0,0,0,0,0,0,1,1,1,1,-1,-1,-1,-1,1,1,1,-1,-1,-1,1,1,1,1,-1,-1,-1,1,-1,-1,-1,-1,-1,0,0,1,-1,1,1,1,1,-1,1,-1,-1,1,1,-1,-1,-1,0,0,1,1,1,1,1,1,1,1,1,1,1,1,1,1,1,1,1,1,0,1,-1,1,1,1,1,-1,1,0,-1,1,1,1,1,1,1,-1,1,1,-1,-1,1,1,1,1,1,-1,1,1,1,-1,1,1,0,-1,1,0,0,-1,-1,-1,-1,-1,1,-1,-1,1,0,1,1,-1,0,91,72,19,25.49,210,150,3
ecoforge_2024,-1,-1,-1,-1,-1,0,0,0,-1,-1,-1,1,1,1,1,-1,-1,0,-1,-1,1,0,1,1,0,0,1,0,0,1,1,0,0,0,0,0,0,0,1,1,1,1,1,0,0,1,1,1,0,0,0,1,0,1,1,1,0,0,0,0,1,1,0,1,1,1,1,1,0,0,0,1,1,0,0,0,0,0,0,0,1,0,1,1,0,0,0,0,0,0,1,1,0,0,0,0,0,0,0,0,0,0,0,1,0,0,0,0,1,1,0,0,0,0,0,0,0,0,0,0,0,0,0,0,0,0,0,0,0,0,0,0,0,1,1,1,0,1,1,0,0,0,0,0,1,0,0,0,0,1,0,1,1,0,0,0,0,0,0,0,0,0,0,0,1,1,0,0,0,0,0,0,1,0,0,1,1,1,1,1,0,1,0,1,1,1,0,1,1,1,0,0,0,0,0,1,0,0,0,-1,-1,-1,-1,-1,-1,-1,-1,0,0,-1,-1,-1,-1,0,0,-1,-1,0,0,0,1,0,0,0,0,0,0,,,,0,0,0,0,0,0,0,0,0,0,0,0,0,0,,0,0,0,-1,-1,-1,-1,-1,-1,1,1,1,1,1,1,0,0,0,0,1,1,1,1,0,0,0,0,0,0,0,0,0,1,1,1,1,1,1,0,0,1,0,1,1,1,0,0,1,0,0,1,1,1,1,1,0,0,1,1,0,0,1,1,1,0,0,1,0,0,0,0,0,0,0,0,0,0,1,0,1,1,1,0,1,0,0,0,0,0,0,1,1,1,1,1,1,1,1,0,0,0,1,0,0,1,0,0,0,0,0,0,0,0,0,0,1,0,0,113,94,19,31.65,327,32,4
puremelting_inc_2024,-1,-1,-1,-1,-1,-1,-1,-1,-1,-1,-1,0,0,0,0,1,1,0,1,1,1,1,0,0,0,1,0,0,0,1,1,0,0,0,0,0,0,0,-1,0,1,1,1,0,0,,,,0,0,0,1,0,1,1,1,-1,0,0,0,0,0,0,1,1,0,0,1,1,1,0,1,0,0,0,0,1,0,-1,0,1,0,1,1,-1,0,0,0,1,1,1,1,0,0,0,0,0,0,0,-1,-1,-1,-1,1,1,0,0,0,0,0,0,0,0,0,0,0,0,0,0,0,0,0,0,0,0,0,0,0,0,0,0,1,-1,0,0,0,0,0,0,0,0,0,0,0,0,0,0,0,0,-1,0,-1,-1,0,0,0,0,0,0,0,0,0,0,1,1,1,0,0,0,0,1,0,1,-1,0,1,1,-1,1,0,0,-1,-1,-1,1,1,0,0,1,-1,0,0,0,0,-1,1,0,0,-1,-1,-1,-1,-1,-1,-1,-1,-1,1,1,0,0,0,0,0,0,1,1,,1,1,1,1,1,0,0,0,0,,,,0,0,0,0,0,0,0,0,0,0,0,0,0,0,0,0,-1,-1,1,1,-1,-1,-1,-1,1,1,1,1,1,1,1,0,0,0,1,1,1,1,1,1,0,0,0,-1,-1,1,0,1,1,1,1,1,1,0,0,1,1,0,1,1,0,0,1,1,-1,1,1,1,1,1,0,1,1,-1,1,1,1,1,1,0,0,1,0,0,1,1,1,0,1,0,1,1,1,1,-1,1,0,0,0,0,1,-1,1,1,1,0,0,1,-1,1,1,0,1,1,0,0,1,0,0,0,0,0,0,0,0,1,0,1,0,1,-1,-1,0,117,100,17,32.77,302,54,7
replace_inc_2024,-1,-1,-1,-1,-1,0,0,0,-1,-1,-1,1,1,1,1,1,1,0,1,1,1,1,1,1,0,1,1,-1,-1,1,1,1,0,0,0,1,1,0,1,1,1,1,1,1,0,-1,-1,-1,-1,0,0,1,1,1,1,1,1,1,1,1,1,1,1,1,1,0,0,1,0,0,-1,1,-1,0,0,0,1,1,1,0,1,0,-1,-1,1,1,1,1,1,1,1,0,0,0,0,0,0,0,0,,1,1,1,1,1,,0,0,0,0,0,0,0,0,0,0,0,0,0,0,0,0,0,1,1,0,0,0,0,0,0,0,1,-1,-1,1,,1,1,0,1,0,0,0,1,0,0,1,0,-1,0,-1,-1,0,0,1,0,0,0,0,0,0,0,1,1,1,1,0,0,0,1,1,1,-1,0,1,1,0,1,1,0,0,0,1,0,1,0,0,1,-1,0,0,0,0,0,1,0,0,0,,0,0,-1,-1,-1,1,-1,0,0,0,0,0,0,0,0,1,1,0,0,0,1,0,0,0,0,1,0,,,,0,0,,0,0,0,1,0,0,0,0,0,0,0,0,0,-1,-1,-1,-1,-1,-1,-1,-1,1,1,1,1,1,1,1,1,0,0,1,1,1,1,1,1,-1,-1,1,0,0,1,0,1,1,1,-1,1,0,1,1,0,1,1,1,1,0,0,1,1,1,1,1,1,1,1,-1,1,1,0,1,1,1,1,1,1,1,1,1,1,1,1,1,-1,1,1,1,-1,1,1,0,1,1,-1,1,1,1,-1,1,1,1,1,0,1,1,1,1,1,1,1,0,1,1,1,1,1,1,1,1,1,1,-1,1,1,0,1,0,0,1,172,141,31,48.18,309,46,8
hydrogel_2024,-1,-1,1,1,1,-1,-1,-1,-1,-1,-1,1,1,1,1,1,1,0,-1,-1,1,1,1,1,0,1,1,1,1,1,1,0,-1,-1,0,1,0,0,1,1,1,1,0,0,0,-1,-1,0,0,0,0,1,1,1,1,1,0,1,1,1,1,1,0,1,1,-1,-1,1,1,1,-1,1,0,0,-1,1,1,1,-1,1,0,0,-1,-1,0,0,-1,-1,0,1,0,-1,-1,-1,-1,-1,0,0,0,-1,-1,-1,-1,1,0,1,1,1,1,1,1,0,1,1,1,0,0,0,0,0,0,0,0,1,1,0,0,0,0,0,0,-1,-1,1,1,-1,1,1,1,1,0,1,1,1,-1,1,1,1,0,-1,-1,-1,-1,-1,0,-1,-1,-1,0,-1,0,-1,-1,1,-1,-1,0,0,0,0,0,-1,-1,1,0,-1,0,1,-1,-1,0,-1,0,1,-1,-1,-1,-1,-1,-1,0,0,0,0,1,1,0,0,0,,-1,-1,-1,-1,-1,-1,-1,1,1,-1,-1,1,1,-1,-1,-1,-1,0,0,0,0,0,0,0,0,-1,-1,,,,0,0,,0,0,0,0,0,,0,0,0,0,0,,-1,-1,-1,-1,-1,-1,-1,-1,-1,1,1,1,1,1,1,1,1,1,1,-1,-1,-1,1,1,1,1,1,1,-1,-1,-1,0,1,1,1,1,1,1,1,1,-1,1,1,1,1,0,0,1,1,1,1,1,1,1,1,1,1,1,1,1,1,1,1,1,1,-1,1,-1,1,1,1,1,1,1,0,1,1,1,1,1,1,1,1,1,1,1,1,1,1,1,1,1,1,-1,1,1,0,1,1,-1,1,1,-1,-1,1,1,1,1,1,1,1,1,1,0,1,1,-1,0,167,143,24,46.78,257,99,7
paradoxy_particles_llc_2024,-1,-1,-1,-1,-1,-1,-1,-1,-1,-1,-1,-1,-1,-1,-1,-1,-1,0,0,0,1,1,0,0,0,-1,0,0,0,1,1,-1,0,0,0,0,0,0,-1,0,0,1,-1,0,0,0,0,0,0,0,0,1,-1,-1,1,1,-1,-1,-1,0,0,0,0,0,0,0,0,1,0,0,0,-1,0,0,0,0,1,-1,0,1,-1,0,-1,-1,0,0,0,0,0,1,-1,1,-1,-1,-1,-1,-1,-1,-1,-1,-1,-1,-1,-1,0,0,0,0,0,0,0,0,0,0,0,0,0,0,0,0,0,0,0,0,0,0,0,0,0,0,0,0,0,0,0,0,0,0,0,0,0,0,0,0,0,0,0,1,0,-1,0,1,1,-1,0,0,0,1,0,1,-1,0,0,1,1,-1,-1,0,0,1,1,-1,1,1,0,1,1,1,1,0,-1,-1,0,1,-1,-1,0,0,0,1,0,0,0,0,-1,-1,0,0,-1,,-1,-1,-1,-1,-1,-1,-1,-1,-1,0,0,1,1,-1,-1,-1,-1,-1,-1,-1,-1,-1,-1,0,0,0,0,,,,0,0,0,0,0,0,0,0,0,0,0,0,0,0,0,0,-1,-1,1,1,-1,-1,-1,-1,1,0,0,0,0,0,-1,-1,1,1,1,1,1,1,-1,-1,0,0,-1,0,0,-1,-1,-1,-1,1,1,1,-1,0,0,0,1,0,0,0,0,0,1,-1,1,1,1,1,1,1,-1,1,1,0,-1,1,1,1,1,0,0,1,0,-1,1,1,1,0,0,-1,1,1,1,1,0,1,-1,-1,1,-1,1,-1,1,1,1,0,1,0,-1,1,1,-1,1,-1,-1,-1,1,0,0,0,0,-1,-1,-1,-1,0,0,1,0,1,0,0,0,79,65,14,22.13,249,110,4
chargewonder_2024,1,1,1,1,1,,1,1,1,1,1,1,1,1,1,1,1,0,-1,-1,1,-1,0,0,0,1,1,-1,-1,-1,-1,0,-1,1,0,0,1,0,-1,-1,1,1,0,-1,0,-1,-1,0,0,0,0,1,-1,-1,1,1,-1,-1,-1,-1,1,1,-1,-1,-1,-1,-1,-1,-1,-1,-1,0,0,0,-1,0,1,1,1,0,0,0,-1,-1,1,0,-1,-1,0,-1,0,0,0,0,0,0,0,0,0,-1,-1,-1,-1,1,0,1,0,0,0,0,0,0,0,0,0,0,0,0,0,0,0,0,0,1,1,0,0,0,0,0,0,0,0,1,1,-1,-1,-1,-1,-1,0,1,1,1,0,-1,0,1,0,-1,0,0,0,0,0,-1,0,-1,0,0,0,0,0,-1,-1,0,-1,0,0,0,-1,-1,-1,0,0,-1,-1,-1,-1,1,0,-1,0,-1,-1,-1,-1,-1,-1,-1,0,0,0,0,-1,-1,0,0,-1,,-1,-1,-1,-1,-1,-1,-1,-1,-1,-1,-1,0,0,0,0,0,0,-1,-1,-1,0,0,0,0,0,0,0,,,,0,0,0,0,0,0,0,0,0,-1,-1,-1,0,0,0,0,-1,-1,-1,-1,-1,-1,-1,-1,1,-1,-1,1,1,1,-1,1,1,1,1,1,1,1,1,1,1,1,-1,0,0,1,-1,1,1,1,0,-1,-1,-1,-1,-1,-1,-1,1,1,-1,0,1,0,-1,1,1,1,1,-1,1,1,1,-1,1,1,1,1,1,1,-1,1,1,1,1,1,1,1,1,-1,1,1,1,1,-1,1,1,-1,-1,1,1,1,1,1,1,-1,1,-1,1,-1,1,0,1,-1,0,1,1,0,0,1,1,0,0,0,1,1,-1,1,1,1,-1,0,-1,111,93,18,31.09,237,121,5
1110_plasma_solutions_2024,-1,-1,-1,-1,-1,,1,1,-1,-1,-1,0,0,0,0,-1,-1,0,0,0,1,1,0,0,0,1,0,0,0,1,1,0,0,0,0,0,0,0,-1,0,0,1,1,0,0,0,0,0,0,0,0,0,-1,-1,1,1,0,0,-1,0,0,0,0,-1,-1,0,0,0,0,0,0,0,0,0,0,0,1,0,0,-1,0,0,0,0,0,0,0,0,0,-1,0,1,-1,-1,-1,-1,0,0,0,0,0,0,0,0,0,0,0,0,0,0,0,0,0,0,0,0,0,0,0,0,0,0,0,0,0,0,0,0,0,0,0,0,0,0,0,0,0,0,0,0,0,0,0,0,0,0,0,-1,-1,0,0,-1,-1,-1,0,0,0,-1,0,-1,-1,0,0,-1,-1,0,0,-1,0,-1,-1,-1,-1,-1,-1,0,0,0,1,1,0,-1,0,0,-1,-1,0,0,0,-1,-1,0,0,0,0,0,0,0,0,0,1,1,-1,-1,1,-1,-1,1,1,-1,-1,1,1,-1,-1,-1,-1,-1,-1,-1,-1,0,0,0,0,0,0,,,,0,0,0,0,0,0,0,0,0,0,0,0,0,0,0,0,1,1,1,1,-1,-1,-1,-1,1,0,0,1,1,1,0,-1,1,-1,1,1,1,1,1,1,1,1,0,0,0,1,-1,1,1,1,-1,1,-1,0,0,0,1,0,0,0,0,0,1,-1,1,1,1,1,1,-1,1,1,1,0,1,1,1,1,1,-1,0,1,0,-1,1,1,1,0,-1,1,-1,1,1,1,0,1,1,0,-1,0,1,-1,1,1,0,0,1,0,-1,1,1,-1,1,1,0,0,1,0,0,0,0,0,0,0,0,0,0,1,0,1,0,0,0,80,65,15,22.41,282,77,4
cirq_2024,-1,-1,-1,-1,-1,-1,-1,-1,-1,-1,-1,-1,-1,-1,-1,1,1,0,1,1,1,1,0,0,0,1,0,0,0,1,1,1,1,1,0,0,1,0,1,1,1,1,1,1,1,1,1,1,1,1,1,1,0,1,1,1,1,1,0,0,1,0,1,1,1,1,1,1,0,0,1,1,1,0,1,0,1,1,1,0,0,0,1,1,1,0,-1,-1,1,1,1,0,,1,1,1,,1,1,,1,1,1,1,1,1,0,0,1,1,0,0,0,0,0,1,1,1,1,0,0,0,0,1,1,0,0,0,0,0,0,1,0,1,1,0,1,1,1,1,0,1,1,1,0,1,0,1,0,0,0,0,1,0,0,1,0,1,0,1,0,1,1,1,1,1,1,1,1,1,1,1,0,1,0,1,0,0,1,1,1,0,0,1,0,1,1,0,0,0,0,1,0,0,0,1,0,0,0,,1,1,-1,-1,-1,1,-1,0,0,0,0,0,0,0,0,-1,-1,-1,-1,-1,1,1,1,0,0,1,-1,,,,0,0,0,0,0,0,0,0,0,0,0,0,0,0,,-1,1,1,1,1,1,1,-1,-1,1,1,1,1,1,1,1,0,1,1,1,1,1,1,0,0,0,0,1,0,0,1,1,1,1,1,1,1,1,0,0,1,1,1,1,1,0,1,1,1,1,1,1,1,1,1,1,1,1,0,1,1,1,1,0,0,0,1,1,1,1,1,1,0,1,0,1,1,1,1,0,1,1,1,1,1,1,1,1,1,1,1,1,1,1,1,1,1,1,1,1,1,1,1,1,1,1,1,1,1,1,1,1,1,0,1,0,0,1,210,175,35,58.82,325,30,8
eternium_aerospace_2024,-1,-1,-1,-1,-1,0,0,0,-1,-1,-1,0,0,0,0,1,1,0,0,0,1,1,0,0,0,1,1,0,0,1,1,0,0,0,0,0,0,0,1,0,1,1,1,0,0,1,1,1,0,0,0,1,0,1,1,1,0,0,0,0,0,0,0,0,0,1,1,1,1,1,1,1,1,0,0,0,1,1,0,0,1,0,-1,-1,0,0,-1,-1,0,1,1,1,,1,1,1,0,0,0,-1,-1,-1,-1,0,0,0,0,0,0,0,0,0,0,0,0,0,0,0,0,0,0,0,0,0,0,0,0,0,0,0,0,0,0,0,0,0,0,0,0,0,0,0,0,0,0,0,0,1,0,1,1,0,1,0,1,0,0,1,0,1,0,1,1,1,1,0,0,0,0,1,1,0,1,1,0,1,0,0,1,0,1,0,0,0,0,0,1,0,0,0,1,0,1,1,1,0,0,0,0,,1,1,-1,-1,-1,1,-1,0,0,0,0,1,1,-1,-1,1,1,,1,1,1,1,1,0,0,1,-1,,,,0,0,0,0,0,0,0,0,0,0,0,0,0,0,,0,1,1,1,1,1,-1,-1,1,1,1,1,0,0,0,1,1,1,1,1,1,1,1,1,1,1,1,0,1,1,1,1,1,1,1,1,1,1,0,0,0,1,0,0,0,0,0,1,1,0,1,1,1,1,1,1,1,1,0,0,0,1,1,1,1,0,1,1,1,1,1,1,0,0,0,1,1,1,1,0,1,0,1,1,1,1,0,1,1,1,1,1,0,1,1,1,0,0,1,1,0,1,0,0,0,0,0,0,0,1,0,0,1,0,1,0,0,0,147,127,20,41.18,331,25,7
fluix_2024,1,1,-1,-1,-1,-1,-1,-1,-1,-1,-1,1,1,1,1,1,1,1,1,1,1,1,1,1,0,1,1,1,1,1,1,1,1,1,1,1,1,0,1,1,1,1,1,1,1,1,1,1,1,1,1,1,1,1,1,1,1,1,1,1,1,1,1,1,1,1,1,1,1,1,1,1,1,0,1,1,1,1,1,0,1,1,1,1,1,1,1,1,1,1,1,1,0,0,0,0,0,0,0,,1,1,1,1,1,1,0,0,0,0,0,0,0,0,0,1,1,1,1,0,0,0,0,1,1,0,0,0,0,0,0,1,0,1,1,0,1,1,1,1,0,1,1,1,0,1,0,1,0,1,0,0,0,0,0,1,0,1,0,1,0,0,0,1,1,1,0,0,0,0,1,0,1,1,0,1,0,0,1,1,0,0,0,1,0,0,1,1,0,0,0,0,0,0,0,1,0,0,0,0,1,1,-1,-1,-1,1,-1,-1,-1,-1,-1,0,0,0,0,1,1,-1,-1,-1,1,-1,-1,0,0,1,-1,,,,0,0,0,0,0,,0,0,,0,0,0,0,0,0,-1,-1,-1,1,1,1,-1,-1,-1,1,1,1,1,1,1,1,1,1,1,1,1,1,1,1,1,1,1,1,1,1,1,1,1,1,1,1,1,1,0,0,1,1,0,1,1,1,1,1,1,1,1,1,1,1,1,1,1,1,1,1,1,1,1,1,1,1,1,1,1,1,1,1,1,1,0,1,1,1,1,1,1,1,1,1,1,1,1,1,1,1,1,1,1,1,1,1,1,0,1,1,1,1,1,1,1,1,1,1,1,1,1,1,1,0,1,1,1,1,233,197,36,65.27,328,29,6
one_power_usa_2024,,,,,,,,,,,,,,,,,,,,,,,,,,,,,,,,,,,,,,,,,,,,,,,,,,,,,,,,,,,,,,,,,,,,,,,,,,,,,,,,,,,,,,,,,,,,,,,,,,,,,,,,,,,,,,,,,,,,,,,,,,,,,,,,,,,,,,,,,,,,,,,,,,,,,,,,,,,,,,,,,,,,,,,,,,,,,,,,,,,,,,,,,,,,,,,,,,,,,,,,,,,,,,,,,,,,,,,,,,,,,,,,,,,,,,,,,,,,,,,,,,,,,,,,,,,,,,,,,,,,,,,,,,,,,,,,,,,,,,,,,,,,,,,,,,,,,,,,,,,,,,,,,,,,,,,,,,,,,,,,,,,,,,,,,,,,,,,,,,,,,,,,,,,,,,,,,,,,,,,,,,,,0,0,0,0.0,0,0,363
sulakorea_co_ltd_2024,,,,,,,,,,,,,,,,,,,,,,,,,,,,,,,,,,,,,,,,,,,,,,,,,,,,,,,,,,,,,,,,,,,,,,,,,,,,,,,,,,,,,,,,,,,,,,,,,,,,,,,,,,,,,,,,,,,,,,,,,,,,,,,,,,,,,,,,,,,,,,,,,,,,,,,,,,,,,,,,,,,,,,,,,,,,,,,,,,,,,,,,,,,,,,,,,,,,,,,,,,,,,,,,,,,,,,,,,,,,,,,,,,,,,,,,,,,,,,,,,,,,,,,,,,,,,,,,,,,,,,,,,,,,,,,,,,,,,,,,,,,,,,,,,,,,,,,,,,,,,,,,,,,,,,,,,,,,,,,,,,,,,,,,,,,,,,,,,,,,,,,,,,,,,,,,,,,,,,,,,,,,0,0,0,0.0,0,0,363
helios_industries_2024,1,1,-1,-1,-1,0,0,0,-1,-1,-1,1,1,1,1,1,1,1,-1,-1,1,1,1,1,0,1,1,1,1,1,1,0,1,1,0,0,0,0,1,1,1,1,1,1,0,1,1,0,1,0,0,1,0,1,1,1,1,0,0,0,1,1,0,0,0,1,1,1,1,1,1,1,1,0,0,0,1,1,0,0,1,0,-1,-1,0,0,1,1,0,1,0,1,-1,-1,-1,-1,0,0,0,,1,1,1,1,1,1,0,0,0,0,0,0,0,0,0,0,0,0,0,0,0,0,0,1,1,0,0,0,0,0,0,0,0,1,1,0,1,1,1,1,0,1,1,1,0,1,1,1,0,1,0,1,1,0,0,1,0,1,0,1,0,0,0,1,1,0,0,0,0,0,0,0,1,1,0,1,0,1,1,1,0,0,0,1,1,1,1,1,0,0,0,0,0,0,1,1,0,0,1,-1,1,1,-1,-1,1,-1,1,0,0,-1,-1,0,0,0,0,0,0,-1,-1,-1,0,0,0,0,0,0,0,,,,0,0,0,0,0,0,0,0,0,0,0,0,0,0,0,0,1,1,1,1,1,-1,-1,-1,1,1,1,1,1,1,1,1,1,1,1,1,1,1,0,0,0,0,1,0,0,1,0,1,1,1,1,1,1,1,1,1,1,1,1,1,0,0,1,1,1,1,1,1,1,1,1,1,1,1,1,1,1,1,1,1,1,1,1,1,1,1,1,1,1,1,1,1,1,1,1,1,1,1,1,1,1,1,1,1,1,1,1,1,1,1,1,1,1,1,0,1,1,0,0,1,1,0,0,0,1,1,0,1,0,1,1,0,0,193,164,29,54.06,333,26,4
green_spear_2024,-1,-1,-1,-1,-1,,1,1,-1,-1,-1,1,1,1,1,1,1,0,1,1,1,1,1,1,0,1,1,1,1,1,1,1,1,1,0,1,1,0,1,1,1,1,1,1,0,1,1,1,1,0,1,1,1,1,1,1,0,0,1,1,1,1,1,1,1,1,1,1,1,1,1,1,1,0,1,1,1,1,1,1,1,1,-1,-1,1,0,-1,-1,0,1,1,1,0,0,0,0,0,0,0,0,0,0,0,1,1,1,,,,,,,,,,1,1,1,1,,,,,1,1,,,,,0,0,0,0,1,1,0,0,1,1,1,0,1,1,1,1,1,,1,1,1,1,1,1,0,1,1,0,1,1,1,1,0,0,1,1,1,1,1,1,1,1,1,1,1,1,1,1,1,1,1,0,1,1,1,1,1,1,1,1,1,1,1,1,1,1,1,0,1,1,-1,1,1,-1,,,,,-1,-1,-1,-1,-1,-1,-1,-1,1,1,-1,-1,-1,1,-1,-1,0,-1,1,0,,,,0,0,,0,0,0,0,0,0,0,0,0,0,0,0,0,-1,-1,-1,-1,1,-1,,,1,1,1,1,1,1,1,1,1,1,1,1,1,1,1,1,1,1,1,1,1,1,1,1,1,1,1,1,1,0,0,1,1,1,1,1,1,1,1,1,1,1,1,1,1,1,1,1,1,1,1,1,1,1,1,1,1,1,1,1,1,1,1,1,1,1,1,1,1,1,1,1,1,1,1,1,1,1,1,1,1,1,1,1,1,1,1,1,1,1,1,1,1,1,1,1,1,1,1,1,1,1,1,1,1,1,1,1,0,246,209,37,68.91,301,33,29
liter_2024,1,1,-1,-1,-1,,1,1,0,0,0,0,0,0,0,1,1,0,0,0,1,1,0,0,0,1,0,0,0,1,1,0,0,0,0,0,0,0,1,1,0,1,1,0,0,0,0,0,0,0,0,1,0,1,1,1,0,1,0,0,1,0,0,0,0,0,0,1,1,1,1,0,0,0,0,0,1,1,0,1,0,0,0,0,0,0,0,0,0,1,0,0,-1,-1,-1,-1,0,0,0,0,0,0,0,1,0,0,0,0,0,0,0,0,0,0,0,0,0,0,0,0,0,0,0,0,0,0,0,0,0,0,0,0,0,0,0,0,0,0,0,0,0,0,0,0,0,0,0,1,0,0,0,1,1,0,0,0,0,1,0,1,0,0,0,1,1,0,0,0,0,0,0,0,0,0,0,1,0,1,1,0,0,0,0,0,0,1,1,0,0,1,0,0,0,0,1,1,0,0,0,-1,-1,-1,-1,-1,-1,-1,-1,1,1,1,1,1,1,0,0,0,0,0,0,0,0,0,0,0,0,0,0,,,,0,0,0,0,0,0,0,0,0,0,0,0,0,0,0,0,-1,-1,-1,-1,1,-1,-1,-1,1,0,0,0,0,0,1,1,1,0,1,1,1,1,1,1,1,1,1,0,0,1,1,1,1,1,1,1,1,0,0,0,1,1,0,0,0,0,1,1,1,1,1,1,1,1,1,1,1,0,1,1,1,1,1,1,0,1,1,1,1,1,1,0,1,0,0,1,1,1,0,1,0,0,0,1,1,0,1,1,1,0,1,0,1,1,1,0,1,1,0,0,1,0,0,0,0,0,0,0,1,0,0,1,0,1,0,0,1,119,100,19,33.33,337,22,4
macrocycle_2024,-1,-1,-1,-1,-1,-1,-1,-1,-1,-1,-1,-1,-1,-1,-1,1,1,0,-1,-1,1,1,0,0,0,1,1,0,0,1,1,0,0,0,0,1,0,0,1,1,1,1,1,0,0,0,0,0,0,0,0,1,-1,1,1,1,0,1,-1,-1,1,0,0,-1,-1,-1,-1,1,-1,-1,1,1,0,0,0,0,1,1,-1,1,1,-1,-1,-1,-1,0,-1,-1,0,1,-1,0,-1,-1,-1,-1,-1,-1,-1,-1,-1,-1,-1,1,0,-1,0,0,0,0,0,0,0,0,0,-1,-1,-1,-1,0,0,0,0,-1,-1,0,0,0,0,0,0,-1,0,-1,-1,0,-1,-1,-1,-1,0,-1,-1,-1,0,-1,0,-1,0,0,0,-1,-1,0,0,0,0,-1,0,-1,0,0,0,-1,-1,-1,-1,-1,0,0,-1,0,0,1,-1,1,1,1,1,1,0,-1,0,1,1,1,-1,-1,1,-1,0,0,0,0,1,1,0,0,0,-1,-1,-1,-1,-1,-1,-1,-1,-1,-1,-1,-1,1,1,-1,-1,-1,-1,-1,-1,-1,0,-1,-1,0,0,0,0,,,,1,0,0,0,0,,0,0,0,0,0,0,0,0,,0,-1,-1,-1,-1,-1,-1,-1,-1,1,1,1,1,1,1,1,-1,1,1,1,1,1,1,1,1,1,1,1,-1,-1,-1,1,1,1,1,1,1,-1,0,0,-1,1,-1,-1,-1,-1,-1,1,1,1,-1,-1,-1,1,1,1,1,1,0,1,1,1,1,1,1,-1,1,1,1,1,1,1,0,1,0,-1,1,1,-1,0,1,-1,0,-1,-1,1,-1,1,1,-1,-1,1,1,-1,1,1,-1,0,1,0,1,1,-1,-1,-1,-1,-1,-1,-1,1,-1,0,1,0,1,0,0,0,106,87,19,29.69,217,141,5
fentome_corp_2024,-1,-1,-1,-1,-1,0,0,0,-1,-1,-1,0,0,0,0,1,1,0,-1,-1,1,1,0,0,0,1,-1,-1,-1,-1,-1,0,0,0,0,0,0,0,-1,0,0,-1,-1,0,0,0,0,0,0,0,0,-1,0,-1,-1,-1,0,0,0,0,0,0,0,0,0,1,1,0,0,0,0,-1,-1,0,-1,0,0,0,0,-1,-1,0,0,0,0,0,0,0,0,0,0,0,-1,-1,-1,-1,0,0,0,0,0,0,0,0,0,1,-1,-1,-1,-1,0,0,1,1,-1,-1,-1,-1,-1,-1,-1,0,0,1,1,-1,-1,0,0,0,0,-1,-1,1,1,1,1,1,1,-1,0,1,1,1,0,-1,1,1,0,-1,-1,-1,-1,-1,0,-1,-1,1,0,-1,0,0,-1,-1,-1,0,0,0,0,0,-1,-1,-1,1,-1,1,1,-1,-1,-1,0,0,0,-1,-1,1,0,0,1,1,0,0,0,0,-1,1,0,0,-1,-1,-1,-1,-1,1,1,-1,1,-1,-1,-1,-1,0,0,0,0,-1,-1,,1,1,1,-1,-1,0,-1,-1,-1,,,,0,0,0,0,0,0,0,0,0,0,0,0,0,0,0,0,1,1,1,1,1,-1,1,-1,1,0,0,0,0,0,-1,-1,1,-1,1,1,1,1,-1,-1,0,0,1,-1,-1,-1,-1,-1,-1,1,-1,1,1,0,0,0,1,0,1,1,0,0,1,1,1,1,1,1,1,-1,1,1,1,0,1,-1,1,1,-1,-1,-1,1,-1,-1,-1,-1,-1,0,1,0,0,1,1,-1,0,-1,-1,-1,-1,-1,-1,-1,-1,1,0,-1,-1,0,-1,1,1,-1,1,1,0,-1,1,0,0,-1,-1,-1,-1,-1,-1,-1,0,1,-1,1,0,0,0,81,71,10,22.69,227,132,4
orentrix_inc_2024,-1,-1,-1,-1,-1,0,0,0,0,0,0,0,0,0,0,1,1,0,0,0,1,1,0,0,0,1,-1,0,0,1,1,0,0,0,0,0,0,0,1,0,-1,1,,0,0,0,0,0,0,0,0,1,0,-1,1,0,0,0,0,0,0,0,0,0,0,-1,-1,0,0,0,0,1,-1,0,0,0,-1,0,0,0,0,0,0,0,0,0,0,0,0,-1,0,0,0,0,0,0,0,0,0,0,0,0,0,0,0,0,0,0,0,0,0,0,0,0,0,0,0,0,0,0,0,0,0,0,0,0,0,0,0,0,0,0,0,0,0,0,0,0,0,0,0,0,0,0,0,0,0,1,0,0,0,-1,-1,0,0,0,0,1,0,1,0,0,0,0,-1,0,0,0,-1,0,0,0,-1,-1,0,-1,-1,-1,-1,-1,0,0,0,0,0,0,0,0,-1,-1,0,0,0,0,-1,-1,0,0,-1,-1,-1,-1,-1,-1,-1,-1,-1,-1,-1,-1,-1,0,0,0,0,0,0,-1,-1,-1,0,-1,-1,0,0,0,0,,,,0,0,0,0,0,0,0,0,0,0,0,0,0,0,0,0,-1,-1,-1,-1,-1,-1,-1,-1,1,0,0,0,0,0,0,1,-1,0,1,1,1,-1,-1,-1,0,0,-1,-1,-1,0,0,0,0,-1,-1,1,0,0,0,0,1,0,0,0,0,0,1,-1,1,1,1,1,1,0,1,1,1,0,1,-1,1,1,1,1,0,1,0,0,0,0,0,0,-1,0,0,-1,1,-1,0,-1,0,0,0,0,1,0,0,-1,-1,0,-1,0,0,1,1,0,-1,1,0,0,1,0,0,0,0,0,0,0,0,0,0,-1,0,1,0,0,0,44,33,11,12.32,285,74,4
viridium_energy_2024,1,1,-1,-1,-1,-1,-1,-1,1,1,1,1,1,1,1,1,1,1,-1,-1,1,-1,1,1,0,1,1,1,1,-1,-1,0,0,-1,0,-1,0,0,-1,-1,-1,-1,-1,0,0,-1,-1,-1,-1,0,0,-1,0,-1,-1,-1,0,0,0,0,-1,0,0,0,0,1,1,1,1,1,1,1,1,0,0,1,1,1,0,1,0,0,-1,-1,0,0,1,1,0,1,0,1,0,0,0,0,0,0,0,,1,1,1,-1,-1,1,0,0,0,0,0,0,0,0,0,0,0,0,0,0,0,0,0,1,1,0,0,0,0,0,0,-1,0,1,1,-1,1,1,1,1,0,1,1,1,-1,1,0,0,0,0,0,0,0,0,0,0,0,0,0,0,0,0,0,0,0,0,0,0,0,0,0,0,0,0,0,0,0,0,0,0,0,0,0,0,0,0,0,0,0,0,0,0,0,0,0,0,0,0,0,,0,0,0,0,0,0,0,0,0,0,0,0,0,0,0,0,0,0,0,0,0,0,0,0,0,0,0,,,,0,0,0,0,0,0,0,0,0,0,0,0,0,0,0,0,0,0,0,0,0,0,0,0,1,0,0,0,0,0,0,-1,0,0,1,1,1,1,1,1,1,1,1,-1,-1,0,0,-1,-1,1,0,1,0,1,1,0,1,1,1,1,-1,0,1,-1,1,1,1,1,1,-1,1,1,1,-1,1,1,1,1,1,1,-1,1,-1,-1,1,1,1,-1,1,-1,0,1,1,-1,-1,1,1,1,1,1,1,1,-1,1,-1,1,-1,0,1,1,1,-1,1,1,0,0,1,0,0,1,0,0,0,0,1,0,0,1,0,1,-1,-1,0,110,93,17,30.81,302,56,5
rehydrate_2024,1,1,-1,-1,-1,0,0,0,-1,-1,-1,-1,-1,-1,-1,1,1,1,-1,-1,1,1,1,1,-1,1,1,1,1,0,0,0,0,0,0,0,0,0,0,0,0,0,0,0,0,0,0,0,0,0,0,0,0,0,0,0,0,0,0,0,0,0,0,0,0,1,1,1,-1,-1,1,1,1,0,-1,1,1,1,-1,1,1,1,-1,-1,1,0,-1,-1,0,1,1,1,0,0,0,0,0,0,0,-1,-1,-1,-1,1,1,1,-1,-1,-1,-1,-1,-1,0,0,-1,-1,-1,-1,-1,0,0,0,0,1,1,0,0,0,0,0,0,0,0,1,1,-1,1,1,1,1,0,1,1,1,0,1,1,0,0,0,0,0,0,0,0,0,0,0,0,0,0,0,0,0,0,0,0,0,0,0,0,0,0,0,0,0,0,0,0,0,0,0,0,0,0,0,0,0,0,0,0,0,0,0,0,0,0,0,0,,0,0,0,0,0,0,0,0,0,0,0,0,0,0,0,0,0,0,0,0,0,0,0,0,0,0,0,,,,0,0,0,0,0,0,0,0,0,0,0,0,0,0,0,0,0,0,0,0,0,0,0,0,1,0,0,-1,-1,-1,0,1,-1,0,1,1,1,1,1,1,0,0,1,0,0,1,0,1,1,1,-1,0,0,0,0,0,-1,1,1,1,-1,0,1,-1,1,1,1,1,1,0,1,1,1,-1,1,1,1,1,1,1,-1,1,1,1,1,1,1,-1,1,-1,1,1,1,1,-1,1,-1,-1,1,1,1,1,1,1,-1,1,1,0,-1,1,1,1,1,1,0,1,1,0,0,1,-1,-1,-1,-1,-1,-1,1,1,0,1,-1,-1,-1,107,87,20,29.97,296,63,4
solidec_2024,1,1,-1,-1,-1,,1,1,-1,-1,-1,0,0,0,0,1,1,0,-1,-1,1,1,1,1,0,-1,1,-1,-1,1,1,-1,-1,-1,0,0,1,0,1,1,1,1,1,-1,-1,-1,-1,-1,-1,-1,-1,1,1,1,1,1,-1,1,1,1,1,-1,-1,1,1,1,1,1,1,1,1,1,1,0,-1,1,1,1,1,1,1,0,-1,-1,-1,0,0,0,0,1,1,0,-1,-1,-1,-1,0,0,0,-1,-1,-1,-1,1,0,0,0,0,0,0,0,0,0,0,0,0,0,0,0,0,0,0,0,0,0,0,0,0,0,0,0,0,0,0,0,0,0,0,0,0,0,0,0,0,0,0,0,0,0,0,0,0,0,0,0,0,0,0,0,0,0,0,0,0,0,0,0,0,0,0,0,0,0,0,0,0,0,0,0,0,0,0,0,0,0,0,0,0,0,0,0,0,0,0,0,0,0,0,0,,-1,-1,-1,-1,-1,-1,-1,1,1,-1,-1,1,1,0,0,0,0,0,0,0,0,-1,-1,0,-1,-1,0,,,,0,0,,0,0,0,0,0,,0,0,0,0,0,,-1,-1,-1,1,1,-1,-1,-1,-1,,0,0,0,0,0,0,0,0,0,0,0,0,0,0,0,0,0,0,0,0,0,0,0,0,0,0,0,0,0,0,0,0,0,0,0,0,0,0,0,0,-1,-1,-1,-1,0,-1,-1,-1,0,-1,-1,-1,-1,-1,-1,-1,-1,-1,-1,-1,-1,-1,-1,-1,-1,-1,-1,-1,-1,0,-1,0,-1,-1,-1,-1,0,-1,-1,-1,0,-1,0,-1,-1,-1,-1,-1,-1,0,0,-1,0,0,0,0,0,0,0,-1,0,-1,0,0,-1,0,0,0,53,46,7,14.85,251,103,9
round_for_a_reason_llc_2024,-1,-1,-1,-1,-1,0,0,0,-1,-1,-1,-1,-1,-1,-1,-1,-1,-1,-1,-1,1,0,1,1,0,1,1,1,1,0,0,0,0,0,0,0,0,0,0,0,0,0,0,0,0,0,0,0,0,0,0,0,0,0,0,0,0,0,0,0,0,0,0,0,0,1,1,1,0,0,1,1,1,0,0,1,1,-1,1,-1,1,1,-1,-1,1,-1,-1,-1,0,1,0,0,-1,-1,-1,-1,-1,-1,-1,-1,-1,-1,-1,1,-1,1,0,0,0,0,0,0,0,0,0,0,0,0,0,-1,0,0,0,1,1,0,0,0,0,0,0,0,0,0,0,1,1,1,1,1,0,1,1,1,0,1,0,0,0,0,0,0,0,0,0,0,0,0,0,0,0,0,0,0,0,0,0,0,0,0,0,0,0,0,0,0,0,0,0,0,0,0,0,0,0,0,0,0,0,0,0,0,0,0,0,0,0,0,0,,0,0,0,0,0,0,0,0,0,0,0,0,0,0,0,0,0,0,0,0,0,0,0,0,0,0,0,,,,0,0,0,0,0,0,0,0,0,0,0,0,0,0,0,0,0,0,0,0,0,0,0,0,1,0,0,0,0,0,1,1,0,1,1,1,1,1,-1,-1,0,0,0,1,1,-1,0,0,0,1,1,0,-1,-1,-1,0,1,-1,-1,-1,0,0,1,1,0,1,1,1,1,-1,1,1,1,-1,1,-1,1,1,-1,-1,0,1,1,1,-1,-1,-1,1,1,-1,-1,1,1,-1,-1,1,0,-1,-1,1,-1,-1,1,1,-1,0,1,0,-1,1,1,-1,0,1,0,1,1,-1,-1,1,1,1,1,1,1,-1,1,-1,0,1,-1,-1,0,83,66,17,23.25,288,71,4
bakz4ever_2024,-1,-1,-1,-1,-1,0,0,0,-1,-1,-1,0,0,0,0,1,1,0,0,0,1,1,0,0,-1,-1,-1,-1,-1,1,1,0,0,0,0,0,0,0,-1,-1,-1,1,-1,0,0,0,0,0,0,0,0,0,0,0,1,-1,0,0,0,0,0,0,0,0,0,0,0,0,0,0,0,,0,0,0,0,1,-1,0,0,0,0,0,0,0,0,0,0,0,0,0,1,-1,-1,-1,-1,0,0,0,0,0,0,0,0,0,0,0,0,0,0,0,0,0,0,0,0,0,0,0,0,0,0,0,0,0,0,0,0,0,0,0,0,0,0,0,0,0,0,0,0,0,0,0,0,0,0,0,-1,0,0,0,0,0,0,0,0,0,-1,0,-1,-1,0,0,0,0,0,0,0,0,0,0,0,0,0,0,0,0,0,0,0,0,0,0,0,0,0,0,0,0,0,0,0,0,0,0,0,0,0,0,,-1,-1,-1,-1,-1,-1,-1,0,0,0,0,0,0,0,0,0,0,0,0,0,-1,0,0,0,0,0,0,,,,0,0,0,0,0,0,0,0,0,0,0,0,0,0,0,0,0,0,0,0,-1,-1,-1,-1,0,0,0,0,0,0,0,0,0,0,0,0,0,0,0,0,0,0,0,0,0,0,0,0,0,0,0,0,0,0,0,0,0,0,0,0,0,0,0,0,0,0,0,0,0,0,-1,-1,-1,0,-1,0,-1,-1,0,0,0,-1,-1,-1,0,0,0,0,0,0,0,-1,-1,0,0,-1,0,-1,-1,-1,-1,0,-1,-1,0,0,-1,0,0,-1,0,0,-1,0,0,0,-1,0,0,0,0,0,0,0,0,0,0,0,0,-1,0,0,0,10,8,2,2.8,296,62,5
sofi_tec_2024,,,,,,,,,,,,,,,,-1,-1,0,0,0,1,0,0,0,0,1,1,0,0,,,,,,,,,,,,,,,,,,,,,,,,,,,,,,,,,,,,,0,0,0,0,0,0,0,0,0,0,0,1,0,0,0,1,0,0,0,0,0,0,0,0,1,1,0,0,0,0,0,0,0,0,0,0,0,0,1,0,,,,,,,,,,,,,,,,,,,,,,,,,,,,,,,,,,,,,,,,,,,,,,,,,,,,,,,,,,,,,,,,,,,,,,,,,,,,,,,,,,,,,,,,,,,,,,,,1,1,-1,-1,-1,-1,-1,1,1,0,0,1,1,1,1,-1,-1,-1,-1,-1,0,0,0,0,0,1,-1,,,,0,0,0,0,0,0,0,0,0,0,0,0,0,0,0,0,1,1,1,1,-1,-1,-1,-1,,,,,,,,,,,,,,,,,,,,,,,,,,,,,,,,,,,,,,,,,,,,,,,,,,,,,,,,,,,,,,,,,,,,,,,,,,,,,,,,,,,,,,,,,,,,,,,,,,,,,,,,,,,,,,21,20,1,5.88,88,17,258
park_watch_2024,,,,,,,,,,,,,,,,,,,,,,,,,,,,,,,,,,,,,,,,,,,,,,,,,,,,,,,,,,,,,,,,,,,,,,,,,,,,,,,,,,,,,,,,,,,,,,,,,,,,,,,,,,,,,,,,,,,,,,,,,,,,,,,,,,,,,,,,,,,,,,,,,,,,,,,,,,,,,,,,,,,,,,,,,,,,,,,,,,,,,,,,,,,,,,,,,,,,,,,,,,,,,,,,,,,,,,,,,,,,,,,,,,,,,,,,,,,,,,,,,,,,,,,,,,,,,,,,,,,,,,,,,,,,,,,,,,,,,,,,,,,,,,,,,,,,,,,,,,,,,,,,,,,,,,,,,,,,,,,,,,,,,,,,,,,,,,,,,,,,,,,,,,,,,,,,,,,,,,,,,,,,0,0,0,0.0,0,0,363
gencores_inc_2024,-1,-1,-1,-1,-1,-1,-1,-1,-1,-1,-1,1,1,1,1,1,1,1,-1,-1,1,0,1,1,0,1,1,1,1,,,,,,,,,,,,,,,,,,,,,,,,,,,,,,,,,,,,,0,0,1,0,0,1,1,0,0,,,0,0,1,0,0,0,-1,-1,0,0,0,0,0,1,1,0,0,0,0,0,0,0,0,0,0,0,0,1,0,1,0,0,0,0,0,0,0,0,0,1,1,1,1,0,0,0,0,1,1,0,0,0,0,0,0,1,0,1,1,0,1,1,1,1,0,1,1,1,0,0,0,,,,,,,,,,,,,,,,,,,,,,,,,,,,,,,,,,,,,,,,,,,,,,,,,,,,,,,,,,,,,,,,,,,,,,,,,,,,,,,,,,,,,,,,,,,,,,,,,,,,,,,,,,,,1,0,0,0,0,0,1,1,0,0,1,1,1,1,0,0,0,0,0,0,0,0,0,0,0,1,1,0,0,0,0,1,0,1,0,0,0,0,1,1,1,1,1,1,1,1,1,1,1,1,1,1,1,1,1,1,1,1,1,0,1,1,1,1,1,1,1,1,1,1,1,1,0,0,1,1,0,0,0,1,1,1,1,1,1,1,1,1,0,1,0,1,1,1,1,1,1,1,1,1,1,1,1,1,1,1,1,0,1,111,91,20,31.09,203,15,145
terrament_2024,-1,-1,-1,-1,-1,-1,-1,-1,-1,-1,-1,-1,-1,-1,-1,1,1,1,1,1,1,0,1,1,0,-1,1,-1,-1,1,1,1,0,0,0,0,0,0,1,1,0,1,0,0,0,1,1,1,1,0,0,1,0,0,1,0,0,0,0,0,0,0,0,0,0,0,0,0,0,0,0,0,0,0,0,0,0,0,0,1,0,0,0,0,0,0,0,0,0,1,0,1,,1,1,1,-1,-1,-1,-1,-1,-1,-1,1,0,1,1,1,1,1,0,0,1,1,0,0,0,0,0,0,0,0,0,1,1,0,0,0,0,0,0,0,0,-1,-1,0,0,1,1,0,0,1,1,1,1,0,1,1,,1,0,1,1,,0,1,0,1,1,1,1,0,0,0,1,0,0,0,0,0,0,0,1,0,0,1,1,1,1,1,0,1,1,1,1,1,0,1,1,1,0,0,0,0,1,1,0,0,0,-1,1,1,0,-1,-1,0,-1,0,0,-1,-1,1,1,1,1,0,0,,1,1,0,1,1,0,0,0,0,,,,0,0,0,0,0,0,0,0,0,,1,1,,,,0,-1,-1,1,1,1,-1,-1,1,1,1,1,-1,-1,-1,-1,1,1,1,1,1,1,-1,-1,-1,-1,-1,-1,-1,-1,0,0,1,1,-1,-1,1,-1,1,-1,-1,-1,0,-1,-1,-1,0,1,-1,1,1,1,1,-1,0,0,1,1,0,1,0,-1,1,0,0,1,1,1,1,1,1,1,1,1,1,0,1,-1,0,1,-1,0,-1,0,1,0,0,0,0,0,0,0,0,-1,-1,-1,1,-1,1,0,1,1,1,1,1,1,1,1,1,0,1,1,0,0,1,1,0,0,136,115,21,38.1,284,68,11
aartech_solonics_inc_2024,-1,-1,1,1,1,,1,1,-1,-1,-1,1,1,1,1,1,1,1,1,1,1,1,1,1,1,1,1,1,1,1,1,1,1,0,0,0,1,0,1,1,0,1,0,0,0,0,1,1,0,0,1,1,1,0,1,1,1,1,0,0,1,0,0,0,0,1,1,1,0,0,1,1,1,0,0,1,0,1,1,1,0,0,,,0,0,0,0,0,1,0,0,-1,-1,-1,-1,0,0,0,-1,-1,-1,-1,1,1,1,0,0,0,0,0,0,0,0,0,0,0,0,0,0,0,0,0,1,1,0,0,0,0,0,0,0,0,0,0,0,0,1,1,0,0,1,1,1,0,0,0,1,0,1,0,0,0,0,0,1,0,1,1,1,1,0,0,1,1,1,0,0,0,0,0,0,1,0,0,1,1,1,1,1,0,1,1,1,1,1,0,1,1,1,0,0,0,0,1,1,0,0,0,,1,1,0,0,0,0,-1,1,1,0,0,1,1,1,1,-1,-1,-1,-1,-1,0,-1,-1,0,0,0,0,,,,0,0,0,0,0,0,0,0,0,0,0,0,0,0,0,0,1,1,0,0,1,-1,0,1,1,1,1,1,1,1,1,1,1,0,0,0,0,1,1,1,1,1,1,1,1,1,0,1,1,1,1,1,1,1,1,1,1,1,1,1,0,0,1,1,,0,0,0,0,1,0,0,1,1,1,1,1,1,0,1,0,1,0,0,1,1,1,0,1,1,0,1,1,0,1,1,0,0,1,0,0,0,0,1,1,0,0,0,1,0,1,1,0,1,0,,1,0,0,1,0,0,0,0,1,0,0,0,0,1,0,0,1,163,140,23,45.66,332,22,9
helios_climate_industries_2024,0,0,0,0,0,,,,0,0,0,0,0,0,0,-1,-1,0,0,0,0,0,0,0,0,0,0,0,0,0,0,0,0,0,0,0,0,0,0,0,0,0,0,0,0,0,,,,0,0,0,0,0,0,0,0,0,0,0,0,0,0,0,0,1,1,0,0,0,0,0,1,0,1,1,0,0,0,0,0,0,,,1,1,1,1,1,1,0,1,0,0,0,0,0,0,0,0,0,0,0,1,1,1,0,0,0,0,0,0,0,0,0,1,1,1,1,0,1,1,1,1,1,0,0,0,0,0,0,0,0,0,0,0,0,1,1,0,1,0,0,0,1,0,0,0,0,1,0,1,1,0,0,0,0,0,0,0,0,0,0,0,0,0,0,0,0,0,0,0,1,0,0,1,1,1,1,1,0,1,0,1,1,1,0,1,1,1,0,0,0,0,1,1,0,0,0,,1,1,0,0,-1,-1,-1,0,0,-1,-1,0,0,-1,-1,1,1,,1,1,0,0,0,0,0,0,0,,,,0,0,0,0,0,0,0,0,0,,1,1,0,0,0,0,0,0,0,0,-1,0,-1,0,1,0,0,0,0,0,0,0,0,0,0,0,0,1,0,0,1,1,1,0,0,0,0,0,0,0,0,1,1,1,0,1,1,0,0,0,0,0,0,1,,1,1,1,0,0,1,1,0,0,1,1,1,0,1,0,1,1,1,0,1,1,1,0,1,0,0,0,1,0,0,1,0,0,0,0,0,0,0,1,0,1,0,0,0,1,0,0,0,0,0,1,0,0,0,1,1,1,1,1,0,1,0,0,0,0,0,0,1,94,81,13,26.33,337,11,15
lpcv_2024,-1,-1,-1,-1,-1,,,,,,,,,,,1,1,0,1,1,1,1,0,0,0,0,0,1,1,1,1,1,0,0,0,0,0,0,1,0,0,1,0,0,0,0,0,0,0,0,0,1,0,0,1,1,0,0,0,0,0,0,0,0,0,0,0,0,0,0,0,0,0,0,0,1,0,0,0,0,1,0,0,0,0,0,0,0,0,1,1,0,0,0,0,0,0,0,0,0,0,0,0,1,1,0,0,0,0,0,0,0,0,0,0,0,0,0,0,0,0,0,0,0,0,0,0,0,0,0,0,0,0,0,0,0,0,0,0,0,0,0,0,0,0,0,0,1,0,1,0,1,1,0,0,0,0,0,0,0,0,0,0,0,0,0,0,0,0,0,0,0,1,0,0,1,1,1,1,1,0,1,0,1,1,1,0,1,1,1,0,0,0,0,1,1,0,0,0,,1,1,0,0,0,0,0,-1,-1,-1,-1,1,1,1,1,-1,-1,-1,-1,-1,0,-1,-1,1,-1,0,1,,,,0,0,0,0,0,0,0,0,0,0,0,0,0,0,0,0,0,0,1,1,1,0,0,0,1,1,1,1,1,1,0,1,1,0,0,0,0,1,1,1,1,1,0,1,1,0,0,0,0,1,1,0,0,1,0,0,1,0,0,0,0,0,0,0,1,1,1,1,1,0,0,0,0,0,0,0,0,0,0,0,0,0,0,0,0,0,0,0,0,0,0,0,0,0,0,0,0,0,0,0,0,0,0,0,0,0,0,0,0,0,0,0,0,0,0,0,0,0,0,0,0,0,0,0,0,0,0,0,0,0,0,0,0,76,71,5,21.29,332,17,14
gaiaverse_2024,-1,-1,-1,-1,-1,,1,1,-1,-1,-1,-1,-1,-1,-1,1,1,1,-1,-1,1,1,1,1,0,1,1,1,1,1,1,0,1,0,-1,1,1,0,1,1,1,1,0,1,0,1,1,1,1,0,0,1,0,1,1,1,1,0,0,0,1,1,0,0,0,0,0,-1,-1,-1,1,0,1,0,0,-1,0,0,0,0,-1,0,0,0,-1,-1,-1,-1,0,1,0,0,0,0,0,0,0,0,0,0,0,0,0,1,1,1,0,0,0,0,0,0,0,0,0,0,0,0,0,0,1,0,0,1,1,0,0,0,0,0,0,-1,0,1,1,0,-1,1,1,1,0,1,1,1,0,1,1,1,0,0,0,0,0,0,0,1,0,0,0,0,0,0,0,1,1,1,0,0,0,0,0,0,1,1,0,-1,-1,-1,-1,-1,0,-1,1,1,-1,-1,0,-1,1,-1,1,0,1,1,1,-1,0,0,0,-1,1,1,-1,-1,-1,1,1,1,1,-1,-1,-1,-1,1,1,-1,-1,-1,-1,-1,0,1,1,-1,-1,0,-1,,,,0,0,0,0,0,0,0,0,0,-1,-1,-1,0,0,,-1,-1,-1,1,1,-1,-1,-1,-1,-1,1,1,1,1,1,1,1,1,-1,1,1,1,1,1,1,1,1,1,-1,-1,1,-1,1,1,1,1,1,1,1,1,1,1,0,-1,-1,1,0,1,1,1,1,1,1,1,0,-1,1,1,1,0,0,1,1,1,0,1,1,1,1,1,1,1,1,1,0,0,-1,0,1,1,1,1,1,1,0,1,1,1,1,1,1,0,0,0,0,1,1,0,0,0,1,1,0,0,0,0,1,1,1,1,1,1,1,0,1,0,0,0,154,131,23,43.14,286,72,5
trellisense_2024,-1,-1,1,1,1,,1,1,-1,-1,-1,1,1,1,1,-1,-1,0,-1,-1,1,-1,0,0,0,-1,0,0,0,1,1,0,0,1,0,0,1,0,-1,0,-1,1,1,1,1,,,,1,1,1,0,-1,-1,1,1,0,0,-1,0,-1,0,0,-1,-1,0,0,0,0,0,0,1,1,0,0,-1,1,0,0,1,1,0,1,1,0,0,1,1,-1,1,1,1,,1,1,1,0,0,0,0,0,0,0,1,1,1,1,1,1,1,0,0,-1,-1,0,1,1,1,1,0,0,0,0,1,1,0,0,0,0,0,1,1,0,1,1,0,-1,1,1,-1,0,1,1,1,1,1,1,1,0,0,1,0,0,1,1,1,1,1,1,1,1,0,0,1,0,0,1,0,0,1,0,0,1,0,0,1,1,0,1,0,0,0,1,0,1,1,1,1,1,1,1,1,1,1,1,1,1,1,1,1,1,1,1,1,1,1,1,1,1,1,1,1,1,1,1,1,1,-1,-1,-1,0,-1,-1,0,-1,0,1,,,,0,0,0,0,0,0,0,0,,,1,1,0,0,0,0,1,1,1,1,1,1,1,1,1,1,1,1,1,1,1,1,1,1,1,1,1,1,1,1,1,1,1,1,1,1,-1,0,0,1,-1,1,1,0,0,1,1,1,1,1,0,0,1,1,1,1,1,1,1,1,0,0,1,1,0,0,1,1,0,0,1,0,1,0,0,0,0,0,0,0,0,0,0,0,0,0,0,0,0,0,1,1,1,0,0,0,0,0,0,0,1,1,0,1,0,1,0,1,1,0,1,0,0,0,1,1,1,0,0,1,0,0,0,183,167,16,51.26,320,33,10
biodome_inc_2024,-1,-1,-1,-1,-1,,,,-1,-1,-1,1,1,1,1,1,1,1,1,1,1,0,0,0,0,0,1,1,1,1,1,1,1,1,0,0,0,0,1,1,1,1,1,0,0,1,1,1,1,0,0,-1,0,1,1,1,1,0,0,0,0,0,0,0,0,-1,-1,0,1,1,1,-1,1,1,0,1,0,0,0,1,0,0,0,0,0,0,-1,-1,1,1,1,1,,1,1,1,0,0,0,,1,1,1,1,1,1,1,1,-1,-1,-1,0,-1,-1,0,0,0,0,0,0,0,0,0,1,1,0,0,0,0,0,0,1,0,1,1,0,0,-1,-1,0,-1,1,1,1,0,0,1,0,0,0,0,0,0,0,0,1,1,1,0,1,1,0,0,1,1,0,0,0,1,0,1,1,1,1,1,0,1,1,0,1,0,1,1,1,1,1,0,0,0,0,0,0,0,0,0,1,0,0,0,-1,-1,-1,-1,1,-1,-1,-1,0,0,-1,-1,1,1,-1,-1,1,1,-1,-1,-1,1,-1,-1,0,0,1,1,,,,0,0,0,0,0,0,0,0,0,0,0,0,0,0,0,-1,-1,-1,1,1,1,-1,-1,1,1,1,1,1,1,1,0,1,0,1,1,1,1,1,1,1,1,1,1,1,1,0,1,-1,-1,-1,1,1,1,1,1,1,1,0,1,1,1,0,1,1,1,1,1,1,1,1,0,0,1,1,1,1,1,1,1,1,1,1,1,1,0,0,0,1,1,0,0,1,1,0,1,1,1,1,0,0,1,1,1,1,1,1,1,0,1,1,1,1,1,0,0,0,1,0,0,1,0,0,0,0,0,0,0,0,0,1,1,0,0,170,140,30,47.62,309,46,8
suryatech_2024,-1,-1,-1,-1,-1,0,0,0,-1,-1,-1,1,1,1,1,1,1,1,1,1,1,0,1,1,1,1,1,1,1,1,1,1,1,1,0,1,0,0,1,1,1,1,1,1,0,1,1,1,1,0,0,1,0,1,1,1,0,0,0,0,0,0,0,0,0,1,1,0,1,1,1,1,1,1,0,1,0,0,0,0,1,0,-1,-1,0,0,0,0,,1,1,1,,1,1,1,-1,-1,-1,-1,-1,-1,-1,1,0,1,0,0,0,0,0,0,0,0,0,0,0,0,0,0,0,0,0,1,1,0,0,0,0,0,0,0,0,1,1,0,0,1,1,1,0,1,1,1,0,1,0,1,0,0,0,0,0,0,0,1,0,1,0,1,1,0,0,1,1,1,0,0,0,0,0,0,1,0,0,1,1,1,1,1,0,1,0,1,1,1,0,1,1,1,0,0,0,0,1,0,0,0,0,,1,1,-1,-1,-1,-1,1,-1,-1,-1,-1,0,0,-1,-1,-1,-1,-1,-1,-1,1,-1,-1,0,0,1,1,,,,0,0,0,0,0,0,0,0,0,-1,-1,-1,0,0,0,0,1,1,-1,-1,1,-1,1,-1,1,1,1,1,1,1,1,1,0,0,1,1,1,1,1,1,0,0,1,1,1,0,0,1,1,1,1,1,0,1,1,1,1,0,0,0,0,0,1,1,,1,1,1,0,0,1,1,1,0,1,1,1,1,0,0,0,1,1,1,0,0,0,0,0,1,0,1,1,0,0,1,1,0,0,0,1,1,1,1,0,1,0,0,0,1,1,0,0,0,0,0,1,0,0,1,0,0,0,0,0,0,0,0,0,1,0,0,1,155,125,30,43.42,315,41,7
new_paradigm_energy_inc_2024,1,1,1,1,1,,1,1,1,1,1,,,,,1,1,1,1,1,1,0,1,1,1,1,1,1,1,1,1,1,1,1,1,1,0,0,1,1,1,1,1,0,1,1,1,1,1,0,1,1,1,1,1,1,1,0,1,1,1,1,0,1,1,1,1,1,1,1,1,1,1,1,0,1,1,1,1,0,1,1,-1,-1,1,0,-1,-1,0,1,1,0,,1,1,1,0,0,0,0,0,0,0,1,1,1,1,1,1,1,1,0,1,1,1,1,1,1,1,0,1,0,0,1,1,0,0,0,0,0,0,0,0,0,0,0,0,1,1,1,0,1,1,1,0,1,1,1,0,0,0,0,0,0,0,1,0,1,0,1,0,0,0,1,1,1,0,0,0,0,0,0,1,0,0,1,1,1,1,1,0,1,0,1,1,1,0,1,1,1,0,0,0,0,1,1,0,0,0,,1,1,-1,-1,1,1,1,-1,-1,-1,-1,1,1,-1,-1,1,1,-1,-1,-1,1,1,1,0,0,1,1,,,,0,0,0,0,0,0,0,0,0,-1,-1,-1,0,0,0,0,1,1,1,1,1,-1,-1,1,1,1,1,1,1,1,1,1,0,0,1,1,1,1,1,1,1,1,1,1,1,0,0,1,1,1,1,1,1,1,0,1,1,1,0,0,0,0,1,1,1,1,1,1,0,0,1,1,1,1,1,1,1,0,0,1,0,1,1,1,1,1,1,1,0,0,0,1,1,0,1,1,1,0,0,1,1,0,1,1,1,1,1,1,1,1,1,1,0,0,1,1,1,0,0,1,0,0,0,0,1,0,0,1,0,1,1,0,1,218,184,34,61.06,333,20,10
credential_2024,1,1,-1,-1,-1,-1,-1,-1,-1,-1,-1,-1,-1,-1,-1,-1,-1,1,1,1,1,0,1,1,0,1,1,1,1,,,0,0,0,0,1,0,0,1,1,1,1,1,0,0,1,1,1,1,0,0,1,0,1,1,1,1,1,0,0,1,0,0,,,1,1,0,1,1,1,1,1,0,1,1,0,0,1,0,0,0,0,0,1,0,0,0,1,1,0,1,0,0,0,0,0,0,0,-1,-1,-1,-1,1,1,0,0,0,0,0,0,0,0,0,0,0,0,0,0,0,0,0,0,0,0,0,0,0,0,0,0,0,0,0,0,0,0,0,0,0,0,0,0,0,0,0,0,0,0,0,0,0,0,0,0,1,0,0,0,0,0,0,0,1,1,1,0,0,1,0,0,0,1,0,0,1,1,1,1,1,0,1,0,1,1,1,0,1,1,1,0,0,0,0,1,1,0,0,0,,1,1,-1,-1,-1,1,1,-1,-1,-1,-1,0,0,-1,-1,-1,-1,-1,-1,-1,0,-1,-1,0,0,0,0,,,,0,0,0,0,0,0,0,0,0,-1,-1,-1,0,0,0,-1,1,1,1,1,1,-1,-1,1,1,0,0,1,1,1,1,1,0,0,0,0,0,1,0,0,0,0,1,0,0,0,0,1,1,0,1,1,0,0,0,0,1,0,0,0,0,0,0,1,0,1,1,1,1,0,1,0,1,1,0,0,1,0,1,1,1,1,0,0,1,1,1,1,0,0,0,0,0,0,1,1,0,0,0,0,,1,1,0,1,1,0,0,1,1,1,1,0,0,0,0,0,0,0,1,0,0,0,0,1,0,0,0,1,0,1,0,1,120,99,21,33.61,313,41,9
liteon_2024,1,1,-1,-1,-1,,,,1,1,1,1,1,1,1,1,1,1,1,1,1,1,0,0,,1,1,1,1,1,1,0,0,0,1,0,0,0,1,1,1,1,1,0,0,1,1,1,1,0,0,1,0,0,1,1,1,0,0,0,1,1,0,,,1,1,0,0,0,1,1,1,0,0,1,1,1,0,0,0,0,0,0,0,0,0,0,,1,0,1,0,0,0,0,0,0,0,-1,-1,-1,-1,1,0,1,0,0,0,0,0,0,0,0,0,0,0,0,0,0,0,0,0,1,1,0,0,0,0,0,0,0,0,0,0,0,0,1,1,0,0,1,1,1,0,0,0,0,0,0,0,0,0,0,0,1,0,0,0,0,0,0,0,0,1,1,0,0,0,0,0,0,1,0,0,1,1,1,1,1,0,1,0,1,1,1,0,1,1,1,0,0,0,0,1,1,0,0,0,,-1,-1,0,0,-1,0,-1,-1,-1,-1,-1,1,1,1,1,1,1,-1,-1,-1,0,-1,-1,0,0,1,0,,,,0,0,0,0,0,0,0,0,0,0,0,0,0,0,0,0,-1,-1,-1,-1,1,-1,1,0,1,1,1,1,1,1,1,1,0,0,1,1,1,1,1,1,1,1,1,0,0,1,1,1,1,1,0,1,1,1,1,1,1,0,0,0,0,0,1,1,1,1,1,1,0,0,1,1,1,1,1,1,1,0,1,0,0,1,1,1,1,1,1,1,0,1,0,1,1,0,1,1,0,0,0,1,1,0,1,1,0,1,1,0,1,1,1,1,0,0,0,1,1,0,0,1,0,0,0,0,1,0,0,0,0,1,1,0,0,154,126,28,43.14,327,25,11
cascara_energy_2024,1,1,1,1,1,,1,1,1,1,1,,,,,1,1,0,1,1,1,1,1,1,1,1,0,0,0,1,1,1,1,0,0,1,0,0,1,1,1,1,1,0,1,1,1,1,1,1,1,1,1,1,1,1,1,1,1,,1,1,0,1,1,1,1,0,1,1,1,1,1,1,0,1,1,1,1,1,1,1,1,1,1,0,1,1,0,1,1,0,-1,-1,-1,-1,0,0,0,0,0,0,0,1,1,0,0,0,0,0,0,0,0,0,0,0,0,0,0,0,0,0,0,0,0,0,0,0,0,0,0,1,1,0,0,0,1,0,0,0,0,0,0,0,0,0,0,1,0,1,0,0,0,0,0,1,0,1,1,1,1,0,0,1,1,1,1,1,0,0,0,0,1,0,0,1,1,1,1,1,0,1,0,1,1,1,0,1,1,1,0,0,0,0,1,1,0,0,1,,1,1,-1,1,1,1,1,-1,-1,-1,-1,0,0,-1,-1,1,1,-1,-1,-1,1,1,1,0,0,0,0,,,,0,0,0,0,0,0,0,0,0,-1,-1,-1,0,0,0,0,1,1,1,1,1,-1,1,1,1,0,0,0,0,0,0,0,0,0,0,0,0,0,0,0,0,0,0,0,0,0,0,0,0,0,1,1,0,0,0,1,0,0,0,0,0,0,1,0,0,0,0,0,0,0,0,0,0,0,0,0,0,0,0,0,0,0,0,0,0,0,0,0,0,0,0,0,0,0,0,0,0,0,0,0,0,0,0,0,0,0,0,0,0,0,0,0,0,0,0,0,0,0,0,0,0,0,0,0,0,0,0,0,0,0,0,0,0,127,113,14,35.57,335,18,10
aerterra_inc_2024,-1,-1,-1,-1,-1,-1,-1,-1,-1,-1,-1,1,1,1,1,1,1,,1,1,1,1,1,1,0,0,0,0,0,1,1,1,0,0,0,1,0,0,1,1,1,1,1,1,0,1,1,1,1,1,0,1,1,1,1,1,1,1,0,0,1,1,1,1,1,1,1,0,1,1,1,1,1,0,0,1,0,0,0,1,1,1,1,1,1,0,1,1,1,1,1,1,-1,-1,-1,-1,0,0,0,,1,1,1,1,1,1,0,0,1,1,0,0,1,1,0,0,0,0,0,0,0,0,0,1,1,0,0,0,0,0,0,0,0,0,0,0,0,1,1,0,0,1,1,1,0,0,1,1,0,0,0,0,0,0,0,1,0,1,0,1,1,0,0,1,1,1,0,0,0,1,0,0,1,0,0,1,1,1,1,1,1,1,0,1,1,1,0,1,1,1,0,0,0,0,1,1,0,0,1,,-1,-1,-1,1,1,1,1,1,1,1,1,1,1,1,1,-1,-1,-1,-1,-1,0,-1,-1,0,0,0,0,,,,0,0,0,0,0,0,0,0,0,,1,1,0,0,0,0,1,1,-1,-1,1,-1,1,-1,1,0,0,1,1,1,1,1,0,0,1,1,1,1,0,0,1,1,1,1,1,1,0,1,1,1,0,1,0,1,1,1,1,0,0,0,0,0,1,1,1,1,1,1,1,1,1,1,1,0,1,1,1,1,1,0,1,1,1,1,1,1,1,1,0,1,0,0,1,0,1,1,1,1,0,0,1,0,1,1,1,1,0,1,1,1,1,1,0,1,1,1,1,0,0,1,0,0,0,0,0,0,0,0,0,1,0,0,1,192,161,31,53.78,327,29,7
ev_bots_inc_2024,-1,-1,-1,-1,-1,-1,-1,-1,-1,-1,-1,,,,,1,1,1,1,1,1,0,1,1,0,1,1,1,1,1,1,0,0,0,0,1,0,0,1,1,1,1,1,1,0,0,1,1,1,0,0,1,1,1,1,1,1,0,0,0,1,1,0,1,1,1,1,0,1,1,1,1,1,0,0,1,1,0,0,0,1,0,-1,-1,0,0,0,0,0,1,0,1,0,0,0,0,0,0,0,-1,-1,-1,-1,1,0,1,0,0,0,0,0,0,1,1,0,1,1,1,1,0,1,0,0,1,1,0,0,0,0,0,0,0,0,0,0,0,0,0,0,0,0,1,1,1,1,0,1,,0,1,0,1,1,0,0,1,0,0,0,0,0,0,0,1,1,1,0,0,0,0,0,0,1,0,0,1,1,1,1,1,0,1,0,1,1,1,0,1,1,1,0,0,0,0,1,1,0,0,1,,1,1,-1,1,1,-1,1,1,1,1,1,-1,-1,1,1,-1,-1,-1,-1,-1,0,-1,-1,0,0,0,0,,,,0,0,0,0,0,0,0,0,0,0,0,0,0,0,0,0,1,1,-1,-1,1,1,1,-1,1,1,1,1,1,1,1,1,0,0,1,1,1,1,1,1,0,0,1,1,1,0,0,1,1,1,0,1,0,1,0,0,1,0,0,0,0,0,1,0,1,0,0,0,1,0,1,,1,1,1,0,1,1,1,1,1,1,1,1,1,1,1,1,0,0,0,1,1,0,1,1,1,0,0,0,0,0,1,1,0,1,0,0,1,1,1,1,1,1,0,1,1,0,0,1,1,0,0,0,0,0,0,0,0,1,1,1,0,164,139,25,45.94,322,31,10
algreen_2024,-1,-1,-1,-1,-1,-1,-1,-1,-1,-1,-1,1,1,1,1,1,1,,1,1,1,0,1,1,0,1,1,0,0,1,1,0,0,0,0,0,0,0,1,1,1,1,1,1,0,1,1,1,1,0,0,1,0,0,1,1,1,0,0,0,0,0,0,0,0,0,0,0,0,0,1,0,0,0,0,1,0,0,0,1,0,0,-1,-1,1,0,0,0,0,1,0,0,0,0,0,0,0,0,0,,1,1,1,1,1,1,0,0,0,0,0,0,0,0,0,0,0,0,0,0,0,0,0,1,1,0,0,0,0,0,0,0,0,0,0,0,0,0,0,0,0,1,1,1,0,0,0,1,0,0,0,0,0,0,0,1,0,1,0,1,0,0,0,1,1,1,0,0,0,0,0,0,1,0,0,1,1,1,1,1,0,1,0,1,1,1,0,1,1,1,0,0,0,0,1,1,0,0,1,,-1,-1,-1,-1,-1,-1,-1,-1,-1,-1,-1,1,1,0,0,-1,-1,0,0,0,0,-1,-1,0,0,0,-1,,,,0,0,0,0,0,0,0,0,0,0,0,0,0,0,0,0,-1,-1,-1,-1,1,-1,-1,-1,1,1,1,1,1,1,1,1,0,0,1,1,1,1,1,1,1,1,1,1,1,1,0,1,1,1,0,0,1,1,1,1,1,0,0,0,0,0,1,1,0,1,1,1,0,0,1,1,1,1,1,1,1,1,0,1,0,1,1,0,1,1,1,1,0,1,0,1,0,0,0,1,0,0,0,1,1,1,1,0,0,1,0,0,1,1,0,1,0,1,0,0,0,0,0,0,0,0,0,0,,0,0,0,0,0,0,0,1,132,109,23,36.97,320,36,7
ohm_digital_solutions_2024,-1,-1,-1,-1,-1,-1,-1,-1,1,1,1,-1,-1,-1,-1,1,1,0,-1,-1,1,0,1,1,0,1,1,1,1,1,1,1,1,1,0,0,1,0,1,1,1,1,1,1,0,1,1,1,1,0,1,1,1,1,1,1,1,1,1,1,1,1,1,1,1,1,1,1,0,0,1,1,1,0,1,1,1,1,1,0,0,0,-1,-1,0,0,1,1,1,1,0,0,0,0,0,0,0,0,0,,1,1,1,1,1,1,0,0,0,0,0,0,0,0,0,1,1,1,1,0,0,0,0,1,1,0,0,0,0,0,0,1,0,1,1,0,0,1,1,1,0,1,1,1,0,0,0,0,,0,0,1,1,0,0,1,0,0,0,0,0,0,0,0,1,0,0,0,0,0,0,0,1,0,0,1,1,1,1,1,0,0,0,1,0,1,1,1,1,1,0,0,0,0,0,0,0,0,0,0,1,1,0,0,0,0,0,0,0,0,0,0,0,0,0,0,0,0,0,0,1,0,0,0,0,0,0,,,,0,0,,0,0,,0,0,,0,0,0,0,0,,-1,0,0,1,1,0,0,0,0,1,0,0,0,0,0,1,0,0,0,1,1,1,1,1,1,1,1,1,1,1,1,0,0,0,1,1,0,1,0,0,1,1,0,1,1,1,1,1,0,1,1,1,1,1,1,1,1,1,1,1,1,1,1,1,1,1,1,1,1,0,0,0,0,0,0,0,,1,1,1,1,1,0,0,0,1,0,1,1,0,1,1,1,0,0,0,0,0,0,0,1,1,1,1,1,1,1,1,1,0,1,1,1,1,1,,1,1,171,142,29,47.9,335,17,11
syrena_dac_2024,-1,-1,-1,-1,-1,-1,-1,-1,-1,-1,-1,-1,-1,-1,-1,1,1,0,-1,-1,1,0,1,1,0,1,1,1,1,1,1,1,1,1,0,0,0,0,1,1,1,1,1,0,0,1,1,1,1,0,1,1,0,1,1,0,0,0,0,0,1,1,0,,,1,1,1,1,1,1,1,1,0,0,1,1,1,0,1,1,0,-1,-1,0,0,-1,-1,0,1,0,1,0,0,0,0,0,0,0,0,0,0,0,1,0,1,0,0,0,0,0,0,1,1,0,0,0,0,0,0,0,0,0,1,1,0,0,0,0,0,0,0,1,0,0,1,0,1,1,1,0,1,1,1,0,1,0,1,1,1,1,1,1,0,0,1,1,1,1,1,1,1,1,1,1,1,1,1,1,0,1,1,1,1,1,1,1,1,1,1,0,1,1,1,1,1,1,1,1,1,1,1,1,1,1,1,0,1,1,-1,-1,-1,-1,-1,-1,-1,-1,1,1,-1,-1,-1,-1,-1,-1,1,1,-1,-1,-1,1,0,0,0,-1,1,0,,,,0,0,,0,0,0,0,0,0,0,0,0,0,0,,0,1,1,1,1,-1,-1,-1,-1,1,1,1,1,1,1,1,1,1,1,1,1,1,1,1,1,1,1,1,1,1,1,1,1,1,1,1,1,1,1,1,1,1,1,1,1,1,0,1,1,1,1,1,1,1,1,1,1,1,1,1,1,1,1,1,1,1,1,1,1,1,1,1,1,1,1,1,1,1,1,1,1,1,1,1,1,1,1,1,1,1,1,1,1,1,1,1,1,1,1,1,1,1,1,1,1,1,1,1,1,1,1,1,1,1,1,1,1,1,224,187,37,62.75,313,43,7
vybe_energy_llc_2024,-1,-1,-1,-1,-1,-1,-1,-1,-1,-1,-1,-1,-1,-1,-1,1,1,0,-1,-1,1,0,0,0,0,1,1,0,0,1,1,0,0,0,0,0,1,0,1,1,1,1,1,0,0,1,1,1,1,0,0,1,1,1,1,1,0,0,0,0,1,1,0,1,1,1,1,1,1,1,1,,1,0,1,1,1,1,1,1,1,0,-1,-1,1,0,-1,-1,0,1,0,1,0,0,0,0,0,0,0,-1,-1,-1,-1,1,1,1,0,0,0,0,0,0,0,0,0,1,1,1,1,0,0,0,0,1,1,1,1,1,1,0,0,0,0,1,1,0,1,1,1,1,0,1,1,1,0,1,0,1,1,1,1,1,1,0,1,1,0,1,1,0,1,1,1,1,1,1,1,1,1,1,1,1,1,1,1,1,1,1,1,1,0,1,1,1,1,1,1,1,1,1,1,1,1,1,1,1,0,0,1,-1,-1,-1,-1,-1,-1,-1,-1,-1,-1,-1,-1,0,0,0,0,-1,-1,-1,-1,-1,1,-1,-1,0,-1,1,0,,,,0,0,0,0,0,0,0,0,0,0,0,0,0,0,,0,-1,-1,-1,-1,1,-1,-1,-1,1,1,1,0,0,0,1,1,1,1,1,1,1,1,1,1,1,1,1,0,0,1,0,1,1,1,0,1,1,0,0,1,1,1,1,1,1,0,1,1,0,1,1,1,1,0,1,1,1,1,1,1,1,1,1,1,1,1,0,1,1,1,1,0,1,1,0,1,1,1,1,1,1,0,1,1,1,0,1,1,1,1,0,1,0,1,1,0,1,1,0,1,1,0,0,1,1,1,1,1,1,1,0,1,0,1,1,0,0,197,167,30,55.18,306,52,5
neptunechain_2024,-1,-1,-1,-1,-1,-1,-1,-1,-1,-1,-1,-1,-1,-1,-1,1,1,0,-1,-1,0,1,0,0,0,1,1,0,0,1,1,1,0,0,0,0,1,0,1,1,1,1,1,1,0,1,1,1,1,0,0,1,0,1,1,1,0,0,0,0,1,1,0,,,1,1,1,1,1,1,1,0,0,0,1,1,1,0,1,0,0,-1,-1,0,0,1,1,0,1,0,1,0,0,0,0,0,0,0,0,0,0,0,1,1,1,0,0,0,0,0,0,0,0,0,1,1,1,1,0,0,0,0,1,1,0,0,0,0,0,0,0,1,0,0,1,0,1,1,1,0,1,1,1,0,0,0,1,1,1,1,1,1,1,0,1,0,1,0,0,0,0,0,1,1,1,1,1,1,0,1,1,1,1,1,1,1,1,1,1,0,1,1,1,1,1,1,1,1,1,1,1,1,1,1,1,0,0,1,-1,-1,-1,-1,-1,-1,-1,-1,-1,-1,-1,-1,-1,-1,-1,-1,-1,-1,-1,-1,-1,1,-1,-1,0,-1,0,0,,,,0,0,,0,0,,0,0,0,0,0,0,0,0,0,0,-1,-1,-1,-1,1,-1,-1,-1,1,1,1,0,0,0,1,1,1,1,1,1,1,1,1,1,1,1,1,0,0,1,0,1,1,1,0,1,1,1,0,1,1,1,1,1,0,0,1,0,1,1,1,1,1,0,1,1,1,1,1,1,1,1,1,1,0,1,0,1,1,1,1,0,1,1,0,1,1,1,1,1,1,0,0,1,1,1,1,1,1,1,0,1,0,1,1,0,0,1,0,1,1,1,1,1,1,1,1,1,0,0,0,1,1,1,1,0,0,181,154,27,50.7,306,50,7
drop_labs_2024,-1,-1,-1,-1,-1,-1,-1,-1,-1,-1,-1,-1,-1,-1,-1,1,1,0,-1,-1,1,1,1,1,0,1,1,0,0,1,1,1,1,1,1,1,1,0,1,1,1,1,1,1,0,1,1,1,1,0,1,1,1,1,1,1,0,0,1,1,1,1,1,1,1,1,1,1,1,1,1,1,1,0,1,1,1,1,1,0,1,1,-1,-1,1,0,-1,-1,0,1,0,1,0,0,0,0,0,0,0,-1,-1,-1,-1,1,1,1,1,1,1,1,1,0,1,1,1,1,1,1,1,0,0,0,0,1,1,1,1,1,0,0,0,0,0,1,1,0,1,1,1,1,0,1,1,1,1,1,1,1,1,1,1,1,0,0,0,0,0,1,1,0,0,0,0,1,1,1,1,1,1,1,1,1,1,1,1,1,1,1,1,1,0,1,1,1,1,1,1,1,1,1,1,1,1,1,1,1,0,0,1,-1,-1,-1,-1,-1,1,-1,1,-1,-1,1,1,-1,-1,-1,-1,1,1,-1,-1,-1,1,-1,-1,0,-1,1,0,,,,0,0,,0,0,,0,0,0,0,0,0,0,0,0,-1,-1,-1,-1,-1,1,-1,-1,-1,1,1,1,1,1,1,1,1,1,1,1,1,1,1,1,1,1,1,1,1,1,1,1,1,1,1,1,1,1,0,0,1,1,1,1,1,1,0,1,1,1,1,1,1,1,1,1,1,1,1,1,1,1,1,1,1,0,1,0,1,1,1,1,0,1,0,0,1,1,1,1,1,1,0,0,0,1,0,1,1,0,1,0,0,0,1,1,0,1,1,0,1,1,1,1,1,1,0,0,0,1,0,0,1,1,1,1,0,0,222,191,31,62.18,307,51,5
paulsson_inc_2021,1,1,-1,-1,-1,-1,-1,-1,-1,-1,-1,-1,-1,-1,-1,1,1,0,1,1,-1,1,-1,-1,0,1,1,0,0,1,1,0,0,0,0,-1,0,0,1,1,1,1,1,0,0,1,1,0,1,0,0,1,0,-1,1,1,0,-1,0,0,1,1,0,0,0,1,1,1,0,0,0,1,-1,0,0,1,0,0,0,0,1,0,-1,-1,0,0,-1,-1,0,1,0,1,-1,-1,-1,-1,-1,-1,-1,0,0,0,0,1,0,1,0,0,0,0,1,0,1,1,1,1,1,1,1,0,1,-1,-1,1,1,-1,-1,0,0,0,0,0,0,1,1,0,1,1,1,1,0,1,1,1,0,1,1,1,0,-1,-1,-1,-1,0,1,1,0,1,0,1,1,0,0,1,1,1,1,0,0,0,1,0,-1,-1,0,-1,-1,-1,1,1,0,-1,0,-1,-1,-1,-1,-1,-1,-1,0,1,0,0,1,-1,1,0,0,-1,1,1,-1,-1,-1,-1,-1,1,1,0,0,0,0,0,0,-1,-1,,1,1,0,1,1,0,0,0,0,,,,0,0,0,0,0,0,0,0,0,,1,1,0,0,,0,1,1,1,1,1,-1,-1,-1,1,1,1,1,1,1,0,1,1,1,1,1,1,1,1,1,1,1,1,1,1,1,0,1,1,0,1,1,1,1,1,1,1,1,1,1,0,-1,1,1,1,1,1,1,1,-1,-1,1,1,1,1,1,-1,1,0,0,-1,1,1,1,1,1,1,1,1,-1,0,0,1,0,1,1,1,0,0,0,1,0,1,0,0,-1,0,1,1,1,1,1,0,1,0,1,-1,1,1,1,1,1,1,1,0,-1,-1,1,0,0,-1,0,0,162,140,22,45.38,282,75,6
pharos_group_2021,0,0,-1,-1,-1,0,0,0,-1,-1,-1,-1,-1,-1,-1,1,1,0,1,1,0,0,-1,-1,0,-1,-1,0,0,1,1,1,0,0,0,-1,0,0,1,1,1,1,-1,-1,-1,1,1,1,1,0,0,1,0,0,1,0,0,-1,0,0,1,1,0,0,0,0,0,1,0,0,0,1,1,0,0,1,1,0,0,0,-1,-1,0,0,0,0,-1,-1,0,0,0,-1,0,0,0,0,0,0,0,0,0,0,0,-1,0,1,0,0,0,0,0,0,-1,-1,0,,,,,0,,0,0,1,1,0,0,0,0,0,0,0,0,1,1,0,0,1,1,0,0,1,1,1,0,0,-1,0,0,1,0,-1,-1,0,0,1,0,0,0,0,0,0,0,1,1,1,0,0,0,0,0,0,-1,0,0,-1,-1,-1,1,-1,0,-1,0,-1,-1,-1,0,-1,-1,-1,0,0,0,0,1,-1,0,0,1,-1,-1,-1,-1,-1,-1,-1,-1,-1,-1,0,0,0,0,0,0,-1,-1,0,0,0,-1,-1,-1,0,0,0,0,,,,0,0,0,0,0,0,0,0,0,0,0,0,0,0,0,0,-1,-1,0,0,-1,-1,-1,-1,1,1,1,0,0,0,0,0,0,0,1,1,1,1,0,0,-1,-1,1,-1,-1,1,0,1,1,0,1,1,1,1,1,1,1,1,1,1,0,-1,1,1,1,1,1,1,1,0,1,1,1,1,1,1,1,1,0,0,0,1,0,1,1,1,1,0,1,-1,0,0,1,0,,1,1,0,1,0,0,0,0,1,0,0,1,0,1,0,-1,0,0,0,0,0,-1,0,0,0,0,0,0,0,0,0,0,-1,0,0,0,0,0,91,73,18,25.49,281,73,9
photia_2021,-1,-1,1,1,1,0,0,0,-1,-1,-1,1,1,1,1,1,1,0,1,1,1,-1,-1,-1,0,-1,-1,0,0,1,1,1,0,0,0,-1,0,0,1,1,1,1,1,0,0,1,1,1,0,0,0,1,0,0,1,1,1,-1,0,0,1,1,0,0,0,1,1,0,0,0,0,1,0,0,0,1,0,0,0,1,1,0,-1,-1,0,0,-1,-1,0,1,0,1,-1,-1,-1,-1,0,0,0,0,0,0,0,0,0,1,0,0,-1,-1,1,0,0,0,1,,,,,0,,1,1,1,1,1,1,1,0,0,0,0,0,1,1,0,1,1,1,1,0,1,1,1,0,1,1,1,0,-1,0,-1,-1,0,0,1,0,1,0,1,1,0,0,1,1,1,0,0,0,0,0,0,-1,0,0,-1,-1,-1,1,-1,0,-1,0,-1,-1,-1,0,-1,-1,-1,0,0,0,0,1,-1,0,0,1,-1,-1,-1,-1,-1,-1,1,-1,1,1,0,0,0,0,0,0,-1,-1,-1,-1,-1,-1,-1,-1,0,0,0,0,,,,0,0,0,0,0,0,0,0,0,0,0,0,0,0,,0,1,1,-1,-1,1,-1,-1,-1,1,1,1,1,1,1,0,1,1,1,1,1,1,1,0,0,-1,-1,1,0,0,1,0,1,1,-1,1,1,1,1,0,1,1,1,1,1,0,-1,1,1,1,1,1,1,1,0,1,1,1,1,1,1,-1,0,0,0,0,1,1,1,1,1,1,0,1,-1,0,0,-1,-1,1,1,-1,-1,-1,0,1,0,1,0,0,0,0,-1,1,1,1,-1,0,0,0,1,-1,0,0,1,0,0,0,0,-1,-1,-1,-1,0,0,1,0,0,131,113,18,36.69,278,76,9
planet_a_energy_2021,-1,-1,-1,-1,-1,-1,-1,-1,-1,-1,-1,-1,-1,-1,-1,-1,-1,0,1,1,0,1,0,0,0,-1,-1,0,0,1,1,0,0,0,0,0,0,0,1,1,1,1,1,0,0,1,1,1,1,0,0,1,0,-1,1,1,1,-1,0,0,1,1,0,0,0,0,0,1,-1,-1,0,1,0,0,0,-1,0,0,0,0,-1,-1,0,0,0,0,1,1,0,1,0,-1,-1,-1,-1,-1,-1,-1,-1,-1,-1,-1,-1,1,0,1,0,0,0,0,-1,0,1,1,-1,,,,,0,,0,0,1,1,0,0,0,0,0,0,0,0,1,1,0,1,1,1,1,0,1,1,1,-1,1,1,1,0,0,1,-1,-1,0,-1,1,0,1,0,1,1,0,0,1,1,1,-1,0,0,0,-1,0,-1,1,0,-1,-1,-1,1,-1,0,-1,0,-1,-1,-1,0,-1,-1,-1,0,0,0,0,1,-1,0,0,1,-1,1,1,-1,-1,-1,-1,-1,-1,-1,-1,-1,0,0,-1,-1,-1,-1,,1,1,1,1,1,0,0,0,0,,,,0,0,0,0,0,0,0,0,0,-1,-1,-1,0,0,0,0,1,1,1,1,1,-1,-1,-1,1,1,1,0,0,0,0,1,1,1,1,1,1,1,0,0,0,0,0,0,0,0,0,1,1,1,1,-1,0,1,1,1,1,1,-1,-1,0,-1,0,-1,0,1,1,1,1,0,1,1,1,1,1,-1,1,1,1,-1,1,1,-1,1,1,1,1,-1,1,-1,0,-1,0,-1,1,1,-1,-1,1,-1,1,0,1,1,0,0,1,1,1,1,1,-1,0,1,0,1,-1,1,1,1,1,1,1,1,0,-1,-1,-1,0,0,1,0,-1,126,108,18,35.29,254,100,9
popion_mobility_2021,-1,-1,-1,-1,-1,0,0,0,-1,-1,-1,1,1,1,1,1,1,0,1,1,1,-1,0,0,0,-1,-1,0,0,1,1,0,0,-1,0,-1,0,0,1,1,-1,1,1,0,0,1,1,-1,1,0,0,1,0,0,1,1,1,-1,0,0,1,1,0,0,0,1,1,0,0,0,0,1,0,0,0,1,0,0,0,0,1,0,0,0,0,0,-1,-1,0,-1,0,-1,-1,-1,-1,-1,-1,-1,-1,0,0,0,0,0,0,1,1,1,1,1,1,0,1,1,1,1,1,1,1,0,1,0,0,1,1,0,0,0,0,-1,0,0,0,1,1,0,1,-1,-1,1,0,1,1,1,0,1,1,1,0,-1,1,-1,-1,0,-1,1,0,1,0,1,-1,0,0,1,1,1,0,0,0,1,0,0,-1,0,0,-1,-1,-1,1,-1,-1,-1,0,-1,-1,-1,0,-1,-1,-1,0,0,0,0,1,-1,0,0,0,-1,-1,-1,-1,1,1,-1,-1,-1,-1,-1,-1,-1,-1,0,0,-1,-1,-1,-1,-1,-1,-1,-1,0,0,0,0,,,,0,0,0,0,0,0,0,0,0,0,0,0,0,0,0,0,1,1,-1,-1,1,-1,-1,-1,1,-1,-1,-1,-1,-1,1,0,1,1,-1,-1,-1,1,0,0,0,0,1,0,0,-1,0,1,1,1,0,0,0,1,0,1,1,1,0,0,0,0,1,0,0,1,1,1,1,0,1,1,1,1,1,-1,1,1,1,-1,-1,1,1,-1,0,0,0,0,1,-1,0,0,1,-1,1,1,-1,-1,0,1,1,-1,1,1,0,-1,1,1,0,1,1,0,0,-1,0,1,-1,-1,-1,1,1,-1,-1,-1,0,-1,-1,-1,0,0,-1,0,1,114,95,19,31.93,256,104,3
portable_solar_inc_2021,1,1,-1,-1,-1,-1,-1,-1,-1,-1,-1,1,1,1,1,1,1,0,1,1,1,-1,-1,-1,0,-1,1,0,0,1,1,1,0,0,0,0,0,0,1,1,1,1,1,0,0,-1,1,1,0,0,0,1,0,0,1,1,-1,0,0,0,1,1,0,0,0,1,1,1,1,1,0,0,0,0,0,0,0,-1,0,-1,1,0,-1,-1,0,0,-1,-1,0,-1,-1,0,-1,-1,-1,-1,0,0,0,-1,-1,-1,-1,-1,0,1,0,0,0,0,-1,0,1,1,-1,,,,,0,,0,0,1,1,0,0,0,0,0,0,0,0,1,1,0,1,1,1,1,0,1,1,1,-1,1,1,1,0,-1,0,-1,-1,0,0,-1,0,1,0,1,1,0,0,1,1,1,0,0,0,0,0,0,-1,1,0,-1,-1,-1,1,-1,0,-1,0,-1,-1,-1,0,-1,-1,-1,0,0,0,0,1,-1,0,0,1,-1,1,1,-1,-1,1,-1,-1,0,0,0,0,-1,-1,0,0,-1,-1,-1,-1,-1,-1,-1,-1,0,0,0,0,,,,0,0,0,0,0,0,0,0,0,-1,-1,-1,0,0,,0,1,1,1,1,1,-1,-1,-1,1,1,1,1,1,1,0,1,1,1,1,1,1,1,0,0,0,0,1,0,0,1,0,1,1,-1,1,0,1,-1,0,1,1,1,1,1,0,-1,1,1,-1,1,1,1,1,0,1,1,-1,1,1,-1,1,1,1,1,0,1,1,-1,1,1,1,-1,1,-1,0,0,-1,0,1,1,0,0,0,1,1,-1,1,1,-1,-1,1,-1,1,1,1,-1,0,1,0,0,0,0,0,1,0,-1,-1,-1,0,0,0,0,0,0,1,0,0,125,112,13,35.01,263,91,9
powersilo_inc_2021,-1,-1,1,1,1,-1,-1,-1,-1,-1,-1,-1,-1,-1,-1,1,1,0,1,1,1,-1,-1,-1,0,-1,-1,0,0,1,1,0,0,0,0,0,0,0,1,1,1,1,1,0,0,-1,1,1,1,0,0,1,0,-1,1,1,1,-1,0,0,1,1,0,0,0,1,1,1,0,0,0,1,0,0,0,1,0,0,0,1,1,0,-1,-1,1,1,0,0,0,1,0,-1,-1,-1,-1,-1,-1,-1,-1,-1,-1,-1,-1,0,0,1,0,0,0,0,-1,0,-1,-1,-1,,,,,0,,0,0,1,1,0,0,0,0,0,0,0,0,1,1,0,1,1,1,1,0,1,1,1,-1,1,-1,1,0,-1,1,-1,-1,0,1,1,0,1,0,1,1,0,0,1,1,1,-1,0,0,0,0,0,-1,1,0,-1,-1,-1,1,0,0,-1,0,-1,-1,-1,0,-1,-1,-1,0,1,0,0,1,-1,-1,0,-1,-1,1,1,-1,-1,-1,-1,-1,-1,-1,-1,-1,0,0,0,0,-1,-1,-1,-1,-1,-1,1,1,0,0,0,0,,,,0,0,0,0,0,0,0,0,0,0,0,0,0,0,,0,1,1,-1,-1,1,-1,-1,1,1,1,1,0,0,0,0,1,1,1,1,1,1,1,0,0,0,0,1,0,0,1,0,1,1,-1,1,1,1,1,0,1,1,1,1,1,0,-1,1,1,1,1,1,1,1,0,-1,1,1,1,1,-1,1,1,1,1,0,1,-1,-1,-1,-1,-1,0,-1,-1,0,0,0,0,,1,0,-1,1,0,1,0,1,-1,-1,-1,-1,1,-1,1,1,1,0,-1,0,-1,0,0,0,1,0,0,0,0,1,-1,-1,-1,0,-1,0,0,0,118,101,17,33.05,252,101,10
rhyze_inc_2021,-1,-1,-1,-1,-1,0,0,0,1,1,1,1,1,1,1,1,1,0,1,1,0,-1,-1,-1,0,-1,-1,0,0,1,1,0,-1,-1,0,-1,0,0,1,1,1,1,1,0,0,1,1,1,-1,0,0,-1,-1,0,-1,-1,-1,-1,-1,0,1,1,0,0,0,0,0,1,1,1,0,1,0,0,0,1,0,0,0,1,1,1,1,1,1,-1,1,1,1,1,1,-1,,1,1,1,-1,-1,-1,,1,1,1,1,1,1,0,0,0,0,0,0,0,0,0,,,,,0,,0,0,1,1,0,0,0,0,0,0,0,0,1,1,0,0,1,1,0,0,-1,-1,-1,-1,0,0,1,0,0,0,-1,-1,0,0,0,0,1,0,1,1,0,0,-1,-1,-1,-1,0,0,0,0,0,-1,1,0,-1,-1,0,1,-1,0,-1,0,-1,-1,-1,0,-1,-1,-1,0,0,0,0,1,-1,0,0,-1,-1,1,1,-1,-1,1,-1,-1,1,1,1,1,-1,-1,0,0,-1,-1,,1,1,1,-1,-1,0,0,0,0,,,,0,0,0,0,0,0,0,0,0,0,0,0,0,0,0,0,1,1,1,1,1,-1,-1,-1,1,1,1,-1,-1,-1,0,1,1,1,1,1,1,1,1,1,1,1,1,0,0,-1,0,1,1,1,0,1,1,1,0,1,1,1,1,1,0,-1,1,1,,1,1,1,1,1,1,1,1,1,1,-1,1,1,1,1,-1,1,1,1,1,1,1,-1,1,-1,0,0,1,1,1,1,1,0,1,1,1,1,1,1,1,-1,1,1,1,1,1,1,0,1,0,1,-1,0,0,1,0,0,0,0,-1,0,0,0,0,-1,1,0,1,148,125,23,41.46,275,76,12
rstream_recycling_2021,-1,-1,-1,-1,-1,0,0,0,-1,-1,-1,-1,-1,-1,-1,1,1,-1,1,1,1,1,0,0,0,0,1,1,1,1,1,-1,0,0,0,0,0,0,1,1,1,1,1,0,0,1,1,1,1,0,0,1,-1,1,1,1,1,-1,-1,-1,1,1,-1,0,0,0,0,0,-1,-1,-1,1,0,0,0,1,-1,-1,-1,0,1,0,1,1,0,0,1,1,0,1,1,-1,-1,-1,-1,-1,-1,-1,-1,-1,-1,-1,-1,1,0,1,-1,-1,0,0,0,0,1,1,0,1,1,1,1,0,0,0,0,1,1,0,0,0,0,0,0,0,0,1,1,0,0,1,1,0,0,1,1,1,0,0,1,1,0,-1,-1,-1,-1,0,-1,1,0,1,0,-1,1,0,0,1,1,1,0,0,0,0,0,0,-1,1,1,-1,-1,-1,-1,-1,0,-1,-1,-1,-1,-1,0,0,-1,-1,0,0,0,0,1,-1,0,0,0,-1,-1,-1,-1,-1,-1,-1,-1,-1,-1,-1,-1,1,1,-1,-1,-1,-1,0,0,0,-1,-1,-1,0,0,0,0,,,,0,0,0,0,0,0,0,0,0,0,0,0,0,0,0,0,0,0,0,0,1,-1,-1,-1,1,-1,-1,1,1,1,0,1,-1,-1,1,1,1,1,0,0,0,0,1,0,0,-1,0,1,1,1,1,1,1,1,0,1,1,1,1,1,0,0,1,1,1,1,1,1,1,-1,1,1,1,1,1,1,1,1,1,0,0,1,1,0,1,1,1,1,1,0,-1,-1,1,-1,1,1,1,-1,1,1,1,0,1,-1,-1,1,-1,0,-1,-1,1,1,0,1,0,1,0,1,1,1,0,0,0,0,0,1,0,0,0,-1,1,0,1,131,107,24,36.69,263,97,3
seunwater_by_blockheads_develop_2021,-1,-1,-1,-1,-1,0,0,0,-1,-1,-1,1,1,1,1,1,1,0,1,1,0,-1,-1,-1,0,-1,-1,0,0,1,1,1,0,0,0,0,0,0,1,1,1,1,1,0,0,1,1,1,1,0,0,1,0,-1,1,1,1,-1,0,0,1,1,0,0,0,0,0,1,0,0,0,1,1,0,0,1,0,0,0,0,1,1,-1,-1,-1,0,0,0,0,1,0,-1,0,0,0,0,0,0,0,-1,-1,-1,-1,1,1,1,0,0,0,0,0,0,-1,-1,0,,,,,0,,0,0,1,1,0,0,0,0,0,0,0,0,1,1,0,0,1,1,0,0,1,1,1,0,0,-1,1,0,-1,-1,0,0,0,-1,1,0,0,0,0,0,0,0,1,1,1,1,0,0,0,1,0,-1,0,0,-1,-1,-1,1,-1,0,-1,0,-1,-1,-1,0,-1,-1,-1,0,0,0,0,1,-1,0,0,1,-1,1,1,-1,1,1,-1,-1,0,0,-1,-1,1,1,0,0,-1,-1,-1,-1,-1,1,1,1,0,0,0,0,,,,0,0,0,0,0,0,0,0,0,0,0,0,0,0,0,0,-1,-1,-1,-1,1,-1,-1,-1,1,1,1,1,1,1,0,1,0,0,1,1,1,1,0,0,0,0,1,0,0,1,0,1,1,1,1,1,1,1,0,1,1,1,1,1,0,-1,1,1,,1,1,1,1,0,1,1,1,1,1,1,1,1,1,0,0,1,-1,1,1,1,1,1,1,-1,0,0,1,-1,1,1,1,-1,1,-1,1,-1,1,1,-1,1,-1,1,1,1,1,-1,0,0,-1,1,-1,1,1,1,1,1,1,1,0,-1,-1,0,0,-1,1,0,0,134,111,23,37.54,279,75,9
sinergy_flow_2021,1,1,1,1,1,0,0,0,1,1,1,1,1,1,1,1,1,0,1,1,1,1,-1,-1,0,-1,-1,-1,-1,1,1,0,0,0,0,-1,0,0,1,1,-1,1,1,0,0,0,1,1,1,0,0,1,0,-1,1,1,1,0,0,0,1,1,0,0,0,1,1,-1,0,0,0,1,-1,0,0,1,0,0,0,0,0,0,0,0,0,0,-1,-1,0,1,0,0,-1,-1,-1,-1,0,0,0,-1,-1,-1,-1,1,0,1,1,1,1,1,1,0,1,1,1,,,,,0,,1,1,1,1,1,1,1,0,0,0,0,0,1,1,0,-1,1,1,1,0,1,1,1,-1,1,1,1,0,-1,-1,-1,-1,0,-1,1,0,1,0,1,1,0,0,1,1,1,1,0,0,1,1,0,-1,0,0,-1,-1,-1,1,-1,-1,-1,0,-1,-1,-1,0,-1,-1,-1,0,0,0,0,1,-1,0,0,1,-1,-1,-1,-1,-1,-1,-1,-1,1,1,0,0,1,1,0,0,-1,-1,-1,-1,-1,0,-1,-1,0,0,0,0,,,,0,0,0,0,0,0,0,0,0,0,0,0,0,0,0,0,-1,-1,-1,-1,1,-1,-1,-1,1,0,0,0,0,0,0,1,1,-1,1,1,1,1,0,0,0,0,1,0,0,1,0,1,1,1,1,1,1,1,0,1,1,1,1,1,0,-1,1,1,1,1,1,1,1,0,1,1,1,1,1,1,1,1,1,0,0,1,1,-1,1,1,1,1,1,-1,0,0,1,-1,1,1,1,0,1,-1,1,0,1,1,0,0,-1,-1,1,1,1,1,0,1,0,1,-1,-1,-1,1,0,0,0,0,-1,0,0,0,0,0,1,0,0,144,121,23,40.34,279,76,8
sonocharge_2021,-1,-1,-1,-1,-1,0,0,0,-1,-1,-1,1,1,1,1,1,1,0,1,1,1,1,0,0,0,-1,-1,0,0,1,1,0,0,1,0,0,0,0,1,1,1,1,1,0,0,0,1,1,1,0,0,1,0,1,1,1,1,0,0,0,,,0,0,0,,,0,0,0,0,1,-1,0,0,1,0,0,0,1,1,0,-1,-1,1,-1,0,0,-1,1,0,0,-1,-1,-1,-1,0,0,0,-1,-1,-1,-1,1,0,1,0,0,0,0,0,0,1,1,0,1,1,1,1,-1,1,0,0,1,1,0,0,0,0,0,0,0,0,1,1,0,0,1,1,0,0,1,1,1,-1,0,1,1,0,-1,1,-1,-1,0,1,1,0,1,0,1,1,0,0,1,1,1,0,0,0,0,0,0,-1,1,0,-1,-1,-1,-1,-1,0,-1,-1,-1,-1,-1,0,0,0,0,0,0,0,0,1,-1,0,0,0,-1,1,1,-1,-1,-1,-1,-1,1,1,1,1,1,1,0,0,-1,-1,-1,-1,-1,1,-1,-1,0,0,0,-1,,,,0,0,0,0,0,0,0,0,0,0,0,0,0,0,0,0,0,0,0,0,1,-1,-1,-1,1,-1,-1,1,1,1,0,1,1,1,1,1,1,1,0,0,0,0,1,0,0,-1,0,1,1,-1,1,-1,-1,0,0,1,1,1,1,1,0,0,1,1,1,1,1,1,1,0,1,1,1,1,1,0,1,1,-1,-1,0,1,0,0,1,1,1,1,0,0,0,-1,-1,-1,1,1,-1,-1,1,0,1,0,1,0,-1,1,1,1,1,1,1,0,0,-1,-1,1,0,1,1,1,1,1,1,1,-1,1,0,0,0,0,1,0,0,133,114,19,37.25,282,74,7
sustainloop_2021,-1,-1,-1,-1,-1,0,0,0,-1,-1,-1,1,1,1,1,1,1,0,1,1,1,1,-1,-1,0,0,0,0,0,1,1,0,0,0,0,0,0,0,1,1,1,1,0,0,0,1,1,1,1,0,0,1,0,-1,1,1,1,0,0,0,,,0,0,0,1,1,1,1,1,-1,1,0,1,0,1,0,0,1,0,0,0,0,0,1,1,0,0,-1,1,0,0,0,0,0,0,0,0,0,0,0,0,0,1,-1,1,-1,-1,0,0,0,0,-1,-1,0,1,1,1,1,0,0,1,1,1,1,1,1,0,0,0,0,0,0,1,1,0,0,1,1,0,0,1,1,1,0,0,1,1,0,-1,0,-1,-1,0,0,0,0,0,0,0,0,0,0,1,1,1,0,0,0,1,0,0,-1,-1,0,-1,-1,-1,1,0,0,0,0,0,-1,-1,0,-1,-1,-1,0,0,0,0,1,-1,0,0,0,0,0,0,-1,-1,-1,-1,-1,0,0,1,1,0,0,0,0,-1,-1,0,0,0,1,0,0,0,0,0,0,,,,0,0,0,0,0,0,0,0,0,0,0,0,0,0,0,0,-1,-1,-1,-1,-1,-1,-1,-1,1,1,1,0,0,0,0,1,1,1,1,1,1,-1,0,0,0,0,1,0,0,0,0,1,1,1,1,1,1,1,0,1,1,1,1,1,0,0,1,1,1,1,1,1,1,0,1,-1,,0,1,1,1,1,1,0,-1,1,1,0,1,1,1,-1,1,0,0,0,1,0,0,1,1,1,1,1,0,0,-1,1,1,-1,1,1,-1,1,0,0,1,-1,0,1,0,1,1,1,0,1,1,1,0,1,0,-1,0,0,0,0,0,127,106,21,35.57,301,56,6
tainr_2021,-1,-1,-1,-1,-1,0,0,0,-1,-1,-1,-1,-1,-1,-1,1,1,0,1,1,1,-1,-1,-1,-1,-1,1,0,0,1,1,-1,0,0,0,0,0,0,1,1,-1,1,1,1,1,1,1,1,1,1,0,1,0,0,1,1,1,-1,0,0,1,-1,0,0,0,-1,-1,0,0,0,0,1,0,0,0,0,0,0,0,0,0,0,0,0,0,0,0,0,0,0,0,-1,-1,-1,-1,-1,-1,-1,-1,-1,-1,-1,-1,-1,0,1,0,0,0,0,0,0,1,1,0,1,1,1,1,0,,0,0,1,1,0,0,0,0,0,0,-1,0,1,1,0,0,1,1,0,0,1,1,1,0,0,1,1,0,-1,-1,-1,-1,0,0,0,0,-1,0,1,1,0,0,1,1,1,0,0,0,-1,0,0,-1,0,0,-1,-1,-1,1,-1,0,-1,0,-1,-1,-1,0,-1,-1,-1,0,-1,0,0,1,-1,0,0,-1,-1,1,1,-1,-1,-1,-1,-1,0,0,0,0,0,0,0,0,-1,-1,,1,1,1,1,1,0,0,0,0,,,,0,0,0,0,0,0,0,0,0,0,0,0,0,0,0,0,1,1,-1,-1,-1,-1,-1,-1,1,-1,-1,-1,-1,-1,1,-1,1,1,1,1,1,1,0,0,0,0,0,0,0,-1,0,-1,-1,-1,1,1,1,1,0,1,1,1,1,1,0,-1,1,1,1,1,1,1,1,0,-1,0,0,1,1,1,-1,1,-1,0,-1,1,-1,0,1,1,1,1,1,-1,0,0,1,-1,1,1,1,-1,1,-1,1,-1,1,-1,0,-1,1,-1,-1,1,1,-1,0,0,-1,1,0,1,1,1,1,1,1,1,0,-1,-1,0,0,0,1,0,0,112,95,17,31.37,257,101,5
taka_solar_corporation_2021,1,1,1,1,1,0,0,0,1,1,1,1,1,1,1,1,1,0,1,1,1,-1,-1,-1,-1,-1,-1,1,1,1,1,-1,-1,-1,0,0,0,0,1,1,1,1,-1,-1,0,1,1,1,0,0,-1,1,-1,1,-1,1,1,-1,-1,0,1,1,0,0,0,-1,-1,0,0,0,0,1,-1,0,0,-1,-1,-1,0,0,1,1,-1,-1,1,0,-1,-1,0,1,1,0,,1,1,1,,1,1,-1,-1,-1,-1,1,1,1,0,0,0,0,1,0,1,1,1,,,,,0,,0,0,1,1,0,0,0,0,0,0,0,0,1,1,0,1,1,1,1,0,1,1,1,1,1,1,1,0,0,0,0,0,0,0,1,0,1,1,1,1,0,0,1,1,1,0,0,0,1,0,0,0,0,0,0,0,0,1,1,1,0,0,0,0,0,0,0,0,0,0,0,0,0,-1,0,0,0,0,-1,-1,-1,-1,1,1,-1,-1,1,1,1,1,-1,-1,-1,-1,-1,-1,-1,-1,-1,-1,-1,-1,0,0,0,0,,,,0,0,0,0,0,0,0,0,0,0,0,0,0,0,,0,1,1,1,1,1,-1,1,-1,1,1,1,0,0,0,0,1,1,1,1,1,1,1,0,0,0,0,1,0,0,1,0,1,1,0,1,1,1,1,0,1,1,1,1,1,0,0,1,1,1,1,1,1,1,1,1,1,1,1,1,-1,1,1,1,0,-1,1,1,0,1,1,1,0,-1,0,-1,-1,0,0,1,1,-1,-1,1,0,-1,1,1,-1,1,1,0,0,1,1,1,1,-1,1,-1,1,0,-1,-1,1,-1,-1,-1,-1,-1,-1,-1,-1,-1,0,1,0,1,151,133,18,42.3,279,73,11
technocarbon_2021,-1,-1,1,1,1,-1,-1,-1,1,1,1,-1,-1,-1,-1,1,1,-1,1,1,0,1,-1,-1,0,-1,1,0,0,1,1,-1,1,1,0,0,0,0,1,1,1,1,1,0,0,1,1,0,-1,0,0,1,0,0,1,1,1,0,0,0,,,-1,0,0,0,0,1,1,1,0,,0,0,0,,0,0,0,0,1,0,-1,-1,1,1,-1,-1,0,1,-1,0,,1,1,1,,1,1,,1,1,1,1,1,1,0,0,0,0,1,0,1,1,1,,,,,0,-1,-1,-1,1,1,-1,-1,-1,0,0,-1,0,0,1,1,0,1,1,1,1,0,1,1,1,1,1,1,1,0,0,1,0,0,0,1,1,0,1,0,1,1,0,0,1,1,1,0,0,0,0,0,0,0,0,0,0,0,0,1,0,0,0,0,0,0,0,0,0,0,0,0,-1,0,0,0,0,-1,0,0,-1,,,-1,1,-1,-1,-1,0,0,-1,-1,-1,-1,0,0,-1,-1,-1,-1,-1,1,1,1,0,0,0,0,,,,,,,,,,,,,0,0,0,0,0,0,0,1,1,1,1,1,-1,-1,-1,1,1,1,1,1,1,-1,1,1,1,1,1,1,1,1,1,0,0,1,0,0,0,0,1,1,1,1,1,1,1,1,1,1,1,1,1,0,0,1,1,1,1,1,1,1,0,1,1,1,1,1,1,1,1,1,0,-1,1,1,1,-1,-1,-1,-1,-1,0,0,1,1,0,,1,0,1,1,1,1,0,1,1,1,1,1,0,0,1,1,0,-1,,0,1,-1,0,0,1,0,0,0,0,0,1,1,0,0,-1,-1,-1,-1,149,130,19,41.74,276,60,27
the_lichen_lab_co_2021,-1,-1,-1,-1,-1,0,0,0,1,1,1,1,1,1,1,-1,-1,0,-1,-1,0,0,0,0,0,1,1,0,0,1,1,0,0,0,0,-1,0,0,1,0,1,1,1,1,1,0,0,0,0,0,0,1,0,0,1,1,1,1,0,0,-1,1,0,0,0,1,1,0,1,1,0,1,1,0,0,1,0,0,1,1,1,0,1,1,1,1,0,0,1,1,1,1,0,0,0,0,0,0,0,,1,1,1,1,1,1,0,0,0,0,0,0,1,1,1,1,1,1,1,0,1,0,0,1,1,0,0,0,0,0,0,0,0,1,1,0,1,1,1,1,-1,1,1,1,-1,1,1,0,0,0,0,0,0,0,0,0,0,1,0,0,1,0,0,1,1,1,0,0,0,0,0,0,1,0,0,1,1,0,1,1,0,1,0,1,1,1,0,1,1,1,0,0,0,0,1,0,0,0,1,0,1,1,-1,-1,-1,-1,-1,0,0,0,0,-1,-1,0,0,-1,-1,-1,-1,-1,0,0,0,0,0,0,0,,,,0,0,0,0,0,0,0,0,0,-1,-1,-1,0,0,0,0,-1,-1,1,1,-1,-1,-1,-1,1,0,0,1,1,1,1,0,0,0,1,1,1,1,1,1,0,0,0,0,0,0,0,1,1,1,1,0,0,1,0,0,1,1,1,1,0,0,1,0,1,1,1,1,1,0,1,1,1,1,1,1,1,1,1,1,0,1,1,0,1,1,1,0,-1,-1,-1,0,-1,-1,1,1,1,0,-1,-1,1,1,1,1,0,-1,1,1,1,1,1,1,0,0,0,0,1,0,0,0,1,0,0,0,1,0,0,1,0,-1,1,0,1,151,131,20,42.3,316,43,4
tolo_inc_2021,-1,-1,-1,-1,-1,0,0,0,1,1,1,-1,-1,-1,-1,1,1,0,1,1,1,-1,-1,-1,0,-1,-1,0,0,1,1,0,0,0,0,-1,0,0,1,1,1,1,-1,0,0,1,1,1,0,0,0,1,0,1,1,-1,0,0,0,0,-1,-1,0,0,0,1,1,1,0,0,0,-1,0,-1,-1,0,0,0,0,0,1,0,-1,-1,-1,0,-1,-1,0,1,-1,-1,-1,-1,-1,-1,-1,-1,-1,-1,-1,-1,-1,1,-1,1,-1,-1,0,0,0,0,1,1,-1,0,0,0,0,-1,1,0,0,1,1,0,0,0,0,0,0,0,0,-1,-1,0,-1,1,1,1,-1,1,1,1,0,-1,1,1,0,1,0,-1,-1,0,0,0,0,1,0,-1,-1,0,0,1,1,1,0,0,0,0,0,0,1,-1,0,1,1,1,1,1,0,1,-1,1,1,1,-1,1,1,1,0,0,0,0,1,1,0,0,-1,-1,-1,-1,-1,-1,-1,-1,-1,-1,-1,-1,-1,-1,-1,0,0,-1,-1,-1,-1,-1,1,-1,-1,0,0,0,0,,,,0,0,0,0,0,0,0,0,0,-1,-1,-1,0,0,0,0,-1,-1,-1,-1,-1,-1,-1,-1,1,1,1,1,1,1,0,1,1,1,1,1,1,1,0,0,0,0,1,0,0,-1,0,1,1,1,-1,-1,-1,1,0,1,1,1,1,1,0,-1,1,1,1,1,1,1,1,0,1,1,1,-1,1,0,-1,1,-1,-1,-1,1,0,-1,-1,-1,-1,-1,-1,1,-1,-1,-1,-1,1,1,1,-1,1,-1,1,0,0,-1,-1,0,-1,0,-1,1,1,-1,-1,0,0,-1,0,-1,-1,-1,-1,-1,-1,-1,1,-1,0,0,0,-1,0,0,-1,106,90,16,29.69,231,129,3
topolonet_corporation_2021,-1,-1,-1,-1,-1,0,0,0,-1,-1,-1,-1,-1,-1,-1,1,1,0,-1,-1,1,-1,0,0,0,-1,-1,1,1,1,1,0,0,0,0,0,0,0,1,1,1,1,1,0,0,1,1,1,1,0,0,1,0,0,1,1,0,0,0,0,,,0,0,0,0,0,1,0,0,0,0,0,0,0,0,0,0,0,-1,1,0,-1,-1,-1,0,0,0,0,1,0,0,-1,-1,-1,-1,-1,-1,-1,-1,-1,-1,-1,1,1,1,0,0,0,0,0,0,-1,-1,0,1,1,1,1,0,0,0,0,1,1,0,0,0,0,0,0,0,0,1,1,0,0,1,1,0,0,1,1,1,0,0,1,1,0,0,1,0,0,0,1,1,0,1,0,1,1,0,0,1,1,1,0,0,0,1,0,0,0,1,0,0,0,0,1,0,0,0,0,0,0,0,0,0,0,0,0,0,0,0,1,0,0,0,0,-1,0,0,-1,-1,-1,-1,-1,1,1,1,1,0,0,0,0,-1,-1,0,0,0,1,1,1,0,0,0,0,,,,0,0,0,0,0,0,0,0,0,0,0,0,0,0,0,0,-1,-1,0,0,1,-1,-1,-1,1,0,0,0,0,0,0,1,1,1,1,1,1,1,0,0,0,0,1,0,0,0,0,1,1,1,1,1,1,0,0,1,1,1,1,1,0,0,1,1,1,1,1,1,1,0,1,-1,1,1,1,1,,1,1,-1,0,1,1,0,1,1,1,1,-1,0,0,,1,0,1,1,0,0,1,0,1,0,1,0,0,0,0,0,1,1,0,-1,0,0,0,1,0,0,0,1,-1,-1,-1,-1,-1,1,-1,0,0,1,1,-1,0,114,97,17,31.93,298,58,7
toro_water_air_thermal_technolo_2021,-1,-1,-1,-1,-1,0,0,0,-1,-1,-1,-1,-1,-1,-1,1,1,0,1,1,1,1,0,0,0,1,-1,1,1,1,1,0,0,0,0,0,0,0,1,1,1,1,1,0,0,1,1,1,1,0,0,1,0,1,1,1,1,0,0,0,,,0,0,0,0,0,-1,1,1,0,0,0,0,0,-1,0,-1,0,0,0,1,1,1,1,1,-1,-1,1,1,1,0,-1,-1,-1,-1,-1,-1,-1,-1,-1,-1,-1,1,1,1,1,1,1,1,1,0,1,1,1,1,1,1,1,0,1,1,1,1,1,1,1,1,0,0,0,0,0,1,1,0,1,1,1,1,0,1,1,1,0,1,1,1,0,1,1,0,0,0,1,1,0,1,0,1,1,0,0,1,1,1,0,0,0,0,0,0,0,1,0,0,0,0,1,0,0,0,0,0,0,0,0,0,0,0,0,0,0,0,1,0,0,0,0,-1,-1,-1,-1,-1,-1,-1,-1,0,0,0,0,0,0,0,0,-1,-1,0,0,0,1,1,1,0,0,0,0,,,,0,0,0,0,0,0,0,0,0,0,0,0,0,0,0,0,1,1,-1,-1,1,-1,-1,-1,1,1,1,1,1,1,0,1,-1,-1,1,1,1,1,-1,-1,0,0,1,0,0,1,-1,1,1,1,1,1,1,1,0,1,1,1,1,1,0,0,1,1,1,1,1,1,1,0,1,1,1,0,1,0,1,1,1,0,0,1,1,1,1,1,1,1,1,1,0,1,0,0,,1,0,1,1,1,1,0,1,1,1,0,1,0,1,0,0,-1,0,0,0,0,0,0,0,-1,-1,0,0,0,0,-1,0,-1,0,0,1,0,1,150,130,20,42.02,303,54,6
trace_2021,-1,-1,-1,-1,-1,0,0,0,-1,-1,-1,-1,-1,-1,-1,1,1,0,1,1,1,1,0,0,0,-1,-1,1,1,1,1,1,0,0,0,-1,0,0,1,1,1,1,1,0,0,1,1,-1,1,0,0,1,0,-1,1,1,1,0,0,0,1,1,0,0,0,0,0,1,1,1,0,0,-1,0,0,-1,0,0,0,0,0,0,-1,-1,1,0,-1,-1,0,1,0,0,-1,-1,-1,-1,-1,-1,-1,-1,-1,-1,-1,1,1,1,0,0,0,0,0,0,0,0,0,1,1,1,1,0,0,0,0,1,1,0,0,0,0,0,0,0,0,1,1,0,0,1,1,0,0,1,1,1,1,0,0,1,0,0,0,0,0,0,0,1,0,1,0,1,1,0,0,1,1,1,0,0,0,1,0,0,0,0,0,0,0,0,1,0,1,0,0,0,0,0,0,0,0,0,0,0,0,0,1,0,0,0,0,-1,1,1,-1,-1,-1,-1,-1,0,0,0,0,0,0,0,0,-1,-1,,1,1,1,-1,-1,0,0,0,0,,,,0,0,0,0,0,0,0,0,0,-1,-1,-1,0,0,0,0,1,1,-1,-1,-1,-1,-1,-1,1,0,0,0,0,0,-1,0,0,0,1,1,1,1,1,1,0,0,-1,0,0,0,0,0,0,0,1,0,0,1,0,1,1,0,0,0,0,0,0,0,1,1,1,1,1,0,1,1,1,1,1,1,1,0,1,1,0,1,0,0,0,0,0,0,1,0,0,0,1,0,,1,1,1,0,1,1,1,1,0,0,1,1,1,0,1,-1,-1,0,0,0,0,0,0,0,-1,-1,0,0,0,0,-1,0,0,0,0,0,0,1,106,90,16,29.69,298,60,5
transfoam_2021,-1,-1,1,1,1,,1,1,-1,-1,-1,1,1,1,1,-1,-1,1,-1,-1,1,1,0,0,0,1,1,1,1,1,1,0,0,0,0,1,1,0,1,1,1,1,1,0,0,-1,1,1,-1,0,0,1,1,0,1,1,1,1,1,1,1,1,0,0,0,1,1,1,1,1,0,1,0,0,1,1,0,0,1,1,1,1,1,1,0,0,1,1,0,1,1,0,-1,-1,-1,-1,0,0,0,0,0,0,0,1,0,-1,0,0,0,0,0,0,1,1,0,1,1,1,1,0,,1,1,-1,-1,1,1,0,0,0,0,0,0,1,1,-1,-1,-1,-1,-1,-1,-1,-1,-1,0,-1,-1,1,0,1,0,1,1,0,0,0,0,1,0,1,1,0,0,1,1,1,0,0,0,0,0,0,1,0,0,1,1,0,1,1,0,1,0,1,1,1,0,1,1,1,0,0,0,0,1,1,0,0,1,0,-1,-1,-1,-1,-1,-1,-1,0,0,1,1,1,1,0,0,-1,-1,-1,-1,-1,0,-1,-1,0,0,0,0,,,,0,0,0,0,0,0,0,0,0,0,0,0,0,0,0,0,-1,-1,0,0,1,-1,-1,1,1,1,1,0,0,0,0,0,0,0,1,1,1,1,0,0,0,0,1,-1,-1,-1,0,0,0,0,0,1,0,1,0,1,1,0,0,0,0,0,1,1,1,1,1,1,1,1,1,1,1,1,1,1,1,1,1,0,1,1,0,1,1,1,1,0,1,1,0,0,1,1,1,1,1,0,1,1,1,0,1,1,1,0,1,0,1,1,1,1,0,0,0,0,1,0,0,1,0,0,0,0,1,1,0,1,0,1,1,-1,0,159,133,26,44.54,307,51,5
transformax_2021,-1,-1,-1,-1,-1,-1,-1,-1,-1,-1,-1,-1,-1,-1,-1,1,1,0,1,1,1,-1,-1,-1,-1,-1,-1,0,0,1,1,-1,0,0,0,0,0,0,1,1,1,1,1,0,0,1,1,1,1,0,0,1,0,-1,1,1,1,0,0,0,-1,-1,0,0,0,1,1,-1,-1,-1,0,1,0,0,0,1,0,0,0,0,-1,-1,-1,-1,0,0,1,1,-1,1,-1,-1,0,0,0,0,0,0,0,-1,-1,-1,-1,1,1,1,0,0,0,0,0,0,-1,-1,0,1,1,1,1,0,1,0,0,1,1,0,0,0,0,0,0,0,0,1,1,0,1,1,1,1,0,1,1,1,0,-1,-1,1,0,-1,-1,-1,-1,0,-1,1,0,-1,0,-1,0,0,0,1,1,1,0,0,0,0,0,0,-1,-1,-1,-1,-1,-1,1,-1,0,-1,-1,-1,-1,-1,-1,-1,-1,-1,0,0,0,0,1,-1,0,0,1,-1,-1,-1,-1,-1,-1,-1,-1,-1,-1,0,0,0,0,0,0,-1,-1,-1,-1,-1,1,-1,-1,0,0,0,0,,,,0,0,0,0,0,0,0,0,0,-1,-1,-1,0,0,0,0,-1,-1,-1,-1,1,-1,-1,-1,1,-1,-1,1,1,1,0,1,1,1,1,1,1,1,0,0,0,0,1,0,0,-1,0,1,1,1,-1,-1,-1,1,0,1,1,1,1,1,0,-1,1,1,1,1,1,1,1,0,1,1,1,1,1,-1,1,-1,-1,0,0,1,-1,0,1,1,1,1,1,0,0,-1,1,-1,1,1,1,0,-1,1,1,0,1,0,-1,0,0,-1,1,1,1,-1,0,1,0,1,-1,0,0,1,-1,-1,-1,-1,-1,-1,-1,0,0,0,-1,0,0,109,89,20,30.53,240,120,3
trianon_renewable_grid_stabilit_2021,-1,-1,-1,-1,-1,0,0,0,-1,-1,-1,-1,-1,-1,-1,-1,-1,0,1,1,1,0,-1,-1,0,1,1,1,1,1,1,0,0,0,0,0,0,0,1,1,-1,1,1,0,0,1,1,1,1,0,0,1,0,0,1,1,0,0,0,0,1,1,0,0,0,0,0,0,0,0,0,-1,1,0,0,1,0,0,0,1,1,-1,-1,-1,0,0,-1,-1,0,0,0,1,0,0,0,0,0,0,0,0,0,0,0,0,0,1,0,0,0,0,0,0,-1,-1,0,,,,,0,,0,0,1,1,0,0,0,0,0,0,0,0,1,1,0,1,1,1,1,0,1,1,1,1,1,-1,1,0,0,1,0,-1,0,1,1,0,1,0,0,0,0,0,1,1,1,0,0,0,0,0,0,-1,1,0,-1,-1,-1,1,-1,0,-1,0,-1,-1,-1,0,-1,-1,-1,0,0,0,0,1,-1,0,0,-1,-1,1,1,-1,-1,-1,-1,-1,1,1,-1,-1,1,1,-1,-1,-1,-1,-1,-1,-1,-1,1,1,0,0,0,0,,,,0,0,0,0,0,0,0,0,0,0,0,0,0,0,0,0,1,1,1,1,1,-1,-1,-1,1,0,0,0,0,0,0,1,1,1,1,1,1,1,0,0,0,0,1,0,0,1,0,1,1,1,1,1,1,1,0,1,1,1,1,1,0,-1,1,1,1,-1,-1,-1,1,0,0,1,1,0,1,1,-1,1,-1,0,0,1,0,0,1,1,1,0,1,-1,0,0,0,1,0,1,1,0,1,0,1,0,1,-1,0,1,0,1,-1,1,1,0,0,0,0,0,-1,0,0,0,0,0,0,0,0,0,0,0,0,0,0,0,0,111,94,17,31.09,285,70,8
unigrid_llc_2021,-1,-1,1,1,1,0,0,0,-1,-1,-1,-1,-1,-1,-1,1,1,0,1,1,1,-1,0,0,0,-1,1,-1,-1,1,1,-1,0,0,0,0,0,0,1,1,1,1,1,0,0,1,1,0,0,0,0,1,0,-1,1,1,1,0,0,0,0,1,0,0,0,0,0,-1,-1,-1,0,1,0,0,0,1,0,0,0,1,-1,0,0,0,0,0,-1,-1,0,-1,0,0,,1,1,1,-1,-1,-1,-1,-1,-1,-1,0,0,1,0,0,0,0,0,0,1,1,1,,,,,0,,0,0,1,1,0,0,0,0,0,0,0,0,1,1,0,1,1,1,1,0,1,1,1,-1,1,1,1,0,-1,-1,-1,-1,0,-1,-1,0,1,0,1,1,0,0,1,1,1,0,0,-1,0,0,0,-1,1,0,-1,-1,-1,1,-1,0,-1,0,-1,-1,-1,0,-1,-1,-1,0,0,0,0,1,-1,0,0,1,0,-1,-1,-1,-1,-1,-1,-1,1,1,0,0,1,1,0,0,-1,-1,0,0,0,0,-1,-1,0,0,0,0,,,,0,0,0,0,0,0,0,0,0,0,0,0,0,0,0,0,1,1,-1,-1,1,-1,-1,-1,1,1,1,0,0,0,1,0,0,0,1,1,1,0,1,1,0,0,0,0,0,1,0,0,0,0,1,-1,0,1,0,1,1,1,-1,-1,0,0,1,1,1,1,1,1,1,0,1,1,1,1,1,-1,1,1,1,0,-1,1,0,1,1,1,1,1,1,-1,0,-1,0,1,1,1,-1,0,1,1,1,0,0,0,1,1,0,1,1,1,1,1,0,0,0,0,-1,0,0,0,0,0,0,0,0,0,0,0,0,0,1,0,0,115,96,19,32.21,279,75,9
voltpost_inc_2021,-1,-1,1,1,1,-1,-1,-1,1,1,1,1,1,1,1,1,1,0,1,1,1,-1,-1,-1,0,-1,1,1,1,1,1,0,-1,-1,-1,1,0,0,1,1,1,1,1,0,0,0,1,1,1,0,-1,1,1,1,1,1,1,1,1,1,1,1,0,-1,-1,1,1,-1,-1,-1,0,1,-1,-1,0,1,0,0,0,1,-1,0,-1,-1,0,0,1,1,0,1,0,-1,-1,-1,-1,-1,0,0,0,-1,-1,-1,-1,-1,-1,1,1,1,1,1,1,0,1,1,1,1,1,1,1,0,1,1,1,1,1,1,1,1,0,0,0,0,0,1,1,0,1,1,1,1,0,1,1,1,0,1,1,1,0,-1,0,-1,-1,0,0,1,0,1,0,1,1,0,0,1,1,1,0,0,0,1,0,0,-1,0,0,-1,-1,-1,1,-1,-1,-1,0,-1,-1,-1,0,-1,-1,-1,0,0,0,0,1,-1,0,0,1,-1,1,1,-1,-1,1,-1,-1,-1,-1,0,0,-1,-1,0,0,-1,-1,-1,-1,-1,1,1,1,0,0,0,0,,,,0,0,0,0,0,0,0,0,0,-1,-1,-1,0,0,0,0,1,1,1,1,1,-1,-1,1,1,-1,-1,1,1,1,0,1,1,1,1,1,1,1,0,0,0,0,1,0,0,1,0,1,1,1,1,-1,1,1,0,1,1,1,0,0,0,0,1,1,,1,1,1,1,0,1,1,1,1,1,1,1,1,1,0,0,1,-1,1,1,1,1,1,1,-1,0,0,1,0,1,1,1,0,1,-1,1,-1,1,1,-1,0,0,0,1,1,1,1,0,1,0,-1,-1,0,0,1,0,0,0,0,0,-1,0,0,0,0,1,0,0,163,141,22,45.66,278,81,4
waterhound_california_2021,-1,-1,1,1,1,0,0,0,-1,-1,-1,1,1,1,1,1,1,0,1,1,1,-1,-1,-1,0,-1,-1,0,0,1,1,0,0,0,0,1,-1,0,1,1,1,1,1,0,0,1,1,1,-1,0,-1,1,-1,0,1,1,1,1,-1,-1,1,1,0,-1,-1,0,0,-1,-1,-1,-1,1,0,0,0,1,0,0,-1,0,1,0,1,1,-1,0,0,0,0,1,1,0,0,0,0,0,0,0,0,0,0,0,0,-1,0,1,0,0,0,0,0,0,-1,-1,-1,,,,,0,,0,0,1,1,0,0,0,0,0,0,0,0,1,1,0,1,1,1,1,0,1,1,1,-1,1,-1,1,0,-1,1,-1,-1,0,1,0,0,1,0,0,1,0,0,1,1,1,1,1,-1,1,1,0,-1,0,0,-1,0,-1,1,-1,-1,-1,0,-1,-1,-1,0,-1,-1,-1,0,0,0,0,1,-1,0,0,1,-1,1,1,-1,-1,1,-1,-1,0,0,0,0,0,0,0,0,-1,-1,-1,-1,-1,1,-1,-1,0,0,0,0,,,,0,0,0,0,0,0,0,0,0,-1,-1,-1,0,0,0,0,1,1,1,1,1,-1,-1,-1,1,1,1,-1,-1,-1,0,1,1,1,1,1,1,1,0,0,0,0,1,0,0,1,0,1,1,1,1,1,1,1,1,1,1,1,1,1,0,-1,1,1,1,1,1,1,1,0,-1,1,1,1,1,0,0,0,0,0,0,1,0,0,1,1,1,1,-1,-1,0,0,0,-1,,1,-1,-1,-1,-1,1,0,1,1,1,0,1,-1,1,1,1,1,0,0,0,1,-1,0,0,1,0,1,1,1,0,-1,0,0,0,0,0,0,0,130,111,19,36.41,274,80,9
xizan_energy_2021,1,1,-1,-1,-1,0,0,0,-1,-1,-1,1,1,1,1,1,1,0,1,1,1,0,-1,-1,0,-1,-1,0,0,1,1,1,-1,-1,0,0,-1,0,1,1,1,1,1,0,0,0,1,1,1,0,-1,1,0,1,1,1,1,-1,0,0,1,1,0,0,0,1,1,1,1,1,-1,1,0,0,0,1,0,0,-1,0,1,1,-1,-1,0,0,-1,-1,0,1,0,0,,1,1,1,-1,-1,-1,,1,1,1,1,1,1,0,0,0,0,0,0,0,0,0,,,,,0,,1,1,1,1,1,1,1,0,0,0,0,0,1,1,0,1,1,1,1,0,1,1,1,0,1,0,1,0,0,1,1,1,0,0,1,0,1,0,1,1,0,0,1,1,1,0,0,0,0,0,0,1,0,0,1,1,1,1,1,0,1,0,1,1,1,0,1,1,1,0,0,0,0,1,1,0,0,1,0,-1,-1,-1,-1,-1,-1,-1,1,1,0,0,1,1,0,0,-1,-1,0,0,0,1,-1,-1,0,0,0,0,,,,0,0,0,0,0,0,0,0,0,0,0,0,0,0,0,0,1,1,-1,-1,1,-1,-1,-1,1,1,1,0,0,0,0,1,-1,-1,1,1,1,1,-1,-1,0,0,1,1,1,1,0,1,1,1,1,-1,1,-1,0,1,1,1,1,1,0,-1,1,1,1,1,1,1,1,0,1,1,-1,1,1,1,1,1,1,0,0,1,0,1,0,0,0,0,1,-1,0,1,1,0,,1,0,1,1,1,1,0,1,0,0,1,-1,0,0,-1,-1,0,0,0,0,1,0,0,0,1,0,1,1,1,1,-1,-1,0,0,0,0,0,0,155,137,18,43.42,298,54,11
zero_2021,-1,-1,-1,-1,-1,0,0,0,-1,-1,-1,1,1,1,1,1,1,0,1,1,1,-1,-1,-1,0,-1,-1,0,0,1,1,1,-1,-1,-1,-1,0,0,0,-1,-1,1,1,0,0,0,1,1,0,0,0,1,1,0,1,1,1,-1,-1,-1,1,1,0,0,0,-1,-1,1,1,1,0,1,0,0,0,1,0,0,0,1,1,1,0,0,1,1,0,0,0,1,0,0,0,0,0,0,0,0,0,-1,-1,-1,-1,1,0,1,1,1,0,0,-1,0,1,1,-1,1,1,1,1,0,1,0,0,1,1,0,0,0,0,0,0,0,0,1,1,0,-1,1,1,-1,0,1,1,1,-1,-1,1,0,0,-1,0,0,0,0,0,1,0,0,0,0,0,0,0,1,1,1,0,0,0,0,0,0,-1,0,0,-1,-1,-1,1,-1,0,-1,0,-1,-1,-1,0,-1,-1,-1,0,0,0,0,1,-1,0,0,1,-1,-1,-1,-1,-1,-1,-1,-1,-1,-1,1,1,0,0,0,0,-1,-1,0,0,0,1,0,0,0,0,0,0,,,,0,0,0,0,0,0,0,0,0,0,0,0,0,0,0,0,-1,-1,0,0,1,-1,-1,1,1,0,0,1,1,1,0,1,0,0,1,1,1,1,1,1,0,0,1,0,0,1,0,1,1,0,1,1,1,1,0,1,1,1,1,1,0,-1,1,1,1,1,1,1,1,0,1,0,1,1,1,0,0,0,1,0,-1,1,0,0,0,0,0,0,1,-1,0,0,1,-1,,1,0,1,1,1,1,0,1,1,0,-1,-1,0,-1,1,1,1,0,1,0,-1,0,0,0,1,0,0,0,0,-1,-1,0,0,0,0,0,0,0,118,104,14,33.05,285,74,4
108dlt_inc_2021,-1,-1,-1,-1,-1,-1,-1,-1,0,0,0,0,0,0,0,-1,-1,0,-1,-1,0,0,0,0,0,0,0,0,0,1,1,-1,0,0,0,1,0,0,1,-1,-1,1,1,0,0,0,-1,-1,-1,0,0,0,-1,0,1,0,0,0,0,0,-1,0,0,-1,-1,0,0,1,1,1,0,-1,0,0,0,-1,0,0,-1,0,0,0,0,0,0,0,0,0,0,0,0,0,0,0,0,0,0,0,0,0,0,0,0,0,0,-1,0,0,0,0,0,0,0,0,0,0,0,0,0,0,0,0,0,0,0,0,0,0,0,0,0,0,0,0,0,0,0,0,0,0,0,0,0,0,0,0,-1,1,0,0,1,-1,-1,0,1,1,0,-1,0,0,-1,0,0,0,0,-1,0,0,0,0,0,0,-1,-1,0,-1,-1,-1,1,0,0,-1,0,-1,-1,-1,0,-1,-1,-1,0,0,0,0,1,-1,0,0,-1,-1,1,1,-1,-1,-1,-1,-1,0,0,-1,-1,0,0,0,0,-1,-1,-1,-1,-1,0,1,1,0,0,0,0,,,,0,0,0,0,0,0,0,0,0,-1,-1,-1,0,0,0,0,1,1,1,1,1,-1,-1,-1,1,0,0,0,0,0,1,0,-1,0,1,1,1,1,0,0,0,0,1,0,0,0,0,0,0,0,0,0,0,0,0,-1,1,1,0,0,0,0,1,0,1,,,,-1,0,-1,1,-1,0,1,-1,0,-1,0,0,0,1,0,0,0,0,0,0,-1,0,0,0,0,-1,0,-1,0,-1,-1,1,1,0,1,-1,-1,0,1,1,0,1,1,1,0,1,0,0,0,0,0,0,0,0,0,0,0,0,0,0,0,0,0,0,0,48,40,8,13.45,278,79,6
aaa_academy_for_children_inc_2021,-1,-1,-1,-1,-1,-1,-1,-1,0,0,0,0,0,0,0,1,1,0,1,1,1,1,0,0,0,0,1,1,1,1,1,0,0,0,0,,0,0,1,1,-1,1,1,0,0,0,-1,-1,0,0,0,-1,0,0,1,0,0,1,0,0,-1,0,0,0,0,1,1,0,0,0,0,1,1,1,0,1,1,1,0,0,1,0,1,1,-1,-1,-1,-1,0,0,1,0,0,0,0,0,0,0,0,0,0,0,0,-1,0,1,0,0,0,0,0,0,1,1,0,1,1,1,1,0,1,-1,-1,1,1,-1,-1,0,0,0,0,0,0,1,1,0,0,1,1,0,0,1,1,1,0,0,1,0,0,-1,0,-1,-1,0,0,1,0,0,0,0,0,0,0,-1,-1,1,0,0,0,0,0,0,-1,0,0,-1,-1,-1,1,-1,0,-1,0,-1,-1,-1,-1,0,-1,-1,0,0,0,0,-1,-1,0,0,-1,-1,1,1,-1,-1,1,-1,-1,-1,-1,1,1,0,0,0,0,-1,-1,,1,1,0,-1,-1,0,0,0,0,,,,0,0,0,0,0,0,0,0,0,0,0,0,0,0,0,0,-1,-1,1,1,1,-1,-1,-1,1,1,1,1,1,1,0,0,0,0,1,1,1,1,0,0,0,0,-1,0,0,-1,0,1,1,0,0,0,0,0,0,1,1,-1,-1,-1,0,0,1,-1,1,1,1,1,1,1,1,0,1,0,1,1,1,1,0,0,0,1,1,1,0,0,0,0,-1,-1,0,1,1,-1,0,0,-1,-1,1,1,1,0,1,1,0,-1,1,1,0,1,1,1,-1,1,0,1,-1,1,1,1,1,1,1,1,0,-1,-1,0,0,0,0,0,0,111,92,19,31.09,284,74,5
acadian_composite_materials_in_2021,1,1,-1,-1,-1,0,0,0,0,0,0,0,0,0,0,-1,-1,0,1,1,1,1,0,0,0,-1,1,0,0,1,1,0,0,0,0,0,0,0,1,1,0,1,1,0,0,0,0,0,0,0,0,1,0,0,1,1,0,0,0,0,-1,0,0,0,0,0,0,1,1,1,0,-1,0,0,0,1,1,-1,0,0,1,0,1,1,-1,0,-1,-1,0,1,1,0,0,0,0,0,0,0,0,0,0,0,0,1,0,-1,0,0,0,0,0,0,0,0,0,0,0,0,0,0,0,0,0,0,0,0,0,0,0,0,0,0,0,0,0,0,0,0,0,0,0,0,0,0,0,0,-1,1,1,-1,0,-1,-1,0,0,0,0,0,0,0,0,0,0,1,1,1,0,0,0,0,0,0,-1,1,0,-1,-1,-1,1,-1,0,-1,0,-1,-1,-1,0,-1,-1,-1,0,1,0,0,1,-1,-1,0,1,-1,1,1,-1,-1,1,-1,-1,-1,-1,-1,-1,0,0,0,0,-1,-1,,1,1,1,-1,-1,0,0,0,0,,,,0,0,0,0,0,0,0,0,0,,1,1,0,0,,0,1,1,1,1,1,-1,-1,-1,1,0,0,0,0,0,-1,0,1,-1,1,1,1,1,0,0,0,0,0,1,1,0,0,1,1,1,1,1,0,0,0,0,1,1,0,0,0,0,1,0,1,1,1,1,1,-1,1,1,1,0,1,1,1,1,1,0,0,1,-1,1,1,1,1,0,1,-1,0,0,1,-1,0,1,1,0,1,1,,0,1,0,0,0,1,-1,1,1,1,0,1,0,0,0,0,0,0,0,0,0,0,0,-1,0,0,1,0,0,0,0,0,97,80,17,27.17,301,55,7
activemems_2021,-1,-1,-1,-1,-1,0,0,0,0,0,0,0,0,0,0,1,1,0,-1,-1,0,-1,0,0,0,-1,1,0,0,1,1,0,0,0,0,-1,0,0,0,-1,1,1,1,0,0,0,0,0,-1,0,0,-1,0,0,1,0,0,0,0,0,-1,0,0,0,0,-1,-1,1,1,1,0,-1,0,0,0,-1,0,0,0,0,0,0,0,0,0,0,0,0,0,-1,0,0,-1,-1,-1,-1,-1,-1,-1,-1,-1,-1,-1,-1,0,0,0,0,0,0,0,0,0,0,0,0,0,0,0,0,0,0,0,0,0,0,0,0,0,0,0,0,0,0,0,0,0,0,0,0,0,0,0,0,0,0,0,1,0,0,1,0,0,0,1,1,0,1,0,1,1,0,0,1,1,1,1,1,0,0,1,0,0,0,0,0,0,0,1,0,0,0,0,0,0,0,0,0,0,0,0,0,0,0,1,0,0,0,1,-1,1,1,-1,-1,-1,-1,-1,1,1,-1,-1,0,0,0,0,-1,-1,,1,1,1,-1,-1,0,0,0,0,,,,0,0,0,0,0,0,0,0,0,0,0,0,0,0,,0,1,1,1,1,1,-1,-1,-1,1,1,1,0,0,0,0,1,-1,-1,1,1,1,1,0,0,0,0,0,-1,-1,0,0,-1,-1,-1,1,0,0,0,0,0,1,0,0,0,0,0,1,-1,1,1,1,1,1,0,0,-1,1,0,-1,-1,1,1,-1,0,0,1,-1,0,0,0,0,0,1,0,0,0,1,0,0,0,-1,0,1,-1,-1,0,-1,1,-1,0,-1,0,0,1,1,0,1,1,0,0,0,0,0,0,0,0,0,0,0,0,0,0,0,0,0,0,0,68,59,9,19.05,293,65,5
ageto_energy_2021,-1,-1,-1,-1,-1,,1,1,0,0,0,0,0,0,0,-1,-1,0,-1,-1,0,1,0,0,0,0,0,0,0,1,1,0,0,0,0,1,0,0,0,0,1,1,1,0,0,0,1,1,1,0,-1,1,1,0,1,1,0,1,0,0,-1,-1,-1,0,0,,,1,1,1,0,1,0,0,0,1,1,1,-1,0,0,0,0,0,1,1,0,0,1,1,0,0,0,0,0,0,0,0,0,,1,1,1,1,1,0,0,0,0,0,0,0,0,0,0,0,0,0,0,0,0,0,0,0,0,0,0,0,0,0,0,0,0,1,1,0,0,0,0,0,0,1,1,1,0,0,0,1,,0,1,0,0,0,1,1,0,0,0,0,0,0,0,1,1,1,1,1,0,0,1,0,0,1,0,0,0,0,1,0,0,0,0,0,0,0,0,0,0,0,0,1,0,0,1,0,1,0,,-1,-1,-1,-1,-1,-1,-1,-1,0,0,0,0,0,0,0,0,-1,-1,0,0,0,1,1,1,0,0,0,0,,,,0,0,0,0,0,0,0,0,0,0,0,0,0,0,,0,-1,-1,-1,-1,1,-1,-1,-1,1,1,1,1,1,1,1,0,1,1,1,1,1,1,0,0,0,0,0,0,0,1,1,1,1,1,1,0,0,0,0,1,1,1,1,1,0,0,1,1,1,1,1,1,1,0,1,1,1,0,1,1,1,1,1,0,0,1,1,1,1,1,1,0,1,0,0,1,1,1,0,1,1,1,1,0,1,0,1,1,1,0,1,1,1,1,0,0,1,1,0,0,0,0,0,0,0,0,0,0,1,1,0,0,0,0,0,0,1,123,100,23,34.45,322,31,10
air_earth_llc_2021,-1,-1,-1,-1,-1,0,0,0,0,0,0,0,0,0,0,-1,-1,0,-1,-1,1,1,0,0,0,0,-1,1,1,1,1,0,0,0,0,0,0,0,-1,0,1,1,-1,0,0,-1,-1,0,0,0,0,1,0,0,1,0,0,0,0,0,0,0,0,0,0,0,0,0,0,0,0,0,0,0,0,-1,0,0,0,0,0,0,0,0,0,0,0,0,0,0,0,0,-1,-1,-1,-1,-1,-1,-1,0,0,0,0,0,0,0,0,0,0,0,0,0,0,0,0,0,0,0,0,0,0,0,0,0,0,0,0,0,0,0,0,0,0,0,0,0,0,0,0,0,0,0,0,0,0,0,-1,1,0,0,1,0,0,0,1,-1,0,1,-1,1,1,0,0,1,1,1,0,0,0,0,0,0,0,1,0,0,0,0,1,0,0,0,0,0,0,0,0,0,-1,-1,0,0,0,0,1,0,0,0,-1,0,-1,-1,-1,-1,-1,-1,-1,0,0,0,0,0,0,0,0,-1,-1,-1,-1,-1,0,1,1,0,0,0,0,,,,0,0,0,0,0,0,0,0,0,0,0,0,0,0,0,0,1,1,-1,-1,1,-1,-1,-1,1,0,0,0,0,0,0,0,1,-1,1,1,1,1,0,0,0,0,0,0,0,0,0,1,1,1,0,0,0,0,0,-1,1,1,0,0,0,0,1,0,1,1,1,1,0,0,-1,-1,1,0,1,0,0,-1,0,0,0,1,1,0,1,1,1,0,1,0,0,0,-1,-1,0,1,0,0,1,0,1,0,1,0,0,0,0,0,1,1,1,0,1,0,-1,0,0,0,0,0,0,0,0,0,0,0,0,0,0,1,0,0,0,60,49,11,16.81,307,53,3
alim_innovations_2021,-1,-1,-1,-1,-1,0,0,0,0,0,0,0,0,0,0,-1,-1,0,-1,-1,1,-1,0,0,0,-1,0,1,1,1,1,0,0,0,0,0,0,0,1,1,-1,1,1,0,0,0,0,0,0,0,0,-1,0,0,1,-1,0,0,0,0,0,0,0,0,0,0,0,0,-1,-1,0,-1,-1,0,0,-1,0,0,0,0,0,0,0,0,0,0,0,0,0,1,0,0,0,0,0,0,0,0,0,0,0,0,0,1,0,0,0,0,0,0,0,0,0,0,0,0,0,0,0,0,0,0,0,0,0,0,0,0,0,0,0,0,0,0,0,0,0,0,0,0,0,0,0,0,0,0,-1,1,0,-1,0,0,0,0,0,0,0,1,0,0,0,0,0,-1,-1,1,0,0,0,0,0,0,-1,0,0,-1,-1,-1,1,-1,0,-1,0,-1,-1,-1,0,-1,-1,-1,0,0,0,0,1,-1,0,0,1,-1,1,1,-1,-1,-1,-1,-1,0,0,0,0,0,0,0,0,-1,-1,-1,-1,-1,1,-1,-1,0,0,0,0,,,,0,0,0,0,0,0,0,0,0,0,0,0,0,0,0,0,1,1,-1,-1,1,-1,-1,-1,1,0,0,0,0,0,0,0,1,1,1,1,1,1,0,0,0,0,0,0,0,0,0,-1,-1,-1,1,-1,-1,1,1,0,1,1,0,0,0,0,1,0,1,1,1,1,1,0,0,1,1,0,1,-1,1,1,-1,0,0,1,-1,0,-1,-1,-1,0,1,0,0,0,-1,0,0,1,1,0,-1,-1,1,0,1,1,0,0,-1,0,-1,-1,0,0,0,0,0,0,-1,0,0,0,0,0,0,0,0,0,0,0,0,-1,0,0,0,54,45,9,15.13,287,73,3
ampup_2021,1,1,-1,-1,-1,,1,1,0,0,0,0,0,0,0,-1,-1,0,-1,-1,0,1,0,0,0,-1,-1,-1,-1,1,1,0,0,0,0,1,0,0,1,1,1,1,1,-1,0,1,1,1,-1,0,0,1,-1,0,1,1,0,1,-1,-1,0,0,0,1,1,0,0,0,0,0,0,0,1,0,-1,1,1,0,1,0,1,0,1,1,1,1,0,0,1,1,1,0,-1,-1,-1,-1,-1,-1,-1,0,0,0,0,1,-1,-1,0,0,0,0,0,0,0,0,0,0,0,0,0,0,0,0,0,0,0,0,0,0,0,0,0,-1,0,1,1,0,-1,0,0,-1,0,0,0,0,0,-1,0,1,0,0,1,0,0,0,1,1,0,1,0,1,1,0,0,1,1,1,1,0,0,0,1,0,0,0,0,0,0,0,1,0,0,0,0,0,0,0,0,0,0,0,1,0,1,1,1,0,0,0,1,0,-1,-1,-1,1,-1,-1,-1,0,0,1,1,-1,-1,0,0,-1,-1,-1,-1,-1,1,-1,-1,0,0,0,0,,,,0,0,,0,0,0,0,0,,0,0,0,0,0,0,-1,-1,-1,0,0,1,-1,-1,-1,1,1,1,1,1,1,1,0,1,1,1,1,1,1,-1,-1,-1,-1,0,0,0,0,-1,1,1,1,1,1,0,0,0,1,1,1,1,1,0,0,1,0,1,1,1,1,1,1,1,-1,1,0,1,1,1,1,1,-1,-1,1,-1,-1,1,1,1,0,1,1,-1,1,1,1,0,1,-1,-1,1,0,,0,1,1,-1,0,1,0,1,1,1,1,1,0,-1,-1,0,0,0,-1,0,0,0,0,0,1,0,0,0,0,0,0,0,117,96,21,32.77,288,68,7
arom_r_2021,-1,-1,-1,-1,-1,-1,-1,-1,0,0,0,0,0,0,0,1,1,0,-1,-1,1,0,0,0,0,-1,0,0,0,1,1,1,0,0,0,1,0,0,-1,-1,0,1,0,0,0,0,1,0,-1,0,0,-1,0,0,1,0,0,1,0,0,1,0,0,0,0,0,0,1,-1,-1,0,1,0,0,0,-1,0,0,0,0,0,0,0,0,1,1,0,0,1,1,0,0,-1,-1,-1,-1,-1,-1,-1,0,0,0,0,1,-1,0,0,0,0,0,0,0,0,0,0,0,0,0,0,0,0,0,0,0,0,0,0,0,0,0,0,0,0,0,0,0,0,0,0,0,0,0,0,0,0,0,0,1,0,0,0,1,0,0,0,1,0,1,0,1,1,0,0,1,1,1,0,0,0,0,0,0,1,0,0,1,1,0,1,1,0,1,0,1,1,1,0,1,1,1,0,0,0,0,1,1,0,0,1,0,-1,-1,-1,-1,-1,-1,-1,1,1,0,0,0,0,0,0,1,1,0,0,0,0,-1,-1,0,0,0,0,,,,0,0,0,0,0,0,0,0,0,0,0,0,0,0,0,0,1,1,1,1,-1,-1,-1,-1,1,1,1,0,0,0,1,0,1,1,1,1,1,1,0,0,0,0,1,0,0,0,0,1,1,1,1,0,1,1,1,1,1,1,0,0,0,0,1,0,1,1,1,1,1,0,1,1,0,1,1,0,1,1,1,0,0,1,0,0,0,0,0,0,1,1,0,0,1,1,,1,1,0,0,0,1,1,1,1,0,0,0,1,0,1,1,0,0,0,0,0,0,0,0,0,0,0,0,0,0,0,0,0,0,0,0,0,0,99,84,15,27.73,320,39,4
ascentool_inc_2021,-1,-1,-1,-1,-1,-1,-1,-1,0,0,0,0,0,0,0,1,1,-1,1,1,1,1,0,0,0,-1,0,-1,-1,1,1,0,0,0,0,-1,-1,0,1,1,-1,1,1,0,0,0,-1,-1,-1,0,-1,1,0,-1,1,0,0,-1,0,0,-1,0,0,-1,-1,1,1,-1,0,0,0,1,0,0,0,1,1,0,1,0,0,0,0,0,1,1,0,0,-1,1,0,0,,1,1,1,,1,1,0,0,0,0,1,0,0,0,0,0,0,0,0,0,0,0,0,0,0,0,0,0,0,0,0,0,0,0,0,0,0,0,0,0,0,0,0,0,0,0,0,0,0,0,0,0,0,1,1,1,-1,1,-1,-1,0,1,1,0,1,-1,1,1,0,0,1,1,1,0,0,0,0,0,0,-1,1,0,-1,-1,0,1,-1,0,-1,0,-1,-1,-1,0,-1,-1,-1,0,1,0,0,1,-1,1,0,1,-1,1,1,-1,-1,-1,-1,-1,1,1,0,0,0,0,0,0,-1,-1,,1,1,1,1,1,0,0,0,0,,,,0,0,0,0,0,0,0,0,0,0,0,0,0,0,0,0,1,1,1,1,1,-1,-1,-1,1,1,1,0,0,0,-1,0,1,1,1,1,1,1,0,0,0,0,-1,0,0,1,0,1,1,0,1,0,-1,1,1,-1,1,1,0,0,0,0,1,0,1,1,1,1,1,0,1,1,1,0,1,1,1,1,0,0,0,-1,1,-1,1,1,1,0,1,-1,0,0,1,1,0,1,1,-1,1,0,1,1,1,1,0,0,1,1,1,1,1,0,1,1,0,0,-1,0,0,0,0,0,0,0,0,-1,-1,0,0,0,0,0,0,112,95,17,31.37,293,64,6
aura_technology_llc_2021,-1,-1,-1,-1,-1,0,0,0,0,0,0,0,0,0,0,-1,-1,0,-1,-1,1,0,0,0,0,1,0,0,0,1,1,0,0,0,0,0,0,0,1,1,1,1,0,0,0,0,0,0,0,0,0,-1,0,0,-1,0,0,-1,0,0,1,0,0,0,0,0,0,0,1,1,0,1,0,0,0,0,0,0,0,0,0,0,0,0,0,0,0,0,0,0,0,1,0,0,0,0,0,0,0,0,0,0,0,0,0,0,0,0,0,0,0,0,0,0,0,0,0,0,0,0,0,0,0,0,0,0,0,0,0,0,0,0,0,0,0,0,0,0,0,0,0,0,0,0,0,0,0,0,0,1,0,0,0,0,0,0,0,0,0,0,0,0,0,1,1,1,0,0,0,0,0,0,1,1,0,1,1,1,1,1,0,1,0,1,1,1,0,1,1,1,0,0,0,0,1,1,0,0,1,0,-1,-1,-1,-1,-1,-1,-1,0,0,0,0,0,0,0,0,0,0,0,0,0,0,0,0,0,0,0,0,,,,0,0,0,0,0,0,0,0,0,0,0,0,0,0,0,0,0,0,0,0,-1,-1,-1,-1,1,0,0,0,0,0,0,0,0,0,1,1,1,1,0,0,0,0,0,1,1,0,0,1,1,1,1,0,0,0,0,0,0,1,0,0,0,0,1,0,0,1,1,1,1,0,1,1,1,0,-1,-1,-1,1,0,0,0,1,1,1,1,1,1,0,1,1,0,0,1,1,0,1,1,0,1,1,1,0,1,1,0,0,0,0,1,1,1,0,1,0,0,0,1,0,0,0,0,0,0,0,1,0,0,0,0,0,0,0,0,78,61,17,21.85,334,26,3
buildingpulse_2021,-1,-1,-1,-1,-1,0,0,0,0,0,0,0,0,0,0,1,1,0,1,1,1,-1,0,0,0,1,0,0,0,1,1,0,0,0,0,0,0,0,1,1,1,1,1,0,0,0,0,0,0,0,0,1,0,0,1,0,0,0,0,0,-1,0,0,0,0,-1,-1,1,1,1,0,-1,0,0,0,1,0,0,0,0,0,0,0,0,1,0,0,0,0,1,0,0,0,0,0,0,0,0,0,0,0,0,0,1,0,0,0,0,0,0,0,0,0,0,0,0,0,0,0,0,0,0,0,0,0,0,0,0,0,0,0,0,0,0,0,0,0,0,0,0,0,0,0,0,0,0,0,1,0,1,0,0,0,0,0,1,0,1,0,0,0,0,0,1,0,1,0,0,0,0,0,0,1,0,0,1,1,1,1,1,0,1,0,1,1,1,0,1,1,1,0,0,0,0,1,1,0,0,1,-1,-1,-1,-1,1,-1,-1,-1,-1,-1,0,0,0,0,0,0,0,0,-1,-1,-1,0,-1,-1,0,0,0,0,,,,0,0,0,0,0,0,0,0,0,0,0,0,0,0,0,0,0,0,1,1,1,-1,-1,-1,1,,,1,1,1,0,0,1,1,1,1,1,1,0,0,0,0,0,0,0,1,0,1,1,1,1,0,0,0,0,0,1,1,0,0,0,0,1,0,1,1,1,1,1,1,1,1,1,0,1,1,1,1,0,0,0,1,1,1,0,0,0,0,1,1,0,0,1,1,0,1,1,0,1,0,1,1,1,1,0,0,1,1,1,1,1,1,1,0,0,0,1,0,0,0,1,0,0,0,0,0,0,0,0,0,0,0,0,102,81,21,28.57,331,27,5
c_e_century_enterprises_2021,-1,-1,-1,-1,-1,0,0,0,0,0,0,0,0,0,0,-1,-1,0,-1,-1,1,0,0,0,0,1,-1,0,0,1,1,0,0,0,0,0,0,0,-1,1,0,1,1,0,0,0,0,0,0,0,0,0,0,0,1,0,0,0,0,0,1,0,0,0,0,0,0,0,0,0,0,0,-1,0,0,0,0,0,0,0,0,0,0,0,0,0,0,0,0,0,0,0,-1,-1,-1,-1,0,0,0,0,0,0,0,0,0,0,0,0,0,0,0,0,0,0,0,0,0,0,0,0,0,0,0,0,0,0,0,0,0,0,0,0,0,0,0,0,0,0,0,0,0,0,0,0,0,0,0,1,0,0,0,1,1,0,0,0,0,1,0,1,1,0,0,0,0,1,0,0,0,0,0,0,1,0,0,1,1,1,1,1,0,1,0,1,1,1,0,1,1,1,0,0,0,0,1,1,0,0,1,-1,1,1,-1,1,-1,-1,-1,0,0,0,0,0,0,0,0,0,0,-1,-1,-1,1,-1,-1,0,0,0,0,,,,0,0,0,0,0,0,0,0,0,-1,-1,-1,0,0,0,0,-1,-1,1,1,-1,-1,-1,-1,1,0,0,0,0,0,-1,0,1,1,1,1,1,1,0,0,0,0,0,0,0,-1,0,0,0,0,1,1,1,0,0,0,1,1,0,0,0,0,1,0,1,1,1,1,1,0,-1,1,1,0,1,1,1,1,0,0,0,1,0,0,0,0,0,0,0,-1,0,0,0,0,0,1,0,0,1,0,1,1,1,-1,0,0,0,1,-1,1,1,1,-1,1,0,0,-1,0,0,0,-1,0,0,0,0,0,0,0,0,1,0,-1,0,74,59,15,20.73,315,45,3
counterflow_technologies_inc_2021,-1,-1,-1,-1,-1,-1,-1,-1,0,0,0,0,0,0,0,1,1,0,1,1,1,1,0,0,0,-1,0,0,0,1,1,0,0,0,0,1,1,0,1,1,0,1,1,0,0,0,0,0,0,0,1,1,-1,0,1,1,0,1,0,0,1,0,0,1,1,0,0,1,1,1,-1,1,1,0,0,-1,-1,-1,0,0,1,0,1,1,1,0,0,0,0,1,1,0,-1,-1,-1,-1,-1,-1,-1,0,0,0,0,1,0,0,0,0,0,0,0,0,0,0,0,0,0,0,0,0,0,0,0,0,0,0,0,0,0,0,0,0,0,0,0,0,0,0,0,0,0,0,0,0,0,0,0,1,0,0,0,1,1,0,0,0,0,1,0,1,1,0,0,1,1,1,0,0,0,0,0,0,1,1,0,1,1,1,1,1,0,1,0,1,1,1,0,1,1,1,0,0,0,0,0,1,0,0,1,0,-1,-1,-1,-1,-1,-1,-1,-1,-1,1,1,0,0,0,0,-1,-1,,1,1,1,1,1,0,0,0,0,,,,0,0,0,0,0,0,0,0,0,0,0,0,0,0,,0,1,1,-1,-1,1,-1,-1,-1,1,1,1,0,0,0,1,0,1,1,1,1,1,1,0,0,0,0,1,0,0,1,0,1,1,1,1,0,1,0,0,0,1,0,0,0,0,0,1,0,1,1,1,1,1,1,0,1,1,0,1,1,1,1,1,0,0,1,1,1,1,1,1,0,1,1,0,0,1,1,0,1,-1,0,-1,1,1,0,1,1,-1,0,1,1,-1,1,1,1,-1,1,0,0,1,0,0,0,0,0,0,0,1,0,0,0,0,0,0,0,0,124,103,21,34.73,316,42,5
ecoship_2021,-1,-1,-1,-1,-1,-1,-1,-1,0,0,0,0,0,0,0,-1,-1,0,-1,-1,0,0,0,0,0,-1,0,0,0,1,1,-1,0,0,0,1,0,0,-1,1,0,1,1,0,0,0,1,0,0,0,0,1,1,0,1,0,0,0,1,1,-1,0,0,0,0,0,0,0,0,0,0,0,0,1,0,0,0,0,0,0,0,0,0,0,0,0,0,0,0,1,0,-1,0,0,0,0,0,0,0,0,0,0,0,1,0,0,0,0,0,0,0,0,0,0,0,0,0,0,0,0,0,0,0,0,0,0,0,0,0,0,0,0,0,-1,-1,0,0,0,0,0,0,0,0,0,0,0,0,0,0,-1,0,0,0,0,0,0,0,0,0,0,0,0,0,1,1,1,0,0,0,0,0,0,-1,0,0,-1,-1,-1,1,-1,0,-1,0,-1,-1,-1,0,-1,-1,-1,0,0,0,0,1,-1,0,0,1,-1,1,1,-1,-1,-1,-1,-1,0,0,0,0,0,0,0,0,-1,-1,-1,-1,-1,1,1,1,0,0,0,0,,,,0,0,0,0,0,0,0,0,0,-1,-1,-1,0,0,0,0,0,0,-1,-1,1,-1,-1,-1,1,0,0,-1,-1,-1,-1,0,0,0,1,1,1,1,0,0,0,0,0,0,0,1,0,1,1,1,1,0,0,1,1,1,1,1,-1,-1,0,0,1,0,1,1,1,1,1,0,1,0,0,0,1,1,1,1,0,0,0,1,0,0,1,1,1,0,1,-1,0,0,1,1,0,-1,0,-1,1,0,1,0,-1,1,0,0,0,0,1,0,1,1,-1,0,0,0,0,0,0,0,0,0,0,0,0,-1,0,0,0,0,0,0,-1,66,55,11,18.49,295,65,3
enerpaper_srl_2021,-1,-1,-1,-1,-1,0,0,0,0,0,0,0,0,0,0,-1,-1,0,-1,-1,0,-1,0,0,0,-1,-1,0,0,1,1,1,0,0,0,0,1,0,-1,0,-1,1,1,0,0,0,-1,-1,-1,0,1,-1,0,0,1,0,0,0,0,0,1,0,0,-1,-1,0,0,0,0,0,0,0,0,0,0,0,0,-1,1,0,-1,0,1,1,1,1,-1,-1,1,1,1,0,-1,-1,-1,-1,-1,-1,-1,0,0,0,0,1,1,1,0,0,0,0,0,0,-1,-1,0,0,0,0,0,0,0,1,1,1,1,1,1,0,0,1,0,1,0,1,1,0,0,0,0,0,0,1,1,1,0,0,1,1,0,0,0,1,1,0,0,1,0,1,0,1,1,0,0,1,1,1,0,0,0,0,0,0,1,1,0,1,1,0,1,0,0,1,0,1,1,1,0,1,1,1,0,0,0,0,1,1,0,0,1,-1,1,1,-1,-1,-1,-1,-1,-1,-1,-1,-1,-1,-1,0,0,-1,-1,-1,-1,-1,1,1,1,0,0,0,0,,,,0,0,0,0,0,0,0,0,0,-1,-1,-1,0,0,,-1,1,1,1,1,1,-1,-1,-1,1,0,0,0,0,0,1,0,1,0,1,1,1,1,-1,-1,0,0,1,0,0,0,0,1,1,1,1,0,0,-1,-1,-1,1,1,-1,-1,0,0,1,0,1,1,1,1,1,0,1,1,1,0,1,1,0,1,1,0,0,0,1,1,1,1,1,0,1,0,0,0,1,0,0,0,1,0,1,0,1,0,1,1,0,0,-1,0,1,1,1,1,1,0,0,1,1,1,1,1,1,1,1,1,0,1,1,0,0,0,0,0,0,124,105,19,34.73,294,65,4
fine_tech_2021,-1,-1,-1,-1,-1,0,0,0,0,0,0,0,0,0,0,-1,-1,0,-1,-1,0,0,0,0,0,-1,0,-1,-1,1,1,0,0,1,0,0,0,0,1,1,-1,1,1,0,0,1,1,1,1,0,0,0,-1,0,-1,0,0,0,0,0,0,0,0,-1,-1,0,0,0,0,0,0,1,1,0,0,1,0,0,0,0,0,0,0,0,1,1,0,0,0,0,0,1,0,0,0,0,0,0,0,0,0,0,0,1,0,0,0,0,0,0,0,0,0,0,0,0,0,0,0,0,0,0,0,0,0,0,0,0,0,0,0,0,0,0,0,0,0,0,0,0,0,0,0,0,0,0,-1,0,0,0,0,0,0,0,0,1,0,0,0,0,0,0,0,0,0,1,0,0,0,0,0,0,-1,-1,0,-1,-1,0,1,-1,0,-1,0,-1,-1,-1,0,-1,-1,-1,-1,0,-1,0,1,-1,0,0,1,-1,1,1,-1,-1,-1,-1,-1,-1,-1,1,1,-1,-1,0,0,-1,-1,-1,-1,-1,-1,1,1,0,0,0,0,,,,0,0,0,0,0,0,0,0,0,-1,-1,-1,0,0,0,0,1,1,1,1,-1,-1,-1,1,1,1,1,0,0,0,1,0,0,0,1,1,1,1,0,0,0,0,1,0,0,0,0,0,0,0,1,1,-1,0,0,1,1,1,0,0,0,0,1,0,1,1,1,1,0,0,1,1,1,0,1,0,1,1,0,0,0,1,0,0,0,0,0,0,1,-1,0,0,0,1,0,1,1,-1,-1,-1,0,1,0,1,-1,0,1,1,0,1,1,0,1,0,0,0,-1,0,0,0,0,0,0,0,0,0,0,0,0,-1,0,0,0,71,53,18,19.89,297,63,3
flywire_cameras_2021,-1,-1,-1,-1,-1,0,0,0,0,0,0,0,0,0,0,1,1,0,-1,-1,-1,-1,0,0,0,1,-1,0,0,1,1,0,0,0,0,0,-1,0,1,0,1,1,-1,0,0,-1,-1,-1,-1,0,-1,0,0,0,1,0,0,0,0,0,1,0,0,0,0,1,1,0,0,0,0,1,0,0,0,-1,1,-1,-1,0,-1,0,1,1,1,1,1,1,1,1,-1,0,-1,-1,-1,-1,-1,-1,-1,0,0,0,0,1,1,-1,0,0,0,0,0,0,0,0,0,0,0,0,0,0,0,0,0,-1,-1,0,0,0,0,0,0,1,0,1,1,0,0,-1,-1,0,0,-1,-1,-1,0,0,0,1,0,0,-1,0,-1,-1,0,1,0,1,0,1,1,-1,0,0,0,-1,1,0,0,-1,-1,0,1,0,0,1,1,-1,1,1,0,1,-1,1,1,1,-1,1,1,-1,0,0,0,0,-1,-1,0,0,-1,-1,-1,-1,-1,-1,-1,-1,-1,-1,-1,-1,-1,-1,-1,0,0,-1,-1,-1,-1,-1,1,1,1,0,0,0,0,,,,0,0,,0,0,,0,0,,-1,-1,-1,0,0,,0,-1,-1,-1,-1,1,-1,-1,-1,1,1,1,-1,-1,-1,-1,-1,1,1,1,1,1,1,1,1,0,0,1,0,0,0,0,-1,-1,-1,1,-1,-1,0,0,-1,1,1,1,1,0,0,1,0,1,1,1,1,1,0,-1,-1,-1,0,-1,-1,-1,1,-1,0,0,1,0,-1,0,0,0,0,-1,-1,0,0,-1,-1,0,-1,0,-1,-1,0,-1,-1,-1,-1,0,0,1,-1,1,-1,-1,1,-1,-1,1,1,-1,1,1,-1,-1,1,1,1,0,0,0,0,0,-1,0,0,0,83,76,7,23.25,237,119,7
fuelgems_inc_2021,-1,-1,-1,-1,-1,-1,-1,-1,0,0,0,0,0,0,0,-1,-1,0,-1,-1,1,1,0,0,0,0,0,0,0,1,1,0,0,0,0,,0,0,0,1,0,1,-1,0,0,0,0,0,0,0,0,0,1,-1,1,0,0,0,1,1,1,1,0,0,0,1,1,0,0,0,1,1,,0,0,0,0,0,-1,1,1,1,1,1,1,1,-1,-1,1,1,-1,1,0,0,0,0,0,0,0,0,0,0,0,1,1,1,0,0,0,0,0,0,0,0,0,1,1,1,1,0,0,0,0,1,1,0,0,0,0,0,0,0,0,1,1,0,0,1,1,0,-1,1,1,1,0,0,-1,1,0,0,0,0,0,0,0,0,0,-1,0,-1,-1,0,0,-1,-1,1,0,0,0,-1,0,0,1,0,0,1,1,1,1,1,0,1,0,1,1,-1,0,1,1,1,0,0,0,0,1,1,0,0,1,0,1,1,-1,1,-1,-1,-1,1,1,1,1,1,1,1,1,-1,-1,,1,1,1,1,1,0,0,1,0,,,,0,0,0,0,0,0,0,0,,,1,1,0,0,,-1,1,1,1,1,1,1,-1,-1,1,1,1,1,1,1,1,1,1,1,1,1,1,-1,0,0,0,0,1,-1,-1,0,-1,-1,-1,1,-1,-1,0,0,0,0,1,1,1,1,0,0,1,0,1,1,1,1,1,0,-1,1,1,0,-1,0,1,1,1,-1,0,-1,-1,-1,0,0,0,0,0,1,1,1,0,1,0,1,-1,0,0,0,0,-1,1,1,0,0,-1,0,0,-1,1,1,1,0,-1,1,1,1,1,1,1,1,1,1,-1,1,1,1,0,-1,0,1,-1,137,120,17,38.38,296,58,9
grade_for_good_2021,-1,-1,-1,-1,-1,-1,-1,-1,-1,-1,-1,-1,-1,-1,-1,1,1,0,1,1,1,-1,0,0,0,-1,0,0,0,1,1,0,0,0,0,1,0,0,-1,-1,0,1,0,0,0,1,1,-1,-1,0,0,1,0,-1,1,1,0,1,0,0,1,0,0,0,0,0,0,0,0,0,0,1,1,1,0,1,0,0,0,0,0,0,-1,-1,0,0,0,0,0,0,0,0,0,0,0,0,0,0,0,0,0,0,0,0,0,1,0,0,0,0,0,0,0,0,0,-1,-1,-1,-1,0,-1,0,0,1,1,0,0,0,0,0,0,0,0,1,1,0,1,-1,-1,1,0,1,1,1,-1,-1,-1,0,0,0,0,0,0,0,0,0,0,0,0,0,0,0,0,1,-1,1,0,0,0,0,0,0,-1,0,0,-1,-1,-1,1,-1,0,-1,0,-1,-1,-1,0,-1,-1,-1,0,0,0,0,1,-1,0,0,1,-1,1,1,-1,-1,1,-1,-1,-1,-1,1,1,0,0,0,0,-1,-1,,1,1,1,-1,-1,0,0,0,0,,,,0,0,0,0,0,0,0,0,0,0,0,0,0,0,0,0,-1,-1,1,1,-1,-1,-1,-1,1,-1,-1,0,0,0,0,0,0,0,1,1,1,1,1,1,1,1,0,1,1,1,0,1,1,-1,1,0,0,0,0,1,1,1,1,1,0,0,1,-1,-1,1,1,1,1,0,1,1,1,0,1,1,1,1,1,1,0,1,1,0,1,1,1,-1,1,-1,-1,0,1,1,0,1,1,-1,1,0,1,-1,1,1,-1,-1,-1,-1,1,1,-1,0,-1,1,0,1,-1,-1,-1,1,1,0,0,0,0,1,-1,0,0,-1,0,0,0,100,81,19,28.01,273,86,4
granular_2021,-1,-1,-1,-1,-1,0,0,0,-1,-1,-1,-1,-1,-1,-1,-1,-1,0,-1,-1,-1,-1,-1,-1,0,-1,-1,0,0,1,1,0,0,0,0,0,0,0,1,1,1,1,0,0,0,-1,-1,-1,0,0,0,0,-1,0,-1,-1,0,0,-1,-1,1,1,0,-1,-1,-1,-1,0,0,0,0,1,1,0,0,0,0,0,0,0,0,0,-1,-1,-1,0,-1,-1,0,1,1,1,0,0,0,0,0,0,0,0,0,0,0,1,0,1,0,0,0,0,0,0,-1,-1,0,0,0,0,0,0,0,0,0,1,1,0,0,0,0,0,,1,0,0,0,0,0,1,1,0,0,1,1,1,-1,0,0,1,0,0,0,1,1,0,0,0,0,1,0,1,1,0,0,0,0,0,0,0,0,0,0,0,1,1,1,1,1,1,1,1,0,1,1,1,1,1,1,1,1,1,0,0,0,0,0,0,0,0,0,,1,1,-1,-1,-1,-1,-1,1,1,1,1,1,1,-1,-1,0,0,,1,1,1,0,0,-1,0,0,0,,,,0,0,0,0,0,0,0,0,0,,1,1,0,0,0,0,-1,-1,1,1,1,-1,-1,-1,1,1,1,1,1,1,-1,0,-1,-1,1,1,1,1,0,0,-1,-1,1,0,0,0,-1,0,0,0,-1,0,-1,0,0,-1,-1,0,0,0,0,0,1,0,1,1,1,1,1,1,0,0,-1,0,-1,0,0,0,0,0,0,-1,0,-1,0,0,0,0,0,0,-1,0,-1,-1,0,1,-1,-1,0,-1,-1,-1,1,-1,0,0,-1,0,0,0,0,-1,0,0,0,-1,0,0,0,-1,-1,-1,-1,-1,0,-1,0,0,0,-1,0,-1,0,82,77,5,22.97,267,89,7
green_deeds_2021,-1,-1,-1,-1,-1,0,0,0,0,0,0,0,0,0,0,-1,-1,0,-1,-1,1,0,0,0,0,-1,0,0,0,1,1,0,0,0,0,0,-1,0,1,1,1,1,1,0,0,1,1,1,0,0,-1,0,0,0,0,0,0,0,0,0,1,0,0,0,0,0,0,0,0,0,0,1,0,1,0,-1,0,0,-1,0,1,0,-1,-1,0,0,0,0,0,1,1,-1,0,0,0,0,0,0,0,0,0,0,0,1,0,0,0,0,0,0,0,0,0,0,0,0,0,0,0,0,0,0,0,0,0,0,0,0,0,0,0,0,0,0,0,0,0,0,0,0,0,0,0,0,0,0,0,1,0,1,0,-1,-1,-1,0,0,0,0,0,0,0,0,0,0,0,0,0,0,0,0,0,0,1,0,0,1,1,1,1,1,0,1,-1,1,1,1,-1,1,1,1,0,0,0,0,1,1,0,0,-1,0,1,1,-1,-1,-1,-1,-1,0,0,0,0,0,0,0,0,0,0,-1,-1,-1,-1,0,0,0,0,0,0,,,,0,0,0,0,0,0,0,0,0,0,0,0,0,0,0,0,0,0,-1,-1,1,-1,-1,-1,1,1,1,-1,-1,-1,0,0,1,-1,1,1,1,1,-1,-1,0,0,0,0,0,-1,0,0,0,0,-1,1,-1,0,0,-1,1,-1,0,0,0,0,1,0,-1,1,1,1,1,0,1,-1,-1,0,1,-1,1,1,-1,-1,0,1,0,0,0,0,0,0,-1,-1,0,-1,1,1,-1,1,1,-1,-1,0,1,0,1,-1,0,0,-1,-1,0,1,-1,-1,1,0,0,0,-1,0,0,0,0,0,0,0,0,0,0,0,0,-1,0,0,0,66,52,14,18.49,293,67,3
hawaii_solar_and_wind_llc_2021,-1,-1,-1,-1,-1,0,0,0,0,0,0,0,0,0,0,1,1,0,1,1,1,0,0,0,0,0,0,1,1,1,1,0,0,0,0,1,0,0,1,1,-1,1,0,0,0,0,-1,-1,-1,0,0,0,0,0,1,0,0,-1,0,0,1,0,0,0,0,0,0,-1,1,1,0,0,0,0,0,0,0,0,0,0,0,0,0,0,0,0,0,0,0,0,0,0,0,0,0,0,0,0,0,0,0,0,0,0,0,-1,0,0,0,0,0,0,0,0,0,0,0,0,0,0,0,0,0,0,0,0,0,0,0,0,0,0,0,0,0,0,0,0,0,0,0,0,0,0,0,0,0,0,0,1,1,1,1,0,1,1,0,0,0,0,0,0,0,0,0,1,0,0,0,0,0,0,1,1,0,1,1,1,1,1,0,1,0,0,1,1,0,0,1,1,0,0,0,0,1,1,0,0,1,0,1,1,-1,-1,-1,-1,-1,0,0,-1,-1,0,0,0,0,-1,-1,-1,-1,-1,0,0,0,0,0,0,0,,,,0,0,0,0,0,0,0,0,0,0,0,0,0,0,0,0,-1,-1,0,0,-1,-1,-1,-1,1,0,0,0,0,0,1,0,0,0,1,1,1,1,0,0,0,0,1,0,0,-1,-1,-1,-1,0,0,1,1,0,0,-1,1,1,0,0,0,0,1,0,0,1,1,1,1,0,-1,1,1,0,1,0,1,1,0,0,0,1,-1,1,0,0,0,0,1,0,0,0,1,1,0,1,-1,0,-1,0,1,0,1,1,1,0,0,0,0,-1,1,0,1,0,0,0,1,0,0,0,0,0,0,0,0,0,0,0,0,0,0,1,0,76,63,13,21.29,320,40,3
hydro_gen_tech_llc_2021,-1,-1,-1,-1,-1,0,0,0,0,0,0,0,0,0,0,-1,-1,0,-1,-1,-1,1,0,0,0,0,-1,-1,-1,1,1,0,0,0,0,0,0,0,1,1,1,1,1,0,0,-1,-1,-1,-1,0,0,-1,0,0,1,1,0,0,0,0,0,0,0,0,0,-1,-1,0,0,0,0,-1,0,0,0,-1,0,0,0,0,0,0,0,0,0,0,0,0,0,0,0,0,0,0,0,0,0,0,0,0,0,0,0,0,0,0,0,0,0,0,0,0,0,0,0,0,0,0,0,0,0,0,0,0,0,0,0,0,0,0,0,0,0,0,0,0,0,0,0,0,0,0,0,0,0,0,-1,1,0,0,1,0,0,0,-1,-1,0,1,0,0,0,0,0,1,1,1,0,0,0,0,0,0,0,1,0,0,0,0,1,0,0,0,0,0,0,0,0,0,0,0,0,0,0,0,1,0,0,0,-1,0,1,1,-1,-1,-1,-1,-1,0,0,0,0,0,0,0,0,-1,-1,-1,-1,-1,0,0,0,0,0,0,0,,,,0,0,0,0,0,0,0,0,0,-1,-1,-1,0,0,0,0,0,0,-1,-1,-1,-1,-1,-1,1,1,1,0,0,0,0,0,-1,-1,1,1,1,1,0,0,0,0,0,0,0,-1,0,1,1,1,0,0,0,0,0,-1,1,1,0,0,0,0,1,0,1,1,1,1,1,0,1,1,1,0,1,0,1,1,1,0,0,1,1,0,1,1,1,0,1,0,0,0,1,0,0,1,1,1,1,1,1,0,1,1,-1,0,-1,0,1,1,0,0,1,0,0,0,0,0,0,0,0,0,0,0,0,0,0,0,0,1,0,0,0,65,50,15,18.21,309,51,3
irradiance_inc_2021,1,1,-1,-1,-1,0,0,0,0,0,0,0,0,0,0,-1,-1,0,-1,-1,-1,-1,0,0,0,1,1,0,0,1,1,0,0,0,0,0,-1,0,1,1,-1,1,-1,0,0,0,-1,-1,0,0,0,-1,-1,-1,1,-1,-1,-1,0,0,1,-1,0,0,0,-1,-1,1,1,1,0,1,0,0,0,-1,0,0,1,0,0,0,0,0,0,0,0,0,0,0,0,-1,0,0,0,0,0,0,0,0,0,0,0,1,0,1,1,1,1,1,0,0,1,1,0,0,0,0,0,0,0,0,0,1,1,0,0,0,0,0,0,0,0,1,1,0,0,1,1,0,0,1,1,1,0,0,1,1,0,-1,-1,0,0,0,-1,-1,0,1,0,-1,-1,0,0,0,-1,-1,-1,0,0,0,-1,0,1,-1,0,-1,1,1,1,1,0,1,0,1,-1,1,0,1,1,1,0,0,0,0,-1,1,0,0,-1,-1,-1,-1,-1,1,-1,-1,-1,0,0,0,0,0,0,0,0,-1,-1,0,0,0,-1,0,0,-1,0,0,0,,,,0,0,0,0,0,0,0,0,0,0,0,0,0,0,,-1,1,1,-1,-1,1,-1,-1,-1,1,1,1,-1,-1,-1,-1,0,1,-1,-1,-1,-1,1,0,0,0,0,0,0,0,0,0,-1,-1,-1,1,-1,0,0,0,-1,1,-1,0,0,0,0,1,0,1,0,0,0,-1,0,-1,-1,-1,1,-1,-1,1,1,0,0,0,-1,-1,-1,0,0,0,0,1,-1,0,0,-1,-1,-1,-1,-1,-1,-1,0,-1,1,-1,-1,-1,0,1,-1,0,-1,-1,1,-1,-1,-1,-1,1,0,0,1,-1,0,0,0,0,0,0,0,0,1,1,0,0,72,63,9,20.17,259,100,4
hydropore_2021,-1,-1,-1,-1,-1,0,0,0,0,0,0,0,0,0,0,1,1,0,1,1,1,0,0,0,0,1,0,0,0,1,1,0,0,1,0,1,0,0,1,1,0,1,1,0,0,-1,-1,-1,-1,0,0,1,1,1,1,1,0,1,-1,-1,1,0,0,0,0,1,1,1,1,1,0,0,0,0,0,0,0,0,-1,-1,0,0,-1,-1,0,0,0,0,0,1,0,0,-1,-1,-1,-1,0,0,0,0,0,0,0,-1,0,1,0,0,0,0,0,0,0,0,0,0,0,0,0,0,0,0,0,1,1,0,0,0,0,1,0,0,0,1,1,0,0,1,1,0,0,1,1,1,0,0,0,1,0,1,1,1,1,0,1,1,0,1,0,1,1,0,0,1,1,1,0,0,0,0,0,0,1,0,0,1,1,1,1,1,0,1,0,1,1,1,0,1,1,1,0,0,0,0,1,1,0,0,1,0,-1,-1,-1,-1,-1,-1,-1,1,1,0,0,0,0,1,1,-1,-1,0,0,0,1,0,0,0,0,0,0,,,,0,0,,0,0,0,0,0,0,0,0,0,0,0,0,0,1,1,1,1,1,-1,-1,-1,1,1,1,1,1,1,0,0,1,1,1,1,1,1,1,1,0,0,0,0,0,1,0,1,1,1,1,1,0,1,0,1,1,1,1,1,0,1,1,0,1,1,1,1,1,1,-1,1,1,0,1,1,1,1,1,1,0,-1,0,1,1,1,1,0,1,1,0,0,1,1,0,1,1,0,1,-1,1,1,1,1,1,0,0,1,1,-1,1,1,-1,-1,-1,1,1,1,1,1,1,0,0,0,0,0,0,0,0,0,0,-1,0,145,125,20,40.62,319,40,4
khepra_2021,-1,-1,-1,-1,-1,0,0,0,0,0,0,0,0,0,0,-1,-1,0,-1,-1,1,1,0,0,0,1,0,0,0,1,1,0,0,0,0,-1,0,0,-1,-1,-1,1,1,0,0,0,0,0,0,0,-1,0,0,0,1,1,0,0,0,0,-1,0,0,0,0,0,0,1,-1,-1,-1,0,1,0,0,0,0,0,0,0,0,0,-1,-1,0,0,0,0,0,1,0,0,0,0,0,0,0,0,0,0,0,0,0,1,0,-1,0,0,0,0,0,0,0,0,0,0,0,0,0,0,0,0,0,0,0,0,0,0,0,0,0,0,0,0,0,0,0,0,0,0,0,0,0,0,0,0,-1,1,0,-1,1,1,1,0,-1,1,0,1,0,1,-1,0,0,0,1,-1,1,-1,0,0,-1,0,1,-1,-1,1,1,1,-1,1,0,-1,0,-1,1,1,0,1,1,1,0,0,0,0,-1,-1,0,0,-1,-1,-1,-1,-1,-1,-1,-1,-1,0,0,0,0,-1,-1,0,0,-1,-1,0,0,0,-1,-1,-1,0,0,0,0,,,,0,0,0,0,0,0,0,0,,0,0,0,0,0,,0,-1,-1,0,0,1,-1,-1,-1,1,0,0,-1,-1,-1,1,0,-1,-1,1,1,1,1,1,1,0,0,0,-1,-1,-1,-1,1,1,1,1,0,-1,0,0,0,1,-1,-1,-1,0,0,-1,0,1,1,1,1,-1,0,-1,-1,-1,0,-1,-1,1,-1,1,1,0,-1,-1,-1,-1,-1,-1,0,0,-1,0,0,0,-1,0,1,0,-1,-1,0,-1,0,1,-1,-1,0,1,0,1,-1,1,1,-1,-1,0,0,-1,0,0,0,0,0,0,0,0,0,0,0,0,0,0,0,0,59,52,7,16.53,264,94,5
layer_seven_technologies_2021,-1,-1,0,0,0,0,0,0,0,0,0,0,0,0,0,-1,-1,0,-1,-1,0,-1,0,0,0,-1,0,0,0,-1,-1,0,0,0,0,0,0,0,1,1,0,-1,1,0,0,0,0,0,0,0,0,0,0,0,1,0,0,0,0,0,-1,0,0,0,0,0,0,0,0,0,0,,-1,0,0,0,0,0,0,0,0,0,0,0,0,0,0,0,0,0,0,0,0,0,0,0,0,0,0,0,0,0,0,0,0,0,0,0,0,0,0,0,0,0,0,0,0,0,0,0,0,0,0,0,0,0,0,0,0,0,0,0,0,0,0,0,0,0,0,0,0,0,0,0,0,0,0,1,0,0,0,-1,-1,0,0,1,0,1,0,-1,0,0,0,0,0,1,0,0,0,0,0,0,1,0,0,1,1,1,1,1,0,1,0,1,1,1,0,1,1,1,0,0,0,0,1,1,0,0,1,0,1,1,-1,1,-1,-1,-1,0,0,-1,-1,0,0,0,0,-1,-1,-1,-1,-1,0,0,0,0,0,0,0,,,,0,0,0,0,0,0,0,0,0,0,0,0,0,0,0,0,1,1,0,0,1,-1,-1,-1,1,,,0,0,0,0,0,1,1,1,1,1,1,0,0,0,0,1,0,0,1,0,0,0,0,1,0,1,0,0,0,1,1,0,0,0,0,1,0,1,1,1,1,1,0,1,1,1,0,1,1,1,1,1,0,0,1,0,0,0,0,0,0,1,1,0,0,1,0,0,1,1,0,1,0,1,0,1,1,0,0,0,1,0,0,1,1,0,1,0,0,1,0,0,0,0,0,0,0,0,0,0,0,0,0,0,0,0,72,57,15,20.17,327,30,6
m4t_2021,0,0,0,0,0,0,0,0,0,0,0,0,0,0,0,1,1,1,1,1,1,-1,0,0,0,1,1,1,1,1,1,0,0,0,0,0,0,0,1,-1,1,1,1,0,0,0,0,0,0,0,0,0,0,0,1,0,0,0,0,0,0,0,0,-1,-1,,,0,0,0,-1,,1,-1,0,0,0,0,0,-1,0,0,0,0,0,0,0,0,0,0,0,0,0,0,0,0,0,0,0,0,0,0,0,0,0,1,1,1,0,0,0,0,0,0,0,1,1,1,1,0,1,0,0,1,1,0,0,0,0,0,0,0,0,1,1,0,0,1,1,0,0,1,1,1,0,0,1,0,0,1,0,0,1,0,0,0,0,0,0,0,0,0,0,0,0,0,0,0,0,0,0,0,1,0,0,1,1,1,1,1,0,0,0,1,1,1,0,0,0,1,0,0,0,1,0,1,0,0,1,,1,1,-1,-1,-1,-1,-1,0,0,0,0,0,0,0,0,0,0,-1,-1,-1,0,-1,-1,0,0,0,0,,,,0,0,0,0,0,0,0,0,0,-1,-1,-1,0,0,0,0,1,1,-1,-1,-1,-1,-1,-1,1,0,0,0,0,0,1,0,0,0,0,0,0,1,1,1,0,0,1,0,0,0,1,1,1,0,0,0,0,0,0,0,1,0,0,0,0,0,1,0,1,1,1,1,0,0,0,0,0,0,1,0,0,0,0,0,0,0,0,0,0,0,0,0,0,0,0,0,0,0,0,0,0,0,0,0,1,1,1,0,0,0,1,0,0,0,0,0,0,0,0,0,0,1,1,1,1,1,1,1,0,1,1,0,0,0,0,1,0,85,82,3,23.81,330,26,7
meknology_llc_2021,0,0,-1,-1,-1,0,0,0,0,0,0,0,0,0,0,-1,-1,0,-1,-1,1,0,0,0,0,1,0,0,0,1,1,0,0,0,0,1,0,0,1,1,0,1,1,0,0,-1,-1,-1,-1,0,0,-1,0,0,1,-1,0,1,0,0,1,0,0,0,0,1,1,1,1,1,0,0,0,0,0,0,0,0,0,0,1,0,-1,-1,0,0,0,0,0,-1,1,0,-1,-1,-1,-1,0,0,0,0,0,0,0,-1,0,0,0,0,0,0,0,0,0,0,0,0,0,0,0,0,0,0,0,0,0,0,0,0,0,0,0,0,0,0,0,0,0,0,0,0,0,0,0,0,0,0,0,1,0,1,1,1,1,0,1,1,0,1,0,1,1,0,0,1,1,1,0,0,0,1,0,0,1,1,0,1,1,1,1,1,0,1,0,1,1,1,0,1,1,1,0,0,0,0,1,1,0,0,1,-1,-1,-1,-1,-1,-1,-1,-1,1,1,-1,-1,-1,-1,0,0,-1,-1,,1,1,1,0,0,0,0,-1,0,,,,0,0,0,0,0,,0,0,0,-1,-1,-1,0,0,,0,1,1,1,1,1,-1,-1,-1,1,0,0,0,0,0,1,0,1,1,1,1,1,1,0,0,0,0,0,0,0,1,0,1,1,1,1,0,0,1,0,1,1,1,0,0,0,0,1,0,1,1,1,1,1,0,1,1,1,0,0,1,1,1,0,0,0,1,0,1,1,1,1,0,0,1,0,0,0,0,0,1,1,0,1,1,1,0,1,1,0,0,0,0,1,1,1,1,1,1,0,0,1,0,0,0,-1,0,0,0,0,0,0,0,0,1,0,0,0,110,89,21,30.81,314,43,6
meterleader_2021,-1,-1,-1,-1,-1,0,0,0,0,0,0,0,0,0,0,1,1,0,-1,-1,-1,0,0,0,0,1,1,0,0,1,1,0,0,0,0,1,0,0,1,1,0,1,1,-1,-1,1,1,1,1,0,0,-1,0,-1,1,0,0,-1,0,0,1,0,0,1,1,0,0,-1,0,0,0,1,-1,0,0,-1,-1,-1,0,0,0,0,-1,-1,1,1,0,0,1,1,0,-1,0,0,0,0,0,0,0,0,0,0,0,1,0,0,0,0,0,0,0,0,0,0,0,0,0,0,0,0,0,0,0,0,0,0,0,0,0,0,0,0,0,0,0,0,0,0,0,0,0,0,0,0,0,0,0,0,0,1,0,0,1,0,0,1,0,0,0,0,0,0,0,1,1,1,0,0,0,0,0,0,1,0,0,1,1,0,1,1,0,1,0,1,1,1,0,1,1,1,0,0,0,0,1,1,0,0,1,-1,-1,-1,-1,-1,-1,-1,-1,0,0,0,0,0,0,0,0,-1,-1,0,0,0,0,-1,-1,0,0,0,0,,,,0,0,0,0,0,0,0,0,0,0,0,0,0,0,0,0,-1,-1,-1,-1,1,-1,-1,-1,1,1,1,0,0,0,1,0,0,0,1,1,1,1,-1,-1,-1,-1,0,0,0,-1,0,-1,-1,-1,-1,-1,1,0,0,1,1,1,0,0,0,0,1,0,1,1,1,1,1,0,0,-1,1,0,1,1,1,1,1,0,0,-1,1,-1,1,1,1,0,1,0,0,0,1,1,0,1,-1,0,0,0,1,0,1,1,1,0,1,-1,-1,-1,1,1,1,0,0,0,1,0,0,0,0,0,0,0,0,0,0,0,0,-1,0,-1,0,88,68,20,24.65,301,59,3
nanohydrochem_llc_2021,-1,-1,-1,-1,-1,0,0,0,0,0,0,0,0,0,0,-1,-1,0,-1,-1,1,1,0,0,0,-1,0,0,0,1,1,0,0,0,0,-1,0,0,1,0,-1,1,1,0,0,0,-1,-1,0,0,0,-1,0,0,1,0,0,0,0,0,-1,0,0,0,0,0,0,0,-1,-1,0,0,0,0,0,0,-1,-1,0,0,0,0,-1,-1,0,0,0,0,0,1,0,0,0,0,0,0,0,0,0,0,0,0,0,1,0,-1,0,0,0,0,0,0,0,0,0,0,0,0,0,0,0,0,0,-1,-1,0,0,0,0,0,0,0,0,1,1,0,0,0,0,0,0,-1,-1,-1,0,0,0,1,0,-1,0,-1,-1,0,0,0,0,1,0,-1,1,0,0,-1,-1,1,0,0,0,-1,0,0,1,-1,0,1,1,1,1,1,0,1,0,1,1,1,0,1,1,1,0,0,0,0,1,1,0,0,1,-1,-1,-1,-1,-1,-1,-1,-1,1,1,-1,-1,1,1,0,0,-1,-1,0,0,0,-1,-1,-1,0,0,0,0,,,,0,0,0,0,0,0,0,0,0,0,0,0,0,0,,0,-1,-1,0,0,1,-1,-1,-1,1,1,1,-1,-1,-1,1,-1,-1,-1,-1,-1,-1,1,0,0,0,0,-1,0,0,-1,0,0,0,1,1,0,-1,0,0,0,-1,1,-1,-1,0,-1,1,0,-1,-1,-1,-1,1,0,-1,1,1,-1,1,-1,1,1,1,-1,0,-1,-1,-1,0,0,0,0,1,-1,0,0,-1,-1,0,-1,-1,-1,-1,-1,1,-1,1,1,-1,0,1,-1,-1,-1,-1,-1,-1,0,0,-1,-1,0,0,-1,-1,0,0,0,-1,-1,-1,0,0,-1,0,-1,0,58,51,7,16.25,251,108,4
natrion_2021,-1,-1,-1,-1,-1,0,0,0,0,0,0,0,0,0,0,-1,-1,0,-1,-1,1,1,0,0,0,-1,0,0,0,1,1,-1,0,0,0,1,0,0,1,1,-1,1,1,0,0,-1,-1,-1,-1,0,0,1,0,-1,1,0,0,0,0,0,1,0,0,0,0,0,0,-1,-1,-1,0,0,0,0,0,0,1,0,0,0,-1,0,0,0,0,0,0,0,0,1,0,0,-1,-1,-1,-1,-1,-1,-1,0,0,0,0,1,0,1,0,0,0,0,0,0,1,1,0,0,0,0,0,0,0,0,0,1,1,0,0,0,0,0,0,-1,0,1,1,0,0,0,0,0,0,1,1,1,0,0,1,1,0,1,1,1,1,0,1,1,0,-1,0,-1,-1,0,0,1,1,1,0,0,0,1,0,0,1,0,0,1,1,1,1,1,0,1,0,1,1,1,0,0,1,1,0,0,0,0,1,1,0,0,-1,-1,-1,-1,-1,-1,-1,-1,-1,1,1,0,0,0,0,0,0,-1,-1,0,0,0,1,1,1,0,0,0,0,,,,0,0,0,0,0,0,0,0,,0,0,0,0,0,0,0,1,1,0,0,-1,-1,-1,-1,1,1,1,-1,-1,-1,0,0,1,1,1,1,1,1,-1,-1,0,0,0,0,0,-1,0,1,1,1,1,0,-1,-1,-1,-1,1,-1,-1,-1,0,0,1,-1,1,1,1,1,1,0,1,-1,1,0,1,1,0,1,1,-1,0,1,1,1,1,1,1,-1,-1,-1,0,0,1,1,0,1,-1,0,-1,1,1,1,1,-1,0,0,0,-1,-1,1,1,1,1,-1,0,1,1,0,0,1,1,0,0,0,1,0,0,0,0,0,0,0,0,106,89,17,29.69,287,72,4
oceanforesters_2021,-1,-1,-1,-1,-1,0,0,0,0,0,0,0,0,0,0,1,1,0,1,1,1,1,0,0,0,0,0,0,0,1,1,0,0,0,0,1,0,0,1,0,1,1,1,0,0,0,0,0,0,0,0,0,0,0,1,0,0,0,0,0,0,0,0,0,0,,,0,-1,-1,1,,0,0,0,0,0,-1,0,0,0,0,1,1,1,0,1,1,0,1,1,1,-1,-1,-1,-1,-1,-1,-1,0,0,0,0,1,1,0,0,0,0,0,0,0,0,0,0,0,0,0,0,0,0,0,0,0,0,0,0,0,0,0,0,0,0,0,0,0,0,0,0,0,0,0,0,0,0,0,0,1,0,0,0,0,0,1,1,0,0,1,0,1,1,0,0,0,1,1,1,0,0,1,0,0,1,0,0,0,1,1,1,1,0,1,0,1,1,1,0,0,0,0,0,1,0,0,0,0,0,0,0,,1,1,-1,-1,-1,-1,-1,0,0,0,0,0,0,0,0,0,0,-1,-1,-1,0,-1,-1,0,0,0,0,,,,0,0,0,0,0,0,0,0,0,0,0,0,0,0,,0,-1,-1,-1,-1,1,-1,-1,-1,1,0,0,0,0,0,1,1,0,0,1,1,1,1,1,1,0,0,0,0,0,0,1,0,0,1,1,0,0,0,0,0,1,0,0,0,0,0,1,0,1,1,1,1,0,0,0,0,0,0,0,0,1,0,1,1,0,-1,0,0,0,0,0,0,0,0,0,1,0,0,0,0,0,0,0,0,1,1,0,0,1,0,1,0,0,0,0,1,0,0,0,0,0,0,0,0,0,0,0,0,0,0,0,0,0,0,0,-1,0,75,71,4,21.01,321,34,8
origen_air_systems_ltd_2021,1,1,-1,-1,-1,0,0,0,0,0,0,0,0,0,0,1,1,0,-1,-1,1,0,0,0,0,1,-1,0,0,1,1,0,0,0,0,-1,0,0,1,1,-1,1,1,0,0,1,1,1,1,0,0,-1,-1,-1,1,-1,-1,0,0,0,0,-1,0,0,0,-1,-1,0,1,1,0,,1,0,0,1,0,0,0,1,1,0,1,1,1,0,0,0,0,1,1,-1,-1,-1,-1,-1,0,0,0,0,0,0,0,1,0,1,-1,-1,-1,-1,0,0,0,0,0,-1,-1,-1,-1,0,0,0,0,1,1,0,0,0,0,0,0,0,0,1,1,0,0,1,1,0,0,1,1,1,0,0,1,1,-1,1,1,1,1,0,1,1,0,1,0,-1,1,0,0,1,1,1,-1,0,0,0,0,0,1,-1,0,1,1,1,1,1,0,1,0,1,1,1,0,1,1,1,0,1,0,0,1,1,0,0,1,-1,1,1,-1,-1,-1,-1,-1,0,0,1,1,1,1,-1,-1,-1,-1,-1,-1,-1,1,-1,-1,0,0,0,0,,,,0,0,,0,0,,0,0,0,0,0,0,0,0,,0,-1,-1,-1,-1,-1,-1,-1,-1,1,1,1,-1,-1,-1,1,-1,1,1,1,1,1,1,-1,-1,0,0,1,0,0,-1,0,-1,-1,-1,1,1,1,-1,-1,1,1,1,-1,-1,0,-1,-1,0,1,1,1,1,1,0,-1,1,0,0,-1,-1,1,-1,1,0,0,1,-1,-1,-1,-1,-1,0,-1,-1,0,0,-1,1,0,1,0,0,-1,-1,1,1,1,-1,0,0,1,-1,-1,-1,1,1,-1,-1,-1,-1,-1,-1,-1,1,1,-1,-1,-1,0,-1,-1,0,0,0,0,-1,0,112,98,14,31.37,253,103,7
paragon_auto_motive_2021,-1,-1,-1,-1,-1,0,0,0,0,0,0,0,0,0,0,-1,-1,0,-1,-1,1,1,0,0,-1,1,0,0,0,1,1,0,-1,-1,0,1,0,0,1,1,1,1,1,0,0,-1,-1,-1,0,0,0,1,0,0,1,-1,0,0,0,0,1,-1,0,0,0,0,0,-1,-1,-1,-1,,1,0,0,0,0,0,0,-1,1,0,1,1,-1,0,0,0,0,-1,1,0,0,0,0,0,0,0,0,0,0,0,0,1,0,0,0,0,0,0,0,0,0,0,0,0,0,0,0,0,0,0,0,0,0,0,0,0,0,0,0,0,0,1,1,0,0,0,0,0,0,0,0,0,0,0,0,1,0,1,1,1,1,0,1,1,0,1,0,0,1,0,0,1,1,1,0,0,0,0,0,0,1,0,0,1,1,1,1,1,0,1,0,1,1,1,0,1,1,1,0,0,0,0,1,1,0,0,1,-1,-1,-1,-1,-1,-1,-1,-1,-1,-1,0,0,1,1,0,0,-1,-1,-1,-1,-1,1,1,1,0,0,0,0,,,,0,0,,0,0,,0,0,0,0,0,0,0,0,,-1,-1,-1,0,0,-1,-1,-1,-1,1,1,1,0,0,0,1,0,-1,-1,1,1,1,1,-1,-1,-1,-1,0,0,0,1,0,1,1,1,1,-1,1,-1,0,-1,1,1,0,0,0,0,1,0,1,1,1,1,1,1,-1,0,1,0,1,1,1,1,1,-1,0,1,-1,0,0,0,0,0,1,1,0,0,1,1,0,1,-1,0,1,0,1,-1,1,1,0,0,1,1,-1,-1,1,1,-1,-1,0,0,1,0,0,0,0,0,0,0,0,0,0,0,0,0,0,-1,1,100,85,15,28.01,291,65,7
power_to_yah_2021,-1,-1,-1,-1,-1,0,0,0,0,0,0,0,0,0,0,-1,-1,0,-1,-1,1,-1,-1,-1,0,-1,-1,0,0,1,1,0,0,0,0,0,0,0,0,-1,0,1,0,0,0,0,0,0,0,0,0,0,0,0,1,0,0,0,0,0,0,0,0,0,0,0,0,1,0,0,0,0,0,0,0,0,1,1,0,0,0,0,0,0,0,0,0,0,0,0,0,0,0,0,0,0,0,0,0,0,0,0,0,0,0,0,0,0,0,0,0,0,0,0,0,0,0,0,0,0,0,0,0,0,0,0,0,0,0,0,0,0,0,0,0,0,0,0,0,0,0,0,0,0,0,0,-1,0,0,-1,0,-1,-1,0,0,0,0,0,0,0,0,0,0,0,0,-1,0,0,0,0,0,0,-1,0,0,-1,-1,-1,1,0,0,-1,0,-1,-1,-1,0,-1,-1,-1,0,0,0,0,1,-1,0,0,1,-1,-1,-1,-1,-1,-1,-1,-1,0,0,0,0,0,0,0,0,0,0,0,0,0,0,1,1,0,0,0,0,,,,0,0,0,0,0,0,0,0,0,0,0,0,0,0,0,0,1,1,-1,-1,-1,-1,-1,-1,1,0,0,0,0,0,0,0,0,0,1,1,1,1,0,0,0,0,0,0,0,1,-1,0,0,0,1,0,0,0,0,0,0,1,0,0,0,0,1,0,,1,1,1,0,0,1,1,1,0,1,0,1,-1,0,0,0,1,0,-1,0,0,0,0,1,1,0,-1,1,0,0,1,1,0,0,1,-1,0,0,0,0,0,-1,-1,0,0,0,0,-1,0,0,0,-1,0,0,0,-1,0,0,0,-1,0,0,0,0,0,0,0,0,39,29,10,10.92,302,57,4
proagni_2021,-1,-1,-1,-1,-1,-1,-1,-1,0,0,0,0,0,0,0,1,1,0,1,1,1,0,0,0,0,-1,-1,0,0,1,1,-1,1,0,0,1,0,0,1,1,1,1,1,0,0,1,1,1,1,0,0,1,1,0,1,1,0,0,1,1,0,1,0,0,0,,,0,1,1,1,,1,0,0,-1,0,-1,0,0,0,0,1,1,1,1,0,0,1,1,1,1,0,0,0,0,0,0,0,0,0,0,0,1,1,1,1,1,0,0,0,0,1,1,0,1,1,1,1,0,0,0,0,1,1,-1,-1,0,0,0,0,0,0,1,1,0,-1,1,1,1,-1,1,1,1,0,0,1,1,0,0,1,1,1,0,1,1,0,1,0,1,1,0,0,0,1,0,0,0,0,0,0,0,1,1,1,1,1,1,1,1,0,1,0,0,1,1,1,1,1,1,0,1,0,0,0,0,0,0,0,,-1,-1,-1,-1,-1,-1,-1,1,1,1,1,1,1,1,1,0,0,-1,-1,-1,1,1,1,0,0,0,0,,,,0,0,,0,0,,0,0,0,0,0,0,0,0,,0,1,1,-1,-1,1,-1,-1,-1,1,1,1,1,1,1,1,1,1,1,0,0,0,1,1,1,1,1,1,0,0,1,0,1,1,1,1,1,1,0,0,1,1,1,0,0,0,0,1,0,1,1,1,1,1,0,1,1,1,1,1,0,1,1,1,1,-1,-1,0,-1,0,0,0,1,1,0,-1,1,1,1,-1,1,0,0,0,-1,1,1,1,1,0,-1,1,0,0,0,0,0,0,0,0,1,-1,1,1,1,1,1,1,1,1,1,1,1,0,-1,1,1,-1,165,149,16,46.22,311,42,10
saturnu_solutions_corp_2021,-1,-1,-1,-1,-1,0,0,0,0,0,0,0,0,0,0,-1,-1,0,-1,-1,1,-1,0,0,0,1,-1,0,0,1,1,0,0,0,0,0,0,0,1,1,0,1,1,0,0,-1,-1,-1,0,0,0,1,0,0,0,1,0,0,0,0,1,0,0,0,0,1,1,0,-1,-1,0,0,0,0,0,0,0,0,0,1,0,0,0,0,0,0,0,0,0,0,0,0,0,0,0,0,0,0,0,0,0,0,0,0,0,1,0,0,0,0,0,0,0,0,0,0,0,0,0,0,0,0,0,0,0,0,0,0,0,0,0,0,0,0,0,0,0,0,0,0,0,0,0,0,0,0,0,1,0,1,0,1,1,0,0,1,0,0,0,0,0,0,0,0,0,1,1,1,1,0,0,0,1,1,0,1,1,1,1,1,0,1,0,1,1,1,0,1,1,1,0,0,0,0,1,1,0,0,-1,-1,-1,-1,-1,-1,-1,-1,-1,-1,-1,0,0,0,0,0,0,-1,-1,-1,-1,-1,1,0,0,0,0,0,0,,,,0,0,0,0,0,,0,0,0,0,0,0,0,0,,0,-1,-1,0,0,1,-1,-1,-1,1,-1,-1,0,0,0,0,1,1,1,1,1,1,1,-1,-1,-1,-1,1,0,0,1,0,1,1,0,1,0,0,0,0,1,1,1,0,0,0,0,1,0,1,1,1,1,0,0,1,1,1,0,1,0,1,1,1,0,0,1,0,1,1,1,1,0,1,1,0,0,1,1,0,1,0,0,0,0,0,1,1,1,0,0,0,0,1,1,1,0,1,0,0,0,1,0,0,0,-1,0,0,0,0,0,0,0,0,0,0,0,0,88,74,14,24.65,314,44,5
shortcut_2021,-1,-1,-1,-1,-1,-1,-1,-1,0,0,0,0,0,0,0,-1,-1,0,-1,-1,-1,-1,0,0,0,-1,0,0,0,1,1,-1,0,0,0,1,0,0,1,1,1,1,1,0,0,1,1,1,1,0,0,1,-1,0,1,0,0,1,0,0,1,0,0,-1,-1,1,1,-1,0,0,0,1,0,0,0,1,0,0,1,0,0,0,0,0,0,0,0,0,0,-1,0,-1,0,0,0,0,0,0,0,0,0,0,0,1,0,0,0,0,0,0,0,0,0,0,0,0,0,0,0,0,0,0,0,0,0,0,0,0,0,0,0,0,0,0,0,0,0,0,0,0,0,0,0,0,0,0,0,-1,0,-1,1,0,0,0,1,1,0,0,0,0,0,0,0,1,1,1,0,0,0,0,0,0,-1,-1,0,-1,-1,-1,1,-1,0,-1,0,-1,-1,-1,0,-1,-1,-1,-1,0,-1,0,0,-1,0,0,1,0,1,1,-1,-1,-1,-1,-1,-1,-1,1,1,0,0,0,0,-1,-1,-1,-1,-1,0,0,0,0,0,0,0,,,,0,0,0,0,0,0,0,0,0,0,0,0,0,0,0,0,0,0,0,0,-1,-1,-1,-1,1,0,0,-1,-1,-1,0,0,0,0,1,1,1,1,0,0,0,0,0,0,0,1,0,1,1,1,0,0,0,1,1,1,1,1,0,0,0,0,1,0,1,1,1,1,1,0,1,0,1,0,1,1,1,1,1,0,0,1,0,0,1,1,1,0,1,-1,0,0,1,0,0,1,1,1,1,0,1,1,1,1,0,0,-1,0,1,1,1,1,1,1,0,0,-1,0,0,0,-1,0,0,0,0,0,0,0,0,0,0,0,0,81,60,21,22.69,297,63,3
spectral_key_2021,-1,-1,-1,-1,-1,0,0,0,0,0,0,0,0,0,0,1,1,0,1,1,1,-1,0,0,0,1,0,0,0,1,1,0,0,0,0,0,0,0,1,0,1,1,1,0,0,0,0,0,0,0,0,0,0,0,1,1,0,0,0,0,1,1,-1,-1,-1,1,1,0,0,0,1,,0,0,0,0,-1,1,1,0,0,0,-1,-1,0,0,0,0,0,1,0,1,0,0,0,0,0,0,0,0,0,0,0,1,0,1,0,0,1,1,0,0,0,0,0,0,0,0,0,1,1,0,0,1,1,0,0,0,0,0,0,0,0,1,1,1,0,1,1,1,1,1,1,1,0,1,0,0,0,1,0,0,0,0,0,0,0,-1,0,0,0,0,0,0,0,1,0,0,0,0,0,0,1,0,0,1,1,1,1,1,0,1,0,1,1,1,0,1,1,1,0,0,0,0,1,1,0,0,1,0,1,1,-1,-1,-1,-1,-1,-1,-1,-1,-1,0,0,0,0,0,0,-1,-1,-1,0,0,0,0,0,0,0,,,,0,0,0,0,0,0,0,0,0,0,0,0,0,0,0,0,-1,-1,0,0,-1,-1,-1,-1,1,0,0,0,0,0,1,1,1,1,1,1,1,1,0,0,0,0,0,0,0,0,1,1,1,1,1,0,1,0,0,0,1,0,0,0,0,0,0,0,1,1,1,1,1,0,0,0,1,0,1,0,1,1,1,0,0,0,0,0,1,1,1,0,0,0,0,0,0,1,0,0,0,0,1,0,1,1,1,1,0,0,1,1,0,0,0,1,0,0,0,0,0,0,0,0,0,0,0,0,0,0,0,0,0,0,0,1,0,101,93,8,28.29,328,31,4
spiral_technology_2021,-1,-1,-1,-1,-1,0,0,0,0,0,0,0,0,0,0,-1,-1,0,-1,-1,1,0,0,0,0,-1,0,0,0,1,1,0,0,0,0,0,0,0,-1,-1,0,1,-1,0,0,0,-1,-1,-1,0,0,0,0,0,1,0,0,0,0,0,1,0,0,0,0,0,0,0,0,0,0,1,-1,0,0,1,0,0,0,0,1,0,-1,-1,1,0,0,0,0,1,1,-1,-1,-1,-1,-1,-1,-1,-1,0,0,0,0,1,0,0,0,0,0,0,0,0,0,0,0,0,0,0,0,0,0,0,0,0,0,0,0,0,0,0,0,0,0,0,0,0,0,0,0,0,0,0,0,0,0,0,0,1,0,1,1,0,0,0,1,1,0,1,0,1,1,0,0,0,0,1,,0,0,0,0,0,1,0,0,1,1,0,1,1,0,1,0,1,1,1,0,1,1,1,0,0,0,0,1,1,0,0,1,0,1,1,-1,-1,-1,-1,-1,-1,-1,1,1,-1,-1,0,0,-1,-1,-1,-1,-1,1,-1,-1,0,0,0,0,,,,0,0,,0,0,0,0,0,0,0,0,0,0,0,0,0,1,1,0,0,1,-1,-1,-1,1,0,0,1,1,1,1,0,1,0,1,1,1,1,0,0,0,0,1,0,0,1,0,0,0,0,1,0,0,0,0,1,1,1,0,0,0,0,1,0,1,1,1,1,1,0,1,1,1,0,1,0,1,1,1,0,0,1,1,1,0,0,0,0,1,1,0,0,1,0,0,1,1,0,0,0,1,0,1,1,0,0,1,0,0,1,1,1,1,0,0,0,1,0,0,0,0,0,0,0,0,0,0,0,0,0,0,0,0,91,72,19,25.49,312,46,5
springbay_studio_ltd_2021,-1,-1,1,1,1,-1,-1,-1,0,0,0,0,0,0,0,-1,-1,-1,-1,-1,1,0,0,0,-1,1,-1,-1,-1,1,1,0,0,0,0,1,1,0,1,1,1,1,1,0,0,-1,-1,1,-1,0,1,1,1,-1,1,-1,0,0,-1,-1,1,0,0,-1,-1,1,1,1,0,0,0,1,-1,-1,-1,1,0,0,1,-1,1,0,1,1,1,-1,0,0,0,1,1,-1,0,0,0,0,0,0,0,0,0,0,0,1,0,1,0,0,0,0,0,0,0,0,0,,,,,0,,0,0,,,0,0,0,0,1,0,0,0,1,1,0,0,,,0,0,1,1,1,0,0,0,1,1,1,1,1,0,0,1,1,0,0,0,0,0,0,0,1,1,1,0,1,1,1,0,0,1,1,0,1,1,0,1,1,0,1,0,1,1,1,1,1,1,1,1,1,1,1,0,1,1,0,1,0,-1,-1,-1,-1,-1,-1,-1,0,0,1,1,0,0,0,0,-1,-1,0,0,0,1,1,1,0,0,0,0,,,,0,0,0,0,0,0,0,0,0,0,0,0,0,0,,0,1,1,-1,-1,-1,-1,-1,-1,1,1,1,1,1,1,1,0,1,0,1,1,1,1,-1,-1,-1,-1,0,0,0,0,0,1,1,1,1,0,1,-1,-1,1,1,1,1,1,0,0,1,0,1,1,1,1,1,1,-1,1,1,0,1,1,1,1,1,-1,0,1,0,1,1,1,1,0,1,-1,0,0,1,1,0,1,1,0,1,0,1,1,1,1,-1,0,1,1,1,1,1,0,1,1,0,1,1,1,1,1,1,1,1,1,1,0,0,0,0,1,0,0,1,151,127,24,42.3,296,54,13
sunbeis_2021,-1,-1,-1,-1,-1,0,0,0,0,0,0,0,0,0,0,1,1,0,1,1,1,-1,0,0,0,-1,-1,0,0,1,1,0,0,0,0,0,0,0,0,-1,0,1,0,0,0,0,0,0,0,0,0,-1,0,0,1,0,0,0,0,0,0,0,0,0,0,1,1,0,0,0,0,1,0,1,-1,1,-1,-1,0,0,0,0,0,0,0,0,0,0,0,0,0,0,-1,-1,-1,-1,-1,-1,-1,0,0,0,0,-1,0,0,0,0,0,0,0,0,0,0,0,0,0,0,0,0,0,0,0,0,0,0,0,0,0,0,0,0,0,0,0,0,0,0,0,0,0,0,0,0,0,0,0,1,0,0,0,0,0,0,0,0,0,1,0,1,1,0,0,-1,-1,1,0,0,0,1,0,0,-1,0,0,-1,-1,-1,1,-1,0,-1,0,-1,-1,-1,0,-1,-1,-1,0,0,0,0,1,-1,0,0,1,-1,1,1,-1,-1,-1,-1,-1,0,0,0,0,0,0,0,0,-1,-1,-1,-1,-1,0,1,1,0,0,0,0,,,,0,0,0,0,0,0,0,0,0,0,0,0,0,0,0,0,0,0,0,0,-1,-1,-1,-1,1,0,0,0,0,0,-1,0,1,-1,1,1,1,0,0,0,0,0,0,0,0,0,0,0,0,0,0,0,0,0,0,0,1,1,0,0,0,0,1,0,,1,1,1,1,0,1,1,,0,1,1,0,1,0,0,0,1,0,-1,0,0,0,0,1,-1,0,0,1,-1,0,1,1,0,1,0,1,0,1,1,0,0,0,0,0,1,1,0,0,0,0,0,-1,0,0,0,0,0,0,0,0,0,0,0,0,0,0,0,0,55,42,13,15.41,301,57,5
sustain_tek_llc_2021,-1,-1,0,0,0,0,0,0,0,0,0,0,0,0,0,1,1,0,1,1,1,0,0,0,0,1,0,0,0,1,1,0,0,0,0,0,1,0,0,1,0,1,1,0,0,1,1,-1,-1,0,0,1,0,0,1,0,0,0,0,0,0,0,0,1,1,0,0,1,0,0,0,0,0,0,0,0,1,1,1,0,0,0,-1,-1,1,1,0,0,1,1,0,0,-1,-1,-1,-1,-1,-1,-1,0,0,0,0,1,1,0,0,0,0,0,0,0,0,0,0,0,0,0,0,0,0,0,0,0,0,0,0,0,0,0,0,0,0,0,0,0,0,0,0,0,0,0,0,0,0,0,0,1,0,1,1,1,1,0,1,1,0,1,0,1,1,0,0,1,1,1,1,0,0,1,1,0,1,1,0,1,1,0,1,1,1,1,0,1,1,1,0,1,1,1,0,0,0,0,1,1,0,0,1,-1,1,1,-1,1,-1,-1,-1,0,0,-1,-1,0,0,0,0,-1,-1,-1,-1,-1,0,1,1,0,0,0,0,,,,0,0,0,0,0,0,0,0,0,-1,-1,-1,0,0,0,0,-1,-1,1,1,1,-1,-1,-1,1,0,0,1,1,1,-1,0,1,1,1,1,1,-1,0,0,0,0,0,0,0,0,-1,1,1,1,0,0,0,-1,-1,1,1,1,0,0,0,0,1,0,1,1,1,1,1,0,1,1,,0,1,-1,0,-1,0,0,0,1,0,-1,1,1,1,0,1,1,0,0,1,0,0,1,1,0,1,0,1,0,1,0,0,0,0,0,1,1,1,1,1,0,0,0,1,0,0,0,0,0,0,0,0,0,0,0,0,-1,0,0,0,111,92,19,31.09,317,42,4
sustainable_energy_inc_2021,-1,-1,-1,-1,-1,0,0,0,0,0,0,0,0,0,0,1,1,0,1,1,1,1,-1,-1,0,-1,0,0,0,1,1,0,0,0,0,1,0,0,1,1,1,1,1,0,0,0,1,1,0,1,0,1,1,0,1,1,0,1,0,0,1,0,0,0,0,0,0,1,0,0,0,,1,0,0,,0,0,0,0,0,0,0,0,0,0,0,0,0,,0,0,0,0,0,0,0,0,0,0,0,0,0,0,0,0,0,0,0,0,0,0,0,0,0,0,0,0,0,0,0,0,0,0,0,0,0,0,0,0,0,0,0,0,0,0,0,0,0,0,0,0,0,0,0,0,0,1,0,0,0,1,1,0,0,1,0,1,0,0,0,0,0,1,1,1,1,0,0,0,0,0,1,1,0,1,1,1,1,1,0,1,0,1,1,1,0,1,1,1,0,1,0,0,1,1,0,0,1,-1,1,1,-1,1,-1,-1,-1,0,0,0,0,0,0,0,0,-1,-1,,1,1,1,1,1,0,0,0,0,,,,0,0,0,0,0,,0,0,0,0,0,0,0,0,0,0,1,1,1,1,1,-1,-1,-1,1,1,1,1,1,1,1,0,1,0,1,1,1,1,1,1,0,0,1,0,0,1,0,1,1,1,1,1,1,0,0,1,1,1,0,0,0,0,1,0,1,1,1,1,1,0,1,1,1,0,1,1,1,1,1,1,0,1,1,1,1,1,1,0,1,1,0,0,1,1,0,1,0,0,1,0,1,1,1,1,1,0,0,1,1,1,1,1,1,1,0,0,1,0,0,0,0,0,0,0,1,0,0,0,0,1,0,0,0,132,109,23,36.97,337,18,8
threemain_2021,-1,-1,-1,-1,-1,-1,-1,-1,0,0,0,0,0,0,0,1,1,0,1,1,1,1,1,1,0,1,0,0,0,1,1,0,0,0,0,1,0,0,1,1,1,1,1,0,0,0,0,0,0,0,0,0,1,0,1,1,0,0,1,-1,1,0,0,1,1,1,1,1,1,1,1,1,1,1,-1,0,0,0,1,0,1,1,1,1,1,-1,-1,-1,1,1,1,1,-1,-1,-1,-1,-1,-1,-1,-1,-1,-1,-1,1,1,-1,0,0,0,0,0,0,0,0,0,0,0,0,0,0,0,0,0,0,0,0,0,0,0,0,0,0,0,0,0,0,0,0,0,0,0,0,0,0,0,0,0,1,0,0,0,0,0,1,1,0,0,1,0,1,1,0,0,0,1,1,1,0,0,1,0,0,1,0,0,0,1,1,1,1,0,1,0,1,1,1,0,0,0,0,0,1,0,0,0,0,0,0,0,,1,1,-1,-1,-1,-1,-1,0,0,0,0,1,1,1,1,0,0,-1,-1,-1,1,1,1,1,0,0,0,,,,0,0,,0,0,,0,0,0,-1,-1,-1,0,0,,0,1,1,-1,-1,1,1,-1,1,1,0,0,0,0,0,1,1,0,0,1,1,1,1,1,1,1,1,0,1,1,0,1,0,0,0,1,1,0,0,0,0,1,0,0,0,0,0,1,0,1,1,1,1,0,0,0,1,1,0,0,0,0,0,1,1,0,0,0,0,0,0,0,0,0,0,0,0,0,0,0,0,0,0,0,0,1,0,1,1,1,0,1,0,1,0,0,1,0,0,1,0,0,0,0,0,0,0,0,0,0,0,0,0,0,0,0,1,0,115,105,10,32.21,317,39,7
ubu_2021,-1,-1,0,0,0,0,0,0,0,0,0,0,0,0,0,1,1,0,1,1,1,-1,0,0,0,-1,0,0,0,-1,-1,0,0,0,0,0,0,0,0,0,0,-1,1,0,0,0,1,0,0,0,0,1,0,0,1,1,0,1,0,0,0,0,0,1,1,0,0,0,0,0,0,0,0,0,0,0,0,0,0,0,0,0,0,0,0,0,0,0,0,1,0,0,-1,-1,-1,-1,-1,-1,-1,0,0,0,0,1,0,0,0,0,0,0,0,0,0,0,0,0,0,0,0,0,0,0,0,0,0,0,0,0,0,0,0,0,0,0,0,0,0,0,0,0,0,0,0,0,0,0,-1,1,0,0,0,-1,-1,0,0,0,0,1,0,1,1,0,0,1,1,1,0,0,0,0,0,0,-1,0,0,-1,-1,-1,1,-1,0,-1,0,-1,-1,-1,0,-1,-1,-1,0,0,0,0,1,-1,0,0,1,-1,-1,-1,-1,-1,-1,-1,-1,0,0,0,0,0,0,0,0,-1,-1,0,0,0,1,0,0,0,0,0,0,,,,0,0,0,0,0,0,0,0,0,0,0,0,0,0,0,0,1,1,0,0,1,-1,-1,-1,1,0,0,0,0,0,-1,0,1,-1,1,1,1,0,0,0,0,0,0,0,0,0,0,1,1,1,1,0,0,0,0,1,1,1,0,0,0,0,1,0,1,1,1,1,1,0,1,1,1,0,1,1,0,0,0,0,0,1,0,-1,1,1,1,0,1,-1,0,0,1,1,0,1,1,-1,1,0,1,0,1,-1,0,0,0,0,1,1,1,1,1,0,0,0,-1,0,0,0,0,0,0,0,0,0,0,0,0,0,0,0,0,69,55,14,19.33,310,50,3
up_catalyst_2021,-1,-1,-1,-1,-1,-1,-1,-1,0,0,0,0,0,0,0,1,1,0,1,1,1,1,0,0,0,-1,-1,0,0,1,1,0,0,0,0,1,0,0,1,1,-1,1,1,0,0,-1,1,1,1,0,0,1,1,0,1,0,0,1,1,0,1,0,0,0,0,-1,-1,1,1,1,0,1,,0,0,1,1,1,0,0,0,0,-1,-1,1,1,-1,-1,1,1,-1,0,-1,-1,-1,-1,-1,-1,-1,0,0,0,0,1,1,1,1,1,1,1,0,0,1,1,0,1,1,1,1,0,1,0,0,1,1,0,0,0,0,0,0,0,0,1,1,0,0,1,1,0,0,1,1,1,0,0,1,1,-1,0,1,-1,-1,0,1,1,0,1,0,1,-1,0,0,1,1,1,1,0,0,0,1,0,-1,0,0,-1,-1,0,1,-1,0,-1,0,-1,-1,-1,-1,-1,-1,-1,0,-1,0,0,-1,-1,-1,0,1,0,1,1,-1,1,-1,-1,-1,1,1,1,1,1,1,-1,-1,-1,-1,-1,-1,-1,1,-1,-1,0,0,0,0,,,,0,0,0,0,0,0,0,0,0,-1,-1,-1,0,0,0,0,1,1,1,1,1,-1,-1,-1,1,0,0,1,1,1,-1,0,1,1,1,1,1,1,0,0,0,0,1,0,0,1,0,1,1,1,1,1,1,-1,0,1,1,1,1,1,0,-1,1,0,1,1,1,1,1,-1,1,1,1,1,1,1,1,1,1,0,0,1,1,1,1,1,1,0,1,-1,0,0,1,1,,1,1,1,1,1,1,0,1,1,0,0,1,0,-1,1,1,1,1,1,0,1,-1,0,0,1,1,0,0,0,-1,-1,-1,0,0,1,0,0,0,150,122,28,42.02,283,75,5
wyoming_hyperscale_white_box_ll_2021,-1,-1,-1,-1,-1,-1,-1,-1,0,0,0,0,0,0,0,-1,-1,0,1,1,1,1,0,0,-1,-1,0,1,1,1,1,0,0,0,0,1,0,0,1,1,1,1,0,0,0,0,1,1,1,0,0,1,-1,0,1,0,0,1,0,0,0,0,0,1,1,0,0,-1,1,1,0,0,-1,0,0,0,0,0,1,-1,-1,0,-1,-1,0,0,-1,-1,0,0,-1,0,-1,-1,-1,-1,-1,-1,-1,0,0,0,0,0,0,0,0,0,0,0,0,0,0,0,0,0,0,0,0,0,0,0,0,0,0,0,0,0,0,0,0,0,0,0,0,0,0,0,0,0,0,0,0,0,0,0,1,1,0,-1,1,-1,-1,0,1,1,0,1,0,1,1,0,0,1,1,1,-1,0,1,0,-1,0,-1,1,0,-1,-1,-1,1,-1,0,-1,0,-1,-1,-1,0,-1,-1,-1,0,0,0,0,1,-1,0,0,-1,-1,1,1,-1,-1,1,-1,-1,0,0,1,1,0,0,0,0,-1,-1,-1,-1,-1,1,1,1,0,0,0,0,,,,0,0,0,0,0,0,0,0,0,-1,-1,-1,1,0,0,0,1,1,1,1,-1,-1,-1,-1,1,0,0,0,0,0,1,0,1,0,1,1,1,1,0,0,0,0,0,0,0,0,0,-1,-1,-1,0,0,0,0,0,1,1,0,0,0,0,0,1,0,1,1,1,1,1,-1,-1,1,1,0,1,1,0,1,0,0,0,1,0,1,-1,-1,-1,0,1,-1,0,1,1,1,0,1,1,-1,1,-1,1,0,1,1,-1,0,-1,0,-1,1,1,1,0,1,0,0,-1,0,0,0,0,0,0,0,0,0,0,0,0,0,0,0,0,88,70,18,24.65,280,80,3
alchemist_metal_2019,-1,-1,-1,-1,-1,0,0,0,-1,-1,-1,-1,-1,-1,-1,1,1,0,0,0,0,0,-1,-1,0,0,0,0,0,1,1,0,0,1,0,0,0,0,0,1,0,1,0,0,0,1,1,1,0,0,0,1,0,1,1,0,0,0,0,0,1,1,0,0,0,0,0,0,0,0,0,0,0,0,0,0,0,-1,0,0,-1,0,0,0,-1,-1,0,0,0,1,-1,0,0,0,0,0,0,0,0,0,0,0,0,1,0,1,0,0,-1,-1,0,0,0,0,0,0,0,0,0,0,0,0,0,1,1,0,0,0,0,0,0,-1,0,1,1,0,0,-1,-1,0,-1,1,1,1,0,-1,0,-1,0,-1,0,-1,-1,0,0,0,0,-1,0,-1,-1,0,0,-1,-1,-1,0,0,0,0,0,0,-1,-1,0,-1,-1,-1,-1,-1,0,-1,0,-1,-1,-1,0,-1,-1,-1,0,0,0,0,-1,-1,0,0,-1,-1,-1,-1,-1,-1,-1,-1,-1,-1,-1,-1,-1,0,0,0,0,0,0,-1,-1,-1,0,0,0,0,0,0,0,,,,0,0,0,0,0,0,0,0,0,-1,-1,-1,0,0,0,0,-1,-1,-1,-1,-1,-1,-1,-1,1,0,0,0,0,0,0,-1,0,0,1,1,1,1,1,1,0,0,1,1,1,1,0,-1,-1,1,1,-1,1,1,1,0,1,1,-1,-1,-1,-1,1,1,1,1,1,1,0,0,-1,1,1,1,1,1,1,1,1,1,0,1,1,-1,-1,-1,-1,-1,-1,-1,0,0,-1,-1,1,-1,-1,0,-1,0,,0,0,0,0,-1,0,0,0,0,0,0,0,0,0,-1,1,0,0,,,,,,,,,,,0,-1,0,-1,62,48,14,17.37,245,104,14
alina_2019,-1,-1,-1,-1,-1,-1,-1,-1,-1,-1,-1,-1,-1,-1,-1,1,1,0,0,0,-1,0,0,0,0,0,0,0,0,1,1,1,1,1,0,0,0,0,-1,1,1,1,0,0,0,-1,1,1,0,0,0,-1,0,-1,1,0,0,0,0,0,1,1,0,0,0,0,0,0,0,0,1,0,0,0,-1,0,0,0,0,-1,1,-1,-1,-1,1,1,-1,-1,0,1,1,0,-1,-1,-1,-1,-1,-1,-1,0,0,0,0,1,1,1,-1,-1,0,0,0,0,0,0,0,0,0,0,0,0,0,0,0,1,1,0,0,0,0,0,0,1,0,1,1,0,0,0,0,0,0,-1,-1,-1,0,0,-1,0,0,0,0,-1,-1,0,0,0,0,0,0,0,0,0,0,0,0,0,0,0,0,0,0,0,0,0,0,0,0,0,0,0,0,0,0,0,0,0,0,0,0,0,0,0,0,0,0,0,0,0,0,,0,0,0,0,0,0,0,0,0,0,0,0,0,0,0,0,0,0,0,0,0,0,0,0,0,0,0,,,,0,0,0,0,0,0,0,0,0,0,0,0,0,0,0,0,0,0,0,0,0,0,0,0,1,0,0,0,0,0,1,1,0,0,1,1,1,1,1,1,1,1,1,1,1,1,0,0,0,1,1,1,1,1,1,1,0,1,1,1,1,0,1,1,0,1,1,1,1,1,-1,1,1,1,1,1,1,1,1,1,0,1,1,0,0,0,0,0,0,0,0,0,0,0,1,0,0,0,-1,0,,0,0,0,0,1,0,0,0,0,0,0,0,0,0,0,1,0,0,,,,,,,,,,,-1,1,0,1,78,64,14,21.85,303,45,15
armita_x_2019,-1,-1,1,1,1,-1,-1,-1,-1,-1,-1,-1,-1,-1,-1,1,1,0,-1,-1,-1,-1,-1,-1,0,-1,0,0,0,-1,-1,-1,0,0,0,0,0,0,0,0,0,1,0,0,0,1,1,1,-1,0,0,-1,0,0,-1,0,0,0,0,0,-1,0,0,-1,-1,0,0,0,0,0,0,0,0,0,0,0,0,0,0,0,-1,0,0,0,0,0,0,0,0,-1,1,0,0,0,0,0,0,0,0,0,0,0,0,1,-1,0,0,0,0,0,0,0,0,0,0,0,0,0,0,0,0,0,0,0,0,0,0,0,0,0,0,0,0,0,0,0,0,0,0,0,0,0,0,0,0,0,0,-1,0,-1,0,0,0,0,0,0,0,-1,0,1,1,0,0,0,-1,0,0,0,0,0,-1,-1,0,0,0,-1,-1,-1,-1,-1,0,-1,-1,-1,-1,-1,0,-1,-1,-1,0,0,0,0,0,0,0,0,-1,1,-1,-1,-1,-1,-1,-1,-1,0,0,0,0,0,0,0,0,0,0,0,0,0,0,0,0,0,0,0,0,,,,0,0,0,0,0,0,0,0,0,0,0,0,0,0,0,0,0,0,0,0,-1,-1,-1,-1,1,0,0,0,0,0,0,-1,0,0,-1,-1,-1,-1,-1,-1,-1,-1,-1,0,0,0,0,0,0,-1,0,0,0,-1,-1,1,0,0,0,0,0,0,1,0,0,-1,-1,-1,-1,0,0,1,1,-1,1,-1,1,1,-1,-1,0,1,1,0,0,0,0,0,0,0,-1,-1,0,0,-1,0,0,0,0,0,,0,0,0,0,1,0,0,0,0,0,0,0,0,0,0,1,0,0,,,,,,,,,,,-1,-1,0,1,27,16,11,7.56,261,88,14
barracuda_technologies_inc_2019,1,1,1,1,1,-1,-1,-1,1,1,1,1,1,1,1,1,1,-1,0,0,0,0,0,0,0,-1,-1,-1,-1,0,0,0,-1,0,0,0,0,0,0,0,0,1,0,0,0,1,1,1,-1,0,0,1,-1,0,0,0,0,0,-1,-1,0,-1,0,0,0,0,0,0,0,0,0,0,0,0,0,0,0,0,0,0,0,0,0,0,1,0,0,0,1,1,1,1,0,0,0,0,0,0,0,0,0,0,0,1,1,1,0,0,0,0,0,0,0,0,0,0,0,0,0,0,0,0,0,1,1,0,0,0,0,0,0,0,0,1,1,0,0,0,0,0,0,1,1,1,0,0,0,0,0,0,0,0,0,0,0,0,0,0,0,0,0,0,0,0,0,0,0,0,0,0,0,0,0,0,0,0,0,0,0,0,0,0,0,0,0,0,0,0,0,0,0,0,0,0,0,0,0,0,0,,,,0,0,0,0,0,0,0,0,0,0,0,0,0,0,0,0,0,0,0,0,0,0,0,0,0,,,,0,0,0,0,0,0,0,0,0,-1,-1,-1,0,0,0,0,0,0,0,0,0,0,0,0,1,0,0,1,1,1,0,1,1,1,1,1,1,1,1,1,0,0,1,0,0,0,0,0,0,1,1,1,1,0,0,1,1,1,1,1,0,0,1,1,0,1,1,1,1,1,0,1,1,1,1,1,1,1,1,1,0,1,1,0,0,0,0,0,0,0,0,0,0,0,1,0,0,0,0,0,,0,0,0,0,1,0,0,0,0,0,0,0,0,0,0,1,0,0,,,,,,,,,,,0,1,0,1,80,68,12,22.41,329,17,17
crossnokaye_2019,-1,-1,1,1,1,-1,-1,-1,-1,-1,-1,1,1,1,1,1,1,0,-1,-1,1,1,-1,-1,0,0,0,0,0,1,1,0,-1,1,0,0,0,0,1,1,1,1,1,0,0,1,1,1,1,0,0,1,1,1,1,1,1,-1,0,0,1,1,0,0,0,-1,-1,1,0,0,-1,-1,0,0,0,0,1,0,0,0,1,0,1,1,1,1,0,0,0,1,1,1,0,0,0,0,0,0,0,-1,-1,-1,-1,1,-1,1,1,1,1,1,1,0,1,1,1,,,,,1,1,0,0,1,1,0,0,0,0,0,0,1,0,1,1,0,1,1,1,1,0,1,1,1,1,1,1,-1,0,0,0,0,0,0,0,1,0,0,0,0,0,0,0,1,1,1,0,0,0,0,0,0,0,1,0,1,0,0,0,0,0,0,0,0,0,0,0,0,1,0,0,0,0,0,0,0,0,0,0,,1,1,0,0,-1,1,-1,1,1,1,1,0,0,0,0,1,1,-1,-1,-1,1,-1,-1,0,0,1,-1,,,,0,0,0,0,0,0,0,0,0,0,0,0,0,0,0,0,-1,-1,1,1,1,0,1,0,1,0,0,1,1,1,0,1,1,1,1,1,1,1,1,1,0,0,1,0,0,1,0,1,1,1,1,1,1,1,1,1,1,0,1,1,0,0,1,1,1,1,1,1,1,1,0,1,1,1,1,1,1,1,1,0,0,1,1,1,1,1,1,0,0,0,0,1,1,1,0,1,0,1,1,0,0,0,1,1,0,0,0,0,1,1,1,1,0,1,1,1,1,0,0,1,0,1,1,1,0,1,1,0,1,1,1,0,0,164,139,25,45.94,321,34,8
emc_squared_2019,1,1,-1,-1,-1,-1,-1,-1,1,1,1,1,1,1,1,-1,-1,0,-1,-1,-1,0,0,0,0,0,0,0,0,1,1,0,0,1,1,1,0,0,1,1,1,1,0,0,0,1,1,1,1,0,,0,1,0,1,1,0,1,0,0,1,1,0,1,1,0,0,-1,0,0,-1,,0,0,-1,1,1,1,1,0,1,0,1,1,0,0,0,0,0,1,1,1,-1,-1,-1,-1,0,0,0,-1,-1,-1,-1,1,1,-1,0,0,0,0,-1,0,-1,-1,-1,0,0,0,0,0,0,0,0,-1,-1,0,0,0,0,0,0,0,0,1,1,0,1,-1,-1,-1,0,-1,-1,-1,0,0,-1,1,0,0,0,0,0,0,0,1,0,1,0,1,1,0,0,-1,-1,-1,0,0,0,0,0,0,0,-1,0,0,0,0,0,0,0,0,0,0,0,0,0,0,1,0,0,0,0,0,0,0,0,0,0,,-1,-1,-1,-1,-1,-1,-1,0,0,0,0,0,0,0,0,-1,-1,-1,-1,-1,-1,1,1,0,0,1,-1,,,,0,0,0,0,0,0,0,0,0,-1,-1,-1,0,0,0,0,1,1,-1,-1,-1,-1,-1,-1,1,1,1,1,1,1,1,-1,1,1,1,1,1,1,,,,,0,0,0,1,0,0,0,0,1,1,0,1,0,1,1,0,1,1,0,0,1,1,0,1,1,1,1,0,0,1,1,1,1,1,1,1,1,1,0,1,1,-1,1,1,1,1,1,1,0,,0,0,1,1,1,0,0,0,1,0,1,1,0,0,0,0,1,1,1,0,0,1,-1,0,,0,0,-1,0,0,0,0,1,0,0,-1,0,0,0,0,0,111,87,24,31.09,283,68,12
empow_lighting_2019,1,1,1,1,1,0,0,0,-1,-1,-1,1,1,1,1,1,1,0,1,1,1,1,-1,-1,0,0,0,0,0,1,1,0,0,0,0,0,0,0,0,-1,0,1,0,0,0,1,1,1,1,0,0,1,0,1,1,1,-1,0,0,0,1,1,0,0,0,-1,-1,0,0,0,0,0,0,0,0,0,0,0,0,1,1,1,1,1,1,0,1,1,0,1,1,0,,1,1,1,,1,1,-1,-1,-1,-1,1,1,1,0,0,0,0,0,0,0,0,0,0,0,0,0,0,0,0,0,1,1,0,0,0,0,0,0,0,0,1,1,0,1,1,1,1,0,1,1,1,0,1,0,0,0,0,0,0,0,0,0,0,0,1,0,1,0,0,0,0,0,0,0,0,0,0,0,0,0,0,0,0,0,0,0,0,0,0,0,0,0,0,0,0,0,0,0,0,0,0,0,0,0,0,0,,,,-1,-1,-1,-1,-1,0,0,0,0,0,0,0,0,0,0,,1,1,1,0,0,-1,0,-1,0,,,,0,0,0,0,0,0,0,0,0,-1,-1,-1,0,0,0,0,-1,-1,1,1,1,-1,-1,-1,1,0,0,0,0,0,0,1,0,0,1,1,1,1,0,0,0,0,1,0,0,1,0,1,1,1,1,0,1,1,0,1,1,0,0,0,0,0,1,1,1,1,1,1,1,0,0,1,1,0,1,1,1,0,1,1,0,1,1,1,1,1,1,1,1,1,0,1,1,1,0,1,1,1,1,0,1,0,1,0,0,0,0,0,0,1,1,1,1,0,0,-1,1,0,0,1,0,0,0,0,0,0,0,0,0,1,0,0,0,121,97,24,33.89,325,29,9
eve_2019,1,1,1,1,1,0,0,0,1,1,1,1,1,1,1,-1,-1,0,-1,-1,1,0,0,0,0,0,0,0,0,1,1,0,0,0,0,0,0,0,1,1,,-1,1,0,0,1,1,1,1,0,0,1,0,1,1,1,-1,0,0,0,1,1,0,0,0,0,0,0,0,0,0,0,0,0,0,0,0,0,0,0,0,0,0,0,1,1,0,0,1,1,0,-1,-1,-1,-1,-1,0,0,0,0,0,0,0,1,1,1,0,0,0,0,0,0,0,0,0,0,0,0,0,0,0,0,0,1,1,0,0,0,0,0,0,0,0,1,1,0,0,1,1,1,0,1,1,1,0,0,0,0,0,0,0,0,0,0,0,0,0,0,0,0,0,0,0,0,0,0,0,0,0,0,0,0,0,0,0,0,0,0,0,0,0,0,0,0,0,0,0,0,0,0,0,0,0,0,0,0,0,0,0,,0,0,0,0,0,0,0,0,0,0,0,0,0,0,0,0,0,0,0,0,0,0,0,0,0,0,0,,,,0,0,0,0,0,0,0,0,0,0,0,0,0,0,0,0,0,0,0,0,0,0,0,0,1,1,1,0,0,0,0,0,-1,-1,0,0,0,1,1,1,1,1,1,0,0,0,0,0,0,0,1,1,1,1,0,-1,1,0,0,0,0,0,-1,1,1,1,1,1,1,0,0,1,1,0,1,1,-1,0,0,0,0,1,0,0,0,0,0,0,0,0,0,1,1,1,0,1,1,1,0,0,0,1,1,0,0,0,0,0,0,1,1,1,1,1,1,0,1,0,0,0,0,0,0,0,0,0,0,0,0,1,0,1,0,87,67,20,24.37,342,16,5
evolve_energy_2019,-1,-1,-1,-1,-1,0,0,0,-1,-1,-1,-1,-1,-1,-1,-1,-1,0,0,0,-1,-1,0,0,0,0,0,0,0,1,1,1,1,0,0,0,0,0,1,1,0,1,0,0,0,1,1,1,1,0,0,1,0,1,1,1,-1,0,0,0,1,1,0,0,0,-1,-1,0,0,0,0,0,0,0,0,0,0,0,0,0,0,0,0,0,0,0,0,0,0,0,0,0,0,0,0,0,0,0,0,0,0,0,0,0,0,1,0,0,0,0,0,0,0,0,0,0,0,0,0,0,0,0,0,1,1,0,0,0,0,0,0,0,0,1,1,0,1,1,1,0,0,1,1,1,0,0,0,0,0,0,0,0,0,0,0,0,0,0,0,0,0,0,0,0,0,0,0,0,0,0,0,0,0,0,0,0,0,0,0,0,0,0,0,0,0,0,0,0,0,0,0,0,0,0,0,0,0,0,0,,1,1,-1,-1,-1,-1,-1,0,0,0,0,0,0,0,0,-1,-1,-1,-1,-1,0,0,0,0,0,0,0,,,,0,0,0,0,0,0,0,0,0,0,0,0,0,0,0,0,1,1,-1,-1,-1,-1,-1,-1,1,0,0,,,,0,1,0,0,1,1,1,1,0,0,0,0,1,1,1,0,0,1,1,1,1,0,1,1,0,1,1,0,1,1,0,0,1,1,1,1,1,1,1,0,0,,1,1,1,1,1,1,1,0,0,1,1,-1,1,1,1,1,1,0,0,1,1,1,0,1,1,1,1,0,0,1,1,1,0,0,0,0,1,1,1,1,1,1,-1,1,1,0,0,1,0,1,1,1,1,1,0,0,1,-1,1,0,0,98,76,22,27.45,317,38,8
genh_2019,-1,-1,1,1,1,0,0,0,-1,-1,-1,1,1,1,1,1,1,0,1,1,1,1,1,1,0,0,0,0,0,1,1,1,1,1,1,1,0,0,1,1,1,1,1,0,0,1,1,1,1,0,0,1,0,1,1,1,1,0,0,0,1,1,0,0,0,0,0,1,0,0,0,0,0,0,-1,0,1,1,0,0,1,-1,-1,-1,0,0,0,0,0,1,-1,1,0,0,0,0,0,0,0,,1,1,1,1,-1,1,-1,-1,0,0,0,0,-1,-1,0,0,0,0,0,0,0,0,0,1,1,0,0,0,0,0,0,0,0,1,1,0,1,-1,-1,-1,0,1,1,1,0,-1,-1,-1,0,0,0,0,0,0,0,-1,0,0,0,0,0,0,0,-1,-1,-1,0,0,0,0,0,0,0,-1,0,0,0,0,0,0,0,0,0,0,0,0,0,0,-1,0,0,0,0,0,0,0,0,0,0,,-1,-1,0,0,-1,-1,0,-1,-1,-1,-1,-1,-1,0,0,-1,-1,-1,-1,-1,-1,-1,-1,0,0,-1,-1,,,,0,0,0,0,0,0,0,0,0,-1,-1,-1,0,0,0,0,-1,-1,-1,-1,-1,0,-1,0,1,1,1,1,1,1,0,1,1,-1,-1,-1,-1,1,1,1,0,0,1,0,0,1,1,1,1,1,1,1,1,1,1,1,1,0,1,1,0,0,1,1,1,1,1,1,1,1,0,1,1,1,1,1,1,1,0,1,0,1,1,-1,0,0,0,0,1,0,0,1,1,1,1,1,1,0,1,1,1,1,1,1,0,0,1,0,0,1,1,1,0,1,1,-1,1,-1,-1,1,1,1,1,1,0,1,0,0,0,-1,1,1,0,129,106,23,36.13,293,65,5
hago_energetics_2019,-1,-1,-1,-1,-1,0,0,0,-1,-1,-1,-1,-1,-1,-1,-1,-1,1,1,1,1,0,0,0,0,1,0,1,1,0,0,0,0,1,0,0,0,0,1,1,1,1,1,0,0,1,1,1,1,0,0,0,0,0,1,-1,-1,1,0,0,,0,0,0,0,1,1,1,0,0,0,0,0,0,0,0,-1,0,0,1,1,1,-1,-1,0,0,0,0,0,-1,0,0,-1,-1,-1,-1,-1,-1,-1,0,0,0,0,1,0,1,0,0,0,0,0,0,-1,-1,0,0,0,0,0,0,0,0,0,1,1,0,0,0,0,0,0,0,0,1,1,0,0,-1,-1,0,0,1,1,1,0,-1,-1,1,0,0,0,0,0,0,0,1,0,1,0,1,1,0,0,0,0,1,0,0,0,0,0,0,0,1,0,0,0,0,0,0,0,0,0,0,0,0,0,0,1,0,0,0,0,0,-1,0,0,0,0,,1,1,0,1,-1,-1,-1,1,1,0,0,1,1,1,1,1,1,-1,-1,-1,1,1,1,0,0,1,-1,,,,0,0,0,0,0,0,0,0,0,0,0,0,0,0,0,0,1,1,-1,-1,1,0,-1,-1,1,1,1,0,0,0,0,0,1,1,1,1,1,1,1,1,0,0,1,0,0,1,0,1,1,1,1,1,1,0,0,1,1,0,1,1,0,-1,1,1,0,1,1,1,1,0,1,1,1,1,1,0,1,1,0,0,0,1,0,-1,1,1,1,1,1,0,0,1,1,1,0,1,1,1,1,0,1,0,1,1,1,1,0,0,0,1,1,1,0,1,1,0,1,0,0,0,0,0,0,0,1,0,0,0,0,-1,1,1,0,123,101,22,34.45,310,48,5
industrial_climate_solutions_2019,-1,-1,-1,-1,-1,0,0,0,-1,-1,-1,-1,-1,-1,-1,1,1,0,1,1,1,-1,0,0,0,0,0,0,0,0,0,-1,0,0,0,0,0,0,1,0,0,-1,-1,0,0,0,0,0,0,0,0,1,0,1,1,1,-1,0,0,0,0,0,0,0,0,0,0,0,0,0,0,1,-1,0,0,0,0,0,0,0,0,1,0,0,0,0,0,0,1,1,0,1,-1,-1,-1,-1,,1,1,0,0,0,0,1,0,1,0,0,0,0,0,0,0,0,0,0,0,0,0,0,0,0,0,1,1,0,0,0,0,0,0,0,0,1,1,-1,1,1,1,1,-1,1,1,1,-1,1,0,-1,0,-1,0,1,-1,0,0,0,0,1,0,1,0,0,-1,-1,-1,0,0,0,0,0,0,0,-1,0,0,0,-1,-1,0,0,0,0,0,0,0,1,1,1,1,1,0,0,-1,-1,-1,0,0,0,0,0,1,1,-1,-1,-1,-1,-1,1,1,1,1,1,1,-1,-1,-1,-1,,1,1,0,0,0,0,0,0,-1,,,,0,0,0,0,0,0,0,0,0,,1,1,0,0,0,0,1,1,1,1,-1,-1,-1,-1,1,-1,-1,1,1,1,1,1,1,1,1,1,1,1,1,1,1,1,1,-1,-1,0,0,1,1,-1,1,1,1,1,1,0,1,1,1,1,0,1,1,1,1,1,1,1,1,0,1,-1,0,1,0,0,1,0,1,1,1,1,0,-1,1,1,1,0,0,0,0,0,1,-1,1,-1,-1,0,0,0,0,0,0,0,1,1,-1,-1,0,0,0,1,0,1,-1,0,0,1,1,1,-1,0,0,0,0,-1,0,0,0,-1,1,1,0,112,106,6,31.37,290,67,6
inpipe_energy_2019,1,1,1,1,1,-1,-1,-1,1,1,1,1,1,1,1,1,1,-1,1,1,1,-1,0,0,0,0,0,0,0,1,1,-1,0,0,0,0,0,0,1,0,1,0,-1,0,0,1,1,1,1,0,0,1,0,1,1,1,0,0,0,0,1,1,0,0,0,0,0,0,0,0,0,0,-1,0,0,0,0,0,0,1,1,1,-1,-1,1,1,0,0,1,1,1,1,-1,-1,-1,-1,-1,-1,-1,-1,-1,-1,-1,1,1,1,0,0,-1,-1,0,0,-1,-1,0,0,0,0,0,0,0,0,0,1,1,0,0,0,0,0,0,0,0,1,1,0,0,1,1,0,0,1,1,1,0,0,-1,0,0,0,0,1,1,0,0,0,0,1,0,1,0,0,0,0,0,0,0,0,0,0,0,0,1,0,0,0,0,1,0,0,0,0,0,0,0,1,1,1,1,1,0,0,0,0,0,0,0,0,0,,1,1,-1,-1,1,1,1,-1,-1,0,0,-1,-1,0,0,0,0,-1,-1,-1,0,0,0,0,0,0,0,,,,0,0,0,0,0,0,0,0,0,0,0,0,0,0,0,0,1,1,1,1,1,1,1,1,1,0,0,0,0,0,0,1,0,0,1,1,1,-1,0,0,0,0,-1,0,0,0,0,1,1,1,1,1,0,1,1,1,1,0,1,1,0,-1,1,1,1,1,1,1,-1,0,-1,1,1,1,-1,1,1,0,1,0,0,1,1,0,-1,-1,-1,0,0,0,0,0,0,0,1,1,0,-1,0,0,-1,-1,0,0,0,1,0,1,1,1,-1,1,0,1,1,1,1,0,0,0,0,0,0,0,1,-1,0,0,0,-1,1,0,0,119,101,18,33.33,309,50,4
mobile_recycling_systems_2019,-1,-1,-1,-1,-1,0,0,0,-1,-1,-1,-1,-1,-1,-1,1,1,0,1,1,1,1,0,0,0,0,0,1,1,1,1,1,0,1,0,0,0,0,1,-1,0,-1,1,0,0,-1,0,0,0,0,-1,1,0,0,-1,0,0,0,0,0,0,1,0,0,0,1,1,0,0,0,0,0,1,0,1,-1,0,1,0,-1,0,0,0,0,0,0,0,0,0,-1,0,0,0,0,0,0,0,0,0,0,0,0,0,0,0,1,0,0,1,1,0,0,0,0,1,0,0,0,0,0,0,0,0,1,1,0,0,0,0,0,0,0,0,1,1,0,0,1,1,1,1,1,1,1,0,1,0,0,0,0,0,0,0,0,0,0,0,0,0,0,0,0,0,0,0,0,0,0,0,0,0,0,0,0,0,1,1,1,0,0,0,0,0,0,0,1,1,1,1,0,0,0,1,1,1,0,0,0,0,,0,0,-1,-1,-1,-1,-1,0,0,0,0,0,0,0,0,0,0,0,0,0,0,0,0,1,0,0,0,,,,0,0,,0,0,,0,0,0,0,0,0,0,0,0,0,0,0,0,0,-1,-1,-1,-1,1,0,0,0,0,0,0,1,1,1,1,1,1,1,1,1,1,1,1,-1,-1,-1,0,-1,-1,1,0,1,1,1,1,1,1,1,0,0,0,0,1,0,1,1,1,1,0,0,1,1,1,1,0,1,1,1,1,0,0,1,0,0,0,0,0,1,0,0,0,1,0,0,1,0,0,0,0,0,1,1,0,-1,0,0,0,0,0,0,0,1,0,0,1,1,1,1,1,1,1,0,0,0,0,1,0,0,0,1,0,0,0,98,85,13,27.45,322,35,6
oasence_2019,0,0,-1,-1,-1,-1,-1,-1,-1,-1,-1,-1,-1,-1,-1,-1,-1,0,0,0,-1,1,-1,-1,0,-1,0,-1,-1,1,1,1,1,-1,0,1,-1,0,-1,-1,1,1,-1,-1,0,1,1,1,-1,0,-1,1,-1,1,1,1,-1,-1,-1,-1,-1,1,0,-1,-1,1,1,-1,0,0,0,0,1,0,-1,-1,0,0,-1,0,1,0,1,1,1,-1,0,0,-1,1,1,0,-1,-1,-1,-1,-1,-1,-1,-1,-1,-1,-1,1,-1,-1,-1,-1,-1,-1,-1,0,-1,-1,-1,1,1,1,1,0,-1,-1,-1,-1,-1,0,0,0,0,0,0,0,0,1,1,0,-1,-1,-1,-1,0,-1,-1,-1,0,-1,-1,0,0,0,0,-1,-1,0,0,-1,0,-1,0,-1,0,0,0,-1,-1,-1,0,0,0,0,0,0,0,0,0,0,0,0,0,0,0,0,0,0,0,0,0,0,0,0,0,0,0,0,0,0,0,0,0,,-1,-1,0,0,1,1,1,-1,-1,0,0,1,1,0,0,0,0,0,0,0,0,1,1,0,0,0,0,,,,0,0,0,0,0,0,0,0,0,0,0,0,0,0,0,0,-1,-1,0,0,1,1,1,0,1,-1,-1,1,1,1,0,1,-1,-1,0,0,0,1,-1,-1,0,0,1,-1,-1,1,0,1,1,1,1,1,1,1,1,1,1,-1,1,1,-1,0,1,1,1,1,1,1,0,-1,-1,1,1,-1,-1,1,1,1,1,1,-1,-1,1,1,1,1,1,1,1,1,1,-1,-1,1,0,1,1,0,-1,-1,1,-1,1,-1,-1,-1,1,-1,1,-1,1,1,0,1,0,1,-1,-1,-1,-1,0,-1,-1,-1,0,0,-1,-1,1,0,0,0,1,97,78,19,27.17,232,127,4
pick_my_solar_2019,-1,-1,-1,-1,-1,0,0,0,-1,-1,-1,1,1,1,1,-1,-1,0,-1,-1,1,0,0,0,0,0,0,1,1,1,1,0,0,1,0,0,1,1,1,1,1,1,-1,0,0,1,1,1,1,-1,-1,1,0,1,1,1,0,0,0,0,1,1,0,0,0,1,1,0,-1,-1,-1,1,-1,0,0,,-1,0,-1,0,1,0,-1,-1,1,1,-1,-1,1,1,1,-1,0,0,0,0,0,0,0,,1,1,1,1,1,1,-1,-1,-1,-1,0,0,-1,-1,-1,1,1,1,1,-1,1,0,0,1,1,0,0,0,0,0,0,1,0,1,1,0,0,1,1,0,0,1,1,1,0,0,-1,-1,0,-1,0,-1,0,0,0,1,0,0,0,0,0,0,0,1,1,0,0,0,0,0,0,0,0,1,0,0,0,0,0,0,0,0,0,-1,0,0,0,0,0,0,0,0,0,0,0,0,0,0,0,,1,1,0,1,-1,-1,-1,0,0,0,0,0,0,0,0,-1,-1,-1,-1,-1,1,1,1,0,0,1,-1,,,,0,0,0,0,0,0,0,0,0,-1,-1,-1,0,0,0,0,-1,-1,-1,-1,-1,0,-1,-1,1,-1,-1,1,1,1,1,1,1,-1,1,1,1,1,1,1,0,0,1,1,1,1,-1,1,1,1,1,1,0,1,1,1,1,0,1,1,-1,0,1,1,1,1,1,1,1,1,-1,1,1,1,1,1,1,1,-1,1,1,1,1,1,1,1,1,0,-1,-1,-1,1,1,1,-1,1,1,-1,1,1,1,1,1,1,1,-1,1,1,1,1,1,1,0,-1,1,0,1,0,0,0,0,0,0,0,0,0,0,0,0,1,1,0,1,141,113,28,39.5,285,72,6
pronoia_energy_2019,1,1,1,1,1,-1,-1,-1,-1,-1,-1,-1,-1,-1,-1,1,1,-1,1,1,1,-1,-1,-1,0,-1,-1,-1,-1,1,1,0,-1,-1,0,0,0,0,1,-1,-1,1,-1,-1,-1,1,1,1,1,0,0,-1,0,-1,1,-1,-1,0,0,0,-1,-1,-1,-1,-1,0,0,-1,0,0,0,0,0,0,0,0,-1,0,0,-1,-1,-1,-1,-1,0,0,0,0,0,-1,0,0,,1,1,1,,1,1,0,0,0,0,0,0,1,0,0,0,0,0,0,-1,-1,0,1,1,1,1,0,-1,0,0,1,1,0,0,0,0,0,0,0,0,-1,-1,0,-1,1,1,1,-1,1,1,1,-1,0,-1,-1,0,-1,0,0,0,0,0,1,0,1,0,1,1,0,0,-1,-1,0,0,0,0,0,0,0,0,-1,0,-1,-1,-1,0,0,0,0,0,-1,-1,-1,1,-1,-1,-1,0,0,-1,-1,-1,0,0,0,0,-1,-1,-1,-1,-1,-1,1,-1,1,1,1,1,0,0,0,0,-1,-1,0,0,0,0,-1,-1,0,0,0,0,,,,0,0,0,0,0,0,0,0,0,0,0,0,0,0,0,0,1,1,-1,-1,1,-1,-1,-1,1,-1,-1,0,0,0,-1,1,-1,-1,1,1,1,-1,-1,-1,-1,-1,1,0,0,-1,-1,1,1,-1,-1,1,-1,-1,-1,1,1,0,-1,-1,0,-1,1,1,1,1,1,1,1,0,1,0,1,1,1,0,-1,-1,1,0,0,1,0,-1,-1,-1,-1,1,-1,0,0,1,-1,-1,-1,1,0,1,1,0,-1,0,-1,-1,0,1,-1,0,0,-1,-1,-1,-1,-1,0,0,-1,0,0,0,0,0,0,0,-1,0,0,0,0,-1,1,-1,0,81,70,11,22.69,231,127,5
radii_robotics_inc_2019,-1,-1,-1,-1,-1,0,0,0,-1,-1,-1,-1,-1,-1,-1,0,0,0,0,0,0,0,0,0,0,0,0,0,0,1,1,1,0,1,0,0,0,0,1,1,1,1,0,0,0,1,1,1,1,0,0,1,0,1,1,1,1,0,0,0,1,1,0,,,1,1,1,1,1,0,1,0,0,0,1,0,0,0,0,1,1,0,0,0,0,0,0,0,1,0,0,-1,-1,-1,-1,0,0,0,-1,-1,-1,-1,1,,1,1,1,,,,0,1,1,,,,,,,,0,0,1,1,0,0,0,0,0,0,0,0,1,1,0,-1,1,1,,0,1,1,1,0,,1,1,0,0,0,0,0,0,0,1,0,1,0,1,1,0,0,1,1,0,0,0,0,0,0,0,0,1,0,0,0,0,0,0,0,0,0,0,0,0,1,0,0,0,0,0,0,0,0,0,0,0,0,,0,0,0,-1,-1,1,-1,-1,-1,1,1,0,0,0,0,1,1,0,0,0,1,-1,-1,0,0,0,0,,,,0,0,0,0,0,0,0,0,0,0,0,0,0,0,0,0,-1,-1,0,0,1,0,0,0,1,1,1,1,1,1,0,1,1,1,,,,1,,,1,1,1,0,0,0,0,0,0,0,1,0,1,1,0,1,1,,0,0,0,0,1,1,1,1,1,1,1,1,1,1,1,1,1,0,1,0,1,1,1,1,1,1,1,1,1,1,1,0,0,1,1,1,0,1,0,1,1,1,1,0,1,0,1,1,1,1,1,1,1,1,0,1,0,0,1,0,0,1,0,0,0,0,0,1,0,0,0,1,1,0,0,127,102,25,35.57,308,30,25
repurpose_energy_2019,1,1,1,1,1,0,0,0,1,1,1,-1,-1,-1,-1,1,1,0,1,1,1,-1,0,0,0,0,0,0,0,1,1,0,-1,-1,,1,0,0,1,1,-1,1,1,-1,0,1,1,1,1,0,0,1,0,-1,1,1,1,1,0,0,1,1,1,,,1,1,1,0,0,0,1,1,0,0,1,1,1,0,1,-1,0,-1,-1,1,0,0,0,0,1,0,1,0,0,0,0,0,0,0,-1,-1,-1,-1,1,1,1,1,1,1,1,1,0,1,1,1,0,0,0,0,0,0,0,0,1,1,0,0,0,0,0,0,1,0,1,1,1,1,1,1,1,0,1,1,1,1,1,1,1,0,0,0,0,0,0,0,-1,0,0,0,0,0,0,0,-1,1,0,0,0,0,0,0,0,0,-1,0,0,0,0,0,0,0,0,0,0,0,0,0,0,0,0,0,0,0,0,0,0,0,0,0,,-1,-1,0,-1,-1,1,-1,-1,-1,0,0,0,0,0,0,1,1,-1,-1,-1,1,-1,-1,0,0,0,0,,,,0,0,0,0,0,0,0,0,0,0,0,0,0,0,,0,-1,-1,-1,-1,1,0,0,-1,1,1,1,1,1,1,1,1,1,1,1,1,1,1,1,1,0,0,1,0,0,-1,0,0,0,0,1,1,1,1,1,1,1,0,0,0,0,0,0,1,1,1,1,1,1,1,1,1,1,1,1,1,1,1,1,0,1,1,1,0,1,1,1,1,0,1,0,1,1,-1,1,1,0,1,1,0,1,1,1,1,-1,-1,1,0,0,1,1,1,1,1,0,1,1,1,1,1,1,1,1,1,0,1,1,0,0,-1,1,1,0,155,129,26,43.42,313,42,8
revest_properties_2019,-1,-1,-1,-1,-1,0,0,0,-1,-1,-1,-1,-1,-1,-1,-1,-1,0,-1,-1,-1,-1,0,0,0,0,0,-1,-1,-1,-1,0,0,0,0,0,0,0,-1,-1,-1,-1,0,0,0,1,1,1,1,0,0,0,0,-1,-1,0,0,0,0,0,-1,0,0,0,0,1,1,-1,0,0,0,0,-1,0,-1,1,-1,-1,0,0,0,0,-1,-1,1,0,0,0,0,0,0,1,0,0,0,0,0,0,0,0,0,0,0,0,0,1,1,1,1,1,1,0,1,1,1,1,1,1,1,0,0,0,0,1,1,0,0,0,0,0,0,0,0,1,1,0,1,1,1,1,0,1,1,1,0,1,1,1,0,0,0,0,0,0,0,-1,0,0,0,0,0,0,0,-1,-1,0,0,0,0,0,0,0,-1,-1,0,-1,-1,-1,-1,-1,0,-1,0,-1,-1,-1,0,-1,-1,-1,0,0,0,0,0,0,0,0,0,,-1,-1,-1,-1,-1,-1,-1,0,0,-1,-1,0,0,0,0,-1,-1,-1,-1,-1,1,0,0,-1,0,-1,0,,,,0,0,0,0,0,0,0,0,0,0,0,0,0,0,0,0,0,0,0,0,-1,-1,-1,-1,1,1,1,-1,-1,-1,0,1,1,1,1,1,1,1,,,0,0,1,0,0,1,0,1,1,1,1,1,1,1,1,1,1,0,1,1,0,-1,1,1,1,1,1,1,-1,-1,1,1,1,1,-1,1,1,1,-1,0,0,1,0,0,1,1,1,0,-1,0,0,-1,1,0,0,1,0,0,-1,0,0,0,1,0,0,-1,0,0,0,0,-1,-1,0,1,0,0,0,0,0,0,0,0,0,0,0,0,0,0,0,-1,1,0,0,83,73,10,23.25,269,88,6
safer_enrivonmental_lubricants_2019,-1,-1,-1,-1,-1,0,0,0,-1,-1,-1,-1,-1,-1,-1,1,1,-1,1,1,-1,-1,0,0,-1,1,1,-1,-1,-1,-1,-1,0,-1,0,0,0,0,1,1,1,-1,0,0,0,1,1,1,1,0,0,1,0,,1,,,0,0,0,-1,-1,0,0,0,0,0,1,0,0,0,1,0,0,0,0,1,-1,0,1,1,0,-1,-1,1,0,0,0,1,1,,-1,-1,-1,-1,-1,0,0,0,,1,1,1,1,1,1,0,0,1,1,1,0,,,0,0,0,0,0,0,0,0,0,1,1,0,0,0,0,0,0,0,0,1,1,-1,0,1,1,0,0,1,1,1,0,0,1,-1,0,0,0,0,0,0,0,-1,0,-1,0,-1,-1,0,0,-1,-1,0,0,0,0,0,0,0,0,-1,0,0,0,0,0,0,0,0,0,0,0,0,0,0,0,0,0,0,0,0,0,0,0,0,0,,0,0,0,0,0,-1,0,1,1,1,1,0,0,0,0,1,1,0,0,0,-1,-1,-1,0,0,0,0,,,,0,0,0,0,0,0,0,0,0,0,0,0,0,0,0,0,1,1,0,0,-1,0,-1,-1,1,-1,-1,1,1,1,0,1,1,-1,1,1,1,-1,0,0,-1,-1,1,1,1,0,0,1,1,-1,-1,1,1,1,1,-1,0,1,1,1,1,0,1,1,1,1,1,1,-1,-1,0,0,-1,-1,1,-1,-1,1,0,0,-1,1,-1,0,-1,-1,-1,-1,0,0,0,-1,-1,0,-1,1,0,-1,-1,1,1,0,-1,-1,0,0,-1,0,1,0,-1,0,0,-1,0,1,1,-1,-1,1,0,1,1,1,0,0,1,0,-1,-1,1,1,1,95,81,14,26.61,268,84,11
solarskyrise_2019,-1,-1,-1,-1,-1,-1,-1,-1,-1,-1,-1,-1,-1,-1,-1,1,1,0,-1,-1,-1,0,0,0,0,0,0,0,0,1,1,1,-1,1,-1,1,0,-1,-1,1,-1,-1,0,0,-1,1,1,1,1,-1,-1,-1,1,-1,-1,-1,0,0,0,0,1,1,-1,1,1,1,1,-1,0,0,0,-1,0,0,0,-1,-1,-1,0,0,-1,0,-1,-1,0,0,0,0,0,0,0,0,0,0,0,0,0,0,0,-1,-1,-1,-1,-1,0,1,1,1,1,1,,0,1,1,-1,1,1,1,1,-1,1,0,0,1,1,0,0,0,0,0,0,0,0,1,1,0,-1,1,1,1,0,1,1,1,0,1,1,1,0,0,0,0,0,0,0,1,0,1,0,1,-1,0,0,1,0,0,0,0,0,0,0,0,0,-1,0,0,0,0,0,0,0,0,0,0,0,0,0,0,0,0,0,0,0,0,0,0,0,0,0,,1,1,0,-1,-1,-1,-1,0,0,-1,-1,-1,-1,1,1,-1,-1,,1,1,1,-1,-1,0,0,1,-1,,,,0,0,0,0,0,0,0,0,0,,1,1,0,0,0,-1,1,1,-1,-1,1,0,-1,-1,1,1,1,0,0,0,0,-1,1,1,1,1,1,1,1,1,0,0,1,0,0,-1,0,1,1,-1,1,-1,1,1,-1,1,1,-1,1,1,0,0,1,1,1,-1,-1,-1,0,0,1,1,1,1,1,1,1,1,1,1,-1,1,1,1,-1,-1,-1,1,1,0,0,1,1,-1,0,1,1,-1,1,-1,0,-1,1,1,1,0,1,0,0,1,1,1,1,1,1,1,-1,0,0,1,0,1,1,1,0,0,0,1,1,0,1,0,0,123,99,24,34.45,270,86,7
stasis_group_2019,1,1,-1,-1,-1,-1,-1,-1,-1,-1,-1,1,1,1,1,1,1,1,1,1,0,-1,-1,-1,-1,1,1,1,1,1,1,0,-1,-1,-1,-1,-1,0,1,-1,1,-1,-1,0,0,1,1,1,0,0,0,1,0,1,-1,1,1,-1,0,0,-1,-1,0,0,0,-1,-1,-1,-1,-1,0,-1,0,0,0,0,-1,-1,0,1,1,1,-1,-1,-1,0,0,0,-1,1,1,1,-1,-1,-1,-1,-1,-1,-1,-1,-1,-1,-1,-1,0,-1,0,0,0,0,0,0,0,0,0,-1,-1,-1,-1,0,-1,-1,-1,-1,-1,-1,-1,0,0,0,0,-1,0,1,1,-1,-1,-1,-1,-1,-1,-1,-1,-1,-1,-1,-1,-1,0,0,0,-1,-1,0,0,0,0,1,0,1,0,0,0,-1,-1,-1,0,0,0,0,-1,0,0,0,0,-1,0,0,0,0,0,0,0,0,0,0,0,0,-1,0,0,0,0,-1,-1,0,0,0,0,,-1,-1,-1,-1,-1,-1,-1,0,0,0,0,0,0,0,0,0,0,-1,-1,-1,0,0,0,0,0,0,0,,,,0,0,,0,0,,0,0,0,0,0,0,0,0,0,0,-1,-1,-1,-1,-1,-1,-1,-1,1,1,1,-1,-1,-1,0,1,-1,-1,1,1,1,1,0,0,0,0,1,0,0,-1,0,1,1,1,-1,-1,-1,1,-1,-1,1,-1,1,1,-1,1,1,-1,1,1,1,1,-1,0,-1,-1,1,1,-1,0,1,-1,1,-1,0,-1,0,-1,0,0,0,0,0,0,0,-1,-1,-1,-1,0,0,0,0,0,1,0,-1,0,0,1,0,0,0,-1,-1,-1,0,0,-1,1,-1,1,1,1,1,-1,-1,-1,1,0,-1,0,0,0,-1,0,0,70,63,7,19.61,217,140,6
swirltex_2019,-1,-1,-1,-1,-1,0,0,0,-1,-1,-1,-1,-1,-1,-1,1,1,0,-1,-1,1,0,-1,-1,0,0,-1,0,0,-1,-1,0,0,-1,-1,0,0,0,-1,-1,-1,-1,0,0,0,-1,-1,-1,-1,0,0,-1,0,0,-1,-1,0,0,0,0,-1,0,0,0,0,0,0,-1,0,0,0,0,0,0,0,0,-1,0,0,1,-1,-1,-1,-1,1,-1,0,0,-1,1,0,-1,-1,-1,-1,-1,0,0,0,-1,-1,-1,-1,1,1,-1,0,0,0,0,-1,0,-1,-1,0,0,0,0,0,0,0,0,0,-1,-1,-1,-1,-1,0,0,0,-1,0,-1,-1,0,-1,0,0,-1,0,-1,-1,-1,0,-1,-1,0,-1,0,0,0,0,0,-1,0,1,1,0,1,0,0,1,1,0,0,0,0,0,0,0,0,1,0,0,0,0,0,0,0,0,0,0,0,0,-1,0,0,0,0,0,0,0,0,0,,0,0,0,,-1,-1,0,0,-1,-1,-1,0,0,-1,-1,0,0,0,0,-1,-1,0,0,0,0,1,1,0,0,0,0,,,,0,0,0,0,0,0,0,0,0,0,0,0,0,0,0,0,1,1,-1,-1,-1,-1,-1,0,1,1,1,1,1,1,0,1,1,1,1,1,1,1,1,1,0,0,1,1,1,0,0,1,1,-1,-1,0,-1,1,1,1,1,0,-1,-1,0,1,1,1,1,1,1,1,1,1,-1,1,1,-1,-1,0,1,1,-1,-1,-1,1,0,-1,1,1,1,1,0,1,1,-1,-1,0,-1,1,0,0,1,-1,-1,0,1,-1,0,-1,-1,-1,0,1,-1,1,0,1,0,-1,-1,0,0,0,0,0,0,0,0,0,0,-1,0,0,1,0,0,69,60,9,19.33,247,111,5
taka_solar_co_2019,-1,-1,-1,-1,-1,-1,-1,-1,-1,-1,-1,-1,-1,-1,-1,1,1,0,-1,-1,0,-1,0,0,0,0,0,-1,-1,1,1,-1,-1,0,-1,-1,0,0,-1,-1,-1,1,-1,-1,0,1,1,-1,-1,0,0,1,0,-1,-1,-1,-1,0,0,0,1,-1,0,0,0,0,0,0,0,0,0,0,0,0,0,0,0,0,0,-1,-1,-1,-1,-1,1,-1,,,1,1,-1,-1,-1,-1,-1,-1,,1,1,-1,-1,-1,-1,1,-1,1,0,0,-1,-1,0,0,-1,-1,0,-1,-1,-1,-1,0,-1,-1,-1,1,1,0,0,0,0,0,0,-1,0,1,1,-1,-1,-1,-1,1,-1,-1,-1,-1,-1,1,1,-1,0,0,0,1,-1,0,0,0,0,1,0,1,0,0,0,0,0,0,0,0,0,0,0,0,0,0,0,-1,0,0,0,0,0,0,0,0,0,0,0,0,1,0,0,0,0,-1,-1,0,0,0,0,,-1,-1,-1,-1,-1,-1,-1,-1,-1,-1,-1,-1,-1,-1,-1,0,0,-1,-1,-1,0,0,0,-1,0,0,0,,,,0,0,,0,0,,0,0,0,0,0,0,0,0,0,0,-1,-1,-1,-1,-1,-1,-1,-1,1,1,1,0,0,0,-1,-1,0,0,-1,-1,-1,1,-1,-1,-1,-1,1,-1,-1,1,-1,-1,-1,1,-1,-1,-1,-1,-1,-1,-1,-1,1,1,-1,1,1,1,-1,1,1,1,-1,-1,1,-1,-1,1,0,-1,1,-1,-1,0,1,1,-1,0,1,1,1,-1,-1,-1,1,0,-1,-1,-1,-1,0,0,1,-1,1,-1,1,0,0,-1,0,0,0,-1,-1,-1,0,1,0,1,-1,1,1,-1,1,0,0,0,0,0,0,0,0,-1,1,0,0,60,52,8,16.81,200,154,9
terrafuse_2019,-1,-1,-1,-1,-1,-1,-1,-1,-1,-1,-1,-1,-1,-1,-1,-1,-1,-1,-1,-1,-1,-1,0,0,-1,-1,-1,-1,-1,1,1,0,0,-1,0,0,0,-1,-1,-1,0,1,-1,-1,0,-1,-1,-1,-1,0,0,-1,-1,-1,-1,-1,-1,0,0,-1,-1,-1,-1,0,0,1,1,1,-1,-1,-1,0,-1,0,-1,-1,0,0,-1,1,1,-1,-1,-1,-1,0,0,0,-1,-1,-1,-1,-1,-1,-1,-1,-1,-1,-1,-1,-1,-1,-1,0,-1,0,0,0,0,0,0,0,0,0,0,0,0,0,0,0,0,0,0,0,0,0,0,0,0,0,0,0,0,0,0,0,0,0,0,0,0,0,0,0,0,0,0,1,0,0,0,0,0,0,0,0,0,1,0,1,0,0,0,0,0,0,0,0,0,0,0,0,0,0,0,,,,,,0,,,,,,,,,,,0,,,,,0,0,0,,-1,-1,-1,-1,-1,-1,-1,0,0,0,0,0,0,0,0,0,0,0,0,0,0,0,0,0,0,0,0,,,,0,0,,0,0,,0,0,0,0,0,0,0,0,0,0,0,0,0,0,-1,-1,-1,-1,1,1,1,-1,-1,-1,0,1,0,-1,-1,-1,-1,1,1,1,1,1,1,-1,-1,0,0,-1,-1,1,-1,1,-1,1,-1,1,-1,-1,1,1,-1,0,-1,0,1,-1,-1,-1,1,-1,-1,1,1,-1,1,1,1,1,1,1,0,1,1,1,1,1,1,1,1,0,0,1,1,1,1,1,1,0,0,0,1,-1,1,0,0,0,1,0,1,1,1,1,0,1,1,1,1,0,0,1,0,1,1,1,0,0,0,0,0,1,0,0,0,67,50,17,18.77,228,110,25
terrajoule_co_2019,-1,-1,-1,-1,-1,-1,-1,-1,-1,-1,-1,-1,-1,-1,-1,1,1,0,-1,-1,1,-1,-1,-1,-1,0,0,-1,-1,1,1,0,-1,0,0,0,0,0,-1,0,0,1,-1,-1,0,-1,-1,1,0,-1,0,-1,0,0,-1,-1,0,0,0,0,1,-1,-1,0,0,0,0,-1,-1,-1,0,0,-1,-1,0,0,0,-1,0,1,-1,0,-1,-1,-1,0,0,0,-1,1,1,0,-1,-1,-1,-1,-1,-1,-1,-1,-1,-1,-1,-1,0,-1,0,0,0,0,-1,0,0,0,0,0,0,0,0,0,0,0,0,1,1,0,0,0,0,0,0,0,0,0,0,0,0,1,1,-1,-1,-1,-1,-1,-1,0,-1,1,0,-1,0,0,0,-1,0,0,0,1,0,1,0,-1,0,0,0,0,0,0,0,-1,-1,0,0,0,0,,,,,,-1,,,,,,,,,,,0,,,,,0,0,0,,-1,-1,-1,-1,-1,-1,-1,-1,-1,-1,-1,-1,-1,-1,-1,-1,-1,-1,-1,-1,0,-1,-1,-1,-1,0,-1,,,,0,0,,0,0,,0,0,0,0,0,0,0,0,0,-1,0,0,-1,-1,-1,-1,-1,-1,1,1,1,-1,-1,-1,-1,-1,-1,1,-1,-1,-1,-1,-1,-1,0,0,1,0,0,0,-1,1,1,-1,-1,0,-1,-1,-1,1,0,0,-1,-1,0,0,1,-1,-1,-1,-1,-1,1,-1,-1,-1,-1,0,1,0,0,1,1,0,0,1,-1,-1,1,1,1,1,1,1,0,-1,1,0,0,1,-1,0,0,0,,0,0,0,0,-1,0,,0,0,0,0,,0,0,,1,0,0,0,0,0,0,0,0,0,0,0,0,0,0,1,0,42,35,7,11.76,195,139,29
transformation_village_2019,-1,-1,1,1,1,0,0,0,-1,-1,-1,-1,-1,-1,-1,-1,-1,0,0,0,0,0,0,0,0,0,0,0,0,1,1,-1,-1,0,-1,0,0,0,-1,-1,0,1,1,-1,0,-1,-1,-1,0,0,0,-1,-1,-1,-1,-1,-1,0,-1,0,1,-1,0,0,0,1,1,0,0,0,0,,0,0,0,0,1,0,0,1,1,0,-1,-1,0,0,0,0,1,1,0,-1,-1,-1,-1,-1,0,0,0,0,0,0,0,0,0,-1,-1,-1,0,0,0,0,0,0,0,0,0,0,0,0,0,0,0,1,1,0,0,0,0,0,0,0,0,-1,-1,0,0,0,0,0,0,1,1,1,1,-1,,-1,0,0,0,0,0,0,0,0,0,-1,0,-1,0,0,0,0,0,0,0,0,0,0,0,0,0,0,0,,,,,,-1,,,,,,,,,,,0,,,,,0,0,0,,-1,-1,-1,-1,-1,-1,-1,0,0,0,0,0,0,0,0,0,0,0,0,0,0,0,0,0,0,0,0,,,,0,0,,0,0,,0,0,,0,0,0,0,0,,0,0,0,0,0,-1,-1,-1,-1,1,-1,-1,-1,-1,-1,0,0,0,-1,1,1,1,-1,-1,-1,0,0,-1,-1,-1,1,-1,-1,-1,1,1,1,-1,-1,-1,-1,1,0,-1,-1,0,1,1,-1,1,-1,-1,-1,-1,-1,0,0,1,0,1,1,1,0,0,0,0,1,0,0,0,0,0,0,0,0,0,1,0,0,0,1,1,0,0,0,1,0,0,0,1,1,0,0,0,1,1,1,1,0,0,0,1,0,0,0,0,0,0,0,0,0,0,0,0,0,0,0,0,49,36,13,13.73,251,83,29
wise_earthcare_2019,-1,-1,1,1,1,-1,-1,-1,-1,-1,-1,-1,-1,-1,-1,-1,-1,0,-1,-1,1,-1,0,0,0,0,0,0,0,1,1,1,1,1,0,0,0,0,1,1,1,1,-1,-1,0,1,1,1,1,0,0,1,0,-1,1,-1,-1,0,0,0,1,1,0,0,0,1,1,1,-1,-1,0,-1,-1,0,0,0,0,0,0,0,1,0,0,0,0,0,-1,-1,0,-1,0,0,0,0,0,0,0,0,0,0,0,0,0,1,-1,1,-1,-1,-1,-1,-1,0,1,1,-1,0,0,0,0,0,0,0,0,1,1,0,0,0,0,0,-1,0,0,1,1,0,0,1,1,-1,0,1,1,1,-1,-1,1,0,0,0,1,0,0,0,0,0,0,0,0,0,0,0,0,0,0,0,0,0,0,0,0,0,0,0,0,0,-1,0,,,0,,,,,,,,,,,-1,,,,,0,0,0,,-1,-1,-1,-1,-1,-1,-1,0,0,0,0,0,0,0,0,0,0,0,0,0,-1,0,0,-1,0,-1,0,,,,0,0,0,0,0,0,0,0,0,0,0,0,0,0,0,0,0,0,0,0,-1,-1,-1,-1,1,0,0,0,0,0,0,-1,1,-1,1,1,1,1,-1,-1,-1,-1,1,1,1,1,0,1,1,-1,1,1,1,1,-1,1,1,0,1,1,0,0,1,-1,1,1,1,1,1,0,0,1,1,1,-1,-1,1,1,1,0,0,1,-1,-1,1,1,1,1,-1,0,0,-1,0,-1,1,1,0,0,-1,0,1,1,1,1,0,0,-1,0,1,1,1,-1,0,1,1,1,-1,1,1,1,1,-1,-1,-1,0,0,1,0,0,-1,1,0,1,96,79,17,26.89,263,80,20
yellowtin_2019,-1,-1,-1,-1,-1,0,0,0,-1,-1,-1,-1,-1,-1,-1,1,1,0,-1,-1,1,0,0,0,0,0,0,0,0,1,1,-1,0,0,-1,0,0,0,1,-1,0,-1,-1,-1,0,1,1,1,1,0,0,1,0,1,1,1,-1,0,0,0,1,1,0,-1,-1,1,1,0,0,0,-1,1,0,0,-1,-1,0,0,0,0,0,0,0,0,-1,0,0,0,1,1,0,-1,0,0,0,0,0,0,0,,1,1,1,1,1,1,0,0,0,0,0,0,0,0,0,0,0,0,0,0,0,0,0,1,1,0,0,0,0,0,0,0,0,1,1,0,-1,1,1,-1,-1,1,1,1,-1,-1,0,-1,0,0,0,0,0,0,0,-1,0,0,0,0,0,0,0,-1,-1,0,0,0,0,0,0,0,0,-1,0,-1,-1,0,0,0,0,0,0,-1,0,0,0,0,0,0,0,0,0,0,0,0,0,0,0,,0,0,-1,-1,-1,1,-1,0,0,0,0,0,0,0,0,-1,-1,0,0,0,0,-1,-1,0,0,1,-1,,,,0,0,0,0,0,0,0,0,0,0,0,0,0,0,0,0,1,1,-1,-1,-1,-1,-1,-1,1,1,1,1,1,1,0,1,1,1,1,1,1,-1,-1,-1,0,0,1,-1,-1,1,1,1,1,1,1,1,1,1,1,1,1,0,1,1,0,0,1,1,-1,1,1,1,1,1,1,-1,1,1,1,1,1,1,1,-1,-1,1,1,0,1,1,1,-1,-1,0,0,0,1,1,1,1,1,0,-1,-1,1,1,1,1,0,-1,1,0,0,1,1,1,1,1,-1,1,0,0,0,-1,-1,-1,-1,-1,-1,-1,-1,0,0,0,-1,0,1,104,82,22,29.13,278,80,5
dte_materials_2019,-1,-1,-1,-1,-1,0,0,0,-1,-1,-1,-1,-1,-1,-1,1,1,0,0,0,0,0,0,0,0,-1,0,0,0,0,0,0,0,-1,0,0,0,0,0,0,0,0,0,0,0,1,1,1,0,0,0,0,0,0,1,0,0,0,0,0,0,0,0,0,0,1,1,0,0,0,0,0,0,0,0,0,0,0,0,1,1,1,1,1,0,0,,,0,1,1,0,-1,-1,-1,-1,-1,-1,-1,0,0,0,0,1,1,1,0,0,0,0,0,0,0,0,0,0,0,0,0,0,0,0,0,1,1,0,0,0,0,0,0,0,0,1,1,0,1,1,1,-1,0,1,1,1,-1,-1,0,0,0,0,0,0,0,0,0,0,0,0,0,0,0,0,0,0,0,0,0,0,0,0,0,0,0,0,0,,,,,,0,,,,,,,,,,,0,,,,,0,0,0,,-1,-1,0,0,0,0,0,0,0,-1,-1,0,0,0,0,0,0,-1,-1,-1,0,0,0,0,0,0,0,,,,0,0,0,0,0,0,0,0,0,-1,-1,-1,0,0,0,0,0,0,0,0,0,0,0,0,1,0,0,0,0,0,1,1,0,0,1,1,1,1,0,0,0,0,0,0,0,0,0,0,0,1,1,1,1,1,1,1,1,0,1,1,0,0,1,1,0,1,1,1,1,0,-1,1,1,1,1,1,1,1,1,1,0,1,1,0,0,0,0,0,0,0,0,0,0,0,1,0,0,0,0,0,,,,,,1,,,,1,0,0,0,0,0,0,1,0,0,0,0,0,0,0,0,0,0,0,0,0,1,0,1,68,55,13,19.05,295,35,33
walbom_wall_2019,1,1,1,1,1,0,0,0,-1,-1,-1,1,1,1,1,1,1,0,-1,-1,1,0,0,0,0,0,1,0,0,1,1,1,1,1,1,1,1,0,1,1,1,1,-1,0,0,-1,1,1,-1,0,0,1,-1,1,1,1,1,0,0,0,1,1,0,-1,-1,1,1,0,0,0,0,1,0,1,1,1,-1,-1,0,0,0,0,-1,-1,1,0,-1,-1,-1,1,0,-1,-1,-1,-1,-1,0,0,0,0,0,0,0,1,1,1,0,0,0,0,0,0,1,1,0,0,0,0,0,0,0,0,0,1,1,0,0,1,0,0,0,-1,0,1,1,-1,1,1,1,1,-1,1,1,1,1,1,1,1,0,1,0,1,1,0,0,0,0,1,-1,1,1,0,0,1,1,1,-1,0,1,0,0,-1,1,0,0,1,1,1,1,1,0,1,0,1,1,1,1,0,1,1,0,0,0,0,0,1,0,0,1,-1,-1,-1,-1,-1,-1,-1,-1,0,0,-1,-1,0,0,-1,-1,-1,-1,-1,-1,-1,1,-1,-1,0,0,0,1,,,,0,0,0,0,0,0,0,0,0,0,0,0,0,0,0,0,-1,-1,0,0,-1,-1,-1,-1,1,-1,-1,1,1,1,1,1,1,1,1,1,1,1,1,1,1,1,1,1,1,1,1,1,1,1,1,-1,-1,1,1,1,1,-1,1,1,-1,1,1,0,1,1,1,1,1,0,-1,1,1,1,1,1,1,1,1,-1,1,1,-1,1,1,1,1,-1,1,1,-1,-1,1,1,1,1,1,-1,1,1,1,0,1,1,-1,1,-1,1,1,1,1,-1,-1,-1,0,1,1,1,1,1,1,1,1,1,1,-1,0,0,0,0,1,0,1,171,143,28,47.9,287,73,3
vigti_2019,-1,-1,-1,-1,-1,0,0,0,-1,-1,-1,-1,-1,-1,-1,1,1,0,1,1,1,0,0,0,0,1,1,0,0,1,1,1,0,0,0,-1,1,0,1,1,1,1,1,0,0,1,1,1,1,0,-1,1,0,-1,1,1,1,-1,0,0,1,1,0,0,0,1,1,1,0,0,0,1,0,0,0,0,0,0,1,1,0,0,-1,-1,-1,0,-1,-1,0,1,0,0,-1,-1,-1,-1,-1,-1,-1,-1,-1,-1,-1,1,0,1,0,0,1,1,0,0,0,0,0,1,1,1,1,0,1,-1,-1,1,1,0,0,0,0,0,0,0,0,1,1,0,1,1,1,0,0,1,1,1,-1,1,1,-1,1,0,-1,0,0,0,-1,1,0,1,0,1,1,0,0,1,1,1,0,0,0,-1,0,0,-1,-1,0,-1,-1,-1,-1,1,0,-1,0,-1,-1,-1,0,0,-1,-1,0,1,0,0,1,-1,0,0,1,-1,1,1,-1,-1,-1,-1,-1,1,1,0,0,1,1,0,0,-1,-1,-1,-1,-1,0,-1,-1,0,0,0,0,,,,0,0,0,0,0,0,0,0,0,0,0,0,0,0,,0,-1,-1,-1,-1,-1,-1,-1,-1,1,1,1,1,1,1,0,1,0,0,1,1,1,1,1,1,1,1,1,0,0,-1,0,1,1,1,1,-1,1,-1,0,1,1,-1,1,1,0,-1,1,1,1,1,1,1,1,-1,1,1,1,1,1,1,1,1,1,1,0,1,1,1,1,1,1,1,1,0,0,1,1,-1,1,1,1,0,1,0,1,-1,1,1,1,0,0,0,1,1,1,1,0,1,0,0,-1,0,0,0,0,0,0,0,0,0,0,-1,0,1,1,0,0,139,116,23,38.94,276,83,4
uniqa_2019,0,0,0,0,0,0,0,0,0,0,0,0,0,0,0,1,1,0,1,1,1,0,1,1,0,1,0,0,0,1,1,1,0,0,0,-1,0,0,1,1,1,1,1,0,0,-1,1,1,-1,0,0,0,-1,0,1,0,0,-1,-1,-1,1,1,0,0,0,0,0,1,1,1,0,0,-1,0,0,0,0,0,0,0,1,1,1,1,1,1,-1,-1,1,1,1,0,-1,-1,-1,-1,-1,-1,-1,,1,1,1,1,1,1,0,0,0,0,0,0,-1,-1,0,,,,,0,,0,0,1,1,0,0,0,0,0,0,-1,0,1,1,0,-1,1,1,0,0,1,1,1,0,0,1,-1,0,0,0,-1,-1,0,0,-1,0,1,0,1,1,-1,0,-1,1,1,0,0,0,0,0,0,-1,0,0,-1,-1,0,-1,-1,0,-1,0,-1,-1,-1,0,-1,-1,-1,0,0,0,0,1,-1,0,0,1,0,1,1,-1,1,-1,-1,-1,0,0,0,0,0,0,0,0,-1,-1,-1,-1,-1,0,0,0,0,0,0,0,,,,0,0,0,0,0,0,0,0,0,0,0,0,0,0,0,0,1,1,0,0,1,-1,-1,-1,1,-1,-1,1,1,1,0,0,-1,-1,1,1,1,1,0,0,-1,-1,1,-1,-1,1,0,1,1,1,0,1,1,1,-1,1,1,1,0,0,0,-1,1,-1,0,1,1,1,1,0,1,1,1,-1,1,-1,1,1,1,1,1,1,0,1,1,1,1,0,1,-1,0,-1,1,1,0,1,1,1,1,1,1,0,1,1,0,1,0,-1,0,1,1,1,0,0,0,1,1,1,1,1,1,1,1,1,1,0,0,-1,0,0,0,1,0,126,105,21,35.29,285,69,9
teratonix_2019,-1,-1,-1,-1,-1,-1,-1,-1,-1,-1,-1,-1,-1,-1,-1,1,1,0,-1,-1,1,0,0,0,0,0,-1,0,0,1,1,0,,-1,0,,0,0,,,1,1,1,0,0,-1,1,1,1,0,0,0,0,0,1,0,0,0,0,0,,,0,0,0,0,0,1,0,0,0,0,0,0,0,0,1,0,0,0,1,1,-1,-1,,,0,0,0,-1,1,1,,1,1,1,,1,1,,1,1,1,1,1,1,0,0,0,0,0,0,0,0,0,1,1,1,1,0,0,0,0,1,1,0,0,0,0,0,0,0,0,1,1,0,0,1,1,0,-1,1,1,1,1,0,1,1,,1,0,1,1,1,0,1,0,1,1,1,1,0,0,1,1,1,0,0,0,0,-1,-1,1,0,0,1,1,1,1,-1,0,1,0,-1,1,1,0,0,0,1,0,0,0,0,1,1,0,1,,,1,1,-1,-1,-1,-1,1,1,1,1,1,1,1,1,1,-1,-1,-1,-1,-1,0,1,1,0,0,0,-1,,,,0,0,0,0,0,0,0,0,0,0,0,0,0,0,0,0,1,1,-1,-1,1,-1,-1,-1,1,0,0,1,1,1,1,1,1,1,-1,-1,-1,,1,1,1,1,1,0,0,1,0,1,1,-1,1,1,-1,1,0,1,1,0,1,1,0,0,1,1,,,,,,-1,1,1,1,1,-1,0,1,1,0,-1,-1,1,0,0,0,0,0,0,0,,0,1,-1,0,,1,-1,0,1,-1,0,0,0,0,1,,-1,0,0,1,0,-1,-1,1,-1,0,1,0,0,1,0,0,0,0,1,0,1,1,0,-1,0,-1,0,128,116,12,35.85,276,61,26
soli_2019,-1,-1,-1,-1,-1,0,0,0,-1,-1,-1,-1,-1,-1,-1,-1,-1,1,0,0,0,0,-1,-1,-1,-1,-1,1,1,0,0,1,1,1,0,0,0,0,1,1,0,0,1,0,0,1,1,1,1,1,,1,0,1,1,1,0,0,0,0,0,0,0,0,0,1,1,0,0,0,0,-1,1,0,0,0,0,0,0,0,1,0,-1,-1,1,0,1,1,-1,0,1,0,-1,-1,-1,-1,-1,-1,-1,,1,1,1,1,1,1,0,0,-1,-1,0,0,0,0,0,-1,-1,-1,-1,0,0,0,0,1,1,0,0,0,0,0,0,0,0,1,1,0,0,1,1,0,0,1,1,1,1,0,0,-1,0,0,-1,0,0,0,-1,0,0,-1,0,1,-1,0,0,-1,-1,-1,0,0,0,0,0,0,0,0,0,0,0,0,-1,-1,0,-1,0,-1,-1,-1,0,-1,-1,-1,0,-1,0,0,0,0,0,0,0,,0,0,0,0,0,0,0,0,0,0,0,0,0,0,0,-1,-1,0,0,0,0,0,0,0,0,0,-1,,,,0,0,0,0,0,0,0,0,0,0,0,0,0,0,0,0,0,0,0,0,0,0,0,0,1,0,0,1,1,1,-1,1,1,0,1,1,1,1,0,0,0,0,1,0,0,-1,0,1,1,-1,1,1,1,1,-1,1,1,1,1,1,0,0,1,-1,-1,1,1,1,1,0,1,1,-1,-1,1,0,1,1,1,0,1,1,-1,-1,0,0,0,0,0,0,0,0,-1,1,0,1,1,0,0,0,-1,-1,-1,-1,1,1,0,-1,-1,0,0,-1,0,0,0,1,-1,-1,-1,1,1,0,0,0,0,-1,1,0,0,0,0,0,0,87,74,13,24.37,278,79,6
somev_2019,1,1,-1,-1,-1,0,0,0,-1,-1,-1,-1,-1,-1,-1,1,1,0,1,1,1,-1,-1,-1,0,-1,1,-1,-1,1,1,-1,0,0,0,0,-1,0,1,1,1,1,1,0,0,1,1,-1,1,0,0,1,0,-1,1,1,1,0,0,0,1,1,-1,0,0,0,0,1,1,1,0,1,0,0,0,1,0,0,1,0,-1,1,-1,-1,0,0,1,1,0,0,1,0,-1,-1,-1,-1,0,0,0,-1,-1,-1,-1,1,0,1,0,0,0,0,0,0,0,0,0,-1,-1,-1,-1,0,0,0,0,1,1,0,0,0,0,0,0,0,0,1,1,0,1,1,1,1,0,1,1,1,0,1,1,1,0,0,0,1,1,0,0,1,-1,1,0,1,1,0,0,1,1,1,0,0,0,1,0,-1,-1,1,0,1,1,1,1,-1,1,1,0,0,1,1,0,-1,1,1,0,0,0,0,1,1,0,0,0,0,1,1,-1,-1,-1,-1,1,0,0,0,0,0,0,0,0,-1,-1,-1,-1,-1,0,0,0,0,0,0,-1,,,,0,0,0,0,0,0,0,0,0,-1,-1,-1,0,0,0,0,-1,-1,-1,-1,1,-1,1,-1,1,1,1,0,0,0,1,1,1,1,1,1,1,1,1,1,1,1,-1,-1,-1,-1,0,1,1,1,0,1,0,1,-1,1,1,1,1,1,0,-1,1,-1,1,1,1,1,1,0,1,1,1,1,1,1,1,1,1,1,1,1,1,1,1,1,1,1,1,-1,-1,1,1,-1,1,1,1,0,1,1,1,1,1,-1,-1,1,-1,-1,1,1,1,1,-1,1,0,1,-1,1,1,1,1,1,1,1,-1,-1,-1,-1,0,-1,1,-1,0,153,128,25,42.86,278,82,3
springpower_international_inc_2019,1,1,1,1,1,-1,-1,-1,1,1,1,-1,-1,-1,-1,1,1,0,1,1,1,1,-1,-1,0,-1,0,0,0,1,1,0,0,0,0,0,0,0,1,1,1,1,1,0,0,1,1,1,-1,0,0,1,0,-1,1,1,0,-1,0,0,1,1,0,0,0,1,1,-1,-1,-1,0,1,0,0,0,1,0,0,0,0,-1,-1,-1,-1,1,1,-1,-1,1,1,-1,0,-1,-1,-1,-1,0,0,0,,1,1,1,1,1,1,0,0,0,0,0,0,-1,-1,0,,,,,0,0,0,0,1,1,0,0,0,0,0,0,0,0,1,1,0,0,-1,-1,0,0,1,1,1,0,0,1,-1,0,0,0,-1,-1,0,0,1,0,1,0,1,1,0,0,1,1,1,0,0,0,0,0,0,-1,1,0,-1,-1,-1,-1,-1,0,-1,0,-1,-1,-1,0,-1,-1,-1,0,0,0,0,1,-1,0,0,-1,0,1,1,-1,-1,-1,-1,-1,1,1,1,1,0,0,0,0,-1,-1,-1,-1,-1,0,-1,-1,0,0,0,0,,,,0,0,,0,0,0,0,0,0,0,0,0,1,0,0,0,1,1,-1,-1,1,-1,-1,-1,1,-1,-1,1,1,1,0,1,-1,-1,1,1,1,1,-1,-1,0,0,1,0,0,1,0,1,1,1,1,-1,1,1,1,1,1,1,1,1,0,-1,1,-1,,1,1,1,1,-1,-1,1,1,1,1,1,1,1,1,1,1,1,-1,-1,-1,-1,-1,0,1,-1,0,0,1,-1,1,1,1,-1,0,-1,0,0,0,1,1,-1,-1,-1,-1,1,1,1,0,1,0,0,-1,0,0,0,0,0,0,0,0,0,0,0,-1,0,1,0,0,121,102,19,33.89,261,92,10
soilless_2019,-1,-1,-1,-1,-1,-1,-1,-1,-1,-1,-1,-1,-1,-1,-1,-1,-1,0,-1,-1,1,1,0,0,0,-1,-1,-1,-1,1,1,,0,-1,0,0,0,0,1,1,1,1,1,0,0,1,1,1,1,0,0,1,0,-1,1,1,1,0,0,0,,,0,0,0,1,1,0,-1,-1,0,1,0,0,0,-1,0,0,0,0,0,0,0,0,-1,-1,-1,-1,0,1,0,-1,0,0,0,0,0,0,0,,1,1,1,1,1,1,0,0,0,0,0,0,0,0,0,1,1,1,1,0,1,0,0,1,1,0,0,0,0,0,0,0,0,1,1,0,0,1,1,0,0,1,1,1,-1,0,0,1,0,1,0,0,0,0,0,1,0,1,0,0,1,0,0,1,1,1,0,0,0,0,0,0,0,0,0,0,0,0,0,0,0,0,0,0,0,0,0,0,0,0,0,0,0,0,0,0,0,0,0,-1,0,0,-1,-1,-1,-1,-1,0,0,0,0,-1,-1,0,0,-1,-1,0,0,0,0,0,0,0,0,0,0,,,,0,0,0,0,0,0,0,0,0,0,0,0,0,0,0,0,0,0,0,0,-1,-1,-1,-1,1,0,0,0,0,0,-1,1,1,1,1,1,1,1,0,0,0,0,1,0,0,1,0,1,1,1,1,0,1,1,1,1,1,1,-1,-1,0,0,1,0,1,1,1,1,1,0,1,-1,1,1,1,1,1,1,1,0,0,1,1,0,,,,,1,0,0,0,1,0,1,1,1,0,1,1,1,1,1,1,0,1,1,0,1,-1,-1,0,0,-1,0,0,1,-1,-1,-1,-1,0,0,0,0,-1,0,0,0,0,1,0,0,101,83,18,28.29,292,60,11
skycool_systems_inc_2019,-1,-1,-1,-1,-1,-1,-1,-1,-1,-1,-1,-1,-1,-1,-1,1,1,0,1,1,1,-1,0,0,0,-1,-1,0,0,1,1,0,0,0,0,0,0,0,,,1,1,1,0,0,1,1,1,1,0,0,1,0,-1,1,1,0,0,0,0,,,0,0,0,0,0,0,0,0,0,1,0,0,0,0,0,0,0,1,0,0,-1,-1,1,1,1,1,-1,1,0,1,-1,-1,-1,-1,-1,-1,-1,,1,1,1,1,1,1,0,0,0,0,0,0,0,0,0,1,1,1,1,0,0,0,0,1,1,0,0,0,0,0,0,0,0,1,1,0,0,1,1,1,0,1,1,1,-1,1,1,1,0,0,-1,0,0,0,-1,-1,0,1,-1,1,1,0,0,1,1,1,-1,-1,0,0,-1,-1,-1,-1,0,0,0,0,0,0,0,0,0,0,0,-1,-1,-1,0,0,0,0,0,0,-1,0,0,0,0,-1,-1,-1,-1,-1,-1,-1,1,1,1,1,1,1,1,0,0,-1,-1,-1,-1,-1,0,0,0,0,0,0,0,,,,0,0,0,0,0,0,0,0,0,0,0,0,0,0,,0,-1,-1,0,0,1,-1,1,-1,1,0,0,0,0,0,1,1,-1,-1,1,1,1,1,-1,-1,0,0,0,0,0,1,0,-1,-1,-1,1,-1,-1,1,-1,1,1,1,-1,-1,0,0,1,1,1,1,1,1,1,0,1,,1,1,1,0,0,0,-1,0,0,1,-1,0,1,1,1,-1,1,,0,0,0,0,1,1,1,0,1,0,1,0,1,1,1,1,0,0,1,1,-1,1,0,1,0,1,1,1,1,1,1,1,1,1,-1,-1,0,0,0,-1,1,0,1,116,99,17,32.49,273,79,11
sky_canoe_inc_2019,-1,-1,-1,-1,-1,-1,-1,-1,-1,-1,-1,-1,-1,-1,-1,1,1,0,-1,-1,1,1,0,0,0,0,0,-1,-1,1,1,1,0,0,0,0,0,0,1,1,1,1,1,0,0,-1,1,1,1,0,0,-1,0,0,-1,-1,-1,0,0,0,,,0,0,0,,,0,0,0,0,,0,0,0,0,0,-1,0,-1,-1,-1,-1,-1,0,0,1,1,0,1,1,1,,1,1,1,0,0,0,0,0,0,0,1,0,1,0,0,0,0,0,0,0,0,0,1,1,1,1,0,0,0,0,1,1,0,0,0,0,0,0,0,0,1,1,0,0,1,1,0,0,1,1,1,-1,0,0,1,,0,0,1,1,0,0,1,1,1,-1,1,1,0,0,-1,-1,1,0,0,0,-1,0,0,0,1,1,1,1,1,1,1,0,1,0,0,1,1,0,0,1,1,0,0,0,0,1,1,0,0,,-1,0,0,-1,-1,-1,-1,-1,-1,-1,-1,-1,1,1,1,1,-1,-1,0,0,0,0,0,0,0,0,0,-1,,,,0,0,0,0,0,0,0,0,0,0,0,0,0,0,0,0,1,1,1,1,1,-1,-1,-1,1,-1,-1,-1,-1,-1,0,-1,1,1,1,1,1,1,0,0,0,0,0,0,0,0,-1,-1,-1,-1,0,-1,-1,1,1,1,0,1,0,0,0,0,1,0,0,1,1,1,1,1,1,1,1,1,1,-1,0,1,0,0,1,1,1,1,1,1,1,-1,-1,0,0,1,1,1,1,1,1,1,1,1,1,0,1,1,1,1,1,0,-1,1,1,1,0,1,0,1,0,1,1,1,1,1,1,1,0,1,0,1,0,0,1,-1,1,131,111,20,36.69,284,68,11
scanifly_2019,-1,-1,1,1,1,0,0,0,1,1,1,1,1,1,1,1,1,0,1,1,1,1,0,0,-1,-1,-1,0,0,1,1,0,0,0,0,0,0,0,0,-1,1,1,1,1,0,1,1,1,1,0,0,1,0,-1,1,1,1,0,0,0,,0,0,0,0,0,0,0,0,0,0,1,0,0,0,-1,0,0,0,0,1,0,1,1,1,1,-1,-1,1,1,1,0,-1,-1,-1,-1,0,0,0,,1,1,1,1,1,1,0,0,0,0,0,0,0,0,0,1,1,1,1,0,0,0,0,1,1,0,0,0,0,0,0,0,0,1,1,0,0,0,0,0,0,1,1,1,0,0,0,1,0,0,1,0,0,0,1,1,0,1,0,1,1,0,0,1,1,1,0,0,0,0,-1,-1,-1,1,0,0,0,0,0,0,0,0,0,0,0,-1,-1,-1,0,0,0,0,0,0,1,0,0,0,0,-1,0,0,-1,-1,-1,-1,-1,0,0,0,0,0,0,0,0,-1,-1,0,0,0,0,0,0,0,0,0,0,,,,0,0,0,0,0,0,0,0,0,0,0,0,0,0,0,0,-1,-1,-1,-1,1,-1,-1,1,1,0,0,1,1,1,-1,-1,-1,-1,1,1,1,1,1,1,-1,-1,1,0,0,0,0,1,1,1,1,-1,-1,1,1,1,1,0,1,1,0,0,1,0,1,1,1,1,1,1,1,1,1,1,1,0,1,1,1,1,1,1,-1,0,1,1,1,-1,-1,0,0,-1,0,1,1,1,0,-1,-1,-1,0,0,0,0,1,1,1,1,1,0,0,1,0,0,0,1,0,-1,-1,-1,0,1,1,1,0,1,1,0,0,0,-1,-1,1,128,112,16,35.85,304,54,5
roco_industries_inc_2019,-1,-1,1,1,1,-1,-1,-1,-1,-1,-1,1,1,1,1,1,1,1,1,1,1,-1,0,0,0,1,1,1,1,1,1,1,-1,1,0,-1,0,0,1,1,1,1,1,-1,-1,1,1,1,1,0,0,1,1,-1,1,1,1,0,0,0,1,1,0,0,0,0,0,-1,-1,-1,0,1,-1,-1,0,1,0,0,1,-1,1,0,-1,-1,1,0,0,0,-1,1,1,0,-1,-1,-1,-1,0,0,0,,1,1,1,1,1,1,0,0,0,0,0,0,0,0,0,1,1,1,1,0,0,0,0,1,1,0,0,0,0,0,0,0,0,1,1,0,0,-1,-1,0,0,1,1,1,0,0,0,1,0,0,1,0,0,0,1,1,0,1,-1,1,1,0,0,1,1,1,0,0,0,0,-1,-1,-1,-1,0,0,0,0,0,0,0,0,0,0,0,-1,-1,-1,0,0,0,0,0,0,-1,0,0,0,0,-1,0,0,-1,-1,-1,-1,-1,0,0,0,0,0,0,0,0,-1,-1,0,0,0,0,0,0,0,0,0,0,,,,0,0,,0,0,0,0,0,0,0,0,0,0,0,,0,-1,-1,-1,-1,-1,-1,-1,-1,1,0,0,1,1,1,-1,1,-1,-1,1,1,1,1,0,0,0,0,1,1,1,1,0,1,1,-1,1,-1,-1,1,1,1,1,0,-1,-1,0,-1,1,0,1,1,1,1,1,0,1,1,-1,0,1,0,1,1,-1,0,1,1,-1,0,1,1,1,-1,-1,0,1,-1,1,0,-1,1,-1,-1,1,0,1,1,1,1,1,1,1,0,1,1,1,0,0,0,0,1,1,1,1,1,1,1,1,1,1,1,1,0,-1,0,-1,-1,0,133,114,19,37.25,282,75,6
recapture_technologies_llc_2019,1,1,1,1,1,0,0,0,1,1,1,-1,-1,-1,-1,1,1,0,1,1,1,1,0,0,0,0,0,-1,-1,1,1,1,1,1,-1,,0,0,1,1,1,1,1,0,0,-1,1,1,1,0,0,1,0,1,1,1,-1,0,0,0,,,0,0,0,1,1,1,1,1,0,0,0,0,0,0,1,0,0,-1,-1,-1,1,1,1,1,1,1,0,1,1,0,0,0,0,0,0,0,0,-1,-1,-1,-1,1,0,1,1,1,0,0,0,0,0,0,0,1,1,1,1,-1,-1,0,0,1,1,0,0,0,0,0,0,0,0,1,1,0,0,1,1,0,0,1,1,1,1,0,1,1,,0,0,1,1,0,0,1,0,1,0,0,1,0,0,1,1,1,0,0,0,0,0,0,0,1,0,1,1,-1,1,1,0,1,0,0,1,1,0,1,1,1,0,0,0,0,1,-1,0,0,,,1,1,-1,-1,1,-1,-1,1,1,-1,-1,1,1,1,1,-1,-1,-1,-1,-1,1,0,0,0,0,0,-1,,,,0,0,0,0,0,0,0,0,0,-1,-1,-1,0,0,0,0,-1,-1,-1,-1,1,-1,-1,-1,1,-1,-1,1,1,1,-1,1,1,1,1,1,1,1,0,0,0,0,1,0,0,1,0,1,1,1,1,0,0,1,-1,1,1,0,1,1,0,0,1,0,1,1,1,1,1,1,0,1,-1,-1,1,0,-1,-1,1,0,1,1,0,0,0,0,0,0,0,0,1,1,0,1,0,1,0,1,1,0,0,-1,0,-1,1,0,0,0,0,0,1,-1,0,0,0,1,0,1,1,1,1,0,0,0,0,0,0,1,0,1,0,0,0,145,130,15,40.62,301,53,9
quatcare_2019,-1,-1,-1,-1,-1,0,0,0,-1,-1,-1,-1,-1,-1,-1,1,1,0,1,1,1,1,0,0,0,-1,-1,0,0,1,1,0,0,1,-1,0,0,0,1,1,1,1,1,0,0,1,1,1,1,,0,1,0,1,1,1,0,1,0,0,1,1,0,0,0,0,0,0,0,0,1,0,1,0,0,0,1,0,0,1,1,1,1,1,0,0,-1,-1,1,1,1,0,,1,1,1,,1,1,,1,1,1,1,1,1,0,0,0,0,0,0,0,0,0,1,1,1,1,0,0,0,0,1,1,0,0,0,0,0,0,0,0,1,1,1,0,1,1,0,1,1,1,1,0,0,0,1,0,1,0,1,1,0,0,1,1,1,1,1,1,1,1,1,1,1,0,0,0,0,0,0,1,0,0,1,1,1,1,1,0,1,0,0,1,1,0,1,1,1,0,1,0,0,0,1,1,0,1,-1,1,1,-1,-1,-1,1,1,1,1,1,1,1,1,1,1,0,0,-1,-1,-1,1,0,0,0,0,0,0,,,,0,0,0,0,0,0,0,0,0,0,0,0,0,0,0,0,1,1,1,1,1,-1,1,-1,1,1,1,0,0,0,1,1,1,1,1,1,1,1,0,0,0,0,1,1,1,1,0,1,1,1,1,0,0,1,1,1,1,1,,,0,0,1,1,1,1,1,1,1,1,1,1,1,1,1,1,1,1,1,0,1,1,0,0,0,0,0,0,1,0,0,0,0,0,1,1,1,0,0,0,0,0,1,0,1,1,1,1,0,1,1,1,0,1,1,1,0,1,1,1,1,0,0,0,1,0,0,0,0,0,1,0,0,176,154,22,49.3,328,26,9
power_hv_inc_2019,-1,-1,-1,-1,-1,0,0,0,-1,-1,-1,-1,-1,-1,-1,1,1,0,-1,-1,1,0,0,0,0,1,1,0,0,1,1,0,0,0,0,1,0,0,1,1,1,1,-1,0,0,1,1,1,1,0,0,1,-1,0,1,1,1,0,0,0,1,1,0,0,0,0,0,-1,1,1,-1,1,-1,0,0,0,0,0,0,1,1,1,-1,-1,0,0,-1,-1,0,-1,0,0,0,0,0,0,0,0,0,0,0,0,0,-1,0,1,0,0,0,0,0,0,0,0,0,1,1,1,1,0,0,0,0,1,1,0,0,0,0,0,0,0,0,1,1,0,0,1,1,1,0,1,1,1,0,0,0,0,0,1,0,1,1,0,0,0,0,1,0,1,1,0,0,1,1,1,0,0,0,0,1,0,1,0,0,1,1,1,1,1,0,1,0,1,1,1,1,1,0,0,0,0,0,0,0,0,1,0,0,,0,0,-1,-1,-1,1,-1,1,1,1,1,1,1,1,1,0,0,0,0,0,1,0,0,0,0,0,0,,,,0,0,0,0,0,0,0,0,0,0,0,0,0,0,0,0,1,1,-1,-1,1,-1,-1,-1,1,1,1,1,1,1,1,1,0,0,,,,,,,0,0,1,0,0,0,1,0,0,1,1,1,1,1,0,1,1,1,0,0,0,0,1,0,1,1,1,1,1,1,1,0,0,1,1,0,1,1,1,0,1,1,0,0,1,1,1,0,0,0,0,1,0,0,1,0,0,0,0,0,1,0,1,0,1,1,1,0,0,0,0,1,0,0,0,1,0,1,1,1,1,1,1,1,1,1,1,0,0,0,1,1,0,136,123,13,38.1,319,34,10
nhu_energy_2019,-1,-1,-1,-1,-1,0,0,0,1,1,1,1,1,1,1,1,1,0,1,1,-1,0,1,1,0,-1,1,0,0,1,1,-1,0,0,0,1,0,0,1,0,1,1,1,0,0,1,1,1,1,0,0,1,0,0,1,0,0,-1,0,0,1,1,0,0,0,1,1,1,0,0,0,1,0,0,0,-1,0,0,0,1,1,0,1,1,0,1,1,1,0,1,1,0,-1,-1,-1,-1,-1,-1,-1,,1,1,1,1,0,1,0,0,0,0,0,0,0,0,0,0,0,0,0,0,0,0,0,1,1,0,0,0,0,0,0,0,0,1,1,0,1,1,1,0,0,1,1,1,0,1,1,0,0,1,0,0,0,0,0,1,1,1,0,1,1,0,0,0,1,1,0,0,0,0,0,0,1,1,0,1,1,1,1,1,0,1,0,1,1,1,0,1,1,1,0,0,0,0,1,1,0,0,1,-1,-1,-1,-1,-1,-1,-1,-1,0,0,1,1,0,0,1,1,-1,-1,0,0,0,0,-1,-1,0,0,0,0,,,,0,0,0,0,0,0,0,0,0,0,0,0,0,0,0,0,1,1,-1,-1,1,-1,-1,-1,1,0,0,1,1,1,0,1,0,0,1,1,1,0,0,0,0,0,1,0,0,0,0,0,0,0,1,0,1,0,0,1,1,1,0,0,0,0,1,1,1,0,0,0,1,0,0,1,1,1,1,0,0,-1,1,0,0,0,0,1,0,0,0,0,1,1,0,0,1,1,1,1,0,0,1,0,0,1,1,1,1,0,0,-1,0,0,1,1,0,0,1,0,0,0,0,1,0,0,0,0,0,0,0,1,0,0,0,0,1,132,113,19,36.97,323,36,4
nexus_reliability_2019,-1,-1,-1,-1,-1,0,0,0,-1,-1,-1,-1,-1,-1,-1,1,1,1,1,1,1,0,0,0,0,1,1,1,1,1,1,1,-1,-1,0,1,0,0,1,1,1,1,1,0,0,1,1,1,,0,0,1,0,1,1,1,1,-1,0,0,1,1,-1,0,0,1,1,1,0,0,0,1,-1,0,0,1,1,0,0,0,0,0,0,0,0,0,1,1,0,1,0,1,0,0,0,0,0,0,0,0,0,0,0,-1,0,1,0,0,0,0,0,0,0,0,0,0,0,0,0,0,,0,0,1,1,0,0,0,0,0,0,0,0,0,0,0,-1,1,1,0,0,0,0,0,0,-1,1,0,0,1,-1,0,-1,0,-1,-1,0,0,0,0,0,0,0,1,-1,1,0,0,0,0,0,0,-1,1,0,-1,-1,0,-1,-1,0,0,0,-1,-1,-1,-1,-1,-1,-1,0,0,0,0,-1,-1,0,0,1,0,-1,-1,-1,-1,-1,-1,-1,-1,-1,0,0,0,0,0,0,-1,-1,-1,-1,-1,0,0,0,0,0,0,0,,,,0,0,0,0,0,0,0,0,0,-1,-1,-1,0,0,0,0,-1,-1,-1,-1,1,-1,-1,-1,1,0,0,1,1,1,0,0,0,0,0,0,0,1,1,1,-1,-1,1,0,0,1,0,1,1,1,1,1,1,1,1,1,1,1,0,0,0,0,1,-1,1,1,1,1,1,0,1,1,1,0,1,0,0,0,0,0,0,1,0,-1,1,1,1,0,1,-1,0,0,1,1,0,1,1,0,1,1,-1,0,-1,0,1,1,1,1,0,1,1,1,0,0,0,-1,1,0,0,0,-1,0,0,0,-1,0,0,-1,0,0,1,0,0,101,82,19,28.29,284,74,5
necoplastics_2019,1,1,1,1,1,0,0,0,1,1,1,1,1,1,1,1,1,0,1,1,1,-1,-1,-1,0,-1,0,0,0,1,1,0,0,0,-1,0,0,0,1,1,1,1,0,0,0,1,1,1,-1,0,0,1,0,-1,1,1,1,-1,0,0,1,1,0,0,0,0,0,-1,0,0,0,0,0,0,0,0,0,0,0,0,1,-1,-1,-1,0,0,1,1,0,1,0,0,0,0,0,0,0,0,0,,1,1,1,1,-1,1,1,1,1,1,1,0,1,1,0,0,0,0,0,0,0,0,0,1,1,0,0,0,0,0,0,1,0,1,1,0,0,1,1,0,0,1,1,1,1,0,1,1,0,-1,-1,1,1,0,-1,-1,-1,-1,-1,0,0,0,0,-1,-1,-1,0,0,0,0,0,0,1,1,0,0,-1,-1,-1,0,0,-1,0,0,-1,-1,0,0,-1,0,0,0,0,0,0,-1,0,0,0,,-1,-1,-1,-1,-1,-1,-1,1,1,-1,-1,-1,-1,0,0,-1,-1,0,0,0,0,-1,-1,0,0,0,-1,,,,0,0,0,0,0,0,0,0,0,0,0,0,0,0,0,0,1,1,1,1,-1,-1,-1,-1,1,-1,-1,1,1,1,-1,1,1,1,1,1,1,1,1,1,0,0,1,0,0,0,0,1,1,1,1,1,-1,1,-1,1,1,0,1,1,0,0,1,-1,1,1,1,1,1,0,1,1,1,0,1,1,1,1,-1,1,1,1,1,-1,1,1,1,1,1,0,0,0,1,-1,-1,1,1,0,1,0,0,0,0,0,0,-1,0,0,1,1,1,1,0,1,0,1,1,1,1,1,1,1,1,1,0,1,1,-1,0,1,-1,0,1,139,116,23,38.94,294,64,5
mycocycle_llc_2019,-1,-1,-1,-1,-1,0,0,0,-1,-1,-1,1,1,1,1,1,1,0,1,1,1,0,-1,-1,0,1,1,0,0,1,1,1,0,0,0,1,0,0,1,1,1,1,1,0,0,1,1,1,1,-1,0,1,0,-1,1,1,-1,-1,0,0,1,1,0,0,0,1,1,1,1,1,-1,-1,-1,0,0,0,0,0,0,1,1,0,-1,-1,0,0,1,1,0,1,0,0,-1,-1,-1,-1,0,0,0,-1,-1,-1,-1,1,-1,1,0,0,0,0,0,0,-1,-1,0,1,1,1,1,-1,1,0,0,1,1,0,0,0,0,-1,0,-1,0,1,1,0,0,1,1,0,0,1,1,1,0,0,1,1,0,1,0,1,1,0,0,1,0,1,0,1,0,0,0,1,1,1,1,1,0,0,0,0,1,1,0,1,1,1,1,1,0,1,0,1,1,1,0,1,1,1,0,0,0,0,1,1,0,0,1,-1,-1,-1,-1,-1,-1,-1,-1,0,0,0,0,0,0,0,0,0,0,-1,-1,-1,1,-1,-1,0,0,0,0,,,,0,0,0,0,0,0,0,0,0,0,0,0,0,0,0,0,1,1,-1,-1,1,-1,-1,-1,1,1,1,1,1,1,-1,1,-1,-1,1,1,1,1,0,0,-1,-1,1,-1,-1,-1,0,1,1,0,1,1,1,0,0,1,1,1,1,1,0,-1,1,-1,1,1,1,1,1,0,1,1,1,1,1,1,1,1,1,1,1,1,0,1,1,1,1,0,1,1,0,0,1,1,1,1,1,0,-1,-1,0,0,-1,1,0,0,1,1,1,1,1,1,0,0,0,1,1,-1,-1,1,-1,1,1,1,1,-1,0,-1,0,-1,1,0,1,156,133,23,43.7,290,70,3
maxwellian_2019,-1,-1,-1,-1,-1,0,0,0,-1,-1,-1,-1,-1,-1,-1,1,1,0,1,1,1,0,1,1,0,1,1,0,0,1,1,0,0,0,0,1,-1,0,1,1,1,1,-1,0,0,1,1,1,1,0,0,1,0,1,1,1,1,1,0,0,1,1,0,0,0,-1,-1,1,1,1,-1,1,1,0,0,1,0,0,0,1,1,0,1,1,1,1,-1,-1,0,1,1,0,-1,-1,-1,-1,-1,-1,-1,-1,-1,-1,-1,1,1,1,0,0,0,0,,0,0,0,0,,,,,0,,0,0,1,1,0,0,0,0,0,0,0,0,0,0,0,,1,1,,0,0,0,0,0,,1,0,0,0,0,0,0,0,0,1,0,1,0,1,1,0,0,1,1,1,0,0,0,0,0,0,1,1,0,0,1,0,1,1,0,1,0,1,1,1,0,1,1,1,0,0,0,0,1,0,0,0,1,0,1,1,-1,-1,-1,-1,-1,1,1,0,0,0,0,0,0,-1,-1,-1,-1,-1,0,-1,-1,0,0,0,0,,,,0,0,0,0,0,0,0,0,0,,1,1,0,0,,0,1,1,-1,-1,1,-1,-1,-1,1,0,0,1,1,1,-1,1,-1,-1,1,1,1,1,1,1,1,1,1,1,1,1,0,1,1,1,1,1,1,1,1,1,1,1,0,0,0,1,1,1,1,1,1,1,1,0,1,1,1,1,1,1,1,1,1,1,1,1,1,1,1,1,1,1,1,1,0,0,1,1,1,1,1,0,1,1,1,0,1,1,0,1,0,1,1,1,1,0,0,1,0,0,1,0,0,0,0,0,0,0,0,0,0,1,0,0,1,0,0,155,127,28,43.42,299,50,14
low_carbon_beef_2019,-1,-1,1,1,1,0,0,0,1,1,1,-1,-1,-1,-1,1,1,0,1,1,1,1,-1,-1,0,-1,1,1,1,1,1,0,0,0,1,0,0,0,1,1,1,1,0,0,0,-1,-1,1,-1,0,0,-1,0,0,1,1,0,0,0,0,1,0,0,0,0,0,0,1,0,0,0,0,0,0,-1,0,0,-1,0,-1,0,0,-1,-1,0,0,-1,-1,0,1,0,0,-1,-1,-1,-1,0,0,0,-1,-1,-1,-1,1,1,1,0,0,0,0,0,0,1,1,0,-1,-1,-1,-1,0,0,0,0,1,1,0,0,0,0,0,0,0,0,-1,-1,0,0,1,1,0,0,1,1,1,0,0,1,-1,0,1,0,1,1,0,0,-1,-1,-1,-1,1,-1,0,0,1,1,1,0,-1,-1,-1,0,0,1,-1,0,1,1,1,1,-1,-1,1,0,-1,1,1,0,-1,1,1,0,-1,0,0,-1,1,-1,0,0,-1,-1,-1,-1,-1,-1,-1,1,1,1,1,1,1,1,-1,-1,-1,-1,-1,-1,-1,0,0,0,0,0,0,-1,,,,0,0,0,0,0,0,0,0,0,-1,-1,-1,0,0,0,0,-1,-1,-1,-1,1,-1,-1,-1,1,0,0,0,0,0,-1,1,-1,-1,1,1,1,1,-1,-1,0,0,1,0,0,0,0,1,1,1,1,1,1,1,1,1,1,1,1,1,0,0,1,-1,1,1,1,1,1,0,1,1,1,1,1,0,1,1,1,0,1,1,-1,-1,-1,-1,-1,-1,0,0,0,-1,0,1,1,1,0,0,1,0,-1,0,0,0,1,1,0,-1,1,1,1,1,0,-1,0,0,0,-1,-1,1,1,1,1,1,0,-1,1,0,0,-1,1,0,0,120,106,14,33.61,264,96,3
livingwaters_2019,-1,-1,-1,-1,-1,-1,-1,-1,-1,-1,-1,-1,-1,-1,-1,1,1,-1,1,1,1,0,0,0,0,-1,1,1,1,1,1,0,0,0,0,0,0,0,0,1,-1,1,-1,0,0,0,1,0,1,0,-1,-1,0,0,1,1,0,-1,0,0,0,1,-1,-1,-1,1,1,-1,-1,-1,0,1,0,0,0,0,-1,0,0,0,0,-1,-1,-1,0,0,-1,-1,1,1,0,-1,-1,-1,-1,-1,-1,-1,-1,,1,1,1,1,1,1,0,0,0,0,0,0,0,0,0,-1,-1,-1,-1,0,0,0,0,1,1,0,0,0,0,0,0,0,0,-1,-1,0,0,-1,-1,0,0,1,1,1,0,0,0,-1,0,0,0,1,1,0,0,-1,-1,1,-1,1,-1,0,0,-1,1,-1,0,1,0,0,0,0,1,0,0,-1,-1,0,-1,0,0,0,0,0,-1,-1,0,0,-1,-1,0,0,0,0,-1,-1,0,0,0,,-1,-1,-1,-1,-1,-1,-1,-1,-1,-1,-1,-1,-1,1,1,-1,-1,-1,-1,-1,0,-1,-1,0,0,0,-1,,,,0,0,0,0,0,0,0,0,0,0,0,0,0,0,0,0,0,0,-1,-1,-1,-1,-1,-1,1,0,0,-1,-1,-1,0,1,-1,-1,1,1,1,1,0,0,0,0,0,0,0,0,-1,-1,-1,-1,0,0,0,1,1,-1,0,0,1,1,0,0,1,0,0,1,1,1,1,-1,1,1,1,1,1,1,1,-1,1,0,0,1,0,1,0,0,0,0,-1,0,0,0,-1,0,,1,1,-1,1,0,-1,-1,-1,-1,-1,1,0,0,0,1,1,1,0,0,0,0,0,0,0,0,0,0,0,0,0,0,0,0,0,,0,0,0,74,55,19,20.73,243,113,7
kara_atmospheric_water_inc_2019,-1,-1,-1,-1,-1,-1,-1,-1,-1,-1,-1,-1,-1,-1,-1,1,1,-1,1,1,1,1,0,0,1,0,-1,1,1,1,1,1,1,1,1,1,0,0,1,1,1,1,1,0,0,0,1,0,0,0,0,1,0,1,1,1,0,0,0,0,1,1,0,1,1,-1,-1,-1,1,1,0,0,-1,0,0,0,-1,-1,0,1,1,-1,1,1,-1,-1,1,1,1,1,1,0,-1,-1,-1,-1,0,0,0,-1,-1,-1,-1,1,1,1,0,0,0,0,0,0,1,1,0,1,1,1,1,0,0,0,0,1,1,0,0,0,0,0,0,0,0,1,1,0,0,1,1,0,1,1,1,1,0,0,1,1,,0,0,1,1,0,0,0,0,1,1,1,1,0,0,-1,1,-1,0,0,-1,1,0,0,-1,-1,0,1,1,1,1,-1,1,1,0,-1,1,1,0,0,1,1,0,0,0,0,-1,1,0,0,,-1,1,1,-1,-1,-1,-1,-1,0,0,-1,-1,0,0,0,0,-1,-1,-1,-1,-1,1,0,0,0,0,0,-1,,,,0,0,0,0,0,0,0,0,0,0,0,0,0,0,0,0,1,1,-1,-1,1,1,1,-1,1,0,0,-1,-1,-1,1,1,1,1,1,1,1,1,1,1,1,1,0,0,0,0,0,1,1,1,1,1,-1,1,0,1,1,0,1,1,1,-1,1,1,,1,1,1,1,1,-1,1,1,1,1,0,1,-1,1,-1,1,1,-1,0,1,1,1,1,0,0,1,1,1,-1,1,1,1,-1,-1,1,,1,1,-1,0,1,0,1,1,1,1,1,0,-1,0,1,-1,1,1,1,1,1,1,1,1,-1,-1,-1,0,1,0,1,0,158,138,20,44.26,279,77,7
littoral_power_systems_inc_2019,1,1,-1,-1,-1,-1,-1,-1,1,1,1,1,1,1,1,1,1,0,1,1,0,0,-1,-1,0,1,-1,0,0,1,1,1,0,0,0,1,0,0,1,1,1,1,1,0,0,-1,1,1,1,0,0,1,1,-1,1,1,1,1,1,0,1,1,0,0,0,1,1,1,1,1,0,1,0,0,0,1,0,0,0,1,1,0,1,1,0,0,1,1,0,1,1,0,,1,1,1,0,0,0,,1,1,1,1,1,1,-1,-1,0,0,1,0,1,1,1,1,1,1,1,0,1,0,0,1,1,0,0,0,0,1,0,1,0,1,1,0,-1,1,1,1,0,1,1,1,-1,1,1,1,0,0,0,1,1,0,0,1,0,1,0,1,1,0,0,1,1,1,0,0,0,0,0,0,1,1,0,1,1,0,1,1,0,1,0,1,1,1,0,1,1,1,0,0,0,0,1,1,0,0,1,0,-1,-1,-1,1,-1,-1,-1,1,1,1,1,0,0,0,0,-1,-1,,1,1,0,0,0,0,0,0,0,,,,0,0,0,0,0,0,0,0,0,,1,1,0,0,,0,1,1,-1,-1,1,-1,-1,-1,1,1,1,1,1,1,0,1,0,0,1,1,1,1,0,0,1,1,1,0,0,1,0,1,1,1,1,1,1,1,1,1,1,1,1,1,0,1,1,1,1,1,1,1,1,0,0,1,1,1,1,0,1,1,1,1,1,1,1,1,-1,-1,-1,0,1,1,0,0,1,1,1,1,1,0,0,1,1,0,1,1,1,0,1,0,0,1,1,0,0,0,0,1,1,1,1,1,-1,-1,-1,-1,1,-1,1,1,0,0,1,0,0,192,168,24,53.78,319,36,8
ko_systems_2019,1,1,1,1,1,-1,-1,-1,1,1,1,1,1,1,1,1,1,0,-1,-1,-1,0,-1,-1,0,1,1,0,0,1,1,1,1,1,0,1,0,0,1,1,1,1,1,0,0,1,1,1,1,0,0,1,1,-1,1,1,1,-1,1,-1,1,1,0,0,0,1,1,1,1,1,1,1,0,0,0,1,0,0,0,0,1,1,-1,-1,0,0,-1,-1,0,1,0,0,-1,-1,-1,-1,0,0,0,-1,-1,-1,-1,1,-1,1,-1,-1,-1,-1,0,0,1,1,0,1,1,1,1,0,1,0,0,1,1,0,0,0,0,1,0,-1,0,1,1,0,0,1,1,0,0,1,1,1,0,0,-1,1,0,1,0,0,1,0,0,1,0,1,0,1,1,0,0,1,1,1,0,0,0,0,0,0,1,0,0,0,0,0,1,1,0,1,0,1,1,1,0,1,1,1,0,0,0,0,1,1,0,0,1,0,-1,-1,-1,-1,-1,-1,-1,0,0,0,0,1,1,0,0,-1,-1,-1,-1,-1,0,0,0,0,0,-1,0,,,,0,0,0,0,0,0,0,0,0,-1,-1,-1,0,0,0,0,-1,-1,0,0,-1,-1,-1,-1,1,1,1,1,1,1,1,1,0,0,1,1,1,1,1,1,-1,-1,1,1,1,0,0,1,1,1,1,1,1,1,1,1,1,1,1,1,0,-1,1,-1,1,1,1,1,1,0,1,1,1,1,1,1,1,1,1,1,1,1,0,1,1,1,1,0,1,1,0,0,1,-1,1,1,-1,0,1,-1,1,1,1,0,0,0,-1,0,1,1,1,1,0,1,0,0,1,-1,-1,1,-1,1,1,1,1,-1,-1,1,0,0,1,0,0,168,144,24,47.06,295,65,3
hoplite_power_inc_2019,-1,-1,-1,-1,-1,0,0,0,1,1,1,1,1,1,1,1,1,0,1,1,0,-1,0,0,0,0,0,0,0,1,1,0,0,0,0,-1,0,0,-1,-1,0,1,1,0,0,1,1,1,1,0,0,0,-1,0,0,0,0,0,-1,0,1,0,0,0,0,1,1,-1,-1,-1,0,1,0,0,0,-1,-1,0,0,0,1,0,1,1,1,1,1,1,1,1,1,-1,0,0,0,0,0,0,0,-1,-1,-1,-1,1,0,1,0,0,0,0,0,0,1,1,0,1,1,1,1,0,1,0,0,1,1,0,0,0,0,0,0,0,0,1,1,0,0,1,1,0,0,1,1,1,0,0,1,-1,0,-1,0,-1,-1,0,0,1,0,1,0,0,0,0,0,0,0,0,0,0,0,0,0,0,-1,1,0,-1,-1,-1,-1,-1,0,-1,0,-1,-1,-1,0,-1,-1,-1,0,0,0,0,1,-1,0,0,-1,-1,-1,-1,-1,-1,-1,-1,-1,0,0,-1,-1,0,0,-1,-1,-1,-1,0,0,0,-1,-1,-1,0,0,-1,0,,,,0,0,0,0,0,0,0,0,,0,0,0,0,0,0,0,-1,-1,0,0,1,-1,-1,-1,1,1,1,0,0,0,0,0,0,0,0,0,0,1,1,1,1,1,1,0,0,-1,0,0,0,0,1,0,0,1,1,1,1,0,1,1,0,-1,1,1,,1,1,1,1,0,1,1,1,1,1,1,1,1,1,1,-1,1,0,1,0,0,0,0,1,-1,0,0,1,1,1,1,1,0,0,1,-1,0,1,1,1,1,-1,1,0,1,1,0,0,1,0,0,-1,0,0,0,0,0,0,0,1,0,0,-1,0,0,-1,0,0,107,89,18,29.97,286,72,5
halo_charging_2019,-1,-1,-1,-1,-1,0,0,0,-1,-1,-1,-1,-1,-1,-1,-1,-1,0,-1,-1,0,1,0,0,0,-1,-1,0,0,1,1,1,1,1,0,,0,0,1,0,1,1,1,0,0,0,1,-1,1,0,0,1,0,0,1,1,0,0,0,0,,,0,0,0,0,0,0,0,0,0,0,0,0,0,0,1,0,0,0,0,0,0,0,1,1,1,1,0,1,0,1,-1,-1,-1,-1,0,0,0,,1,1,1,1,1,1,0,0,0,0,0,0,0,0,0,0,0,0,0,0,0,0,0,1,1,0,0,0,0,0,0,0,0,1,1,0,-1,1,1,-1,0,1,1,1,-1,0,1,1,0,0,0,-1,-1,0,0,0,0,1,0,1,1,0,0,1,1,0,0,0,0,1,0,0,1,0,0,1,1,1,1,1,1,1,0,1,1,1,0,1,1,1,0,0,0,0,1,1,0,0,1,-1,0,0,-1,1,1,-1,-1,0,0,0,0,0,0,0,0,0,0,0,0,0,0,0,0,0,0,0,0,,,,0,0,0,0,0,0,0,0,0,0,0,0,0,0,0,0,1,1,0,0,1,-1,-1,-1,1,0,0,1,1,1,0,1,0,0,1,1,1,1,1,1,0,0,1,0,0,1,0,1,1,1,0,0,0,1,0,1,1,,1,1,0,0,1,0,,1,1,1,1,0,1,0,1,0,1,0,,0,1,0,0,1,0,0,0,0,0,0,0,0,0,0,0,0,0,1,0,0,0,0,0,0,1,0,0,0,0,0,0,1,,0,0,1,0,1,1,1,1,1,1,1,1,1,0,0,1,0,0,0,0,0,0,112,100,12,31.37,317,35,11
gridtwin_grideus_2019,1,1,1,1,1,0,0,0,-1,-1,-1,1,1,1,1,1,1,0,1,1,1,1,0,0,0,0,0,0,0,1,1,1,1,1,0,0,0,0,1,1,1,1,1,0,0,1,1,1,1,0,0,1,0,1,1,1,1,0,0,0,,,0,0,0,,,1,1,1,0,1,0,0,0,1,0,0,0,0,0,0,-1,-1,0,0,0,0,0,0,0,1,0,0,0,0,0,0,0,-1,-1,-1,-1,1,0,1,0,0,0,0,0,0,0,0,0,,,,,0,,0,0,1,1,0,0,0,0,0,0,0,0,1,1,0,1,1,1,1,0,1,1,1,1,1,0,0,,0,0,0,0,0,0,1,0,0,0,0,0,0,0,1,1,1,0,0,0,0,0,0,0,0,0,0,0,0,0,0,0,0,0,0,0,0,0,0,0,0,0,0,0,0,1,0,0,0,,-1,0,0,-1,-1,-1,-1,-1,1,1,-1,-1,0,0,0,0,-1,-1,0,0,0,1,0,0,0,0,0,0,,,,0,0,0,0,0,0,0,0,0,0,0,0,0,0,0,0,-1,-1,0,0,1,-1,-1,-1,1,1,1,1,1,1,0,1,0,0,1,1,1,1,1,1,0,0,1,0,0,1,0,1,1,0,1,0,1,1,0,1,1,1,1,1,0,0,1,1,1,1,1,1,1,0,1,1,1,1,1,0,1,1,1,1,1,1,0,0,1,1,1,1,0,0,0,0,0,0,1,1,0,1,1,1,,0,1,1,1,1,1,0,1,1,1,1,0,1,0,1,0,1,1,1,0,1,1,1,0,0,0,0,0,0,1,0,,134,112,22,37.54,323,24,16
green_grubbox_2019,-1,-1,-1,-1,-1,0,0,0,-1,-1,-1,-1,-1,-1,-1,1,1,1,1,1,1,1,0,0,0,1,1,1,1,1,1,0,,0,0,0,0,0,1,1,1,1,1,0,0,1,1,1,1,0,0,1,0,1,1,1,0,0,0,0,,,0,0,0,1,1,-1,0,0,1,,-1,0,0,0,0,0,,0,1,0,-1,-1,1,1,1,1,1,1,1,0,-1,-1,-1,-1,0,0,0,-1,-1,-1,-1,1,1,1,0,0,0,0,0,0,-1,-1,0,1,1,1,1,0,0,0,0,1,1,0,0,0,0,0,0,-1,0,1,1,0,1,1,1,1,0,1,1,1,1,1,1,1,,1,-1,0,0,0,-1,-1,0,1,1,1,1,0,0,1,1,1,0,0,0,0,0,0,1,0,0,1,1,-1,1,1,0,1,0,0,1,1,-1,1,1,1,0,1,0,0,1,1,1,1,1,-1,0,0,-1,-1,-1,-1,-1,-1,-1,1,1,0,0,0,0,-1,-1,0,0,0,0,-1,-1,0,0,0,0,,,,0,0,0,0,0,0,0,0,0,0,0,0,0,0,0,0,0,0,0,0,1,-1,-1,-1,1,0,0,1,1,1,1,1,1,1,1,1,1,1,0,0,0,0,0,0,0,0,0,0,0,1,1,0,0,1,0,1,1,0,,,0,0,1,1,,1,1,1,1,-1,-1,0,1,0,1,0,0,1,0,0,0,1,0,0,1,1,1,0,1,0,0,1,0,0,0,1,-1,0,-1,1,1,0,1,-1,0,1,1,0,1,1,-1,1,0,1,0,0,1,0,0,0,0,0,0,0,-1,0,0,0,0,-1,0,0,0,130,114,16,36.41,296,55,12
gbat_2019,-1,-1,-1,-1,-1,0,0,0,-1,-1,-1,-1,-1,-1,-1,1,1,0,1,1,1,1,-1,-1,0,0,1,0,0,1,1,0,0,-1,0,0,0,0,1,1,1,1,1,0,0,1,1,1,0,0,0,1,0,1,1,1,-1,-1,0,0,1,1,0,0,0,0,0,0,,,0,0,0,0,0,1,0,0,0,0,1,1,-1,-1,0,0,0,0,0,0,0,-1,-1,-1,-1,-1,0,0,0,0,0,0,0,0,0,0,1,1,0,0,0,0,0,0,0,0,0,0,0,0,0,0,0,0,0,0,0,0,0,0,0,0,0,0,0,0,0,0,0,0,0,0,0,0,0,0,1,1,0,1,0,-1,-1,0,0,1,0,1,0,1,1,0,0,1,1,1,0,0,0,0,0,0,-1,1,0,-1,-1,-1,-1,-1,0,-1,0,-1,-1,-1,0,-1,-1,-1,0,0,0,0,1,-1,0,0,1,-1,-1,-1,-1,-1,-1,-1,-1,1,1,1,1,-1,-1,0,0,-1,-1,-1,-1,-1,0,-1,-1,0,0,0,0,,,,0,0,0,0,0,0,0,0,0,0,0,0,0,0,0,0,1,1,0,0,1,-1,-1,-1,1,1,1,-1,-1,-1,0,1,1,1,1,1,1,1,-1,-1,-1,-1,1,-1,-1,1,0,1,1,1,1,1,1,1,0,1,1,1,1,1,0,-1,1,-1,1,1,1,1,1,0,1,1,1,1,1,0,1,1,1,-1,1,1,1,-1,1,1,1,1,0,-1,1,1,0,0,0,1,-1,-1,-1,1,,0,1,0,0,1,0,0,1,1,1,1,0,1,0,0,1,0,0,0,0,0,0,0,0,0,0,-1,0,0,0,0,0,105,86,19,29.41,279,78,6
flux_marine_2019,1,1,1,1,1,0,0,0,1,1,1,1,1,1,1,1,1,0,1,1,1,1,0,0,0,-1,-1,0,0,1,1,0,0,0,0,0,0,0,1,1,-1,1,1,0,0,1,1,1,0,0,0,1,0,0,1,1,1,0,0,0,,,0,0,0,1,1,1,1,1,0,1,-1,0,0,0,0,0,0,0,0,0,1,1,0,0,1,1,0,1,0,0,0,0,0,0,0,0,0,-1,-1,-1,-1,1,1,1,1,1,1,1,1,0,1,1,1,1,1,1,1,0,0,0,0,1,1,0,0,0,0,0,0,0,0,1,1,0,1,1,1,1,0,1,1,1,0,1,1,1,0,0,1,1,1,0,1,1,1,1,1,1,1,0,0,1,1,1,0,0,0,0,1,0,1,0,0,1,1,1,1,0,0,1,0,1,1,1,0,1,1,1,0,0,0,0,0,1,0,0,1,-1,0,0,-1,-1,-1,-1,-1,0,0,0,0,0,0,0,0,-1,-1,0,0,0,0,0,0,0,0,0,0,,,,0,0,0,0,0,0,0,0,,0,0,0,0,0,,0,0,0,0,0,1,-1,-1,1,1,1,1,0,0,0,0,1,1,1,1,1,1,1,0,0,0,0,1,0,0,1,0,1,1,1,1,1,0,1,1,1,1,1,1,1,0,0,1,0,0,1,1,1,1,0,1,1,1,1,1,1,1,1,1,0,1,1,1,1,0,0,0,0,1,0,0,1,1,0,1,1,0,1,0,1,1,0,1,1,1,1,1,1,0,1,1,0,0,,0,1,1,1,1,1,1,1,1,1,0,0,0,0,0,0,1,1,0,170,148,22,47.62,337,18,8
fluid_sense_2019,-1,-1,1,1,1,0,0,0,-1,-1,-1,-1,-1,-1,-1,1,1,0,1,1,1,1,0,0,0,1,-1,0,0,1,1,0,0,0,0,0,0,0,0,0,0,1,1,0,0,0,1,1,1,0,0,1,0,0,1,1,1,0,0,0,,0,0,0,0,1,1,-1,-1,-1,0,1,0,0,0,0,0,0,0,0,-1,0,-1,-1,-1,-1,-1,-1,0,-1,-1,-1,-1,-1,-1,-1,0,0,0,0,0,0,0,-1,-1,1,0,0,0,0,0,0,0,0,0,1,1,1,1,0,0,0,0,1,1,0,0,0,0,0,0,0,0,1,1,0,0,1,1,0,0,1,1,1,0,0,0,1,0,1,0,1,1,0,0,1,-1,1,-1,1,1,0,0,1,1,1,0,0,0,0,1,0,1,0,0,1,1,1,1,1,0,1,0,1,1,1,0,1,1,0,0,-1,0,0,1,1,-1,-1,0,-1,0,0,-1,-1,-1,-1,-1,0,0,0,0,0,0,0,0,0,0,0,0,0,0,0,0,0,0,0,0,,,,0,0,0,0,0,0,0,0,0,0,0,0,0,0,0,0,1,1,-1,-1,1,-1,-1,-1,1,0,0,1,1,1,0,0,1,1,1,1,1,1,1,1,0,0,1,1,1,0,0,1,1,1,1,0,0,1,1,1,1,1,0,0,0,0,1,1,1,1,1,1,1,0,1,0,-1,1,1,1,1,1,1,1,-1,1,-1,-1,1,1,1,1,1,0,0,0,1,0,1,1,1,-1,-1,-1,,0,1,1,0,1,0,0,1,,1,0,0,0,0,,1,0,0,1,,0,0,0,0,0,0,0,0,0,1,1,0,125,109,16,35.01,303,52,8
flooid_power_systems_inc_2019,-1,-1,-1,-1,-1,,1,1,-1,-1,-1,-1,-1,-1,-1,1,1,0,1,1,0,0,1,1,0,1,1,1,1,1,1,0,0,0,0,1,0,0,1,1,0,1,1,0,0,1,1,1,0,0,0,1,1,0,1,1,-1,-1,0,0,1,1,0,0,0,0,0,-1,0,0,0,1,0,0,0,-1,0,0,0,1,1,1,1,1,0,0,1,1,0,1,1,0,-1,-1,-1,-1,0,0,0,,1,1,1,0,0,1,0,0,-1,-1,0,0,0,0,0,0,0,0,0,0,0,0,0,1,1,0,0,0,0,0,0,0,0,1,1,0,0,1,1,0,0,1,1,1,0,0,0,1,0,0,0,1,1,0,0,-1,0,1,0,1,1,0,0,1,1,1,0,0,0,0,-1,-1,1,-1,0,1,1,1,1,1,0,1,0,1,1,1,0,1,1,0,0,-1,0,0,1,1,0,0,1,-1,-1,-1,-1,-1,-1,-1,-1,-1,-1,-1,-1,1,1,0,0,0,0,-1,-1,-1,1,-1,-1,0,0,0,0,,,,0,0,0,0,0,0,0,0,0,0,0,0,0,0,0,-1,1,1,-1,-1,-1,-1,-1,-1,1,0,0,1,1,1,1,1,1,1,0,0,0,0,0,0,0,0,0,0,0,0,0,1,1,1,1,1,1,1,1,1,0,0,0,0,0,0,1,0,0,1,1,1,1,1,1,1,1,1,1,1,0,0,0,0,1,1,1,1,-1,-1,-1,0,1,1,0,0,1,1,,1,1,-1,1,0,1,0,1,-1,1,1,0,0,1,1,1,1,0,0,0,0,1,0,0,0,0,0,0,0,1,0,0,1,-1,1,0,0,1,133,108,25,37.25,300,57,6
feedback_solutions_2019,-1,-1,-1,-1,-1,0,0,0,-1,-1,-1,-1,-1,-1,-1,1,1,0,1,1,1,-1,-1,-1,0,0,-1,0,0,1,1,0,0,0,0,-1,0,0,1,1,1,1,1,0,0,-1,1,1,1,0,0,1,1,-1,1,1,0,-1,1,0,1,1,0,0,0,1,1,-1,0,0,0,1,0,0,0,1,0,0,0,-1,1,0,1,1,1,1,0,0,1,1,1,-1,-1,-1,-1,-1,0,0,0,,1,1,1,1,1,1,0,0,0,0,0,0,0,0,0,1,1,1,1,0,1,0,0,1,1,0,0,0,0,0,0,0,0,1,1,0,0,1,1,0,0,1,1,1,0,0,0,1,0,1,-1,0,0,0,-1,1,0,1,-1,1,1,0,0,1,1,1,-1,0,0,0,-1,0,-1,1,0,0,-1,-1,-1,-1,0,-1,0,-1,-1,-1,0,-1,-1,-1,0,0,0,0,1,-1,0,0,1,-1,-1,-1,-1,1,-1,-1,-1,0,0,0,0,-1,-1,0,0,-1,-1,0,0,0,1,-1,-1,0,0,0,0,,,,0,0,0,0,0,0,0,0,0,0,0,0,0,0,0,0,1,1,-1,-1,1,-1,-1,-1,1,1,1,1,1,1,0,1,1,1,1,1,1,1,1,1,0,0,1,0,0,1,0,1,1,0,1,1,1,1,-1,1,1,1,1,1,0,-1,1,-1,1,1,1,1,1,1,1,1,1,1,1,1,1,1,1,1,-1,1,1,1,1,1,1,1,1,-1,0,0,1,1,1,1,1,-1,1,0,-1,-1,-1,1,1,-1,-1,-1,1,1,1,1,0,1,0,1,1,1,1,1,1,1,1,1,0,-1,0,-1,0,0,1,0,1,148,122,26,41.46,282,77,4
enersion_2019,-1,-1,-1,-1,-1,0,0,0,0,0,0,0,0,0,0,1,1,0,1,1,1,1,0,0,-1,0,0,0,0,1,1,0,0,0,0,0,0,0,-1,-1,-1,1,1,0,0,1,1,1,-1,0,0,,0,0,1,1,0,0,0,0,-1,-1,0,0,0,-1,-1,1,1,1,0,0,-1,0,0,0,-1,0,0,-1,1,-1,-1,-1,1,1,0,0,0,1,1,1,,1,1,1,-1,-1,-1,-1,-1,-1,-1,1,0,1,0,0,0,0,0,0,0,0,0,1,1,1,1,0,0,0,0,1,1,0,0,0,0,0,0,0,0,1,1,0,0,1,1,-1,-1,1,1,1,0,-1,-1,1,,0,0,1,1,0,0,1,1,1,-1,1,1,0,0,1,1,-1,-1,-1,0,0,-1,-1,1,-1,0,1,1,-1,1,-1,0,-1,0,1,1,1,0,0,1,-1,0,0,0,0,0,1,0,0,,-1,-1,-1,-1,-1,-1,-1,-1,1,1,-1,-1,1,1,1,1,-1,-1,0,0,0,-1,0,0,0,0,0,-1,,,,0,0,0,0,0,0,0,0,0,0,0,0,0,0,,0,1,1,-1,-1,1,-1,-1,-1,1,1,1,1,1,1,1,1,1,1,1,1,1,1,-1,-1,0,0,1,0,0,0,-1,1,1,1,0,1,1,1,1,1,1,-1,1,1,0,0,1,1,1,1,1,1,1,1,1,1,1,1,1,1,,1,-1,-1,1,1,-1,0,1,1,1,0,0,-1,-1,-1,1,-1,1,1,-1,-1,1,1,1,-1,1,-1,1,1,0,-1,1,1,1,1,0,1,0,1,-1,1,1,1,1,1,1,1,1,0,0,0,-1,0,1,-1,0,140,123,17,39.22,274,80,9
ecospears_2019,-1,-1,-1,-1,-1,0,0,0,-1,-1,-1,-1,-1,-1,-1,1,1,0,1,1,1,-1,0,0,0,-1,-1,0,0,1,1,0,0,0,0,0,0,0,1,1,1,1,1,0,0,1,1,1,1,0,0,1,0,-1,1,1,-1,0,0,0,,,0,0,0,1,1,-1,-1,-1,0,,0,0,0,1,0,0,0,1,0,0,1,1,1,-1,1,1,1,1,1,0,-1,-1,-1,-1,-1,-1,-1,0,0,0,0,1,1,1,0,0,0,0,0,0,1,1,0,0,0,0,0,0,0,0,0,1,1,0,0,0,0,0,0,1,0,1,1,0,0,1,1,0,0,1,1,1,0,0,1,1,,1,0,1,1,0,1,1,1,1,1,1,1,0,0,1,1,1,0,0,0,0,1,0,1,1,1,1,1,1,1,1,0,1,0,1,1,1,0,1,1,1,0,0,0,0,1,1,0,0,,-1,-1,-1,-1,1,1,-1,-1,-1,-1,1,1,-1,-1,0,0,-1,-1,-1,-1,-1,0,0,0,0,0,0,0,,,,0,0,0,0,0,0,0,0,,0,0,0,0,0,0,0,1,1,1,1,1,-1,-1,-1,1,1,1,1,1,1,-1,-1,-1,-1,1,1,1,1,1,1,0,0,1,0,0,0,0,1,1,1,-1,-1,0,1,-1,1,1,1,0,0,0,0,1,0,1,1,1,1,-1,1,1,-1,1,0,1,0,1,1,1,1,0,1,1,0,,,,1,-1,0,0,1,0,-1,0,1,0,-1,-1,-1,1,0,1,1,1,1,1,1,1,-1,1,1,0,1,0,1,1,1,1,1,1,1,1,1,0,1,1,0,0,-1,1,0,1,150,128,22,42.02,289,62,12
dispomeds_2019,-1,-1,1,1,1,0,0,0,-1,-1,-1,-1,-1,-1,-1,1,1,0,1,1,0,0,-1,-1,0,0,-1,0,0,1,1,1,0,0,0,0,0,0,1,1,1,1,1,0,0,1,1,-1,1,-1,0,-1,0,0,1,-1,0,-1,0,0,1,,0,0,0,1,1,1,1,1,0,-1,0,0,0,0,0,0,0,0,0,-1,0,0,0,0,-1,-1,0,1,0,-1,-1,-1,-1,-1,-1,-1,-1,-1,-1,-1,-1,1,0,1,0,0,0,0,0,0,0,0,0,,,,,0,0,0,0,1,1,0,0,0,0,0,0,0,0,1,1,0,-1,1,1,0,0,1,1,1,0,0,1,-1,0,0,-1,0,-1,0,-1,1,0,1,-1,1,1,0,0,1,1,1,0,0,0,1,0,0,-1,-1,0,-1,-1,-1,-1,-1,-1,-1,0,-1,-1,-1,0,-1,-1,-1,0,0,0,0,1,-1,0,0,1,-1,-1,-1,-1,1,-1,-1,-1,1,1,1,1,1,1,0,0,-1,-1,-1,-1,-1,1,0,0,0,0,0,0,,,,0,0,0,0,0,0,0,0,0,0,0,0,0,0,0,0,0,0,-1,-1,1,-1,-1,1,1,0,0,1,1,1,0,1,-1,-1,1,1,1,1,0,0,-1,-1,1,0,0,1,0,1,1,1,1,-1,-1,1,-1,1,1,1,1,1,0,-1,1,-1,1,1,1,1,1,0,-1,1,1,1,1,1,1,1,1,1,1,1,0,1,0,0,0,0,1,-1,0,-1,1,1,1,1,1,-1,1,-1,1,-1,1,1,1,-1,0,0,0,1,1,-1,-1,0,0,1,-1,1,1,1,1,-1,-1,-1,-1,1,-1,1,0,-1,1,-1,0,118,100,18,33.05,258,97,8
chi_botanic_2019,-1,-1,-1,-1,-1,0,0,0,-1,-1,-1,-1,-1,-1,-1,1,1,0,1,1,1,0,0,0,0,1,1,0,0,1,1,0,0,0,0,0,0,0,1,0,1,1,0,0,0,1,1,1,1,0,0,0,0,0,1,0,0,0,0,0,1,-1,0,0,0,0,0,0,,,0,,-1,0,0,0,0,0,0,1,1,0,-1,-1,0,0,1,1,0,1,0,0,0,0,0,0,0,0,0,-1,-1,-1,-1,1,-1,1,0,0,-1,-1,0,0,0,0,0,0,0,0,0,0,0,0,0,1,1,0,0,0,0,0,0,-1,0,1,1,0,0,1,1,1,0,1,1,1,1,-1,1,1,0,0,1,0,0,0,1,1,0,0,0,0,0,0,0,0,1,-1,0,0,0,0,0,0,-1,0,0,-1,-1,0,-1,-1,0,-1,0,-1,-1,-1,-1,0,0,0,0,1,0,0,0,0,1,0,0,0,1,1,-1,-1,-1,-1,-1,1,1,0,0,0,0,0,0,0,0,-1,-1,-1,0,1,1,0,0,0,0,,,,0,0,0,0,0,0,0,0,,-1,-1,-1,0,0,,0,-1,-1,-1,-1,-1,-1,-1,-1,1,0,0,1,1,1,0,1,0,0,1,1,1,1,1,1,-1,-1,1,0,0,0,0,1,1,1,1,0,1,1,1,1,-1,0,1,1,0,0,1,1,1,1,1,1,-1,0,0,1,1,1,1,1,0,1,1,0,0,1,1,1,0,0,0,0,0,0,0,1,1,1,0,1,1,0,0,0,0,0,0,0,0,1,0,0,0,-1,0,1,-1,-1,1,0,1,0,0,0,0,0,0,0,0,0,0,0,0,0,0,0,0,97,81,16,27.17,293,62,8
cf_technologies_inc_2019,0,0,0,0,0,0,0,0,0,0,0,0,0,0,0,1,1,0,1,1,1,1,-1,-1,0,-1,0,0,0,1,1,-1,0,0,0,0,0,0,-1,-1,-1,1,1,0,0,1,1,1,1,-1,0,1,-1,1,1,1,0,-1,0,0,-1,-1,0,0,0,-1,-1,1,1,1,0,-1,0,0,0,0,0,0,0,0,1,-1,-1,-1,0,0,-1,-1,0,1,-1,0,,1,1,1,,1,1,-1,-1,-1,-1,1,0,1,0,0,0,0,0,0,0,0,0,,,,,0,0,0,0,1,1,0,0,0,0,0,0,0,0,1,1,0,0,1,1,0,0,1,1,1,0,0,1,1,0,-1,0,-1,-1,0,0,1,-1,1,-1,1,1,0,0,1,1,1,0,0,0,0,0,0,-1,1,0,-1,0,0,-1,-1,0,-1,0,-1,-1,-1,0,-1,-1,-1,0,0,0,0,1,0,0,0,0,0,-1,-1,-1,-1,-1,-1,-1,1,1,0,0,1,1,0,0,-1,-1,0,0,0,0,1,1,0,0,0,0,,,,0,0,0,0,0,0,0,0,,0,0,0,0,0,0,0,1,1,-1,-1,1,-1,-1,-1,1,1,1,1,1,1,0,1,1,1,1,1,1,1,-1,-1,-1,-1,1,1,1,1,0,1,1,1,1,-1,1,1,1,1,1,1,1,1,0,-1,1,1,1,1,1,1,-1,0,1,1,1,1,1,1,0,1,0,-1,1,1,0,-1,-1,-1,-1,0,1,-1,0,0,1,-1,1,-1,1,0,1,1,-1,0,-1,1,1,-1,0,1,0,1,1,1,-1,1,0,1,-1,-1,-1,1,-1,1,1,1,-1,-1,-1,0,0,1,-1,1,1,124,105,19,34.73,271,82,10
cbc_wind_energy_2019,1,1,1,1,1,0,0,0,1,1,1,1,1,1,1,1,1,0,-1,-1,1,1,-1,-1,0,0,0,0,0,1,1,1,1,1,1,1,0,0,1,1,1,1,1,-1,1,0,1,1,-1,0,0,1,0,1,1,1,0,0,0,0,1,1,0,0,0,0,0,0,1,1,0,0,0,1,-1,0,-1,0,-1,1,1,1,1,1,1,1,-1,-1,-1,1,1,1,-1,-1,-1,-1,0,0,0,0,0,0,0,1,0,1,0,0,0,0,0,0,0,0,0,,,,,,,0,0,1,1,0,0,0,0,0,0,0,0,1,1,0,0,1,1,0,0,1,1,1,0,0,0,1,,1,0,1,1,0,0,-1,0,1,0,1,1,0,0,1,1,1,0,0,0,1,-1,0,1,0,0,1,1,0,1,0,0,0,0,0,1,-1,-1,0,1,1,0,0,0,0,0,0,0,0,,0,-1,-1,-1,-1,-1,-1,-1,0,0,-1,-1,0,0,0,0,-1,-1,0,0,0,1,0,0,0,0,0,-1,,,,0,0,0,0,0,0,0,0,0,0,0,0,0,0,,-1,0,0,-1,-1,-1,-1,-1,-1,1,1,1,1,1,1,1,1,1,1,1,1,1,1,0,0,0,0,1,0,0,0,0,1,1,-1,-1,-1,-1,1,1,1,1,0,1,1,0,0,1,0,1,1,1,1,1,1,0,1,1,1,1,0,1,1,1,0,1,1,1,1,1,1,1,1,0,-1,-1,-1,0,1,-1,1,-1,0,0,0,1,1,1,-1,1,1,0,1,1,1,-1,1,-1,0,0,1,1,1,1,1,1,1,1,1,1,0,1,1,0,0,-1,0,0,148,128,20,41.46,299,52,12
camberline_technologies_2019,-1,-1,-1,-1,-1,0,0,0,-1,-1,-1,-1,-1,-1,-1,1,1,0,1,1,1,1,0,0,0,0,0,0,0,1,1,0,0,0,0,0,-1,0,1,1,1,1,0,0,0,1,1,1,1,0,0,1,0,-1,1,-1,-1,0,0,0,1,1,0,0,0,1,1,-1,0,0,0,1,-1,0,0,1,0,0,-1,0,0,0,0,0,1,0,0,0,0,1,0,0,0,0,0,0,0,0,0,0,0,0,0,1,0,1,-1,-1,-1,-1,0,0,-1,-1,0,1,1,1,1,0,0,0,0,1,1,0,0,0,0,0,0,0,0,1,1,0,0,1,1,0,0,1,1,1,0,0,-1,1,0,-1,0,-1,-1,0,0,0,0,1,0,0,0,0,0,1,1,0,-1,1,0,0,0,0,-1,-1,0,-1,-1,-1,-1,-1,0,-1,0,-1,-1,-1,0,-1,-1,-1,0,-1,0,0,-1,-1,0,0,0,-1,-1,-1,-1,-1,-1,-1,-1,1,1,1,1,0,0,0,0,-1,-1,0,0,0,0,-1,-1,0,0,0,0,,,,0,0,0,0,0,0,0,0,0,0,0,0,0,0,,0,1,1,-1,-1,-1,-1,-1,-1,1,1,1,1,1,1,1,1,1,1,1,1,1,1,0,0,0,0,1,0,0,1,0,1,1,-1,1,-1,-1,-1,-1,1,1,1,1,1,0,0,1,1,1,1,1,1,0,0,1,1,1,-1,1,1,1,1,1,1,-1,1,0,0,1,1,1,1,0,0,-1,0,0,-1,1,1,1,0,-1,0,0,0,0,0,0,-1,-1,0,-1,1,0,0,0,1,0,1,0,1,1,1,1,-1,-1,-1,1,0,0,0,0,0,0,0,0,107,88,19,29.97,278,81,4
blue_dot_motorworks_2019,-1,-1,1,1,1,0,0,0,-1,-1,-1,-1,-1,-1,-1,1,1,0,1,1,1,-1,-1,-1,0,-1,0,0,0,1,1,1,0,0,0,0,0,0,1,1,1,1,1,0,0,1,1,-1,1,1,0,1,0,1,1,1,0,0,0,0,1,1,0,0,0,1,1,-1,0,0,0,1,0,0,0,0,0,0,0,0,0,0,0,0,0,0,1,1,0,1,0,0,-1,-1,-1,-1,0,0,0,,1,1,1,1,1,1,0,0,0,0,0,0,0,0,0,,,,,0,0,0,0,1,1,0,0,0,0,0,0,0,0,1,1,0,0,1,1,0,0,1,1,1,-1,0,-1,-1,0,0,0,1,1,0,0,1,0,1,-1,1,1,0,0,1,1,1,0,0,0,0,0,0,-1,0,0,-1,-1,-1,-1,-1,0,-1,0,-1,-1,-1,0,-1,-1,-1,0,0,0,0,1,-1,0,0,0,0,1,1,-1,1,-1,-1,-1,0,0,1,1,-1,-1,-1,-1,-1,-1,-1,-1,-1,1,0,0,0,0,0,0,,,,0,0,0,0,0,0,0,0,0,0,0,0,0,0,0,0,1,1,-1,-1,1,-1,1,-1,1,1,1,0,0,0,0,1,-1,-1,1,1,1,1,1,1,0,0,1,0,0,1,0,1,1,1,1,0,0,1,1,1,1,1,1,1,0,-1,1,-1,1,1,1,1,1,0,1,1,1,1,1,0,1,0,1,1,1,1,0,-1,0,0,0,0,-1,-1,0,0,1,-1,1,1,0,0,-1,-1,1,0,1,-1,0,1,-1,1,0,1,0,-1,0,-1,-1,1,1,1,1,1,1,1,1,1,0,0,0,0,0,1,1,0,0,125,109,16,35.01,286,69,8
arc_technology_2019,-1,-1,1,1,1,0,0,0,1,1,1,1,1,1,1,1,1,0,1,1,-1,0,-1,-1,0,1,-1,0,0,1,1,0,0,0,0,-1,0,0,1,1,1,1,1,0,0,-1,1,1,1,0,0,1,0,0,1,1,0,-1,0,0,1,1,0,0,0,1,1,-1,0,0,0,1,0,0,0,1,0,0,0,0,1,0,-1,-1,0,0,-1,-1,0,1,0,0,0,0,0,0,0,0,0,0,0,0,0,0,0,1,0,0,1,1,0,0,0,0,1,,,,,0,0,0,0,1,1,0,0,0,0,0,0,0,0,1,1,0,1,1,1,1,0,1,1,1,0,1,1,-1,0,-1,0,-1,-1,0,0,0,0,-1,0,0,-1,0,0,1,1,1,0,0,0,0,0,0,-1,0,0,-1,-1,-1,-1,-1,0,-1,0,-1,-1,-1,0,-1,-1,-1,0,0,0,0,-1,-1,0,0,1,-1,-1,-1,-1,-1,-1,-1,-1,0,0,0,0,0,0,0,0,0,0,0,0,0,0,-1,-1,0,0,0,0,,,,0,0,0,0,0,0,0,0,0,0,0,0,0,0,0,0,-1,-1,-1,-1,-1,-1,-1,-1,1,1,1,0,0,0,0,1,0,0,1,1,1,1,0,0,-1,-1,1,-1,-1,0,0,1,1,1,1,0,1,1,1,1,1,1,1,1,0,-1,1,1,1,1,1,1,1,0,0,0,0,0,0,0,0,0,0,0,0,0,0,0,0,0,0,0,0,0,0,0,0,0,0,0,0,0,0,0,0,0,0,0,0,0,0,0,0,0,0,0,0,0,0,0,0,0,0,0,0,0,0,0,0,0,0,0,0,-1,0,0,0,85,77,8,23.81,297,59,7
aquarealtime_2019,-1,-1,-1,-1,-1,0,0,0,-1,-1,-1,-1,-1,-1,-1,1,1,-1,1,1,1,1,0,0,0,1,0,0,0,1,1,0,0,0,0,0,0,0,1,1,1,1,1,0,0,-1,1,-1,0,0,0,1,0,1,1,1,1,0,0,0,0,0,0,0,0,,,1,0,0,0,,0,0,0,,1,0,0,0,-1,-1,-1,-1,0,0,0,0,0,1,-1,0,0,0,0,0,-1,-1,-1,-1,-1,-1,-1,1,1,1,0,0,0,0,0,0,0,0,0,0,0,0,0,0,0,0,0,1,1,0,0,0,0,0,0,0,0,1,1,0,0,0,0,0,0,1,1,1,0,0,0,1,,-1,0,-1,-1,0,0,1,1,1,0,0,1,0,0,1,1,1,0,0,0,0,0,0,1,0,0,1,1,1,1,0,0,1,0,0,1,1,-1,1,1,1,0,0,0,0,1,1,0,0,0,-1,1,1,-1,-1,-1,-1,-1,1,1,-1,-1,1,1,0,0,-1,-1,-1,-1,-1,1,0,0,0,0,0,-1,,,,0,0,0,0,0,0,0,0,0,0,0,0,0,0,0,0,1,1,1,1,1,-1,-1,-1,1,1,1,1,1,1,-1,1,1,1,1,1,1,1,0,0,0,0,1,0,0,0,0,-1,-1,-1,-1,-1,0,1,1,1,1,-1,1,1,0,0,1,-1,1,1,1,1,1,-1,1,1,1,1,1,1,,,,0,1,1,0,-1,-1,-1,-1,-1,-1,0,0,0,1,0,1,-1,-1,0,1,0,1,1,1,1,1,1,-1,1,1,0,-1,-1,0,1,0,1,1,1,1,1,0,-1,-1,-1,0,-1,-1,0,0,-1,1,0,0,118,106,12,33.05,278,74,11
aquaneers_2019,-1,-1,-1,-1,-1,0,0,0,-1,-1,-1,-1,-1,-1,-1,1,1,0,1,1,1,-1,0,0,0,-1,-1,0,0,1,1,0,0,0,0,,0,0,,,1,1,1,0,0,1,1,1,1,0,0,1,0,-1,1,1,0,0,0,0,,,0,0,0,0,0,1,1,1,0,0,0,0,0,0,0,0,0,1,1,0,-1,-1,0,0,1,1,0,0,1,1,-1,-1,-1,-1,-1,-1,-1,0,0,0,0,1,0,1,0,0,0,0,0,0,0,0,0,1,1,1,1,0,0,0,0,1,1,0,0,0,0,0,0,0,0,1,1,0,0,1,1,0,0,1,1,1,0,0,1,1,0,1,0,0,0,0,0,1,-1,1,1,1,1,0,0,1,1,1,1,1,1,-1,1,1,1,1,0,1,1,1,1,0,0,1,0,0,1,1,0,1,1,1,0,0,0,0,0,1,0,0,0,,1,1,-1,-1,-1,1,-1,1,1,-1,-1,1,1,1,1,-1,-1,,1,1,0,0,0,0,0,0,-1,,,,0,0,0,0,0,0,0,0,0,0,0,0,0,0,,0,1,1,1,1,1,-1,-1,-1,1,1,1,1,1,1,0,1,1,1,1,1,1,1,1,1,0,0,1,0,0,1,0,1,1,1,1,1,1,1,0,1,1,1,0,0,0,0,1,0,,1,1,1,1,1,1,1,0,1,1,0,1,0,1,1,0,1,1,0,0,0,0,0,-1,0,0,,0,0,1,1,0,0,-1,-1,0,0,-1,0,0,1,1,1,1,1,1,1,0,,0,1,0,1,1,1,1,1,1,1,0,0,0,0,0,1,1,1,0,148,129,19,41.46,306,43,14
aqua_alchemist_2019,,,,,,,,,,,,,,,,,,,,,,,,,,,,,,,,,,,,,,,,,,,,,,,,,,,,,,,,,,,,,,,,,,,,,,,,,,,,,,,,,,,,,,,,,,,,,,,,,,,,,,,,,,,,,,,,,,,,,,,,,,,,,,,,,,,,,,,,,,,,,,,,,,,,,,,,,,,,,,,,,,,,,,,,,,,,,,,,,,,,,,,,,,,,,,,,,,,,,,,,,,,,,,,,,,,,,,,,,,,,,,,,,,,,,,,,,,,,,,,,,,,,,,,,,,,,,,,,,,,,,,,,,,,,,,,,,,,,,,,,,,,,,,,,,,,,,,,,,,,,,,,,,,,,,,,,,,,,,,,,,,,,,,,,,,,,,,,,,,,,,,,,,,,,,,,,,,,,,,,,,,,,0,0,0,0.0,0,0,363
apis_innovation_2019,1,1,-1,-1,-1,0,0,0,-1,-1,-1,-1,-1,-1,-1,1,1,1,1,1,1,-1,1,1,0,1,1,1,1,1,1,0,1,1,-1,-1,0,0,1,1,0,1,0,0,0,1,1,1,1,-1,0,1,0,1,1,1,-1,-1,0,0,1,1,0,0,0,1,1,1,-1,-1,0,0,-1,0,0,0,-1,-1,0,1,1,0,1,1,1,-1,1,1,1,1,1,-1,-1,-1,-1,-1,-1,-1,-1,,1,1,1,1,1,1,0,0,0,0,0,0,-1,-1,0,,,,,0,,0,0,1,1,0,0,0,0,0,0,-1,-1,1,1,-1,1,1,1,1,0,1,1,1,1,-1,-1,-1,0,0,0,0,-1,0,0,1,0,1,0,1,1,0,0,1,1,1,0,0,0,0,0,0,1,0,0,-1,-1,-1,1,-1,0,-1,0,-1,-1,-1,-1,-1,-1,0,0,0,0,0,-1,-1,0,0,1,0,-1,-1,-1,-1,-1,-1,-1,-1,-1,0,0,0,0,0,0,-1,-1,0,0,0,1,1,1,-1,-1,0,0,,,,0,0,0,0,0,0,0,0,0,0,0,0,0,0,0,0,1,1,0,0,-1,-1,-1,-1,1,-1,-1,1,1,1,0,1,-1,0,1,1,1,1,0,0,-1,-1,1,-1,-1,0,0,1,1,1,1,1,1,1,1,1,1,-1,1,1,0,-1,1,1,1,-1,-1,-1,1,0,1,1,-1,-1,1,-1,1,-1,-1,1,-1,1,-1,-1,1,1,1,-1,-1,-1,1,-1,-1,1,-1,1,0,0,-1,0,1,1,1,-1,1,0,0,0,1,1,-1,-1,-1,-1,0,1,-1,0,0,1,1,-1,-1,-1,1,-1,-1,-1,0,-1,-1,0,-1,125,109,16,35.01,243,111,9
anessa_2019,-1,-1,-1,-1,-1,0,0,0,-1,-1,-1,-1,-1,-1,-1,1,1,0,-1,-1,1,-1,0,0,0,0,0,0,0,1,1,0,-1,0,-1,1,-1,0,1,1,1,1,1,0,0,1,1,1,1,-1,0,1,-1,0,1,1,1,0,0,0,1,1,0,0,0,1,1,0,0,0,0,,0,0,-1,0,0,0,0,0,1,-1,1,1,1,1,1,1,1,1,1,0,-1,-1,-1,-1,0,0,0,-1,-1,-1,-1,1,1,1,0,0,0,0,0,0,0,0,0,1,1,1,1,0,0,-1,-1,1,1,0,0,0,0,0,0,-1,0,1,1,0,0,1,1,0,0,1,1,1,-1,0,0,1,,-1,0,-1,-1,-1,-1,1,1,1,0,1,1,0,0,1,1,-1,0,0,-1,0,0,0,1,0,0,1,1,1,1,1,0,1,1,1,1,1,-1,1,1,0,0,0,0,0,0,1,0,0,,-1,-1,-1,-1,-1,1,-1,-1,1,1,-1,-1,1,1,0,0,-1,-1,-1,-1,-1,1,0,0,0,0,0,0,,,,0,0,0,0,0,0,0,0,0,-1,-1,-1,0,0,0,0,1,1,-1,-1,1,-1,-1,-1,1,1,1,1,1,1,-1,1,1,1,1,1,1,1,-1,-1,0,0,1,0,0,0,0,-1,-1,1,1,-1,-1,1,1,1,1,0,1,1,0,0,1,1,1,1,1,1,1,1,1,1,1,-1,1,-1,1,1,1,-1,1,1,1,0,1,1,1,-1,0,0,0,0,0,-1,1,-1,-1,0,1,-1,,1,1,1,-1,1,-1,-1,1,1,1,1,-1,-1,0,1,0,1,1,1,-1,-1,-1,-1,0,-1,-1,0,0,0,1,1,-1,139,120,19,38.94,265,91,7
anax_power_2019,-1,-1,-1,-1,-1,0,0,0,-1,-1,-1,-1,-1,-1,-1,1,1,1,1,1,1,-1,-1,-1,0,1,1,1,1,1,1,-1,0,0,0,1,0,0,1,1,1,1,1,0,0,1,1,1,1,0,0,-1,0,-1,-1,-1,-1,-1,0,0,1,-1,0,0,0,0,0,1,-1,-1,0,1,-1,0,0,1,1,1,0,1,1,1,1,1,0,0,1,1,0,1,1,0,-1,-1,-1,-1,-1,-1,-1,-1,-1,-1,-1,1,1,1,0,0,0,0,0,0,1,1,1,1,1,1,1,0,1,0,0,1,1,0,0,0,0,0,0,0,0,1,1,0,1,1,1,0,0,1,1,1,0,1,1,0,0,0,0,1,1,0,0,1,0,1,0,1,1,0,0,1,1,1,1,1,0,0,1,0,1,0,0,1,1,1,1,1,0,1,0,1,1,0,0,1,1,1,0,0,0,0,1,0,0,0,1,0,-1,-1,-1,1,-1,-1,1,-1,-1,-1,-1,-1,-1,-1,-1,0,0,-1,-1,-1,0,0,0,0,0,0,0,,,,0,0,0,0,0,0,0,0,0,-1,-1,-1,0,0,0,0,1,1,-1,-1,1,-1,-1,-1,1,0,0,1,1,1,0,0,0,0,1,1,1,1,1,1,1,1,1,1,1,1,1,1,1,1,1,1,1,1,1,1,1,0,0,0,0,0,1,0,1,1,1,1,1,0,1,1,1,1,1,-1,1,1,1,1,1,1,-1,-1,1,1,1,1,1,-1,1,1,1,1,1,1,1,1,1,-1,1,1,-1,1,-1,1,1,1,1,-1,1,1,0,1,0,1,1,0,0,0,1,0,0,0,1,1,1,1,0,0,1,0,0,167,145,22,46.78,291,69,3
alba_power_inc_2019,-1,-1,-1,-1,-1,0,0,0,-1,-1,-1,-1,-1,-1,-1,-1,-1,0,-1,-1,1,0,-1,-1,0,1,1,0,0,1,1,1,0,0,0,1,1,0,1,1,1,1,1,0,0,1,1,1,1,0,-1,1,1,-1,1,-1,0,-1,-1,0,1,1,1,0,0,0,0,1,1,1,0,1,0,0,1,1,0,0,1,0,1,0,1,1,1,0,1,1,0,0,1,0,0,0,0,0,0,0,0,-1,-1,-1,-1,1,1,1,0,0,0,0,0,0,1,1,1,1,1,1,1,0,1,0,0,1,1,0,0,0,0,0,0,0,0,1,1,0,1,1,1,0,0,1,1,1,0,1,1,0,0,1,0,0,0,0,0,1,0,1,0,0,1,0,0,1,1,1,0,0,0,0,0,0,1,1,0,1,1,1,1,1,0,1,0,1,1,1,0,1,1,1,0,0,0,0,1,1,0,0,-1,-1,-1,-1,-1,-1,-1,-1,-1,-1,-1,1,1,0,0,0,0,0,0,0,0,0,0,0,0,0,0,0,0,,,,0,0,0,0,0,0,0,0,0,0,0,0,0,0,0,0,-1,-1,1,1,-1,-1,-1,-1,1,1,1,1,1,1,1,1,0,0,1,1,1,1,1,1,1,1,1,0,0,0,0,1,1,1,1,1,0,-1,0,1,1,1,1,1,0,-1,1,1,1,1,1,1,-1,0,1,0,1,1,1,1,1,1,1,1,1,1,0,1,1,1,1,1,1,0,0,1,0,1,1,1,1,0,-1,-1,1,-1,-1,1,1,1,0,1,1,-1,-1,1,0,0,0,0,1,0,0,1,-1,-1,-1,-1,1,-1,-1,-1,0,0,0,0,0,152,131,21,42.58,300,60,3
aeroshield_2019,-1,-1,-1,-1,-1,0,0,0,-1,-1,-1,-1,-1,-1,-1,-1,-1,0,-1,-1,1,1,0,0,0,0,0,0,0,1,1,-1,0,1,-1,1,0,0,-1,-1,1,1,1,0,0,-1,1,1,1,0,0,-1,0,-1,1,-1,0,0,0,0,1,1,0,0,0,0,0,1,0,0,0,0,0,0,0,0,0,0,0,-1,1,-1,-1,-1,0,0,0,0,0,1,1,0,0,0,0,0,0,0,0,-1,-1,-1,-1,1,1,1,0,0,0,0,0,0,-1,-1,0,1,1,1,1,0,0,0,0,1,1,0,0,0,0,0,0,0,0,1,1,0,0,1,1,0,0,1,1,1,1,0,1,1,,0,0,1,1,1,0,1,-1,1,0,1,1,0,0,1,1,0,0,0,0,0,1,0,1,0,0,1,1,1,1,1,0,1,0,0,1,1,0,1,1,1,0,0,0,0,1,1,0,0,,-1,-1,-1,-1,-1,-1,-1,-1,1,1,1,1,1,1,1,1,-1,-1,-1,-1,-1,0,0,0,0,0,0,1,,,,0,0,0,0,0,0,0,0,0,0,0,0,0,0,0,0,1,1,0,0,1,-1,-1,-1,1,1,1,0,0,0,0,1,1,1,1,1,1,1,1,1,1,1,1,0,0,1,0,-1,-1,-1,1,1,0,1,1,1,1,0,0,0,0,0,1,-1,1,,,,1,-1,1,1,1,1,1,1,,0,1,1,1,1,0,0,-1,-1,-1,-1,0,0,-1,0,0,0,,1,0,0,0,1,1,0,1,0,0,1,0,0,1,,,1,0,1,0,-1,0,-1,-1,1,-1,0,0,0,0,0,0,0,0,0,,0,0,118,102,16,33.05,285,65,13
aqualumos_2021,1,1,-1,-1,-1,0,0,0,1,1,1,1,1,1,1,1,1,0,1,1,1,1,-1,-1,1,1,1,0,0,1,1,0,0,-1,0,-1,1,0,1,1,1,1,0,0,0,1,1,1,1,-1,0,1,1,0,1,1,1,1,0,0,1,1,-1,1,1,-1,-1,0,0,0,-1,1,1,0,0,-1,0,0,-1,1,1,1,1,1,0,0,-1,-1,0,1,1,0,-1,-1,-1,-1,0,0,0,-1,-1,-1,-1,1,0,1,0,0,0,0,0,0,0,0,0,,,,,0,1,0,0,1,1,0,0,0,0,0,0,0,0,1,1,0,1,1,1,1,0,1,1,1,0,1,-1,1,0,1,0,1,1,1,0,-1,0,1,0,1,-1,0,-1,-1,1,1,0,0,0,0,1,0,1,0,0,1,1,1,1,1,0,1,0,1,1,1,0,1,1,1,0,0,0,0,1,1,0,0,1,0,1,1,-1,-1,-1,-1,-1,1,1,-1,-1,1,1,-1,-1,0,0,-1,-1,-1,1,-1,-1,1,-1,0,0,,,,0,0,0,0,0,0,0,0,0,0,0,0,0,0,,0,-1,-1,1,1,1,-1,-1,-1,1,1,1,1,1,1,1,1,0,0,1,1,1,1,-1,-1,0,0,1,1,1,0,0,1,1,1,1,1,1,1,1,1,1,1,1,1,0,0,1,1,1,1,1,1,0,0,0,1,1,1,1,1,-1,1,1,1,1,1,1,1,1,1,1,1,0,0,0,-1,1,0,1,1,1,0,1,0,1,0,0,0,0,1,0,1,1,1,1,1,0,0,0,1,1,0,0,1,1,1,1,1,0,0,1,1,1,1,1,1,1,176,148,28,49.3,302,53,8
calmura_natural_walls_inc_2021,-1,-1,-1,-1,-1,0,0,0,-1,-1,-1,-1,-1,-1,-1,1,1,0,1,1,1,1,0,0,0,1,1,0,0,1,1,1,1,-1,-1,-1,1,0,1,1,1,1,0,-1,0,1,1,1,1,0,0,1,1,1,1,1,1,-1,0,0,1,1,-1,-1,-1,1,1,1,1,1,-1,1,1,0,0,-1,0,0,1,1,1,0,-1,-1,0,0,-1,-1,1,1,0,0,-1,-1,-1,-1,-1,-1,-1,-1,-1,-1,-1,1,0,1,0,0,0,0,0,0,0,0,0,,,,,0,,1,1,1,1,1,1,0,0,0,0,0,0,1,1,0,0,0,0,0,0,1,1,1,0,0,0,1,0,0,0,1,1,1,0,-1,0,1,0,1,1,0,-1,1,1,1,0,0,0,0,0,0,0,0,0,1,1,1,1,1,0,1,0,1,1,1,0,1,1,1,0,0,0,0,1,1,0,0,1,0,-1,-1,-1,-1,-1,-1,-1,1,1,-1,-1,1,1,-1,-1,0,0,-1,-1,-1,1,-1,-1,-1,0,0,0,,,,0,0,0,0,0,0,0,0,0,0,0,0,0,0,0,0,0,0,1,1,1,1,1,1,1,1,1,-1,-1,-1,1,0,0,0,1,1,1,-1,0,0,0,0,-1,0,0,0,0,0,0,0,0,-1,-1,1,1,1,-1,0,-1,-1,0,0,1,1,0,1,1,1,0,0,-1,1,1,1,1,1,-1,-1,1,0,1,1,1,1,1,1,1,1,1,0,-1,-1,1,0,1,1,1,0,1,0,1,0,0,-1,0,0,0,1,1,1,-1,1,0,0,1,0,1,0,0,0,0,0,0,0,0,0,0,0,0,1,1,1,-1,135,111,24,37.82,281,74,8
ecocrumb_2021,-1,-1,-1,-1,-1,0,0,0,-1,-1,-1,-1,-1,-1,-1,1,1,0,1,1,-1,1,0,0,0,1,1,0,0,1,1,0,1,-1,-1,1,1,0,1,1,1,1,0,0,0,1,1,1,1,0,0,1,-1,1,1,1,0,-1,0,0,1,1,-1,0,0,1,1,0,0,0,-1,1,1,0,0,-1,0,0,1,1,1,-1,-1,-1,1,-1,0,0,0,1,0,1,-1,-1,-1,-1,0,0,0,0,0,0,0,1,0,1,0,0,0,0,0,0,0,0,0,,,,,0,0,0,0,1,1,0,0,0,0,0,0,0,0,1,1,0,0,,,0,0,1,1,1,0,0,0,1,0,0,0,-1,1,0,0,1,0,1,0,0,0,0,0,1,1,1,0,0,0,0,0,0,1,0,0,1,1,1,1,1,0,1,0,1,1,1,0,1,1,1,0,0,0,0,1,1,0,0,1,0,-1,-1,-1,-1,-1,-1,-1,0,0,0,0,0,0,0,0,0,0,-1,-1,-1,1,0,0,0,0,0,0,,,,0,0,0,0,0,0,0,0,0,0,0,0,0,0,0,0,0,0,1,1,-1,-1,-1,-1,1,1,1,1,1,1,1,1,0,0,1,1,1,1,1,1,0,0,1,1,1,-1,0,1,1,1,1,1,1,1,-1,1,1,1,1,1,0,0,1,1,0,1,1,1,0,0,0,1,1,0,1,0,1,1,1,0,0,1,0,-1,1,1,1,1,1,0,1,0,1,1,0,1,0,0,,0,1,1,0,1,0,1,0,0,1,1,1,1,0,0,0,0,1,0,0,0,0,0,0,0,1,0,1,0,1,0,0,0,1,134,114,20,37.54,307,46,10
fine_bubble_technologies_2021,-1,-1,-1,-1,-1,0,0,0,-1,-1,-1,-1,-1,-1,-1,1,1,0,1,1,1,1,0,0,0,-1,-1,0,0,1,1,0,-1,-1,0,0,0,0,1,1,1,1,0,0,-1,1,1,1,1,0,0,1,1,1,1,1,0,0,1,1,1,1,-1,0,0,-1,-1,0,0,0,0,-1,-1,0,0,0,0,0,-1,1,1,0,1,1,1,1,-1,-1,1,1,1,-1,-1,-1,-1,-1,-1,-1,-1,,1,1,1,1,1,1,1,1,1,1,0,0,1,1,0,,,,,0,1,1,1,1,1,1,1,0,1,0,0,0,0,1,1,0,1,1,1,0,0,1,1,1,1,0,1,1,0,-1,0,1,1,1,0,1,0,1,0,1,-1,0,0,1,1,1,1,1,1,0,1,0,1,1,0,1,1,1,1,1,0,1,0,1,1,1,0,1,1,1,0,0,0,0,1,1,0,0,1,0,-1,-1,-1,-1,-1,-1,-1,0,0,0,0,0,0,0,0,-1,-1,0,0,0,1,0,0,0,0,0,0,,,,0,0,0,0,0,0,0,0,0,0,0,0,0,0,0,0,-1,-1,1,1,-1,-1,-1,-1,1,-1,-1,1,1,1,1,1,0,0,1,1,1,1,1,1,0,0,1,-1,-1,0,0,1,1,-1,1,1,1,1,-1,1,1,1,1,1,0,0,1,1,0,1,1,1,0,0,-1,-1,1,0,-1,1,1,1,0,0,0,1,0,-1,-1,-1,-1,0,-1,0,-1,1,1,1,0,-1,1,0,1,-1,1,0,-1,0,0,0,0,0,-1,0,1,0,0,0,0,0,0,0,0,0,0,0,0,0,0,0,0,0,0,0,0,0,1,140,123,17,39.22,286,69,8
gridware_2021,1,1,1,1,1,-1,-1,-1,1,1,1,,,,,1,1,0,1,1,1,-1,0,0,-1,1,-1,0,0,1,1,0,0,0,0,1,-1,0,1,1,1,1,0,0,0,1,1,1,1,0,0,1,0,1,1,1,1,0,0,0,1,1,0,0,0,-1,-1,1,0,0,1,-1,1,0,-1,-1,0,0,0,0,1,0,-1,-1,1,-1,1,1,-1,1,1,1,0,0,0,0,0,0,0,0,0,0,0,1,1,1,0,0,0,0,0,0,0,0,0,1,1,1,1,0,1,0,0,1,1,0,0,0,0,1,0,0,0,1,1,0,0,1,1,0,0,1,1,1,0,0,0,1,0,0,0,1,1,1,0,1,0,1,0,1,0,0,0,1,1,0,0,0,0,0,0,0,1,0,0,1,1,1,1,1,0,1,0,1,1,1,0,1,1,1,0,0,0,0,1,1,0,0,1,0,-1,-1,-1,-1,-1,-1,-1,-1,-1,0,0,1,1,0,0,0,0,0,0,0,0,-1,-1,0,0,0,0,,,,0,0,0,0,0,0,1,0,0,0,0,0,0,0,,0,-1,-1,1,1,-1,-1,-1,-1,1,-1,-1,1,1,1,1,1,0,0,1,1,1,1,1,1,-1,-1,1,1,1,1,0,1,1,1,1,1,1,1,1,1,1,1,1,1,-1,0,1,1,1,1,1,1,0,0,0,1,1,1,1,1,-1,-1,1,-1,1,1,1,1,1,1,1,-1,-1,0,0,1,1,1,1,1,1,0,1,0,-1,1,0,0,0,,0,1,1,1,1,1,0,0,1,1,1,-1,-1,-1,1,-1,-1,-1,0,-1,0,0,0,0,1,1,0,157,135,22,43.98,303,51,9
infinirel_corporation_2021,-1,-1,-1,-1,-1,0,0,0,-1,-1,-1,-1,-1,-1,-1,1,1,0,1,1,1,-1,0,0,0,1,1,0,0,1,1,0,0,0,0,0,-1,0,1,1,1,1,0,0,0,1,1,-1,1,0,0,1,0,-1,-1,0,0,-1,0,0,1,1,0,0,0,-1,-1,0,0,0,0,1,1,0,0,1,0,0,-1,0,1,0,-1,-1,0,0,-1,-1,0,1,1,0,0,0,0,0,0,0,0,-1,-1,-1,-1,1,1,1,0,0,0,0,0,0,0,0,0,,,,,0,1,0,0,1,1,0,0,0,0,0,0,0,0,1,1,0,0,1,1,0,0,1,1,1,0,-1,0,1,0,0,1,0,1,0,0,1,0,1,0,1,1,0,0,1,1,0,1,1,0,1,1,0,1,0,0,1,1,1,1,1,0,1,0,1,1,1,0,1,1,1,0,1,0,0,1,1,0,0,,0,-1,-1,-1,-1,-1,-1,-1,0,0,-1,-1,0,0,0,0,0,0,,1,1,1,-1,-1,0,0,0,1,,,,0,0,0,0,0,0,0,0,,,1,1,0,0,0,0,-1,-1,1,1,-1,-1,-1,-1,1,-1,-1,-1,-1,-1,1,1,1,0,1,1,1,1,1,1,0,0,1,1,1,0,0,-1,-1,1,1,1,1,1,1,1,1,1,1,1,0,0,1,1,1,1,1,1,0,1,1,1,1,1,1,1,0,1,1,0,0,1,1,1,1,1,1,1,1,0,0,1,1,0,1,1,0,0,1,1,1,1,1,0,0,-1,0,0,1,1,1,1,0,,0,0,1,0,0,0,0,0,0,0,0,0,0,0,0,0,0,-1,0,136,112,24,38.1,295,56,12
innovia_geo_corp_2021,-1,-1,1,1,1,0,0,0,-1,-1,-1,-1,-1,-1,-1,1,1,0,1,1,1,1,0,0,0,1,-1,0,0,1,1,0,0,0,0,-1,1,0,1,1,-1,1,0,0,0,1,1,1,1,0,0,1,1,1,1,0,0,0,0,0,1,1,1,0,0,1,1,1,1,1,-1,1,1,0,0,-1,0,0,1,1,1,0,-1,-1,1,0,1,1,0,1,1,1,0,0,0,0,0,0,0,,1,1,1,1,1,1,0,0,0,0,0,0,0,0,0,,,,,0,0,0,0,1,1,0,0,0,0,0,0,0,0,1,1,0,1,1,1,1,0,1,1,1,0,1,0,1,0,1,0,1,1,1,0,1,0,1,0,1,1,1,1,1,1,1,0,0,0,-1,0,0,1,0,0,-1,1,1,1,1,0,1,0,-1,1,1,0,1,1,1,0,0,0,0,-1,1,0,0,-1,-1,1,1,-1,-1,-1,-1,-1,0,0,0,0,0,0,0,0,0,0,-1,-1,-1,0,-1,-1,0,0,0,0,,,,0,0,0,0,0,0,0,0,0,0,0,0,0,0,,0,1,1,1,1,1,-1,-1,-1,1,1,1,1,1,1,1,1,0,0,1,1,1,0,0,0,0,0,1,0,0,0,0,0,0,0,1,-1,0,1,1,1,1,-1,0,0,0,0,1,1,1,1,1,1,0,0,0,1,-1,1,-1,1,1,1,1,-1,1,1,1,-1,-1,-1,-1,-1,1,0,0,1,1,1,1,1,0,0,-1,0,1,1,-1,0,0,-1,-1,1,1,1,1,1,0,-1,0,-1,1,0,0,0,0,0,0,0,0,0,0,0,0,-1,1,-1,1,142,123,19,39.78,301,53,9
infisense_2021,-1,-1,-1,-1,-1,0,0,0,-1,-1,-1,-1,-1,-1,-1,-1,-1,0,1,1,1,-1,-1,-1,0,1,1,0,0,1,1,0,0,0,0,0,1,0,1,1,1,1,0,0,0,1,1,1,1,0,0,1,1,1,1,1,1,1,1,1,1,1,0,0,0,-1,-1,0,0,0,-1,-1,1,0,0,1,0,0,1,0,0,0,0,0,1,-1,1,1,-1,1,0,1,0,0,0,0,0,0,0,,1,1,1,1,1,1,0,0,0,0,0,0,0,0,0,1,1,1,1,0,1,0,0,1,1,0,0,0,0,0,0,1,0,1,1,0,0,1,1,0,0,1,1,1,0,1,0,1,0,1,0,0,0,0,0,1,0,1,0,1,1,1,1,1,1,1,0,0,0,0,0,0,1,0,0,1,1,1,1,1,0,1,0,1,1,1,0,1,1,1,0,0,0,1,0,1,0,0,1,-1,1,1,-1,-1,-1,-1,-1,0,0,0,0,0,0,0,0,0,0,-1,-1,-1,0,1,1,0,0,0,0,,,,0,0,0,0,0,0,0,0,0,-1,-1,-1,0,0,0,0,1,1,1,1,-1,-1,-1,-1,1,1,1,1,1,1,1,0,0,0,1,1,1,1,1,1,-1,-1,1,-1,-1,-1,0,1,1,1,1,1,1,1,1,1,1,1,1,1,-1,0,1,1,1,1,1,1,0,0,0,1,1,0,1,1,1,0,0,0,1,1,1,1,,,,1,1,,0,1,0,0,1,0,1,0,-1,0,0,1,0,0,-1,1,0,0,1,1,1,1,0,0,1,1,1,0,0,0,0,0,0,0,1,1,1,0,1,0,1,0,1,154,129,25,43.14,308,47,8
julius_education_2021,1,1,-1,-1,-1,0,0,0,1,1,1,1,1,1,1,1,1,0,1,1,1,1,0,0,0,1,1,0,0,1,1,0,0,0,0,0,0,0,1,1,1,1,0,0,0,1,1,1,1,0,0,1,1,1,1,0,0,0,0,0,-1,1,-1,0,0,-1,-1,0,-1,-1,-1,1,1,0,0,1,0,0,-1,0,1,0,-1,-1,1,-1,1,1,0,1,1,-1,0,0,0,0,0,0,0,0,0,0,0,1,1,1,0,0,0,0,0,0,0,0,0,,,,,0,,0,0,1,1,0,0,0,0,0,0,0,0,1,1,0,1,1,1,1,0,1,1,1,0,1,-1,1,0,1,0,0,0,0,0,1,0,1,0,1,1,1,1,1,0,0,0,0,0,1,0,0,1,0,0,1,1,1,1,1,0,1,0,1,1,1,0,1,1,1,0,0,0,0,0,1,0,0,-1,-1,-1,-1,-1,-1,-1,-1,-1,1,1,-1,-1,-1,-1,0,0,0,0,,1,1,1,-1,-1,0,0,0,0,,,,0,0,0,0,0,0,0,0,0,0,0,0,0,0,0,0,0,0,1,1,-1,-1,-1,-1,1,-1,-1,0,0,0,0,1,0,0,1,1,1,1,1,1,-1,-1,1,-1,-1,-1,-1,1,1,1,1,1,1,1,1,1,1,-1,1,1,0,0,1,1,0,1,1,1,-1,0,1,1,1,1,1,1,0,1,0,0,0,1,0,1,1,1,1,,1,0,0,1,1,1,1,1,1,-1,-1,0,0,0,0,0,0,0,0,0,1,1,1,1,0,1,0,-1,1,0,0,0,0,0,0,0,0,0,0,0,0,1,1,0,1,141,118,23,39.5,305,48,10
leap_photovoltaics_2021,-1,-1,-1,-1,-1,0,0,0,1,1,1,1,1,1,1,1,1,0,1,1,1,1,-1,-1,0,1,1,0,0,1,1,0,0,0,0,0,1,0,1,1,1,1,0,0,0,-1,1,1,-1,0,0,1,1,-1,1,1,-1,-1,0,0,-1,1,-1,0,0,-1,-1,1,1,1,-1,1,-1,0,0,1,0,0,-1,0,1,0,-1,-1,0,0,1,1,0,0,0,0,0,0,0,0,0,0,0,0,0,0,0,0,0,1,0,0,0,0,0,0,0,0,0,0,0,0,0,0,0,0,0,1,1,0,0,0,0,0,0,0,0,-1,-1,0,-1,1,1,-1,0,1,1,1,0,-1,0,1,0,1,0,1,1,0,0,1,0,1,0,1,1,1,1,1,1,0,0,0,0,0,0,0,1,0,0,1,1,1,1,1,0,1,0,1,1,1,0,1,1,1,0,0,0,0,-1,1,0,0,-1,-1,1,1,-1,-1,-1,-1,-1,1,1,1,1,-1,-1,0,0,0,0,-1,-1,-1,1,0,0,0,0,0,0,,,,0,0,0,0,0,0,0,0,0,0,0,0,0,0,0,0,0,0,1,1,-1,-1,-1,-1,1,1,1,0,0,0,1,0,0,0,1,1,1,1,1,1,-1,-1,1,-1,-1,-1,0,0,0,0,1,0,0,1,1,1,1,-1,0,0,0,0,1,1,-1,1,1,1,-1,0,1,-1,1,1,1,1,0,-1,1,-1,1,1,1,1,1,1,1,1,1,0,0,1,1,0,1,1,1,0,1,0,-1,0,0,0,0,0,0,1,1,1,1,1,0,1,0,1,1,0,0,1,0,1,1,1,1,1,-1,0,0,-1,1,1,-1,138,116,22,38.66,302,58,3
luftcar_2021,1,1,-1,-1,-1,-1,-1,-1,1,1,1,1,1,1,1,1,1,0,1,1,1,1,1,1,0,1,1,0,0,1,1,0,0,0,0,0,0,0,1,1,-1,1,-1,-1,0,-1,1,1,1,0,0,1,0,1,1,-1,-1,0,0,0,1,-1,-1,0,0,-1,-1,1,1,1,1,1,1,0,-1,1,0,0,-1,0,1,0,-1,-1,0,0,1,1,0,0,0,0,0,0,0,0,0,0,0,0,0,0,0,0,0,1,0,0,0,0,0,0,0,0,0,,,,,0,0,0,0,1,1,0,0,0,0,0,0,0,0,1,1,0,0,1,1,0,0,-1,-1,-1,0,0,0,1,0,0,0,1,1,0,0,1,0,1,0,1,0,0,0,1,1,0,0,1,1,0,1,0,1,0,0,1,1,1,1,1,0,1,0,1,1,1,0,1,1,1,0,0,0,0,1,1,0,0,1,-1,-1,-1,-1,-1,-1,-1,-1,-1,-1,1,1,1,1,0,0,0,0,-1,-1,-1,1,-1,-1,0,0,0,0,,,,1,0,0,0,0,0,1,0,0,0,0,0,0,0,0,0,1,1,1,1,1,-1,-1,-1,1,0,0,0,0,0,1,1,0,0,1,1,1,1,1,1,0,0,1,0,0,0,0,0,0,0,1,0,0,1,1,1,1,-1,0,0,0,0,1,0,1,1,1,1,0,0,1,1,1,1,1,1,1,1,1,1,1,1,1,1,1,1,1,1,1,0,0,1,1,1,,1,1,0,1,0,0,0,0,0,-1,1,-1,0,1,1,1,1,1,1,1,1,1,0,0,1,0,1,1,1,1,1,1,0,0,0,0,0,1,150,121,29,42.02,311,44,8
measured_air_performance_2021,-1,-1,-1,-1,-1,0,0,0,-1,-1,-1,-1,-1,-1,-1,1,1,0,1,1,1,1,0,0,0,1,1,0,0,1,1,0,0,0,0,0,1,0,1,1,1,1,0,0,0,1,1,1,1,0,0,-1,0,0,-1,0,0,0,0,0,1,1,-1,0,0,-1,-1,1,0,0,0,-1,1,0,0,1,0,0,0,0,1,0,-1,-1,0,0,1,1,0,0,0,1,-1,-1,-1,-1,0,0,0,0,0,0,0,0,0,1,0,0,0,0,0,0,0,0,0,,,,,0,,0,0,1,1,0,0,0,0,0,0,0,0,1,1,0,0,1,1,0,0,-1,-1,-1,0,0,0,1,0,0,0,1,1,0,0,1,0,1,0,1,0,0,0,1,1,1,0,0,0,0,1,0,1,0,0,1,1,1,1,1,0,1,0,1,1,1,0,1,1,1,0,0,0,0,1,1,0,0,1,-1,1,1,-1,-1,-1,-1,-1,0,0,0,0,0,0,0,0,0,0,-1,-1,-1,0,1,1,0,0,0,0,,,,0,0,0,0,0,0,0,0,0,0,0,0,0,0,0,-1,-1,-1,1,1,-1,-1,-1,-1,1,0,0,-1,-1,-1,1,1,0,0,1,1,1,1,0,0,0,0,1,0,0,0,0,-1,-1,0,1,0,-1,1,1,1,1,1,0,0,0,0,1,1,0,1,1,1,0,0,0,-1,1,1,1,1,0,0,0,0,0,1,0,-1,0,0,0,0,0,0,0,-1,1,0,1,1,0,0,1,0,0,1,0,0,0,1,0,-1,0,0,1,0,0,0,0,1,1,0,0,1,1,-1,-1,-1,0,1,-1,0,0,0,1,0,0,104,87,17,29.13,298,57,8
neuterra_2021,-1,-1,-1,-1,-1,0,0,0,-1,-1,-1,-1,-1,-1,-1,1,1,0,1,1,1,1,1,1,0,1,1,0,0,1,1,-1,0,0,0,1,1,0,1,1,1,1,0,0,0,1,1,1,1,0,0,1,0,1,1,1,1,1,0,0,1,1,0,0,0,1,1,1,1,1,1,1,1,0,0,1,0,0,1,0,0,0,0,0,0,0,1,1,0,1,0,1,0,0,0,0,0,0,0,0,0,0,0,0,0,1,0,0,0,0,0,0,0,0,0,,,,,0,,0,0,1,1,0,0,0,0,0,0,0,0,1,1,0,1,1,1,1,0,1,1,1,0,1,0,1,0,1,0,0,0,0,0,1,0,0,0,0,0,0,0,1,1,1,1,1,1,0,0,0,1,0,0,1,1,1,1,1,0,1,0,1,1,1,0,1,1,1,0,0,0,0,1,1,0,0,1,-1,-1,-1,-1,-1,-1,-1,-1,1,1,0,0,1,1,0,0,0,0,0,0,0,0,-1,-1,0,0,0,0,,,,0,0,0,0,0,0,0,0,0,0,0,0,0,0,0,0,0,0,1,1,1,-1,-1,-1,1,1,1,-1,-1,-1,0,1,0,0,1,1,1,1,1,1,0,0,1,0,0,1,0,1,1,1,1,1,1,1,1,1,1,1,1,1,0,0,1,1,1,1,1,1,0,0,0,1,1,1,1,1,1,1,1,1,1,1,1,1,1,1,1,1,1,0,0,1,1,1,1,1,1,0,1,0,0,0,0,1,0,1,-1,1,1,1,1,1,0,1,0,0,1,-1,-1,1,0,0,0,0,0,1,1,0,0,1,,1,1,160,131,29,44.82,322,32,9
noble_thermodynamic_systems_in_2021,-1,-1,-1,-1,-1,0,0,0,-1,-1,-1,-1,-1,-1,-1,1,1,0,1,1,1,1,0,0,0,1,1,0,0,1,1,0,0,0,0,0,-1,0,1,1,1,1,-1,0,0,1,1,1,1,0,0,-1,0,-1,-1,0,0,-1,0,0,1,1,-1,0,0,-1,-1,1,0,0,0,1,1,0,0,1,0,0,0,1,1,0,-1,-1,0,0,1,1,0,1,1,1,-1,-1,-1,-1,0,0,0,-1,-1,-1,-1,1,0,1,0,0,0,0,0,0,0,0,0,1,1,1,1,0,1,0,0,1,1,0,0,0,0,0,0,0,0,1,1,0,1,1,1,1,0,1,1,1,0,1,0,1,0,1,0,1,1,0,0,1,0,1,0,1,0,0,0,1,1,1,1,1,0,0,1,0,1,0,0,1,1,1,1,1,0,1,0,1,1,1,0,1,1,1,0,0,0,0,1,1,0,0,1,-1,-1,-1,-1,-1,-1,-1,-1,1,1,1,1,1,1,0,0,0,0,0,0,0,0,-1,-1,0,0,0,0,,,,0,0,0,0,0,0,0,0,0,0,0,0,0,0,0,0,-1,-1,1,1,1,-1,-1,-1,1,1,1,0,0,0,0,1,-1,-1,1,1,1,1,1,1,0,0,1,0,0,1,0,1,1,1,1,1,1,1,1,1,1,1,1,1,0,0,1,1,1,1,1,1,1,0,0,1,1,1,1,1,1,0,1,1,1,1,1,1,1,1,1,1,1,0,0,1,1,0,1,1,1,0,1,0,-1,-1,0,0,0,0,1,0,1,1,1,1,0,1,1,1,-1,1,1,1,1,1,1,1,1,1,1,0,0,-1,-1,-1,1,162,136,26,45.38,306,54,3
nucleic_sensing_systems_llc_2021,-1,-1,-1,-1,-1,0,0,0,-1,-1,-1,-1,-1,-1,-1,1,1,0,1,1,1,1,1,1,0,1,1,0,0,1,1,0,0,0,0,1,1,0,1,1,1,1,0,0,0,-1,1,1,1,-1,0,1,1,1,1,1,1,1,0,0,1,1,1,0,0,-1,-1,1,1,1,1,1,1,1,0,1,0,0,1,0,1,1,-1,-1,1,0,1,1,0,1,1,0,-1,-1,-1,-1,0,0,0,-1,-1,-1,-1,1,1,1,0,0,0,0,0,0,0,0,0,,,,,0,,0,0,1,1,0,0,0,0,0,0,0,0,1,1,0,1,1,1,1,0,1,1,1,0,1,0,1,0,1,0,1,1,0,0,1,0,1,0,1,0,0,0,1,1,1,0,0,0,1,1,0,1,0,0,1,1,1,1,1,0,1,0,1,1,1,0,1,1,1,0,0,0,0,1,1,0,0,1,-1,-1,-1,-1,-1,-1,-1,-1,0,0,1,1,1,1,0,0,0,0,0,0,0,0,0,0,0,0,0,0,,,,0,0,0,0,0,0,0,0,0,0,0,0,0,0,,0,1,1,1,1,1,-1,-1,-1,1,1,1,1,1,1,0,1,1,1,1,1,1,1,1,1,0,0,1,0,0,1,1,1,1,1,1,1,1,1,1,1,1,1,1,1,0,0,1,1,1,1,1,1,0,0,0,1,1,1,1,1,,1,1,0,0,1,1,1,1,1,1,1,1,1,0,1,1,0,1,1,1,0,1,1,1,0,0,0,1,1,1,0,1,1,1,0,0,1,1,1,1,0,0,1,1,1,1,1,1,1,1,0,0,0,1,0,0,179,150,29,50.14,316,37,10
osmoses_2021,1,1,1,1,1,0,0,0,-1,-1,-1,-1,-1,-1,-1,1,1,0,1,1,1,1,0,0,0,1,1,0,0,1,1,0,0,0,0,0,1,0,1,1,1,1,-1,0,0,-1,1,1,1,0,0,1,1,1,1,1,1,1,0,0,1,1,1,0,0,-1,-1,1,1,1,0,1,1,0,0,1,0,0,0,1,1,1,-1,-1,1,0,1,1,0,1,1,0,-1,-1,-1,-1,0,0,0,-1,-1,-1,-1,1,1,1,0,0,0,0,0,0,0,0,0,,,,,0,0,0,0,1,1,0,0,0,0,0,0,0,0,1,1,0,1,1,1,-1,0,1,1,1,0,1,0,1,0,1,0,1,1,0,0,1,0,1,0,1,0,0,0,1,1,1,0,0,0,0,0,0,1,0,0,1,1,1,1,1,0,1,0,1,1,1,0,1,1,1,0,0,0,0,1,1,0,0,1,-1,-1,-1,-1,-1,-1,-1,-1,1,1,0,0,-1,-1,0,0,0,0,0,0,0,0,0,0,0,0,0,0,,,,0,0,0,0,0,0,0,0,,0,0,0,0,0,0,0,0,0,1,1,-1,-1,-1,-1,1,1,1,0,0,0,0,1,-1,-1,1,1,1,1,1,1,1,1,1,0,0,-1,0,1,1,1,1,1,1,1,1,1,1,1,1,1,0,0,1,1,-1,1,1,1,0,0,0,1,1,1,1,1,,0,1,0,0,1,1,1,0,0,0,0,0,0,0,1,1,0,1,1,1,0,1,0,1,1,-1,0,0,-1,0,0,1,1,1,1,0,1,0,0,1,0,0,0,0,0,0,0,0,0,1,0,0,-1,1,0,1,148,124,24,41.46,311,43,9
oxbyel_technologies_inc_2021,-1,-1,-1,-1,-1,0,0,0,-1,-1,-1,-1,-1,-1,-1,1,1,0,1,1,1,1,0,0,0,1,1,0,0,1,1,0,0,0,0,0,1,0,1,1,1,1,0,0,0,1,1,1,1,0,0,1,0,1,1,0,0,0,0,0,1,1,0,0,0,-1,-1,1,1,1,0,-1,1,0,0,0,0,0,0,0,1,0,-1,-1,0,0,1,1,0,1,0,0,0,0,0,0,0,0,0,-1,-1,-1,-1,1,0,1,0,0,0,0,0,0,0,0,0,,,,,0,,0,0,1,1,0,0,0,0,0,0,0,0,1,1,0,0,1,1,-1,0,1,1,1,0,0,0,1,0,0,0,1,1,0,0,1,0,1,0,1,0,0,0,0,0,1,0,0,0,0,0,0,1,1,0,1,1,1,1,1,0,1,0,1,1,1,0,1,1,1,0,0,0,0,1,1,0,0,1,-1,1,1,-1,-1,-1,-1,-1,1,1,1,1,0,0,1,1,0,0,,1,1,1,1,1,0,0,0,0,,,,0,0,0,0,0,,0,0,,-1,-1,-1,0,0,0,0,1,1,1,1,-1,-1,-1,-1,1,1,1,1,1,1,1,1,1,0,1,1,1,1,0,0,0,0,1,0,0,1,0,1,1,1,1,1,1,1,1,1,1,1,0,0,0,0,1,1,1,1,1,1,1,1,0,1,1,1,1,0,0,1,0,0,0,1,1,1,0,0,0,0,0,0,0,1,1,0,1,1,0,0,1,0,-1,0,0,0,0,1,0,0,0,1,1,1,0,1,0,0,1,0,0,1,0,1,1,1,0,1,1,0,0,1,1,0,0,145,125,20,40.62,316,36,11
princeton_nuenergy_2021,-1,-1,-1,-1,-1,0,0,0,-1,-1,-1,1,1,1,1,1,1,0,1,1,1,1,0,0,0,1,1,0,0,1,1,0,0,0,0,0,1,0,1,1,1,1,0,0,0,1,1,1,1,0,0,1,1,1,1,1,1,1,0,0,1,1,0,0,0,-1,-1,1,1,1,0,1,1,0,0,1,0,0,0,1,1,0,-1,-1,-1,0,1,1,0,1,1,0,-1,-1,-1,-1,-1,-1,-1,-1,-1,-1,-1,1,0,1,0,0,0,0,0,0,0,0,0,,,,,0,,0,0,1,1,0,0,0,0,0,0,0,0,1,1,0,0,1,1,0,0,1,1,1,0,0,0,1,0,0,0,1,1,0,0,1,0,1,0,1,1,0,0,1,0,0,0,1,1,0,1,0,1,0,0,1,1,1,1,1,0,1,0,1,1,1,0,1,1,1,0,0,0,0,1,1,0,0,1,-1,-1,-1,-1,-1,-1,-1,-1,1,1,-1,-1,1,1,1,1,0,0,-1,-1,-1,1,-1,-1,0,0,0,0,,,,0,0,0,0,0,0,0,0,,0,0,0,0,0,,0,1,1,1,1,-1,-1,-1,-1,1,1,1,1,1,1,0,1,1,0,1,1,1,1,1,1,0,0,1,0,0,0,0,1,1,1,1,1,1,1,1,1,1,1,1,1,0,0,1,1,1,1,1,1,0,0,-1,1,1,0,1,1,1,0,1,1,0,1,1,1,1,1,1,1,0,0,0,1,1,0,0,1,1,0,1,0,0,0,0,0,0,1,1,1,1,1,1,1,0,1,1,1,1,0,0,1,1,1,1,1,1,1,1,0,1,0,0,-1,0,166,138,28,46.5,308,45,10
stac_technology_2021,-1,-1,-1,-1,-1,0,0,0,1,1,1,1,1,1,1,1,1,0,1,1,1,1,0,0,0,-1,1,0,0,1,1,0,0,0,0,0,1,0,1,1,1,1,-1,0,0,1,1,1,1,0,0,1,0,1,1,1,1,0,0,0,1,1,0,0,0,-1,-1,1,1,1,0,1,1,0,-1,1,0,0,0,0,1,0,-1,-1,0,0,0,0,0,1,-1,0,-1,-1,-1,-1,0,0,0,-1,-1,-1,-1,1,-1,1,0,0,0,0,0,0,0,0,0,,,,,0,,1,1,1,1,1,1,0,1,1,0,1,0,1,1,0,0,1,1,0,0,1,1,1,0,0,0,1,0,0,0,1,1,0,0,1,0,1,0,1,1,0,0,0,1,0,0,0,0,1,0,0,1,0,0,1,1,1,1,1,0,1,0,1,1,1,0,1,1,1,0,0,0,0,1,1,0,0,1,-1,-1,-1,-1,-1,-1,-1,-1,-1,-1,-1,-1,0,0,-1,-1,0,0,0,0,0,1,1,1,0,0,-1,0,,,,0,0,0,0,0,0,0,0,0,0,0,0,0,0,,-1,1,1,1,1,-1,-1,-1,-1,1,-1,-1,1,1,1,1,1,1,-1,1,1,1,1,1,1,0,0,1,1,1,1,1,1,1,1,1,1,1,0,0,1,1,1,1,1,0,0,1,1,1,1,1,1,-1,0,0,1,1,1,1,1,0,0,1,1,0,1,1,1,1,1,1,0,0,0,0,1,1,0,1,1,1,0,1,0,1,0,0,0,0,0,0,0,0,1,0,1,0,1,0,0,1,0,0,0,0,0,0,0,0,0,0,0,0,1,1,1,-1,152,129,23,42.58,307,47,9
whisper_energy_systems_inc_2021,1,1,1,1,1,0,0,0,-1,-1,-1,-1,-1,-1,-1,1,1,0,1,1,1,1,1,1,0,-1,1,0,0,1,1,0,0,0,0,1,1,0,1,1,1,1,0,0,0,-1,1,1,1,0,0,1,1,1,1,1,0,1,0,0,1,1,1,0,0,1,1,1,1,1,0,1,1,0,0,1,0,0,1,0,1,0,-1,-1,0,0,0,0,0,0,1,1,-1,-1,-1,-1,-1,-1,-1,0,0,0,0,0,0,1,0,0,0,0,0,0,0,0,0,0,0,0,0,0,,0,0,1,1,0,0,0,0,0,0,0,0,1,1,0,0,1,1,0,0,1,1,1,0,0,0,1,0,1,0,1,1,0,0,1,0,1,0,1,0,0,0,1,1,1,1,0,0,0,1,0,1,0,0,1,1,1,1,1,0,1,0,1,1,1,0,1,1,1,0,0,0,0,1,1,0,0,1,-1,-1,-1,-1,-1,-1,-1,-1,0,0,0,0,0,0,1,1,0,0,0,0,0,1,1,1,0,0,0,0,,,,0,0,0,0,0,0,0,0,0,0,0,0,0,0,0,0,1,1,1,1,-1,-1,-1,-1,1,1,1,1,1,1,1,1,0,0,1,1,1,1,1,1,0,0,1,0,0,1,1,1,1,1,1,0,1,-1,0,1,1,1,1,1,0,0,1,1,1,1,1,1,1,1,-1,-1,1,1,1,1,1,1,0,0,0,1,1,1,1,1,1,0,0,0,0,1,1,1,,1,-1,0,1,0,1,1,1,0,0,0,-1,0,0,-1,0,1,0,1,0,1,1,0,0,1,0,0,0,0,0,1,1,0,0,0,0,0,1,156,132,24,43.7,322,36,5
13_mari_ltd_2021,-1,-1,-1,-1,-1,0,0,0,-1,-1,-1,-1,-1,-1,-1,1,1,0,1,1,1,1,1,1,0,1,1,0,0,1,1,0,0,0,0,1,1,0,1,1,1,1,0,0,0,1,1,1,1,0,0,1,0,1,1,1,1,1,0,0,1,1,1,0,0,1,1,1,1,1,0,1,1,0,0,1,0,0,1,1,1,0,-1,-1,1,0,1,1,1,1,1,0,0,0,0,0,0,0,0,-1,-1,-1,-1,1,1,1,0,0,0,0,0,0,0,0,0,,,,,0,0,0,0,1,1,0,0,0,0,0,0,0,0,1,1,0,1,1,1,1,0,1,1,1,0,1,0,1,0,0,0,1,1,0,0,1,0,1,0,1,1,0,0,1,1,1,0,0,0,0,0,0,-1,1,0,1,1,1,1,1,0,1,0,1,1,1,0,1,1,1,0,0,0,0,1,1,0,0,1,-1,1,1,-1,-1,-1,-1,-1,0,0,0,0,0,0,-1,-1,0,0,-1,-1,-1,1,-1,-1,0,0,0,0,,,,0,0,0,0,0,0,0,0,0,-1,-1,-1,0,0,0,0,0,0,1,1,-1,-1,-1,-1,1,1,1,1,1,1,0,1,1,1,1,1,1,1,1,1,1,1,1,1,1,0,0,1,1,1,1,0,1,1,1,1,1,1,1,1,0,0,1,1,1,1,1,1,1,1,0,1,1,0,1,1,0,0,0,0,0,1,0,1,1,1,1,0,0,0,0,1,1,0,0,1,1,0,1,1,1,1,0,0,0,1,0,0,1,1,1,1,0,1,0,1,1,0,0,1,0,1,1,1,0,1,1,-1,0,1,0,0,0,166,138,28,46.5,316,40,7
2040_energy_2021,-1,-1,1,1,1,0,0,0,-1,-1,-1,-1,-1,-1,-1,1,1,0,1,1,1,1,0,0,0,0,1,0,0,1,1,0,0,0,0,1,1,0,1,1,1,1,0,0,0,-1,1,-1,1,0,0,1,1,-1,1,-1,-1,0,1,-1,1,1,0,0,0,-1,-1,1,0,0,0,1,1,0,0,1,0,0,1,0,1,1,-1,-1,0,0,0,0,0,1,0,1,0,0,0,0,0,0,0,0,0,0,0,0,0,1,0,0,0,0,0,0,0,0,0,,,,,0,0,0,0,1,1,0,0,0,0,0,0,0,0,1,1,0,1,1,1,1,0,1,1,1,0,1,0,0,0,1,0,1,1,0,0,1,0,0,0,0,0,0,0,1,0,0,0,0,0,0,0,0,1,0,0,1,1,1,1,1,0,1,0,1,1,1,0,1,1,1,0,0,0,0,1,1,0,0,1,-1,1,1,-1,-1,-1,-1,-1,0,0,0,0,0,0,0,0,0,0,-1,-1,-1,0,0,0,0,0,0,0,,,,0,0,0,0,0,0,0,0,0,-1,-1,-1,0,0,0,0,-1,-1,1,1,-1,-1,-1,-1,1,1,1,1,1,1,0,1,1,0,1,1,1,1,1,1,1,1,1,0,0,1,1,1,1,1,1,0,1,1,1,1,1,1,1,1,0,0,1,-1,0,1,1,1,1,0,-1,1,1,1,1,1,1,1,1,0,0,1,1,1,1,1,1,1,1,0,0,1,1,0,1,1,1,0,1,0,,0,0,1,0,1,1,0,1,1,1,0,0,1,0,1,1,1,1,1,1,1,1,1,1,1,1,0,0,0,1,0,0,151,128,23,42.3,316,39,8
acua_ocean_2021,-1,-1,-1,-1,-1,-1,-1,-1,-1,-1,-1,-1,-1,-1,-1,1,1,0,1,1,1,1,0,0,0,1,1,0,0,1,1,0,0,0,0,0,1,0,1,1,1,1,0,0,0,1,1,1,1,0,0,1,1,1,1,1,1,1,0,0,1,1,-1,-1,-1,-1,-1,1,-1,-1,-1,1,-1,0,0,1,0,0,1,0,1,0,-1,-1,0,0,1,1,0,1,1,0,0,0,0,0,0,0,0,0,0,0,0,0,0,1,0,0,0,0,0,0,0,0,0,,,,,0,0,0,0,1,1,0,0,0,0,0,0,0,0,1,1,0,1,1,1,0,0,1,1,1,0,0,0,1,,1,0,1,1,0,0,1,0,1,0,1,1,0,0,1,1,0,0,0,0,0,0,0,1,0,0,1,1,1,1,1,0,1,0,1,1,1,0,1,1,1,0,1,0,0,1,1,0,1,,-1,1,1,-1,-1,-1,-1,-1,0,0,-1,-1,0,0,0,0,0,0,,1,1,0,0,0,0,0,0,0,,,,0,0,0,0,0,0,0,0,0,-1,-1,-1,0,0,,0,1,1,1,1,-1,-1,-1,-1,1,1,1,1,1,1,1,1,1,-1,1,1,1,1,1,1,1,1,1,0,0,1,1,1,1,1,1,-1,1,1,1,1,1,1,1,1,0,0,1,1,1,1,1,1,1,1,0,1,1,1,1,1,1,0,1,0,0,1,1,1,1,1,1,1,1,0,0,1,1,1,1,1,1,0,1,0,1,0,0,0,0,0,1,0,1,1,1,1,0,1,0,0,1,0,0,0,0,0,0,0,0,0,0,0,0,1,1,0,1,156,128,28,43.7,309,43,11
agrivolution_llc_2021,-1,-1,-1,-1,-1,0,0,0,-1,-1,-1,-1,-1,-1,-1,1,1,0,1,1,1,1,0,0,0,1,1,0,0,1,1,0,0,0,0,0,1,0,1,1,1,1,1,0,0,1,1,1,1,0,0,0,0,0,0,0,0,0,0,0,1,1,0,0,0,-1,-1,0,0,0,0,1,-1,0,0,0,0,0,1,0,1,0,-1,-1,0,0,1,1,0,1,0,1,0,0,0,0,0,0,0,-1,-1,-1,-1,1,0,1,0,0,0,0,0,0,0,0,0,,,,,0,0,0,0,1,1,0,0,0,0,0,0,0,0,1,1,0,0,1,1,0,0,1,1,1,0,0,0,-1,0,1,0,1,1,0,0,1,0,1,0,0,0,0,0,0,0,0,0,0,0,0,0,0,1,1,0,1,1,1,1,1,0,1,0,1,1,1,0,1,1,1,0,0,0,0,1,1,0,0,1,-1,-1,-1,-1,-1,-1,-1,-1,1,1,0,0,0,0,1,1,0,0,-1,-1,-1,-1,-1,-1,0,0,0,0,,,,0,0,0,0,0,0,0,0,0,0,0,0,0,0,,0,0,0,1,1,-1,-1,-1,-1,1,1,1,1,1,1,1,1,0,0,1,1,1,1,1,1,1,1,1,0,0,0,0,1,1,0,1,0,1,1,1,1,1,1,1,1,0,0,1,1,1,1,1,1,1,1,0,1,1,0,1,1,1,0,1,0,0,1,1,1,0,0,0,1,1,1,1,1,1,1,,1,1,1,1,-1,0,0,0,0,0,1,0,0,0,0,0,1,1,1,-1,0,1,0,0,0,0,0,0,0,0,0,0,0,0,-1,-1,0,0,129,106,23,36.13,310,44,9
ald_technical_solutions_2021,-1,-1,-1,-1,-1,0,0,0,-1,-1,-1,-1,-1,-1,-1,1,1,0,1,1,1,1,0,0,0,1,1,0,0,1,1,0,0,0,0,0,1,0,1,1,1,1,0,0,0,1,1,1,1,0,0,1,0,1,1,1,1,0,0,0,1,1,0,0,0,-1,-1,1,0,0,0,1,1,0,0,,0,0,0,0,1,0,-1,-1,0,0,1,1,0,1,1,0,-1,-1,-1,-1,-1,-1,-1,-1,-1,-1,-1,1,0,1,0,0,0,0,0,0,0,0,0,,,,,0,0,0,0,1,1,0,0,0,0,0,0,0,0,1,1,0,1,1,1,1,0,1,1,1,0,1,0,1,0,1,0,1,1,0,0,1,0,1,0,1,0,0,0,1,1,0,0,0,0,0,0,0,1,1,0,1,1,1,1,1,0,1,0,1,1,1,0,1,1,1,0,0,0,0,1,1,0,0,1,-1,-1,-1,-1,-1,-1,-1,-1,1,1,0,0,0,0,1,1,0,0,-1,-1,-1,1,-1,-1,0,0,0,0,,,,0,0,0,0,0,0,0,0,0,0,0,0,0,0,,0,0,0,1,1,-1,-1,-1,-1,1,1,1,1,1,1,1,1,0,0,1,1,1,1,1,1,1,1,1,0,0,0,0,1,1,0,1,0,1,1,1,1,1,1,1,1,0,0,1,1,1,1,1,1,1,1,0,1,1,1,1,1,0,0,1,1,0,1,1,1,1,1,1,-1,0,0,0,1,1,0,1,1,1,0,1,0,1,0,0,0,0,0,0,0,0,1,0,1,0,1,0,-1,1,-1,-1,0,0,0,0,0,0,0,0,0,0,1,1,1,0,144,122,22,40.34,306,48,9
alonetics_llc_2021,-1,-1,1,1,1,0,0,0,1,1,1,1,1,1,1,1,1,0,1,1,1,1,0,0,0,1,1,0,0,1,1,0,0,0,0,-1,-1,0,1,1,1,1,0,0,0,1,1,1,-1,0,0,1,1,1,1,1,1,1,0,0,1,1,1,0,0,-1,-1,1,0,0,0,1,1,0,0,1,1,-1,1,0,-1,-1,-1,-1,-1,0,1,1,0,1,1,1,0,0,0,0,0,0,0,,1,1,1,1,1,1,0,0,0,0,0,0,0,0,0,,,,,0,0,1,1,1,1,1,1,0,1,0,-1,0,0,1,1,0,1,1,1,0,0,1,1,1,0,1,0,1,0,1,1,1,1,0,0,1,0,0,0,0,0,0,0,1,0,0,1,0,0,0,0,1,1,1,0,1,1,1,1,1,0,1,0,1,1,1,0,1,1,1,0,0,0,0,1,1,0,0,1,-1,-1,-1,1,1,1,-1,-1,1,1,1,1,1,1,1,1,0,0,0,0,0,1,0,0,0,0,0,0,,,,0,0,0,0,0,0,0,0,0,0,0,0,0,0,0,0,0,0,1,1,-1,-1,-1,1,1,0,0,0,0,0,1,0,0,0,0,0,0,1,0,0,0,0,1,0,0,0,0,0,0,0,1,1,1,1,1,1,1,0,1,1,0,0,1,1,1,1,1,1,0,0,-1,1,1,1,1,1,0,1,0,0,0,1,0,1,1,1,1,1,1,0,0,1,1,1,1,1,1,0,1,0,0,0,0,0,0,0,0,0,1,1,-1,1,0,1,0,0,1,0,0,0,0,0,0,0,0,0,0,0,0,1,1,0,1,158,133,25,44.26,331,24,8
ashipa_electric_2021,1,1,-1,-1,-1,-1,-1,-1,1,1,1,-1,-1,-1,-1,1,1,0,1,1,1,1,0,0,0,1,1,0,0,1,1,0,0,0,0,0,1,0,1,1,1,1,-1,0,0,1,1,1,1,0,0,1,0,1,1,0,0,1,0,0,1,1,0,0,0,1,1,1,1,1,0,1,1,0,0,1,0,0,1,0,1,0,-1,-1,1,0,1,1,-1,1,1,1,0,0,0,0,0,0,0,,1,1,1,1,1,1,0,0,0,0,0,0,0,0,0,,,,,0,0,1,1,1,1,1,1,0,0,0,0,1,0,1,1,0,0,1,1,0,0,1,1,1,0,0,0,1,0,1,0,0,1,0,0,1,0,0,0,0,0,0,0,1,1,1,1,1,1,0,1,0,1,1,0,1,1,1,1,1,0,1,0,1,1,1,0,1,1,1,0,0,0,0,1,1,0,0,1,-1,-1,-1,-1,-1,-1,-1,-1,1,1,-1,-1,-1,-1,-1,-1,-1,-1,0,0,0,0,-1,-1,0,0,0,0,,,,0,0,0,0,0,0,0,0,0,0,0,0,0,0,0,0,0,0,1,1,-1,-1,-1,-1,1,1,1,0,0,0,1,1,0,0,1,1,1,1,0,0,0,0,1,0,0,0,0,1,1,1,1,0,1,1,1,1,1,1,1,1,0,0,1,1,1,1,1,1,-1,0,0,1,1,1,1,1,0,1,1,1,1,1,1,1,1,1,1,1,0,0,0,0,1,0,1,1,1,0,1,0,1,0,0,0,0,1,0,1,1,1,1,1,0,0,0,1,1,0,0,1,1,1,1,1,0,0,1,1,1,1,1,1,1,168,139,29,47.06,318,37,8
barrio_elctrico_2021,1,1,-1,-1,-1,0,0,0,-1,-1,-1,-1,-1,-1,-1,1,1,0,1,1,1,1,1,1,1,1,1,0,0,1,1,-1,-1,0,0,1,1,0,1,1,1,1,0,0,0,1,1,1,1,0,0,1,1,1,1,1,1,1,0,0,1,1,1,0,0,1,1,1,1,1,0,1,1,0,0,,1,0,1,0,1,0,-1,-1,1,0,1,1,0,1,1,1,0,0,0,0,0,0,0,,1,1,1,1,1,1,-1,-1,-1,-1,0,0,0,0,0,,,,,0,0,1,1,1,1,1,1,0,1,0,0,0,0,1,1,0,1,1,1,1,0,1,1,1,0,1,1,-1,0,1,0,1,1,0,0,1,0,0,0,0,0,0,0,1,1,1,-1,0,0,0,1,-1,1,1,0,1,1,1,1,1,0,1,0,1,1,1,0,1,1,1,0,0,0,0,1,1,0,0,1,-1,1,1,-1,-1,-1,-1,-1,0,0,1,1,1,1,1,1,-1,-1,-1,-1,-1,0,-1,-1,0,0,0,0,,,,0,0,0,0,0,0,0,0,0,0,0,0,0,0,0,0,1,1,1,1,-1,-1,-1,1,1,1,1,0,0,0,1,0,0,0,1,1,1,1,0,0,0,0,1,1,1,0,0,0,0,0,1,0,1,1,1,1,1,0,1,1,0,0,1,1,0,-1,-1,-1,0,0,0,-1,0,0,1,-1,1,0,-1,1,0,1,1,1,0,0,0,0,0,0,0,1,1,0,1,1,1,0,1,0,0,0,0,0,0,1,0,-1,0,-1,0,-1,0,0,0,0,1,0,0,0,0,0,0,0,0,0,0,0,0,0,1,1,0,150,130,20,42.02,308,46,9
biovert_protein_co_ltd_2021,-1,-1,-1,-1,-1,0,0,0,-1,-1,-1,-1,-1,-1,-1,1,1,0,1,1,1,1,0,0,0,1,1,0,0,1,1,0,1,0,0,0,0,0,1,1,1,1,-1,0,0,0,1,1,1,0,0,,0,1,1,1,-1,0,0,0,1,1,0,0,0,1,1,1,1,1,0,1,1,0,0,1,0,0,1,1,1,1,0,0,1,0,1,1,0,1,1,1,-1,-1,-1,-1,0,0,0,0,0,0,0,1,0,1,0,0,1,1,1,0,0,0,1,1,1,1,1,0,0,1,1,1,1,1,1,1,0,0,0,0,0,1,1,0,1,1,1,1,0,1,1,1,0,1,1,1,,1,0,1,1,0,0,1,0,1,0,0,0,0,0,1,1,1,0,0,1,0,1,0,1,0,0,1,1,1,1,1,0,1,0,1,1,1,0,1,1,1,0,1,0,0,1,1,1,1,,-1,-1,-1,-1,-1,-1,-1,-1,0,0,1,1,0,0,-1,-1,-1,-1,-1,-1,-1,0,-1,-1,1,0,1,-1,,,,0,0,0,0,0,0,0,0,0,0,0,0,0,0,,0,1,1,1,1,-1,-1,-1,-1,1,1,1,0,0,0,1,1,0,0,0,0,0,1,1,1,1,1,1,1,1,0,1,0,0,1,1,1,1,1,1,1,1,0,1,1,0,0,1,1,1,1,1,1,1,0,0,1,1,1,1,1,1,1,1,1,1,1,1,1,1,1,1,1,1,0,0,1,1,1,1,1,0,0,1,0,1,1,0,0,0,0,1,1,1,1,1,1,0,1,0,1,1,0,0,-1,0,0,0,0,0,0,0,0,0,1,1,1,1,176,148,28,49.3,315,41,7
blip_energy_2021,1,1,-1,-1,-1,0,0,0,1,1,1,1,1,1,1,-1,-1,0,-1,-1,1,0,0,0,0,-1,0,0,0,1,1,-1,1,1,1,1,0,-1,1,1,1,1,-1,0,0,1,1,1,1,-1,-1,1,1,1,1,1,-1,-1,-1,-1,1,1,-1,-1,-1,0,0,1,-1,-1,0,-1,-1,1,0,1,-1,-1,-1,0,1,1,-1,-1,0,0,-1,-1,-1,-1,0,0,-1,-1,-1,-1,0,0,0,-1,-1,-1,-1,1,-1,1,0,0,0,0,0,0,1,1,1,,,,,0,,0,0,1,1,0,0,0,0,0,0,0,0,1,1,0,1,1,1,1,0,1,1,1,0,1,1,1,0,1,-1,0,1,0,-1,1,0,1,0,1,-1,0,0,1,-1,1,0,0,0,0,0,0,1,0,0,1,1,1,1,1,0,1,0,1,1,1,0,1,1,1,0,0,0,0,1,1,0,0,1,-1,-1,-1,-1,-1,-1,-1,-1,-1,-1,1,1,0,0,0,0,-1,-1,0,0,0,0,-1,-1,0,0,0,0,,,,0,0,0,0,0,0,0,0,0,0,0,0,0,0,0,0,-1,-1,-1,-1,1,-1,-1,1,1,1,1,1,1,1,0,1,1,1,1,1,1,1,0,0,0,0,1,0,0,1,0,1,1,0,1,0,1,1,0,1,1,1,0,0,0,0,1,1,1,1,1,1,1,0,1,1,1,1,1,0,1,1,1,0,0,1,0,1,1,1,1,1,1,1,0,0,1,1,,1,1,0,0,1,0,1,1,1,1,0,1,1,1,1,1,1,0,0,0,1,1,0,0,1,1,0,0,0,1,0,0,0,0,0,0,0,1,149,122,27,41.74,288,66,9
bonzer_inc_2021,-1,-1,-1,-1,-1,-1,-1,-1,-1,-1,-1,-1,-1,-1,-1,-1,-1,0,-1,-1,1,1,0,0,0,0,0,0,0,1,1,1,1,1,1,0,0,0,,1,1,0,1,1,1,1,1,1,1,1,1,1,1,-1,1,1,-1,1,0,0,-1,1,-1,0,0,0,0,1,1,1,0,-1,1,0,1,1,0,1,0,-1,1,1,1,1,1,1,0,0,1,1,1,0,0,0,0,0,0,0,0,0,0,0,0,1,1,1,0,0,0,0,0,0,0,0,0,1,1,1,1,1,1,1,1,1,1,1,1,0,0,0,0,0,0,-1,-1,0,0,1,1,1,1,0,0,0,0,-1,0,1,0,1,1,0,0,0,1,1,0,1,0,1,1,0,0,1,1,1,0,0,0,0,0,0,1,0,0,1,1,1,1,1,0,1,0,1,1,1,0,1,1,1,0,0,0,0,0,1,0,0,1,0,-1,-1,1,1,1,-1,-1,-1,-1,-1,-1,1,1,-1,-1,-1,-1,-1,-1,-1,0,-1,-1,0,-1,1,-1,,,,0,0,0,0,0,0,0,0,0,,1,1,0,0,0,0,1,1,1,1,,-1,-1,1,1,1,1,1,1,1,1,1,1,1,1,1,1,1,0,0,0,0,1,0,0,1,1,1,1,1,1,0,0,1,1,1,1,1,0,0,0,0,1,1,1,1,1,1,1,1,1,1,1,1,1,0,1,0,0,1,0,1,0,0,0,0,0,0,1,0,1,1,,1,1,1,1,1,1,0,0,0,0,0,0,1,0,0,1,1,0,1,1,0,1,0,0,0,0,0,0,0,0,0,1,1,1,0,0,1,1,0,0,161,135,26,45.1,307,49,7
brayfoil_technologies_2021,1,1,1,1,1,0,0,0,-1,-1,-1,,,,,1,1,0,1,1,1,-1,0,0,0,-1,-1,0,0,1,1,-1,-1,0,0,1,1,0,1,1,1,1,0,0,0,1,1,1,1,0,0,1,0,-1,-1,-1,0,-1,0,0,1,1,0,0,0,1,1,1,1,1,0,-1,1,0,0,-1,0,0,-1,1,1,0,-1,-1,1,0,1,1,0,1,1,0,0,0,0,0,0,0,0,-1,-1,-1,-1,1,1,1,1,1,1,1,0,0,1,1,0,1,1,1,1,0,0,0,0,1,1,0,0,0,0,0,0,0,0,1,1,0,-1,1,1,-1,0,1,1,1,-1,-1,1,1,0,0,0,0,0,0,0,0,0,0,0,0,0,0,0,0,0,0,0,0,0,0,0,0,1,1,1,1,1,1,1,1,0,1,1,1,1,1,1,1,1,1,1,0,1,1,1,1,0,0,0,,1,1,-1,-1,-1,-1,-1,-1,-1,-1,-1,-1,-1,-1,-1,-1,-1,-1,-1,-1,1,1,1,1,0,1,0,,,,0,0,0,0,0,0,0,0,0,0,0,0,0,0,0,0,-1,-1,-1,-1,-1,-1,-1,-1,1,1,1,1,1,1,1,0,1,1,1,1,1,1,1,1,0,0,1,0,0,0,0,0,0,1,0,0,0,0,0,1,1,1,1,1,0,0,1,1,0,1,1,1,0,1,1,1,1,1,0,0,1,1,1,1,0,1,0,0,1,1,1,1,0,0,0,0,0,1,1,1,0,0,0,0,1,0,0,0,0,0,0,0,0,1,0,1,0,0,0,1,0,1,1,1,0,0,0,0,0,0,0,0,0,0,1,0,0,143,127,16,40.06,304,51,8
carbonii_2021,-1,-1,-1,-1,-1,-1,-1,-1,-1,-1,-1,1,1,1,1,1,1,0,1,1,1,0,0,0,0,-1,0,0,0,1,1,1,-1,1,-1,-1,0,0,-1,1,-1,1,-1,-1,0,1,1,1,1,-1,0,1,0,1,1,-1,-1,0,0,0,1,1,-1,-1,-1,1,1,1,0,0,0,1,0,0,0,1,0,0,0,0,0,0,-1,-1,0,0,0,0,0,-1,0,-1,0,0,0,0,0,0,0,-1,-1,-1,-1,-1,0,1,0,0,0,0,-1,-1,1,1,-1,0,0,0,0,0,0,0,0,1,1,0,0,0,0,0,0,0,0,1,1,0,-1,1,1,1,-1,1,1,1,0,-1,-1,1,0,0,1,-1,1,-1,1,1,-1,0,0,0,0,0,0,-1,-1,-1,0,0,0,0,0,0,1,-1,-1,-1,-1,-1,-1,-1,0,-1,0,-1,-1,0,0,-1,-1,-1,0,-1,0,0,-1,0,-1,-1,-1,0,-1,-1,-1,-1,-1,-1,-1,-1,-1,-1,-1,-1,-1,-1,-1,-1,-1,-1,-1,-1,-1,-1,-1,0,0,0,0,,,,0,0,0,0,0,0,0,0,0,0,0,0,0,0,0,0,-1,-1,-1,-1,-1,-1,-1,-1,1,1,1,-1,-1,-1,0,1,0,0,-1,-1,-1,1,-1,-1,-1,-1,1,-1,-1,-1,0,-1,-1,0,1,-1,1,-1,1,1,-1,1,-1,-1,0,-1,1,1,1,1,1,1,-1,0,1,1,1,1,1,1,-1,-1,-1,0,0,1,0,0,1,1,1,1,1,1,0,0,0,-1,1,1,0,0,1,-1,-1,0,-1,-1,-1,-1,0,-1,1,1,1,0,0,-1,0,0,1,0,0,1,0,0,0,0,1,0,0,0,0,-1,1,0,-1,88,67,21,24.65,228,132,3
clean_earth_rovers_llc_2021,-1,-1,-1,-1,-1,-1,-1,-1,-1,-1,-1,-1,-1,-1,-1,-1,-1,0,-1,-1,1,0,0,0,0,-1,0,0,0,-1,-1,-1,0,0,0,1,0,0,1,1,0,-1,-1,0,-1,1,1,1,1,1,1,1,-1,0,1,-1,-1,-1,-1,-1,1,-1,-1,0,0,-1,-1,-1,0,0,0,-1,-1,-1,-1,-1,-1,-1,0,0,1,1,1,1,0,0,-1,-1,-1,1,1,1,-1,-1,-1,-1,-1,-1,-1,,1,1,1,1,-1,1,0,0,0,0,0,0,0,0,0,1,1,1,1,0,0,-1,-1,1,1,-1,-1,0,0,0,0,0,0,1,1,-1,1,1,1,1,-1,1,1,1,0,-1,0,1,0,-1,-1,0,0,0,1,1,-1,-1,-1,0,-1,0,0,-1,1,1,-1,-1,0,-1,0,0,-1,-1,0,-1,-1,-1,-1,1,-1,-1,0,-1,-1,-1,0,-1,-1,-1,0,-1,0,0,-1,-1,0,0,-1,0,-1,-1,-1,1,-1,-1,-1,-1,-1,1,1,-1,-1,-1,-1,-1,-1,-1,-1,-1,-1,-1,-1,0,0,-1,0,,,,0,0,0,0,0,0,0,0,0,-1,-1,-1,0,0,,0,-1,-1,1,1,-1,-1,-1,-1,1,1,1,1,1,1,-1,1,-1,-1,1,1,1,1,0,0,0,0,1,-1,-1,1,-1,1,1,1,1,1,1,1,1,1,1,1,1,1,0,-1,1,1,1,1,1,1,1,-1,0,1,1,1,1,1,1,-1,-1,-1,-1,1,0,0,-1,-1,-1,-1,-1,-1,0,-1,1,-1,1,1,1,-1,1,1,1,-1,-1,0,-1,-1,-1,1,1,1,1,0,-1,-1,-1,1,1,-1,-1,1,1,-1,-1,-1,-1,-1,-1,0,0,-1,1,-1,-1,107,87,20,29.97,198,160,5
climate_companion_2021,-1,-1,-1,-1,-1,-1,-1,-1,-1,-1,-1,-1,-1,-1,-1,1,1,0,1,1,1,1,0,0,0,0,0,0,0,1,1,1,0,0,0,1,0,0,1,1,-1,1,-1,0,-1,1,1,1,1,-1,-1,1,1,-1,1,-1,-1,-1,0,0,1,-1,0,0,0,1,1,0,0,0,0,1,-1,1,-1,-1,0,0,0,0,0,0,0,0,1,0,0,0,0,-1,0,-1,-1,-1,-1,-1,-1,-1,-1,-1,-1,-1,-1,1,0,1,0,0,0,0,0,0,0,0,0,1,1,1,1,0,-1,-1,-1,1,1,-1,-1,0,0,0,0,0,0,1,1,-1,-1,1,1,-1,-1,1,1,1,0,-1,0,1,0,0,-1,0,0,0,1,1,-1,0,-1,0,0,0,0,-1,1,1,1,1,0,1,-1,0,0,0,0,0,0,0,-1,1,-1,0,0,0,0,0,0,0,0,0,-1,0,-1,-1,-1,0,0,0,-1,0,-1,-1,-1,-1,-1,-1,-1,-1,-1,-1,-1,-1,-1,-1,-1,-1,-1,-1,-1,-1,0,-1,-1,0,0,-1,0,,,,0,0,0,0,0,0,0,0,0,-1,-1,-1,0,0,,0,-1,-1,-1,-1,-1,-1,-1,-1,1,1,1,1,1,1,-1,1,1,1,1,1,1,1,0,0,0,0,1,-1,-1,1,-1,1,1,1,1,1,1,1,1,1,1,1,1,1,0,0,1,1,1,1,1,1,1,-1,-1,1,1,-1,1,1,1,0,0,0,-1,1,0,0,-1,-1,-1,-1,-1,0,0,1,1,-1,-1,1,1,-1,1,-1,,0,0,0,-1,1,-1,-1,1,1,1,-1,-1,1,-1,-1,-1,-1,-1,-1,-1,0,0,0,-1,-1,-1,0,0,1,-1,-1,0,102,82,20,28.57,227,131,5
cupod_2021,-1,-1,-1,-1,-1,0,0,0,-1,-1,-1,-1,-1,-1,-1,-1,-1,0,-1,-1,1,1,0,0,0,1,-1,-1,-1,1,1,0,0,0,0,0,-1,0,1,1,-1,1,0,0,0,1,1,1,1,0,0,1,-1,1,1,-1,-1,-1,0,0,1,1,-1,0,0,1,1,1,1,1,0,1,1,0,0,-1,0,0,-1,0,1,0,-1,-1,0,0,-1,-1,0,1,0,-1,-1,-1,-1,-1,0,0,0,-1,-1,-1,-1,1,0,1,1,1,1,1,1,0,1,1,1,0,0,0,0,0,0,0,0,1,1,0,0,0,0,0,0,0,0,1,1,0,1,1,1,1,0,1,1,1,0,1,1,-1,-1,1,-1,1,1,0,-1,-1,0,-1,0,-1,0,0,0,-1,-1,-1,0,0,0,-1,0,0,1,-1,0,-1,1,1,1,1,0,1,-1,1,1,1,-1,1,1,1,-1,-1,-1,-1,1,1,-1,0,-1,0,-1,-1,-1,1,-1,-1,-1,0,0,0,0,0,0,0,0,0,0,-1,-1,-1,-1,0,0,0,0,-1,0,,,,0,0,0,0,0,0,0,0,0,0,0,0,0,0,0,0,-1,-1,-1,-1,-1,-1,-1,1,1,1,1,-1,-1,-1,-1,-1,1,-1,1,1,1,1,-1,-1,0,0,1,0,0,-1,0,1,1,1,1,-1,1,0,0,1,1,1,1,1,-1,-1,1,1,1,1,1,1,1,0,1,1,1,-1,1,1,-1,1,1,0,0,1,-1,1,0,0,0,0,-1,1,0,0,0,-1,1,1,1,0,-1,-1,1,0,-1,-1,0,-1,0,0,0,1,1,1,0,0,0,-1,-1,0,0,1,0,0,0,0,0,0,0,0,0,0,-1,0,0,112,92,20,31.37,255,105,3
curbhub_2021,-1,-1,-1,-1,-1,0,0,0,-1,-1,-1,-1,-1,-1,-1,1,1,-1,1,1,1,1,0,0,0,1,1,-1,-1,1,1,0,0,0,0,1,1,0,1,1,1,1,0,0,0,1,1,1,1,0,0,1,0,1,1,0,0,0,0,0,1,1,0,0,0,1,1,1,1,1,0,1,1,0,0,1,0,0,1,0,0,0,-1,-1,0,0,1,1,0,1,0,1,-1,-1,-1,-1,0,0,0,-1,-1,-1,-1,1,0,1,1,1,1,1,0,0,0,0,0,1,1,1,1,0,0,0,0,1,1,0,0,0,0,0,0,0,0,1,1,0,0,1,1,0,0,1,1,1,0,0,1,1,0,1,0,1,0,0,0,0,0,0,0,0,0,0,0,0,0,0,0,0,0,0,0,0,1,0,0,1,1,1,1,0,0,1,0,1,1,1,0,1,1,1,0,0,0,0,0,1,0,0,0,,-1,-1,-1,-1,1,-1,-1,1,1,-1,-1,-1,-1,-1,-1,-1,-1,-1,-1,-1,1,0,0,0,0,0,0,,,,0,0,0,0,0,0,0,0,0,0,0,0,0,0,0,0,-1,-1,1,1,-1,-1,-1,1,1,1,1,1,1,1,1,1,1,1,1,1,1,1,1,1,0,0,1,0,0,0,0,1,1,1,1,1,1,1,1,1,1,1,1,1,1,0,1,1,0,1,1,1,0,0,1,1,1,1,1,1,,1,1,1,0,1,1,1,1,1,1,0,0,1,1,0,1,1,1,1,1,0,0,0,1,0,0,1,0,0,0,0,0,1,1,1,0,1,0,1,0,1,1,1,1,0,0,0,0,0,0,0,0,0,1,0,0,151,128,23,42.3,311,47,5
cyclonatix_inc_2021,-1,-1,-1,-1,-1,0,0,0,-1,-1,-1,-1,-1,-1,-1,1,1,0,1,1,1,1,0,0,0,-1,0,0,0,1,1,0,0,0,0,-1,0,0,1,1,1,1,1,0,0,1,1,0,0,0,0,1,-1,0,1,1,1,0,0,0,1,1,0,0,0,0,0,1,0,0,0,0,0,0,0,1,-1,0,0,0,1,0,-1,-1,1,0,-1,-1,0,1,0,-1,0,0,0,0,0,0,0,-1,-1,-1,-1,1,1,1,0,0,0,0,0,0,1,1,1,,,,,0,,0,0,1,1,0,0,0,0,0,0,0,0,1,1,0,1,1,1,1,0,1,1,1,-1,1,1,1,0,0,0,-1,-1,0,0,0,0,1,0,0,0,0,0,1,1,1,0,0,0,0,0,0,-1,1,0,-1,-1,-1,1,-1,0,-1,0,-1,-1,-1,0,-1,-1,-1,0,0,0,0,1,-1,0,0,1,-1,1,1,-1,-1,1,-1,-1,-1,-1,1,1,0,0,0,0,-1,-1,-1,-1,-1,1,1,1,0,0,0,0,,,,0,0,0,0,0,0,0,0,0,0,0,0,0,0,0,0,1,1,1,1,1,-1,-1,-1,1,1,1,1,1,1,0,1,1,-1,1,1,1,1,0,0,0,0,1,0,0,1,0,1,1,1,1,-1,1,0,0,1,1,1,1,1,0,-1,1,1,1,1,1,1,1,-1,-1,1,1,0,1,1,1,1,1,0,0,1,0,-1,1,1,1,1,1,-1,0,0,1,1,0,1,-1,0,1,0,1,0,1,1,1,-1,0,-1,1,1,1,1,0,1,0,1,-1,0,0,1,0,1,1,1,0,0,0,0,0,0,0,0,0,129,111,18,36.13,288,67,8
dnd_biotech_2021,-1,-1,-1,-1,-1,0,0,0,-1,-1,-1,-1,-1,-1,-1,1,1,0,1,1,1,-1,0,0,0,-1,0,1,1,1,1,0,0,0,0,1,0,0,1,1,-1,1,1,0,0,1,1,1,-1,0,0,-1,0,0,-1,-1,0,1,0,0,1,0,0,0,0,1,1,1,1,1,0,1,-1,-1,0,1,0,0,0,1,-1,0,1,1,0,0,0,0,1,1,1,0,-1,-1,-1,-1,-1,-1,-1,,1,1,1,1,0,1,0,0,0,0,0,0,1,1,0,,,,,0,,0,0,1,1,0,0,0,0,0,0,0,0,1,1,0,0,1,1,0,0,1,1,1,0,0,1,1,1,0,0,-1,-1,0,0,1,0,1,0,1,1,0,0,-1,-1,1,1,1,-1,0,-1,0,-1,0,0,-1,-1,-1,1,-1,0,-1,0,-1,-1,-1,0,-1,-1,-1,0,1,0,0,-1,-1,-1,0,1,-1,1,1,-1,1,-1,-1,-1,-1,-1,0,0,0,0,0,0,-1,-1,,1,1,1,-1,-1,0,0,0,0,,,,0,0,0,0,0,0,0,0,0,0,0,0,0,0,0,-1,1,1,1,1,1,-1,-1,-1,1,0,0,1,1,1,0,1,1,1,1,1,1,1,0,0,0,0,1,0,0,1,0,1,1,0,-1,1,1,1,1,1,1,1,1,1,0,-1,1,1,0,1,1,1,1,0,1,1,1,1,1,0,0,1,-1,0,0,1,0,-1,0,0,0,0,1,-1,0,0,1,0,1,1,1,-1,0,1,1,1,1,-1,0,0,-1,1,0,1,1,0,0,0,0,0,-1,0,0,0,0,0,0,0,1,0,0,0,0,0,1,0,0,123,106,17,34.45,279,74,10
easyev_2021,-1,-1,0,0,0,-1,-1,-1,-1,-1,-1,-1,-1,-1,-1,1,1,0,1,1,1,0,0,0,0,-1,0,0,0,-1,-1,1,0,0,0,1,1,0,1,1,1,-1,1,0,0,1,1,1,1,0,0,0,-1,-1,0,1,1,1,-1,-1,-1,0,0,0,0,0,0,1,1,1,0,,1,0,0,,1,0,1,0,0,0,0,0,0,0,0,0,0,1,0,1,0,0,0,0,0,0,0,-1,-1,-1,-1,1,0,1,0,0,0,0,0,0,1,1,0,1,1,1,1,0,1,0,0,1,1,0,0,0,0,0,0,0,0,1,1,0,0,1,1,0,0,1,1,1,0,0,1,0,0,1,0,0,0,0,0,1,0,0,0,0,0,0,0,1,0,1,0,0,0,0,0,0,1,0,0,1,1,1,1,1,0,1,0,1,1,1,0,1,1,1,0,0,0,0,1,1,0,0,-1,-1,-1,-1,-1,-1,-1,-1,-1,-1,-1,0,0,0,0,0,0,0,0,-1,-1,-1,1,0,0,0,0,0,0,,,,0,0,0,0,0,0,0,0,0,0,0,0,0,0,0,0,-1,-1,1,1,1,-1,-1,-1,1,0,0,1,1,1,0,0,0,0,1,1,1,1,0,0,0,0,1,0,0,0,0,1,1,0,1,1,0,1,0,1,1,1,1,1,0,1,1,1,1,1,1,1,1,0,-1,1,1,0,1,0,1,1,1,0,0,1,0,0,1,1,1,0,1,1,0,0,1,1,0,1,1,0,0,0,1,1,1,0,1,0,1,1,0,1,1,0,0,0,0,0,1,0,0,0,0,0,0,0,1,0,0,0,0,0,0,0,0,122,105,17,34.17,313,45,5
ecotone_renewables_2021,-1,-1,1,1,1,0,0,0,-1,-1,-1,-1,-1,-1,-1,1,1,0,1,1,1,1,-1,-1,0,-1,-1,-1,-1,1,1,-1,0,0,0,1,-1,0,1,1,1,1,-1,0,0,1,1,-1,1,0,0,1,1,-1,1,1,1,1,0,0,1,1,-1,0,0,1,1,1,-1,-1,0,1,-1,0,0,1,0,0,0,0,1,-1,-1,-1,1,0,-1,-1,0,1,1,-1,-1,-1,-1,-1,0,0,0,,1,1,1,1,1,1,-1,-1,-1,-1,1,0,1,1,0,1,1,1,1,0,0,0,0,1,1,0,0,0,0,0,0,-1,0,1,1,0,1,1,1,1,0,1,1,1,0,1,1,1,0,-1,-1,-1,-1,0,-1,-1,0,-1,0,-1,-1,0,-1,-1,-1,0,0,0,0,-1,0,0,-1,0,0,-1,-1,-1,1,-1,0,-1,-1,-1,-1,-1,0,-1,-1,-1,0,0,0,0,-1,-1,0,0,-1,0,-1,-1,-1,-1,-1,-1,-1,-1,-1,-1,-1,-1,-1,0,0,-1,-1,-1,-1,-1,-1,-1,-1,0,0,0,0,,,,0,0,0,0,0,0,0,0,0,0,0,0,0,0,0,0,0,0,0,0,-1,-1,-1,-1,1,1,1,1,1,1,1,0,0,0,1,1,1,1,-1,-1,-1,-1,1,0,0,0,0,0,0,0,1,-1,0,1,-1,1,1,1,1,1,0,0,1,1,0,1,1,1,0,0,1,1,1,1,1,1,1,1,1,1,0,1,-1,-1,1,1,1,1,1,-1,-1,0,0,1,1,1,1,0,-1,0,1,0,0,1,-1,0,0,0,-1,1,1,1,0,1,0,1,0,-1,-1,1,-1,0,0,0,0,0,0,0,0,0,1,0,0,117,96,21,32.77,250,109,4
eh_group_technologies_inc_2021,-1,-1,1,1,1,0,0,0,1,1,1,1,1,1,1,-1,-1,0,-1,-1,1,-1,0,0,-1,-1,0,0,0,1,1,0,0,0,0,0,0,0,1,1,-1,1,1,0,0,1,1,0,-1,0,0,1,0,1,1,1,1,0,0,0,1,1,0,0,0,1,1,-1,0,0,0,1,0,0,0,1,0,0,0,0,1,1,1,1,0,0,-1,-1,0,1,1,0,,1,1,1,-1,-1,-1,-1,-1,-1,-1,1,0,1,0,0,0,0,-1,0,1,1,0,,,,,0,,0,0,1,1,0,0,0,0,0,0,0,0,1,1,0,-1,1,1,-1,0,1,1,1,0,1,1,1,0,0,1,-1,-1,0,1,1,0,1,-1,1,1,0,0,1,1,1,0,0,0,0,0,0,-1,-1,0,-1,-1,-1,1,-1,0,-1,0,-1,-1,-1,0,-1,-1,-1,0,0,0,0,1,-1,0,0,1,0,1,1,-1,-1,-1,-1,-1,1,1,0,0,-1,-1,0,0,-1,-1,-1,-1,-1,1,-1,-1,0,0,0,0,,,,0,0,0,0,0,0,0,0,0,0,0,0,1,0,0,0,1,1,1,1,1,-1,1,-1,1,1,1,1,1,1,0,1,1,-1,1,1,1,1,0,0,0,0,1,0,0,-1,0,1,1,1,1,1,1,1,0,1,1,1,1,1,0,-1,1,1,1,1,1,1,1,0,0,1,1,-1,1,1,1,1,1,1,-1,1,1,1,1,1,1,0,0,-1,0,0,0,1,-1,1,1,0,1,1,1,0,1,1,0,0,-1,0,-1,1,1,1,0,-1,0,-1,-1,0,0,1,0,0,0,0,1,0,0,0,0,0,-1,0,0,138,117,21,38.66,284,70,9
ehemphouse_2021,-1,-1,-1,-1,-1,0,0,0,1,1,1,1,1,1,1,1,1,0,1,1,1,-1,0,0,0,-1,0,-1,-1,1,1,0,0,0,0,-1,0,0,1,1,1,1,1,0,0,1,1,1,1,0,0,1,0,-1,0,1,1,-1,0,0,1,1,0,0,0,1,1,-1,-1,-1,0,1,-1,-1,0,1,0,0,0,0,1,0,-1,-1,1,0,0,0,1,0,0,0,-1,-1,-1,-1,0,0,0,-1,-1,-1,-1,1,0,1,1,1,1,1,1,0,1,1,1,,,,,0,,0,0,1,1,0,0,0,0,0,0,0,0,1,1,0,1,1,1,1,0,1,1,1,0,1,1,1,-1,0,-1,-1,-1,0,-1,1,0,1,0,1,1,0,0,1,-1,1,0,0,0,0,0,-1,-1,0,0,-1,-1,-1,1,-1,0,-1,0,-1,-1,-1,0,-1,-1,-1,-1,1,-1,-1,1,-1,-1,0,1,0,1,1,-1,-1,-1,-1,-1,0,0,-1,-1,0,0,0,0,-1,-1,,1,1,1,-1,-1,0,0,0,0,,,,0,0,0,0,0,0,0,0,0,-1,-1,-1,0,0,0,0,-1,-1,-1,-1,1,-1,-1,-1,1,1,1,1,1,1,0,1,1,-1,1,1,1,1,0,0,0,0,1,0,0,1,0,1,1,1,1,1,1,-1,0,1,1,1,1,1,0,-1,1,1,,1,1,1,1,0,-1,1,1,1,1,0,1,1,1,1,0,1,0,0,0,0,0,0,1,-1,0,0,0,0,1,1,0,0,0,0,1,0,1,1,-1,0,-1,0,0,1,1,0,0,1,0,1,-1,0,0,1,1,0,0,0,-1,0,0,0,0,1,1,0,0,129,111,18,36.13,272,81,10
energos_inc_2021,-1,-1,-1,-1,-1,0,0,0,-1,-1,-1,-1,-1,-1,-1,-1,-1,0,-1,-1,-1,1,0,0,0,0,0,0,0,1,1,0,0,-1,0,1,0,0,1,1,1,1,1,-1,-1,1,1,1,0,-1,-1,1,0,-1,1,1,1,1,0,0,1,1,-1,-1,-1,1,1,1,1,1,-1,1,0,0,-1,1,0,0,-1,0,1,-1,1,1,1,1,-1,-1,-1,1,1,-1,-1,-1,-1,-1,-1,-1,-1,-1,-1,-1,-1,1,1,1,-1,-1,-1,-1,-1,-1,-1,-1,-1,1,1,1,1,-1,1,-1,-1,1,1,-1,-1,0,0,0,0,0,0,1,1,-1,-1,1,1,-1,-1,1,1,1,0,0,-1,1,1,0,-1,0,0,0,-1,0,0,1,-1,1,1,-1,-1,1,1,1,0,0,0,0,0,0,-1,1,0,0,0,0,-1,0,0,0,0,0,0,0,0,-1,-1,-1,-1,-1,-1,-1,1,0,-1,-1,0,0,-1,-1,-1,-1,-1,-1,-1,0,0,0,0,0,0,0,0,-1,-1,-1,-1,-1,-1,1,1,0,0,-1,-1,,,,0,0,0,0,0,0,0,0,0,-1,-1,-1,0,0,0,0,1,1,1,1,-1,-1,-1,-1,1,1,1,-1,-1,-1,1,-1,0,0,-1,-1,-1,1,-1,-1,-1,-1,0,-1,-1,1,0,-1,-1,0,-1,-1,0,1,-1,1,0,-1,0,0,-1,0,1,1,1,1,1,1,1,-1,0,1,1,0,1,1,1,1,1,1,0,1,0,-1,1,1,1,1,-1,-1,1,0,1,1,0,1,1,1,1,-1,1,0,0,-1,1,1,-1,-1,1,1,1,1,-1,1,-1,-1,0,0,0,-1,-1,0,0,0,-1,0,0,0,0,0,0,0,0,109,88,21,30.53,224,136,3
envault_2021,-1,-1,-1,-1,-1,0,0,0,-1,-1,-1,-1,-1,-1,-1,-1,-1,0,-1,-1,-1,-1,0,0,0,0,0,0,0,1,1,0,0,0,0,-1,0,0,1,1,1,1,1,-1,0,1,1,0,1,0,0,1,0,1,1,1,1,-1,0,0,,0,0,0,0,1,1,-1,-1,-1,0,1,-1,-1,-1,1,0,1,0,0,0,0,0,0,0,0,-1,-1,0,1,0,0,0,0,0,0,0,0,0,-1,-1,-1,-1,0,0,1,-1,-1,-1,-1,-1,-1,-1,-1,0,0,0,0,0,0,0,0,0,1,1,0,0,0,0,0,0,0,0,1,1,-1,-1,1,1,1,-1,1,1,1,-1,1,-1,-1,0,0,0,0,0,0,0,1,-1,1,0,1,1,-1,-1,-1,1,1,0,0,0,0,0,0,0,-1,0,0,0,0,-1,0,0,0,0,0,0,0,0,0,0,0,0,0,0,0,-1,0,0,0,-1,0,-1,-1,-1,-1,-1,-1,-1,0,0,1,1,1,1,-1,-1,-1,-1,-1,-1,-1,-1,-1,-1,0,0,-1,-1,,,,0,0,0,0,0,0,0,0,0,0,0,0,0,0,0,0,0,0,1,1,-1,-1,-1,-1,1,-1,-1,-1,-1,-1,-1,1,0,0,1,1,1,1,0,0,0,0,1,-1,-1,0,0,1,1,1,1,1,1,-1,-1,1,1,-1,-1,-1,0,0,-1,-1,1,-1,-1,-1,-1,0,1,1,1,0,1,1,1,-1,1,-1,1,-1,1,-1,1,1,1,1,-1,0,-1,1,1,-1,0,1,0,-1,1,-1,-1,0,1,1,-1,1,-1,0,1,-1,-1,-1,-1,-1,-1,1,0,1,1,1,1,1,1,1,-1,1,1,-1,-1,0,0,-1,1,93,74,19,26.05,240,119,4
equilibrium_2021,-1,-1,-1,-1,-1,0,0,0,1,1,1,1,1,1,1,1,1,0,-1,-1,1,1,0,0,0,-1,0,1,1,1,1,0,0,-1,0,0,-1,0,-1,-1,-1,1,1,0,0,-1,1,1,1,0,0,1,0,0,1,1,1,1,0,0,1,0,0,0,0,1,1,-1,0,0,0,1,-1,0,0,1,0,0,-1,1,1,1,1,1,1,1,0,0,1,1,1,0,-1,-1,-1,-1,-1,-1,-1,,1,1,1,1,1,1,0,0,0,0,0,0,1,1,0,,,,,0,,0,0,1,1,0,0,0,0,0,0,0,0,1,1,0,0,1,1,0,0,1,1,1,-1,0,1,1,0,0,0,-1,-1,0,0,1,0,1,0,1,1,0,0,1,1,1,0,0,0,0,0,0,-1,0,0,-1,-1,0,-1,-1,0,-1,0,-1,-1,-1,0,-1,-1,-1,0,1,0,0,1,-1,-1,0,0,-1,1,1,-1,-1,-1,-1,-1,0,0,0,0,0,0,0,0,-1,-1,-1,-1,-1,1,1,1,0,0,0,0,,,,0,0,0,0,0,0,0,0,0,0,0,0,0,0,0,0,1,1,1,1,1,-1,-1,-1,1,1,1,1,1,1,0,1,1,1,1,1,1,1,0,0,0,0,1,1,1,1,0,1,1,1,1,-1,1,1,0,1,1,0,1,1,0,-1,1,1,1,1,1,1,1,-1,1,1,1,1,1,1,1,-1,1,0,0,1,0,-1,1,1,1,1,1,-1,0,0,1,0,1,1,0,0,1,0,1,0,1,1,0,0,1,0,1,1,1,1,0,0,0,-1,-1,0,0,1,0,-1,-1,-1,-1,0,0,0,0,0,-1,0,1,140,119,21,39.22,286,68,9
ev_life_2021,-1,-1,-1,-1,-1,0,0,0,-1,-1,-1,-1,-1,-1,-1,1,1,0,1,1,1,-1,0,0,0,-1,0,0,0,1,1,1,0,0,0,0,0,0,1,1,1,1,1,0,0,1,1,1,1,0,0,1,1,0,1,1,1,0,1,1,1,1,0,-1,-1,,,-1,0,0,0,1,1,-1,0,1,0,0,0,0,1,0,1,1,1,1,1,1,0,1,1,-1,0,0,0,0,0,0,0,0,0,0,0,1,0,1,0,0,0,0,0,0,0,0,0,1,1,1,1,0,1,1,1,1,1,1,1,0,0,0,0,0,0,1,1,0,1,1,1,-1,-1,1,1,1,0,1,0,1,0,-1,1,0,0,0,1,1,0,0,0,0,0,0,0,1,1,1,0,0,0,0,0,0,-1,-1,0,-1,-1,0,1,-1,0,-1,0,-1,-1,-1,0,-1,-1,-1,1,0,1,1,-1,-1,0,0,1,0,1,1,-1,-1,-1,-1,-1,0,0,-1,-1,0,0,0,0,-1,-1,,1,1,1,1,1,0,0,0,0,,,,0,0,0,0,0,0,0,0,0,0,0,0,0,0,0,0,1,1,-1,-1,1,-1,-1,-1,1,1,1,1,1,1,0,1,0,0,1,1,1,1,0,0,0,0,1,0,0,0,0,1,1,1,1,1,1,1,1,1,1,1,1,1,0,-1,1,1,1,1,1,1,1,0,1,1,1,1,1,1,-1,-1,1,1,0,1,0,1,1,1,1,1,1,-1,0,0,1,0,,1,0,0,1,0,1,1,1,0,-1,0,0,-1,1,1,1,1,0,1,0,-1,-1,0,0,1,0,0,0,0,0,0,0,0,0,0,0,0,0,141,121,20,39.5,298,58,7
evtek_2021,-1,-1,-1,-1,-1,0,0,0,-1,-1,-1,0,0,0,0,1,1,-1,-1,-1,1,-1,0,0,0,-1,0,0,0,1,1,1,0,0,0,0,0,0,1,1,1,1,1,0,0,1,1,1,-1,0,0,1,0,-1,1,1,1,0,0,0,0,1,0,0,0,0,0,1,-1,-1,0,0,1,0,0,1,1,0,0,0,0,0,0,0,1,0,1,1,0,1,0,-1,0,0,0,0,0,0,0,-1,-1,-1,-1,1,1,1,0,0,0,0,0,0,-1,-1,0,1,1,1,1,0,1,0,0,1,1,0,0,0,0,0,0,0,0,1,1,0,0,1,1,0,0,1,1,1,-1,0,-1,1,0,0,-1,0,0,0,-1,-1,0,1,0,0,0,0,0,1,1,1,-1,-1,-1,0,-1,0,-1,0,0,-1,0,-1,1,-1,0,-1,0,-1,-1,-1,0,-1,-1,-1,-1,1,-1,-1,1,-1,0,0,-1,-1,1,1,-1,-1,-1,-1,-1,1,1,-1,-1,0,0,0,0,-1,-1,,1,1,1,-1,-1,0,0,0,0,,,,0,0,0,0,0,0,0,0,0,0,0,0,0,0,0,0,1,1,-1,-1,1,-1,-1,1,1,1,1,1,1,1,0,1,1,1,1,1,1,1,0,0,0,0,1,0,0,1,0,1,1,1,1,-1,1,0,0,1,1,1,1,1,0,-1,1,1,1,-1,-1,-1,1,0,-1,1,1,1,1,0,1,-1,1,1,0,1,0,-1,0,0,0,0,1,-1,0,0,1,1,1,1,0,-1,0,0,1,-1,1,0,0,0,-1,1,0,1,1,1,0,1,0,0,-1,0,0,0,0,0,0,0,1,0,0,0,0,0,1,0,0,114,99,15,31.93,281,78,4
exocell_power_2021,-1,-1,-1,-1,-1,0,0,0,-1,-1,-1,1,1,1,1,1,1,-1,1,1,1,1,0,0,0,-1,-1,1,1,1,1,-1,0,0,-1,1,-1,-1,1,1,1,1,1,-1,-1,-1,1,1,1,0,-1,1,-1,1,1,1,1,1,-1,-1,1,1,-1,0,0,1,1,1,1,1,-1,1,1,-1,-1,1,1,1,-1,1,1,-1,-1,-1,1,-1,1,1,-1,1,1,0,,1,1,1,,1,1,-1,-1,-1,-1,1,-1,1,0,0,0,0,0,0,0,0,0,1,1,1,1,-1,1,-1,-1,1,1,-1,-1,-1,-1,0,0,-1,-1,1,1,-1,1,1,1,1,-1,1,1,1,1,1,0,1,-1,0,-1,-1,-1,-1,-1,-1,-1,1,-1,1,1,-1,-1,1,1,1,-1,-1,0,-1,0,0,0,0,0,0,0,0,-1,-1,-1,-1,-1,-1,-1,-1,-1,-1,-1,-1,-1,-1,-1,-1,1,-1,-1,-1,1,0,-1,-1,-1,-1,-1,1,-1,1,1,-1,-1,1,1,-1,-1,-1,-1,0,0,0,0,-1,-1,0,-1,-1,-1,,,,0,0,0,0,0,0,0,0,0,0,0,0,0,0,0,0,0,0,-1,-1,1,-1,-1,-1,1,1,1,-1,-1,-1,-1,1,-1,-1,1,1,1,1,-1,-1,-1,-1,1,-1,-1,-1,-1,1,1,1,1,1,1,1,-1,1,1,-1,-1,-1,0,0,1,1,1,1,1,1,1,-1,1,1,1,-1,-1,0,-1,1,-1,0,1,-1,-1,0,0,0,0,0,0,0,0,-1,0,-1,0,1,0,1,1,1,,0,0,0,-1,-1,-1,-1,0,1,1,1,0,-1,-1,1,0,-1,-1,1,1,1,1,1,-1,1,1,0,-1,0,0,0,0,133,115,18,37.25,217,140,6
facil_ai_2021,-1,-1,1,1,1,-1,-1,-1,-1,-1,-1,-1,-1,-1,-1,0,0,0,0,0,0,0,0,0,0,-1,0,0,0,1,1,0,0,0,0,0,0,0,1,1,0,-1,1,0,0,1,1,1,1,0,0,1,0,-1,-1,-1,-1,0,0,0,1,0,0,0,0,,,0,0,0,0,1,0,0,0,-1,0,0,0,0,1,-1,-1,-1,1,1,-1,-1,0,1,0,1,-1,-1,-1,-1,-1,-1,-1,,1,1,1,1,0,1,0,0,0,0,0,0,1,1,0,1,1,1,1,0,1,-1,-1,1,1,-1,-1,-1,0,0,0,0,0,1,1,-1,,1,1,1,-1,1,1,1,0,,1,1,0,1,1,0,0,0,1,1,0,1,0,1,1,0,0,1,1,1,0,0,0,0,0,0,1,0,0,1,1,1,1,1,0,1,0,1,1,1,0,1,1,1,0,0,0,0,0,1,0,0,1,0,1,1,-1,-1,-1,-1,-1,0,0,-1,-1,0,0,0,0,-1,-1,,1,1,1,0,0,0,0,0,0,,,,0,0,0,0,0,0,0,0,0,,1,1,0,0,0,0,1,1,1,1,1,-1,-1,-1,1,0,0,0,0,0,1,1,1,1,1,1,1,1,1,1,0,0,1,0,0,1,0,1,1,0,1,1,1,1,0,1,1,1,0,0,0,0,1,0,1,1,1,1,1,0,1,1,1,1,1,1,1,1,1,1,0,1,0,1,1,1,1,1,1,1,0,0,1,0,1,1,0,0,1,0,1,1,1,1,0,0,1,1,1,1,0,1,0,1,0,0,1,0,0,0,0,0,0,0,0,0,0,0,0,0,1,0,0,143,122,21,40.06,303,50,10
farmernet_org_2021,1,1,1,1,1,0,0,0,1,1,1,1,1,1,1,1,1,0,1,1,1,1,-1,-1,0,1,1,0,0,1,1,0,-1,-1,0,1,-1,0,1,1,1,1,0,0,0,1,1,-1,-1,0,0,1,1,-1,1,-1,-1,-1,-1,-1,1,1,-1,0,0,1,1,1,-1,-1,0,1,-1,-1,0,1,0,0,-1,0,-1,0,-1,-1,1,-1,1,1,-1,1,0,0,-1,-1,-1,-1,0,0,0,-1,-1,-1,-1,1,-1,1,0,0,0,0,0,0,0,0,0,0,0,0,0,0,0,0,0,1,1,0,0,0,0,0,0,0,0,1,1,0,0,0,0,0,0,1,1,1,0,0,0,-1,0,0,0,0,0,0,0,0,0,-1,0,-1,-1,0,0,-1,-1,-1,0,0,0,-1,0,0,-1,0,0,-1,-1,-1,-1,-1,-1,-1,0,-1,-1,-1,0,-1,-1,0,0,0,0,0,-1,-1,0,0,-1,0,-1,-1,-1,-1,-1,-1,-1,0,0,0,0,0,0,0,0,0,0,-1,-1,-1,-1,0,0,0,0,0,0,,,,0,0,0,0,0,0,0,0,0,0,0,0,0,0,0,0,0,0,0,0,-1,-1,-1,-1,1,1,1,1,1,1,1,1,-1,-1,1,1,1,1,1,1,1,1,1,0,0,0,0,1,1,1,1,1,1,1,1,1,-1,1,1,1,0,0,1,1,0,1,1,1,0,0,1,1,1,1,1,1,1,1,1,1,0,1,0,0,1,1,1,1,1,-1,0,0,1,-1,1,1,-1,0,0,0,1,-1,1,0,-1,1,-1,0,-1,-1,0,0,0,0,0,-1,0,0,0,-1,0,0,0,0,0,0,0,0,0,0,1,0,0,109,95,14,30.53,275,85,3
finsulate_2021,-1,-1,-1,-1,-1,0,0,0,-1,-1,-1,-1,-1,-1,-1,1,1,0,1,1,1,1,0,0,0,0,0,0,0,1,1,1,0,0,0,1,0,0,1,1,1,1,0,0,0,1,1,1,1,0,0,1,1,1,1,1,1,1,0,0,1,1,0,0,0,,,1,1,1,0,,0,0,0,,0,0,0,0,-1,0,-1,-1,1,1,0,0,1,1,0,1,-1,-1,-1,-1,-1,-1,-1,,1,1,1,1,-1,1,0,0,0,0,0,0,1,1,0,,,,,0,,0,0,1,1,0,0,0,0,0,0,0,0,1,1,0,0,1,1,0,0,1,1,1,1,0,1,1,1,1,1,0,0,0,1,1,0,1,0,1,1,-1,0,1,1,1,0,0,0,0,0,0,0,0,0,0,0,0,-1,0,0,0,0,0,0,0,0,0,0,-1,1,1,1,1,1,0,1,1,1,0,1,1,-1,-1,1,-1,-1,-1,-1,,,-1,-1,0,0,-1,-1,,1,1,1,0,0,0,0,0,0,,,,0,0,0,0,0,0,0,0,0,0,0,0,0,0,0,0,1,1,1,1,1,-1,-1,1,1,1,1,-1,-1,-1,1,0,0,0,1,1,1,1,0,0,0,0,0,0,0,1,0,0,0,0,1,0,0,1,1,1,1,1,0,0,0,0,1,0,0,0,0,0,1,1,1,1,1,1,1,1,1,1,1,0,0,1,0,1,1,1,1,1,1,1,0,0,1,1,1,1,1,0,1,1,1,0,1,1,0,0,0,0,1,1,1,0,0,1,0,0,1,0,0,0,0,0,0,0,-1,0,0,0,0,1,1,0,0,137,112,25,38.38,305,42,16
forest_founders_rewards_2021,-1,-1,-1,-1,-1,-1,-1,-1,-1,-1,-1,-1,-1,-1,-1,1,1,0,1,1,1,1,0,0,-1,0,0,0,0,1,1,1,1,0,0,1,0,0,1,1,1,1,1,0,-1,1,1,1,1,0,0,1,1,1,1,1,1,1,0,0,1,1,0,0,0,1,1,0,1,1,0,1,0,0,0,1,-1,0,0,0,-1,0,-1,-1,0,0,0,0,0,1,0,0,-1,-1,-1,-1,0,0,0,-1,-1,-1,-1,-1,0,1,0,0,0,0,0,0,0,0,0,1,1,1,1,0,1,0,0,1,1,0,0,0,0,0,0,0,0,1,1,0,1,1,1,1,0,1,1,1,0,1,0,1,0,0,0,0,0,0,0,1,0,1,0,1,1,0,0,1,1,1,1,1,0,0,0,0,0,0,0,0,0,0,1,0,0,0,0,0,0,0,0,0,0,0,0,0,0,0,1,0,0,0,1,0,-1,-1,-1,-1,-1,-1,-1,1,1,0,0,1,1,0,0,-1,-1,-1,-1,-1,1,-1,-1,0,0,0,0,,,,0,0,0,0,0,0,0,0,0,-1,-1,-1,0,0,0,0,1,1,1,1,1,-1,1,-1,1,1,1,0,0,0,0,0,1,1,1,1,1,1,0,0,0,0,1,-1,-1,0,0,1,1,1,1,1,1,1,1,1,1,1,1,1,0,0,1,1,1,1,1,1,1,0,1,1,1,-1,1,1,1,-1,1,0,0,1,0,0,1,1,1,1,1,0,0,0,1,1,,1,1,0,1,0,1,0,1,1,0,1,0,0,1,1,1,1,0,,0,1,0,0,0,1,0,0,0,0,0,1,1,0,0,1,1,1,0,141,117,24,39.5,305,53,5
frakktal_2021,-1,-1,-1,-1,-1,0,0,0,-1,-1,-1,-1,-1,-1,-1,-1,-1,-1,1,1,1,0,0,0,-1,-1,1,0,0,1,1,0,0,-1,0,-1,0,0,1,1,1,1,-1,0,0,-1,-1,1,1,0,-1,1,0,1,1,1,1,-1,0,0,1,1,0,0,0,,,1,1,1,-1,0,1,0,0,1,-1,0,-1,1,-1,0,-1,-1,0,0,-1,-1,0,1,0,0,0,0,0,0,0,0,0,-1,-1,-1,-1,1,-1,1,-1,-1,-1,-1,0,0,0,0,0,0,0,0,0,0,0,0,0,1,1,0,0,0,0,0,0,0,0,-1,-1,0,0,1,1,-1,0,-1,-1,-1,0,-1,-1,-1,0,-1,-1,0,0,-1,-1,1,-1,1,0,0,1,0,0,-1,-1,-1,-1,1,1,-1,-1,0,0,1,0,-1,-1,-1,1,-1,-1,-1,0,0,-1,-1,0,-1,-1,-1,0,0,0,0,1,-1,0,0,1,-1,-1,-1,-1,-1,-1,-1,-1,-1,-1,1,1,1,1,0,0,-1,-1,-1,-1,-1,1,-1,-1,0,0,0,0,,,,0,0,0,0,0,0,0,0,0,0,0,0,0,0,,0,-1,-1,-1,-1,-1,-1,-1,-1,1,1,1,1,1,1,0,1,-1,0,-1,-1,-1,1,-1,-1,0,0,1,0,0,0,0,-1,-1,-1,1,1,1,-1,0,1,1,1,-1,-1,0,0,1,1,0,-1,-1,-1,-1,0,-1,-1,1,1,-1,1,-1,0,1,1,1,1,0,0,0,0,0,0,1,0,-1,0,1,0,0,1,1,-1,1,1,1,0,1,0,0,-1,-1,-1,0,1,0,-1,0,0,0,0,-1,-1,-1,0,0,-1,-1,-1,-1,0,0,0,0,0,0,-1,0,79,66,13,22.13,225,132,6
gaia_ai_2021,-1,-1,-1,-1,-1,-1,-1,-1,-1,-1,-1,1,1,1,1,-1,-1,-1,-1,-1,1,1,0,0,0,-1,0,0,0,-1,-1,-1,0,0,0,0,0,0,-1,-1,-1,-1,-1,0,0,-1,-1,-1,-1,0,0,-1,0,-1,-1,-1,-1,0,0,0,0,,0,0,0,,,-1,1,1,0,1,1,0,0,1,0,0,0,-1,-1,1,-1,-1,-1,0,0,0,-1,0,0,-1,0,0,0,0,0,0,0,0,0,0,0,1,-1,1,0,0,0,0,0,0,1,1,0,0,0,0,0,0,0,-1,-1,1,1,-1,-1,0,0,0,0,0,-1,-1,-1,-1,0,1,1,0,-1,-1,-1,-1,0,-1,1,-1,0,0,-1,-1,-1,-1,-1,-1,0,1,-1,-1,-1,-1,0,1,-1,-1,-1,-1,1,-1,-1,-1,0,0,0,0,0,0,-1,-1,0,-1,0,0,-1,0,-1,0,0,-1,-1,0,-1,0,-1,0,0,0,1,-1,0,0,-1,-1,-1,-1,-1,-1,-1,-1,-1,-1,-1,0,0,-1,-1,0,0,0,-1,0,0,0,-1,0,0,,,,0,0,0,0,0,0,0,0,0,0,0,0,0,0,0,0,-1,-1,0,0,-1,-1,-1,-1,1,0,0,1,1,1,1,0,-1,0,-1,-1,-1,1,-1,-1,-1,-1,0,0,0,0,0,-1,-1,-1,1,-1,1,1,1,-1,-1,1,1,1,0,0,1,0,1,0,0,0,0,0,1,0,1,1,0,0,1,0,1,1,0,-1,0,0,0,0,0,-1,-1,-1,-1,-1,1,1,0,-1,0,-1,-1,-1,0,0,1,0,0,0,1,1,0,1,-1,-1,0,-1,0,0,0,0,0,-1,-1,-1,-1,-1,0,0,0,0,0,-1,0,-1,0,52,47,5,14.57,218,139,6
goleafe_2021,-1,-1,-1,-1,-1,-1,-1,-1,-1,-1,-1,1,1,1,1,-1,-1,0,-1,-1,-1,-1,-1,-1,-1,-1,-1,-1,-1,1,1,0,0,0,0,-1,-1,0,1,1,1,1,1,0,-1,1,-1,0,1,0,-1,1,0,0,1,-1,-1,0,0,0,1,0,0,0,0,1,1,1,1,1,0,1,-1,0,0,1,0,0,0,0,1,0,-1,-1,1,0,-1,-1,-1,1,-1,-1,-1,-1,-1,-1,-1,-1,-1,-1,-1,-1,-1,1,-1,1,0,0,0,0,0,0,-1,-1,0,1,1,1,1,0,,0,0,1,1,0,0,-1,0,0,0,0,0,1,1,-1,-1,-1,-1,0,0,1,1,1,1,-1,1,1,0,-1,1,-1,-1,-1,-1,1,-1,1,0,1,1,-1,0,1,1,1,0,-1,-1,1,-1,0,0,0,0,-1,-1,-1,1,-1,-1,0,0,-1,-1,-1,-1,-1,-1,-1,0,-1,0,-1,1,-1,0,0,1,-1,1,1,-1,-1,1,-1,-1,1,1,1,1,1,1,-1,-1,-1,-1,-1,-1,-1,1,1,1,-1,-1,-1,0,,,,0,0,0,0,0,0,0,0,0,0,0,0,0,0,0,0,-1,-1,1,1,1,-1,-1,-1,1,1,1,-1,-1,-1,1,-1,0,0,-1,-1,-1,1,0,0,0,0,-1,-1,-1,-1,0,-1,-1,-1,0,0,0,1,0,1,-1,-1,0,0,0,0,-1,-1,-1,1,1,1,0,0,0,-1,1,1,1,1,1,1,1,-1,-1,1,0,1,1,1,1,1,-1,0,0,1,1,-1,1,1,-1,1,1,-1,1,0,1,-1,-1,1,1,1,1,1,1,1,0,-1,0,-1,-1,0,0,1,1,-1,-1,-1,-1,1,-1,-1,0,0,1,-1,1,112,93,19,31.37,217,142,4
good4earth_2021,-1,-1,-1,-1,-1,-1,-1,-1,-1,-1,-1,-1,-1,-1,-1,1,1,0,1,1,0,1,0,0,0,0,0,0,0,1,1,1,1,1,1,1,0,0,1,1,1,1,0,1,0,0,1,-1,1,0,0,1,1,1,1,1,0,-1,1,1,1,1,1,0,0,0,0,1,1,1,0,0,-1,0,0,1,-1,0,1,0,0,-1,-1,-1,0,-1,0,0,0,0,-1,0,-1,-1,-1,-1,0,0,0,-1,-1,-1,-1,1,1,-1,0,0,0,0,0,0,1,1,0,1,1,1,1,0,0,0,0,1,1,1,1,0,0,0,-1,1,-1,1,1,1,0,1,1,0,0,-1,-1,-1,-1,-1,0,0,,,0,,-1,0,-1,-1,-1,-1,-1,-1,-1,0,-1,-1,0,0,0,-1,-1,0,-1,0,-1,-1,0,1,-1,-1,1,-1,-1,1,1,-1,-1,-1,0,-1,0,0,1,0,1,-1,-1,-1,0,0,,,-1,-1,0,0,,-1,-1,,,0,0,-1,-1,0,0,,,-1,-1,-1,,0,0,0,1,1,0,,,,0,0,0,0,0,,0,0,0,0,0,0,0,0,,-1,,,-1,-1,,,-1,-1,-1,-1,-1,1,1,1,0,1,0,0,0,0,0,1,-1,-1,-1,-1,1,0,0,0,-1,-1,-1,-1,0,-1,1,0,0,1,1,0,1,1,0,-1,1,0,-1,-1,-1,-1,0,-1,1,-1,1,1,1,-1,-1,-1,1,-1,0,1,0,0,-1,-1,-1,-1,1,-1,-1,-1,0,0,-1,1,1,0,0,0,0,1,-1,-1,0,-1,0,0,1,-1,-1,-1,0,0,0,1,1,1,1,-1,-1,0,0,0,0,-1,0,0,0,-1,-1,0,-1,87,72,15,24.37,220,123,20
hago_energetics_2021,-1,-1,-1,-1,-1,-1,-1,-1,-1,-1,-1,1,1,1,1,1,1,0,-1,-1,1,0,0,0,0,1,0,0,0,1,1,0,0,0,0,0,0,0,1,1,1,1,1,0,0,1,1,1,1,0,0,1,0,0,1,1,0,0,0,0,1,0,0,0,0,1,1,0,0,0,0,0,0,0,0,0,0,0,0,0,0,1,0,0,1,0,0,0,1,1,0,0,,1,1,1,-1,-1,-1,-1,-1,-1,-1,0,0,-1,0,0,0,0,0,0,0,0,0,0,0,0,0,0,0,0,0,0,0,0,0,0,0,0,0,0,0,0,0,0,0,0,0,0,0,0,0,0,0,0,-1,1,0,1,0,1,1,0,0,1,0,1,0,1,1,0,0,1,1,1,0,0,0,0,0,0,1,1,0,1,1,1,1,1,0,1,0,1,1,1,0,1,1,1,0,0,0,0,1,1,0,0,1,0,1,1,-1,-1,-1,-1,-1,1,1,0,0,0,0,0,0,1,1,-1,-1,-1,1,1,1,0,0,0,0,,,,0,0,0,0,0,0,0,0,0,,1,1,0,0,0,0,1,1,1,1,1,-1,-1,-1,1,1,1,1,1,1,0,1,1,1,0,0,0,1,0,0,0,0,1,0,0,1,0,1,1,1,1,0,1,1,0,1,1,1,1,1,0,1,1,1,1,1,1,1,1,0,1,0,0,1,-1,-1,0,1,1,1,0,1,0,0,1,1,1,1,1,1,0,0,1,0,1,1,1,0,1,0,0,0,0,1,0,0,0,0,1,1,0,1,0,1,0,1,0,0,0,1,1,0,0,0,0,1,0,0,0,0,1,0,0,134,117,17,37.54,323,35,5
hexas_biomass_inc_2021,-1,-1,-1,-1,-1,0,0,0,-1,-1,-1,-1,-1,-1,-1,1,1,0,1,1,0,-1,0,0,-1,1,0,1,1,1,1,0,0,0,0,0,0,0,1,1,-1,1,0,0,0,1,1,1,1,0,0,1,-1,0,1,-1,-1,0,0,0,1,-1,0,0,0,0,0,-1,0,0,0,1,0,0,0,1,0,0,0,1,1,0,1,1,1,1,-1,-1,0,1,1,-1,0,0,0,0,0,0,0,-1,-1,-1,-1,1,0,1,0,0,0,0,0,0,1,1,0,,,,,0,,0,0,1,1,0,0,0,0,0,0,0,0,1,1,0,1,1,1,1,0,1,1,1,-1,1,1,1,-1,0,1,-1,-1,0,1,1,0,1,0,0,1,0,0,1,1,1,0,0,0,0,0,0,-1,1,0,-1,-1,0,1,-1,0,-1,0,-1,-1,-1,0,0,-1,-1,0,-1,0,0,-1,-1,-1,0,1,-1,1,1,-1,-1,-1,-1,-1,-1,-1,0,0,1,1,0,0,-1,-1,,1,1,1,-1,-1,0,0,0,0,,,,0,0,0,0,0,0,0,0,0,0,0,0,0,0,0,0,-1,-1,1,1,-1,-1,-1,-1,1,1,1,1,1,1,0,1,1,-1,0,0,0,1,0,0,0,0,1,0,0,1,0,0,0,0,1,1,1,1,0,1,1,0,1,1,0,-1,1,1,1,1,1,1,1,0,1,1,1,1,1,1,1,1,1,-1,0,1,-1,1,1,1,1,1,1,-1,0,-1,1,1,1,1,0,0,1,-1,1,1,1,1,1,0,0,1,1,1,1,1,0,1,0,1,-1,0,0,1,1,0,0,0,0,1,0,0,0,0,1,0,0,130,108,22,36.41,283,71,9
hoopoe_energy_2021,-1,-1,-1,-1,-1,-1,-1,-1,-1,-1,-1,-1,-1,-1,-1,1,1,0,1,1,1,1,0,0,0,-1,-1,0,0,1,1,0,0,0,0,0,0,0,-1,-1,-1,1,-1,0,0,1,1,1,-1,0,0,-1,-1,0,-1,0,0,0,-1,-1,1,-1,-1,0,0,1,1,1,1,1,0,1,-1,-1,0,,0,0,-1,0,0,0,0,0,0,0,-1,-1,0,0,-1,0,0,0,0,0,0,0,0,0,0,0,0,0,0,-1,-1,-1,-1,-1,0,0,-1,-1,0,1,1,1,1,0,0,-1,-1,-1,-1,-1,-1,0,0,0,0,0,0,1,1,0,-1,-1,-1,0,0,-1,-1,-1,0,0,0,0,0,0,0,0,0,0,0,0,0,0,0,0,0,0,0,-1,-1,-1,0,0,0,0,0,0,-1,0,0,-1,-1,-1,-1,-1,0,-1,0,-1,-1,-1,0,-1,-1,-1,0,0,0,0,-1,-1,0,0,-1,0,-1,-1,-1,-1,-1,-1,-1,1,1,-1,-1,1,1,-1,-1,-1,-1,0,0,0,1,0,0,0,0,0,0,,,,0,0,0,0,0,0,0,0,0,0,0,0,0,0,0,0,-1,-1,0,0,-1,-1,-1,-1,1,1,1,1,1,1,-1,0,0,0,1,1,1,1,-1,-1,0,0,1,0,0,0,0,1,1,1,1,1,1,1,1,1,1,1,1,1,0,0,1,1,1,1,1,1,0,0,1,1,1,1,1,1,1,1,1,0,1,1,1,1,1,1,1,-1,0,-1,0,0,1,1,1,1,1,-1,-1,-1,1,0,1,0,0,1,-1,-1,-1,1,-1,1,0,-1,0,0,0,-1,-1,0,0,0,0,0,0,0,0,0,0,0,1,0,0,87,71,16,24.37,252,107,4
hydragas_energy_limited_2021,1,1,1,1,1,,1,1,1,1,1,1,1,1,1,1,1,0,1,1,1,1,-1,-1,-1,-1,1,1,1,1,1,0,-1,-1,0,1,-1,0,1,1,1,1,-1,0,0,1,1,1,1,0,0,1,1,-1,1,1,1,1,-1,-1,1,1,-1,0,0,1,1,1,1,1,0,1,1,0,0,1,-1,-1,-1,1,1,0,-1,-1,1,0,1,1,0,1,1,0,,1,1,1,,1,1,-1,-1,-1,-1,1,1,1,-1,-1,-1,-1,1,0,1,1,-1,1,1,1,1,0,0,0,0,1,1,0,0,0,0,0,0,0,0,-1,-1,0,-1,1,1,1,0,1,1,1,-1,0,1,1,0,0,-1,-1,-1,0,-1,-1,0,-1,-1,-1,-1,0,0,-1,-1,-1,0,0,0,-1,0,0,-1,0,0,-1,-1,-1,1,-1,-1,-1,0,-1,-1,-1,0,-1,-1,-1,-1,0,-1,-1,-1,-1,0,0,-1,0,-1,-1,-1,-1,-1,-1,-1,0,0,0,0,-1,-1,0,0,-1,-1,-1,-1,-1,1,-1,-1,0,0,0,0,,,,0,0,0,0,0,0,0,0,0,0,0,0,0,0,,0,-1,-1,-1,-1,-1,-1,-1,-1,1,1,1,1,1,1,-1,1,1,1,1,1,1,1,0,0,0,0,1,0,0,0,0,1,1,1,1,1,1,1,-1,1,1,1,1,1,-1,0,1,1,1,1,1,1,1,0,1,1,1,1,1,1,1,1,1,0,0,1,1,1,1,1,1,1,1,-1,-1,-1,1,1,1,1,-1,-1,-1,-1,1,0,0,0,-1,1,-1,0,-1,1,1,1,0,-1,0,1,0,-1,-1,1,-1,-1,-1,-1,0,0,0,0,0,0,1,0,0,146,123,23,40.9,250,106,7
hydronic_shell_technologies_2021,-1,-1,-1,-1,-1,-1,-1,-1,-1,-1,-1,0,0,0,0,1,1,0,1,1,1,1,0,0,0,0,0,0,0,1,1,-1,-1,0,0,0,-1,-1,-1,1,1,1,-1,-1,0,1,-1,0,-1,0,-1,0,0,0,1,1,1,0,0,0,0,-1,0,0,0,1,1,1,0,0,0,1,0,0,0,0,0,1,1,-1,0,-1,-1,-1,0,-1,0,0,0,0,-1,-1,0,0,0,0,0,0,0,0,0,0,0,0,0,1,0,0,0,0,0,0,0,0,0,,,,,0,0,0,0,-1,-1,0,0,-1,0,0,0,0,0,1,1,-1,0,1,1,-1,0,1,1,1,-1,-1,0,0,0,0,1,1,0,1,1,0,0,0,0,0,1,1,1,0,1,1,0,1,1,1,0,1,0,1,0,1,0,0,1,1,0,0,0,1,0,1,0,1,0,0,1,0,0,1,1,0,1,1,0,,-1,-1,-1,-1,-1,-1,-1,-1,-1,-1,-1,0,0,0,0,-1,-1,0,0,0,0,-1,-1,0,0,0,-1,,,,0,0,,0,0,0,1,0,0,-1,-1,-1,1,0,0,-1,1,1,-1,-1,-1,-1,-1,-1,-1,0,0,0,0,0,1,0,1,1,1,1,1,-1,1,1,-1,-1,1,0,0,0,-1,-1,-1,1,-1,-1,1,1,1,-1,1,-1,-1,-1,-1,0,1,0,-1,-1,-1,-1,1,0,-1,1,1,1,0,0,1,1,1,1,1,-1,-1,-1,1,1,1,-1,-1,-1,0,1,1,1,1,1,1,1,0,0,0,1,1,1,0,0,0,1,0,1,1,0,1,1,0,1,0,-1,-1,-1,1,0,0,0,-1,-1,0,1,-1,1,1,-1,-1,105,89,16,29.41,259,95,9
hydrova_2021,-1,-1,-1,-1,-1,-1,-1,-1,-1,-1,-1,-1,-1,-1,-1,1,1,0,1,1,1,1,-1,-1,-1,-1,-1,0,0,1,1,0,0,0,0,0,0,0,0,0,-1,1,1,-1,-1,1,1,1,1,-1,0,-1,-1,0,1,-1,0,0,-1,-1,-1,0,0,0,0,0,0,-1,0,0,0,1,0,0,0,-1,0,0,0,1,-1,0,-1,-1,0,0,-1,-1,0,1,-1,0,-1,-1,-1,-1,0,0,0,-1,-1,-1,-1,0,0,1,0,0,0,0,0,0,0,0,0,0,0,0,0,0,0,0,0,0,0,0,0,0,0,0,0,0,0,0,0,0,0,0,0,0,0,-1,-1,-1,0,0,0,-1,0,-1,0,-1,-1,0,0,1,0,1,-1,-1,1,0,0,-1,-1,-1,0,0,-1,-1,-1,-1,-1,0,0,0,0,-1,1,-1,-1,-1,0,-1,0,-1,0,0,-1,-1,0,0,0,0,-1,-1,0,-1,1,,1,1,-1,-1,-1,-1,-1,0,0,-1,-1,1,1,-1,-1,-1,-1,-1,-1,-1,1,-1,-1,0,0,0,0,,,,0,0,,0,0,,0,0,,-1,-1,-1,1,0,0,-1,-1,-1,-1,-1,1,-1,-1,-1,1,1,1,1,1,1,-1,1,-1,0,,,,1,-1,-1,-1,-1,1,-1,-1,-1,0,1,1,-1,1,-1,-1,1,1,1,1,0,0,0,0,0,1,1,1,1,1,1,0,0,1,1,1,-1,1,-1,-1,0,-1,0,1,1,1,-1,1,1,1,1,-1,0,-1,-1,1,0,-1,1,1,0,1,0,0,0,-1,-1,-1,1,0,0,1,1,1,1,0,1,0,0,-1,0,0,0,0,0,0,0,0,0,0,0,0,1,0,0,0,75,56,19,21.01,227,126,10
hyfoil_marine_2021,-1,-1,-1,-1,-1,-1,-1,-1,-1,-1,-1,-1,-1,-1,-1,1,1,,-1,-1,1,1,1,1,1,1,0,0,0,1,1,1,0,0,0,0,0,0,1,1,0,1,0,0,0,-1,0,1,0,0,0,1,0,1,0,1,0,0,0,0,1,1,0,,,1,1,1,0,0,0,,0,0,1,1,1,1,1,0,1,0,1,1,1,0,1,1,1,1,1,0,0,0,0,0,0,0,0,,,,,1,1,1,0,0,1,1,0,0,,,0,,,,,1,1,0,0,1,1,0,0,0,0,1,0,0,0,,,,1,1,1,0,1,1,1,1,0,0,1,0,1,1,0,1,1,1,0,1,1,1,0,1,1,0,0,1,1,1,0,0,0,0,1,1,1,0,0,0,1,0,1,1,0,1,0,1,1,1,0,1,1,1,0,0,0,0,0,1,0,0,0,0,-1,-1,-1,-1,-1,-1,-1,-1,-1,-1,-1,-1,-1,-1,-1,-1,-1,0,0,0,0,-1,-1,0,-1,0,-1,,,,0,0,0,0,0,0,0,0,0,0,0,0,0,0,0,0,0,0,-1,-1,-1,-1,-1,-1,1,1,1,1,1,1,1,1,1,0,1,1,1,1,1,1,1,1,1,0,0,0,1,1,1,1,0,1,0,1,1,1,1,1,1,1,0,0,1,1,1,1,1,1,0,0,1,1,1,0,1,1,1,1,1,1,1,1,0,0,1,1,1,1,1,0,1,0,1,1,1,0,1,0,0,1,1,0,1,1,0,1,0,1,1,1,0,1,0,0,0,1,1,1,1,1,1,1,1,1,1,0,0,1,0,0,0,1,0,160,138,22,44.82,298,45,20
innovasion_labs_pinc_inc_2021,1,1,1,1,1,-1,-1,-1,1,1,1,1,1,1,1,1,1,0,1,1,1,1,-1,-1,1,1,1,1,1,1,1,0,0,0,0,1,0,0,1,1,-1,1,0,1,1,1,1,1,0,1,0,1,0,1,1,0,0,0,0,0,1,1,0,0,0,1,1,1,,,-1,0,1,-1,0,0,1,0,0,1,1,0,0,0,0,0,-1,-1,0,1,1,1,,1,1,1,0,0,0,-1,-1,-1,-1,1,0,1,0,0,0,0,0,0,0,0,0,,,,,,0,0,0,1,1,0,0,0,0,0,0,0,0,1,1,0,1,1,1,1,0,1,1,1,0,1,0,1,,0,0,1,1,0,0,0,0,1,0,1,1,0,0,0,-1,1,0,0,1,0,1,0,1,0,0,0,1,1,1,1,0,1,0,1,1,1,0,,0,1,0,1,0,0,1,1,-1,1,,,1,1,-1,-1,-1,-1,-1,1,1,0,0,1,1,0,0,-1,-1,-1,-1,-1,0,-1,-1,0,0,0,-1,,,,0,0,0,0,0,0,0,0,0,-1,-1,-1,0,0,,0,-1,-1,-1,-1,1,-1,-1,-1,1,0,0,1,1,1,1,1,0,0,1,1,1,1,0,0,0,0,1,1,1,1,1,1,1,1,1,1,1,1,0,1,1,1,1,1,0,0,1,1,,1,1,1,0,0,1,1,1,1,1,0,1,1,1,0,1,1,,,0,0,0,0,0,0,0,1,0,-1,0,1,0,0,1,1,,0,1,1,0,1,0,0,0,,1,1,0,,1,1,1,1,1,1,1,-1,-1,-1,1,0,1,-1,-1,0,0,1,0,158,140,18,44.26,296,45,22
inrg_solutions_llc_2021,-1,-1,-1,-1,-1,-1,-1,-1,-1,-1,-1,-1,-1,-1,-1,1,1,1,1,1,1,-1,0,0,0,1,1,1,1,1,1,0,0,0,0,0,0,0,1,1,1,1,1,0,0,1,1,-1,1,0,0,1,0,0,1,1,1,0,0,0,1,1,0,0,0,1,1,-1,0,0,0,1,-1,0,0,1,0,0,0,0,0,0,0,0,0,0,0,0,0,1,0,0,0,0,0,0,0,0,0,-1,-1,-1,-1,0,0,1,0,0,0,0,0,0,1,1,0,,,,,0,,0,0,1,1,0,0,0,0,0,0,0,0,1,1,0,0,1,1,0,0,1,1,1,0,0,1,1,0,0,1,0,0,0,1,1,0,1,0,0,0,0,0,1,1,1,0,0,0,0,0,0,-1,1,0,-1,-1,-1,1,-1,0,-1,0,-1,-1,-1,0,-1,-1,-1,0,0,0,0,1,-1,0,0,1,-1,-1,-1,-1,-1,-1,-1,-1,1,1,0,0,0,0,0,0,-1,-1,0,0,0,1,-1,-1,0,0,0,0,,,,0,0,0,0,0,0,0,0,0,0,0,0,,,,0,1,1,-1,-1,1,-1,-1,-1,1,1,1,1,1,1,0,1,1,-1,1,1,1,1,0,0,0,0,1,0,0,1,0,1,1,-1,1,0,1,1,0,1,1,1,0,0,0,0,1,1,1,1,1,1,1,0,-1,1,1,1,1,1,1,1,0,0,0,1,0,-1,1,1,1,1,-1,-1,0,0,1,1,1,1,-1,0,1,0,1,0,1,1,1,1,0,-1,1,1,1,1,0,1,0,1,-1,-1,-1,1,1,-1,-1,-1,0,-1,-1,0,0,1,-1,0,0,122,101,21,34.17,282,70,11
iwatertech_2021,-1,-1,-1,-1,-1,-1,-1,-1,-1,-1,-1,-1,-1,-1,-1,-1,-1,-1,-1,-1,0,-1,0,0,0,-1,0,0,0,1,1,-1,0,0,0,0,0,0,1,0,0,1,1,0,0,1,1,1,0,0,0,1,0,0,1,1,-1,0,0,0,1,0,0,0,0,1,1,1,-1,-1,0,1,0,0,0,1,0,0,0,0,-1,1,1,1,1,1,1,1,1,1,1,-1,-1,-1,-1,-1,0,0,0,0,0,0,0,1,1,1,1,1,1,1,0,0,0,0,0,1,1,1,1,0,1,0,0,1,1,0,0,0,0,0,0,-1,0,-1,-1,0,0,1,1,0,0,-1,-1,-1,0,0,1,1,0,0,1,0,-1,0,1,1,0,1,0,1,1,0,0,1,1,1,0,0,0,0,0,0,1,0,0,-1,-1,-1,1,-1,0,-1,0,-1,-1,-1,0,-1,-1,-1,0,0,0,0,1,-1,0,0,1,0,1,1,-1,-1,-1,-1,-1,0,0,1,1,0,0,0,0,-1,-1,-1,-1,-1,1,-1,-1,0,0,0,0,,,,0,0,0,0,0,0,0,0,0,0,0,0,0,0,0,0,1,1,1,1,-1,-1,-1,-1,1,1,1,1,1,1,0,0,1,1,1,1,1,1,0,0,0,0,1,0,0,1,0,1,1,0,1,1,-1,1,0,1,1,1,-1,-1,0,0,1,1,1,1,1,1,1,0,-1,1,1,1,1,1,0,1,0,0,0,0,0,-1,1,1,1,1,1,0,0,-1,0,0,,1,0,-1,0,1,1,1,1,1,0,0,-1,1,1,1,-1,0,0,0,0,1,-1,0,0,1,1,0,0,0,0,-1,-1,0,0,0,0,-1,0,119,102,17,33.33,279,80,4
joule_inc_2021,-1,-1,-1,-1,-1,-1,-1,-1,-1,-1,-1,-1,-1,-1,-1,1,1,1,1,1,0,1,0,0,0,0,0,0,0,1,1,-1,0,0,0,0,0,0,1,0,0,1,1,0,0,1,1,1,0,0,0,1,0,0,1,1,1,0,0,0,1,0,0,0,0,,,1,1,1,0,1,0,0,0,1,0,0,0,0,0,1,1,1,1,1,1,1,1,1,1,0,-1,-1,-1,-1,0,0,0,0,0,0,0,1,1,1,1,1,1,1,0,0,0,0,0,,,,,0,,0,0,1,1,0,0,0,0,0,0,1,0,0,0,0,0,1,1,-1,0,-1,-1,-1,0,0,1,1,0,0,1,0,1,0,1,1,0,1,0,1,1,0,0,1,1,1,0,0,0,0,0,0,1,0,0,1,1,1,1,1,0,1,0,1,1,1,0,1,1,1,0,0,0,0,1,1,0,0,1,0,1,1,-1,-1,-1,-1,-1,0,0,-1,-1,0,0,0,0,-1,-1,-1,-1,-1,1,-1,-1,0,0,0,0,,,,0,0,0,0,0,0,0,0,0,0,0,0,0,0,0,0,1,1,1,1,-1,-1,1,-1,1,1,1,1,1,1,0,0,1,1,1,1,1,1,0,0,0,0,1,0,0,1,0,1,1,0,1,1,1,1,0,1,1,1,0,0,0,0,1,1,1,1,1,1,1,0,1,1,1,1,1,1,0,1,0,0,0,-1,0,0,1,1,1,1,1,0,0,0,0,0,,1,0,1,0,1,1,1,1,1,0,0,1,1,1,1,1,0,0,0,0,1,0,0,0,1,1,0,0,0,0,1,1,0,0,-1,-1,0,0,141,122,19,39.5,308,44,11
kai_systems_2021,1,1,1,1,1,-1,-1,-1,1,1,1,-1,-1,-1,-1,1,1,0,1,1,1,1,0,0,1,0,0,1,1,1,1,1,0,0,0,0,0,0,1,1,1,1,1,0,0,1,1,1,1,0,0,-1,1,0,0,0,0,0,0,0,1,1,0,0,0,,,1,1,1,0,,1,0,0,1,0,0,0,0,1,0,1,1,1,1,0,0,1,1,1,0,-1,-1,-1,-1,0,0,0,-1,-1,-1,-1,1,1,1,1,1,1,1,0,0,1,1,0,1,1,1,1,0,1,1,1,1,1,1,1,0,0,0,0,0,0,1,1,0,0,1,1,-1,0,1,1,1,-1,0,1,1,0,0,1,0,0,0,1,1,0,1,0,1,1,0,0,1,1,1,0,0,0,1,0,0,0,1,0,0,0,0,1,0,1,0,0,0,0,0,0,0,0,0,0,0,0,0,1,0,0,0,1,-1,1,1,-1,-1,-1,1,-1,0,0,1,1,0,0,0,0,-1,-1,,1,1,1,-1,-1,0,0,0,0,,,,0,0,0,0,0,0,0,0,0,0,0,0,0,0,0,0,1,1,1,1,1,-1,-1,1,1,0,0,0,0,0,1,0,1,1,0,0,0,0,0,0,0,0,0,0,0,0,0,0,0,0,1,0,0,1,1,1,1,1,1,1,0,0,1,1,,1,1,1,1,0,1,1,1,1,1,1,0,1,0,0,0,1,1,1,0,0,0,0,1,0,0,0,1,0,1,1,1,0,1,1,1,1,1,1,1,0,1,0,0,1,1,1,0,1,0,0,0,0,0,0,0,0,0,0,0,0,0,0,0,0,1,0,0,149,128,21,41.74,326,29,8
kairospace_technologies_2021,1,1,1,1,1,-1,-1,-1,1,1,1,1,1,1,1,1,1,0,1,1,1,1,0,0,0,-1,-1,0,0,1,1,0,0,0,0,1,-1,0,1,1,1,1,-1,0,0,1,1,1,1,0,0,1,1,1,1,1,1,1,0,0,1,1,-1,0,0,1,1,1,1,1,0,1,-1,0,0,1,0,0,-1,1,1,1,-1,-1,0,0,-1,-1,1,1,0,0,0,0,0,0,0,0,0,-1,-1,-1,-1,1,0,1,-1,-1,-1,-1,0,0,1,1,0,1,1,1,1,0,-1,-1,-1,1,1,-1,-1,0,0,0,0,0,0,1,1,0,0,1,1,0,0,1,1,1,0,0,1,1,0,0,0,-1,-1,0,0,-1,0,0,0,0,0,0,0,-1,-1,-1,0,0,0,0,0,0,-1,0,0,-1,-1,-1,1,-1,0,-1,0,-1,-1,-1,0,-1,-1,-1,0,-1,0,0,-1,-1,0,0,-1,0,-1,-1,-1,-1,-1,-1,-1,-1,-1,-1,-1,-1,-1,-1,-1,-1,-1,-1,-1,-1,1,-1,-1,0,0,0,0,,,,0,0,0,0,0,0,0,0,0,-1,-1,-1,0,0,0,0,-1,-1,-1,-1,-1,-1,-1,-1,1,1,1,1,1,1,1,1,0,0,1,1,1,1,1,1,0,0,1,0,0,0,0,1,1,1,1,1,1,1,1,1,1,1,1,1,0,0,1,1,1,1,1,1,1,0,1,1,1,1,1,1,1,1,1,1,0,1,1,1,1,1,1,1,0,-1,-1,0,1,-1,1,1,1,-1,-1,-1,1,1,1,0,0,1,-1,-1,-1,-1,-1,-1,0,1,0,-1,0,-1,-1,-1,-1,0,0,0,0,0,0,0,0,0,1,0,0,133,112,21,37.25,261,99,3
long_island_clean_water_technol_2021,1,1,1,1,1,-1,-1,-1,1,1,1,1,1,1,1,-1,-1,1,-1,-1,1,-1,0,0,0,-1,1,1,1,1,1,0,0,0,-1,-1,0,0,1,1,-1,1,1,0,0,-1,-1,-1,-1,0,0,-1,-1,1,1,-1,-1,-1,0,0,1,-1,0,0,0,1,1,-1,-1,-1,0,1,-1,0,0,1,0,0,0,0,-1,0,-1,-1,-1,-1,0,0,-1,1,-1,0,-1,-1,-1,-1,0,0,0,-1,-1,-1,-1,1,0,1,0,0,0,0,0,0,1,1,0,,,,,0,0,0,0,1,1,0,0,0,0,0,0,0,0,1,1,0,-1,1,1,-1,0,-1,-1,-1,0,-1,-1,1,0,0,0,-1,-1,0,0,1,-1,-1,0,-1,-1,0,0,-1,-1,-1,0,0,0,-1,0,0,-1,-1,0,0,0,0,-1,1,-1,0,0,-1,-1,-1,0,-1,-1,0,0,-1,0,0,-1,-1,0,0,-1,0,-1,-1,-1,-1,-1,-1,-1,1,1,1,1,-1,-1,0,0,-1,-1,0,0,0,-1,-1,-1,0,0,-1,0,,,,0,0,0,0,0,0,0,0,0,0,0,0,0,0,,0,-1,-1,-1,-1,-1,-1,-1,-1,1,1,1,1,1,1,-1,1,-1,-1,1,1,1,1,-1,-1,0,0,1,0,0,-1,0,1,1,-1,-1,1,1,1,-1,-1,-1,-1,-1,-1,0,0,-1,1,1,1,1,1,-1,-1,1,1,1,1,1,1,1,1,-1,0,0,1,0,0,1,1,1,1,0,0,0,0,0,0,1,1,-1,1,1,1,1,1,1,0,0,1,1,1,1,-1,-1,-1,0,-1,0,0,0,0,0,0,0,0,0,0,0,0,0,0,0,0,1,0,-1,96,82,14,26.89,237,118,8
meltek_2021,-1,-1,-1,-1,-1,0,0,0,-1,-1,-1,1,1,1,1,-1,-1,0,-1,-1,0,-1,0,0,0,-1,-1,1,1,1,1,1,-1,0,0,0,0,0,-1,-1,-1,-1,-1,0,0,0,-1,-1,0,0,0,1,1,1,1,1,0,-1,0,0,1,1,0,0,0,0,0,0,0,0,0,0,-1,0,0,-1,0,0,0,0,1,0,-1,-1,-1,0,-1,-1,0,1,1,0,0,0,0,0,0,0,0,-1,-1,-1,-1,1,-1,1,0,0,0,0,0,0,0,0,0,0,0,0,0,0,0,0,0,1,1,0,0,0,0,-1,0,0,0,-1,-1,0,0,1,1,0,-1,-1,-1,-1,-1,0,0,1,0,0,-1,0,0,0,-1,1,0,1,0,0,0,0,0,-1,-1,1,-1,-1,-1,0,-1,0,0,1,0,0,0,0,-1,0,0,0,0,0,0,0,-1,0,0,0,-1,-1,-1,-1,-1,0,-1,-1,0,0,1,1,-1,1,-1,-1,-1,0,0,-1,-1,-1,-1,0,0,-1,-1,-1,-1,-1,-1,-1,-1,0,0,0,0,,,,0,0,0,0,0,0,0,0,0,0,0,0,0,0,0,0,-1,-1,1,1,1,-1,-1,-1,1,1,1,1,1,1,0,-1,0,0,-1,-1,-1,-1,-1,-1,0,0,1,-1,-1,-1,0,1,1,0,1,1,1,1,-1,1,-1,-1,-1,-1,0,-1,1,1,0,1,1,1,-1,0,-1,1,1,1,1,0,1,1,1,1,0,1,-1,0,1,1,1,1,1,-1,0,0,1,-1,,1,0,0,1,-1,1,-1,1,1,-1,1,0,-1,1,1,1,-1,0,-1,0,1,-1,0,0,1,-1,0,0,0,-1,0,0,0,0,0,0,0,0,81,69,12,22.69,247,112,4
mespac_2021,-1,-1,1,1,1,0,0,0,1,1,1,1,1,1,1,-1,-1,0,-1,-1,1,0,0,0,0,1,0,0,0,-1,-1,0,0,0,0,0,-1,0,1,1,1,-1,1,0,0,1,1,1,0,0,1,1,0,0,1,1,1,0,0,0,-1,-1,0,0,0,1,1,0,0,0,0,,0,0,0,,0,0,1,0,0,0,0,0,0,0,-1,-1,0,1,0,1,0,0,0,0,0,0,0,0,0,0,0,0,0,1,0,0,0,0,0,0,1,1,1,,,,,0,,0,0,1,1,0,0,0,0,0,0,0,0,1,1,0,1,1,1,1,0,1,1,1,0,1,1,0,0,1,0,0,0,0,0,1,0,0,0,0,0,0,0,1,1,1,0,0,0,0,0,0,1,0,0,1,1,1,1,1,0,1,0,1,1,1,0,1,1,1,0,0,0,0,1,1,0,0,1,0,1,1,-1,-1,-1,-1,-1,-1,-1,1,1,0,0,0,0,-1,-1,-1,-1,-1,0,-1,-1,0,0,0,0,,,,0,0,0,0,0,0,0,0,0,0,0,0,,,,0,1,1,1,1,1,-1,-1,-1,1,,,1,1,1,0,1,0,0,1,1,1,1,0,0,0,0,1,0,0,1,0,1,1,1,1,0,1,1,0,1,1,1,1,1,0,1,1,1,1,1,1,1,1,0,0,1,1,1,1,1,0,1,1,0,0,1,0,0,1,1,1,1,1,1,0,0,1,0,,1,0,0,1,1,1,0,1,1,0,0,0,1,1,1,1,0,0,0,0,1,1,0,0,1,1,1,1,1,1,0,0,0,0,0,0,0,0,139,119,20,38.94,316,31,16
middle_east_well_services_2021,1,1,-1,-1,-1,-1,-1,-1,-1,-1,-1,1,1,1,1,1,1,0,1,1,1,0,0,0,0,0,0,0,0,1,1,0,0,0,0,0,0,0,1,1,1,1,1,0,0,0,1,1,1,0,0,1,0,0,1,1,1,0,0,0,1,0,0,0,0,0,0,0,0,0,0,,1,0,0,,0,0,0,1,1,,1,1,1,0,0,0,0,1,1,0,,1,1,1,-1,-1,-1,,1,1,1,1,1,1,0,0,0,0,0,0,1,1,1,,,,,0,,0,0,1,1,0,0,0,0,0,0,0,0,1,1,0,1,1,1,1,0,1,1,1,0,1,1,1,0,0,1,1,1,0,1,1,0,1,0,1,1,0,0,1,1,1,0,0,0,0,0,0,1,0,0,1,1,1,1,0,0,1,0,1,1,1,0,1,1,1,0,0,0,0,1,1,0,0,1,-1,1,1,-1,-1,-1,-1,-1,1,1,0,0,0,0,0,0,0,0,,1,1,1,-1,-1,0,0,0,0,,,,0,0,0,0,0,0,0,0,0,0,0,0,0,0,0,0,1,1,1,1,1,-1,-1,-1,1,0,0,1,1,1,0,1,1,0,0,0,0,1,0,0,0,0,1,0,0,1,1,0,0,0,0,0,0,1,0,1,0,0,0,0,0,0,0,0,0,1,1,1,1,0,0,1,1,1,1,1,1,1,0,0,0,1,1,1,0,0,0,0,1,0,0,0,1,0,,1,0,0,1,0,1,1,1,1,0,1,0,1,0,1,1,0,0,0,0,0,1,0,0,0,0,0,0,0,0,0,0,0,0,1,1,0,0,139,119,20,38.94,325,23,15
moduly_2021,-1,-1,1,1,1,-1,-1,-1,-1,-1,-1,-1,-1,-1,-1,1,1,1,1,1,1,0,0,0,0,1,1,1,1,1,1,1,-1,-1,-1,1,1,0,1,1,1,1,1,1,0,1,1,1,0,0,1,1,-1,0,1,1,1,0,0,0,1,1,0,-1,-1,0,0,-1,1,1,0,1,1,0,0,1,0,0,1,1,1,1,-1,-1,0,0,1,1,0,1,0,1,,1,1,1,0,0,0,0,0,0,0,1,0,1,0,0,0,0,0,0,1,1,0,0,0,0,0,0,0,0,0,1,1,0,0,0,0,0,0,0,0,1,1,0,0,1,1,0,0,1,1,1,0,0,1,1,,1,1,1,1,0,1,1,0,1,0,1,0,0,0,1,1,1,0,0,1,0,0,0,1,0,0,1,1,1,1,1,0,1,0,1,1,1,0,1,1,1,0,1,0,0,0,1,1,0,,0,1,1,-1,-1,-1,-1,-1,1,1,0,0,0,0,0,0,-1,-1,,1,1,1,-1,-1,0,0,0,0,,,,0,0,0,0,0,0,0,0,0,0,0,0,0,0,0,0,1,1,1,1,1,1,1,1,1,0,0,1,1,1,1,0,1,0,1,1,1,0,0,0,0,0,0,0,0,0,0,0,0,0,1,0,0,1,1,1,1,1,1,1,0,1,1,0,1,1,1,1,1,0,0,1,1,1,1,1,1,0,1,0,0,1,0,1,1,1,1,1,1,1,0,1,1,0,,1,0,0,1,1,1,1,1,0,0,0,0,1,1,1,0,0,0,0,0,1,1,1,1,1,-1,0,0,0,1,0,0,0,0,-1,-1,-1,0,164,140,24,45.94,321,34,8
mold_srl_2021,-1,-1,-1,-1,-1,0,0,0,-1,-1,-1,-1,-1,-1,-1,1,1,1,1,1,1,0,0,0,0,0,0,0,0,1,1,1,1,1,1,0,0,0,1,1,1,1,0,0,0,1,1,1,1,1,1,1,1,0,0,0,0,0,1,1,1,1,1,,,0,0,0,0,0,0,1,0,0,0,1,0,0,0,0,1,0,0,0,1,1,0,0,0,0,1,0,0,0,0,0,0,0,0,,1,1,1,1,1,1,0,0,0,0,0,0,0,0,0,,,,,0,0,0,0,1,1,0,0,0,0,0,0,0,0,1,1,0,1,1,1,1,0,1,1,1,0,1,0,0,0,0,1,0,0,0,0,1,1,1,0,1,1,0,0,0,0,0,0,0,0,0,1,1,0,0,1,0,0,0,0,0,0,0,0,0,0,0,0,0,0,0,0,1,0,0,0,0,1,0,0,,-1,-1,1,1,1,-1,-1,0,0,0,0,0,0,0,0,0,0,0,0,0,0,0,0,0,0,0,0,,,,0,0,0,0,0,0,0,0,0,0,0,0,0,0,0,0,-1,-1,1,1,-1,-1,-1,-1,1,1,1,1,1,1,0,1,1,1,1,1,1,1,0,0,0,0,1,0,0,0,0,0,0,0,1,1,1,1,1,1,1,1,1,1,1,0,1,0,1,1,1,1,1,1,-1,1,,0,1,1,1,0,0,0,0,1,0,0,0,0,0,0,0,0,0,0,1,0,0,1,1,0,1,0,0,0,0,0,0,1,1,1,0,0,1,1,1,0,1,1,0,1,1,1,1,1,1,1,0,0,0,0,0,0,0,1,0,126,103,23,35.29,328,23,12
nanolyx_inc_2021,-1,-1,-1,-1,-1,0,0,0,-1,-1,-1,-1,-1,-1,-1,1,1,0,0,0,,1,0,0,0,1,1,0,0,1,1,0,0,0,0,0,0,0,1,0,1,1,0,0,0,1,1,1,1,0,0,1,0,1,1,1,1,0,0,0,1,1,0,0,0,1,1,0,1,1,0,0,0,0,0,0,0,0,0,1,1,0,-1,-1,0,0,0,0,1,1,1,1,0,0,0,0,0,0,0,0,0,0,0,1,1,1,0,0,0,0,0,0,0,0,0,1,1,1,1,0,-1,0,0,1,1,0,0,0,0,0,0,-1,0,1,1,0,1,1,1,1,0,1,1,1,0,1,0,0,,0,0,0,0,0,0,0,0,1,0,1,0,0,0,1,1,1,0,0,0,0,0,0,0,0,0,1,1,1,1,1,0,1,0,1,1,1,0,1,1,1,0,0,0,0,0,1,0,0,0,,1,1,-1,-1,-1,-1,-1,1,1,-1,-1,1,1,1,1,-1,-1,-1,-1,-1,0,-1,-1,0,0,0,0,,,,0,0,0,0,0,0,0,0,0,0,0,0,0,0,,0,-1,-1,0,0,-1,-1,-1,-1,1,0,0,0,0,0,0,1,0,1,1,1,1,1,1,1,0,0,1,0,0,1,0,1,1,1,1,1,1,1,1,1,1,0,0,0,0,0,0,0,0,1,1,1,0,0,0,1,1,1,1,1,1,0,1,1,0,1,1,1,1,1,1,1,1,-1,-1,-1,1,-1,1,1,1,0,1,1,1,0,1,-1,-1,0,-1,0,1,1,1,1,0,1,0,-1,1,-1,-1,-1,-1,-1,-1,-1,1,0,0,1,0,-1,1,0,0,133,109,24,37.25,304,52,7
nordee_enterprise_2021,-1,-1,1,1,1,0,0,0,-1,-1,-1,-1,-1,-1,-1,1,1,0,1,1,1,1,1,1,1,1,1,0,0,,,0,0,0,0,-1,0,0,,0,0,0,1,0,0,0,1,-1,-1,0,0,1,0,1,1,1,1,0,0,0,1,1,0,0,0,1,1,0,0,0,0,0,0,0,0,,0,0,0,0,1,0,,,0,0,-1,-1,1,0,0,0,0,0,0,0,0,0,0,0,0,0,0,1,1,1,0,0,0,0,0,0,0,0,0,1,1,1,1,0,0,0,0,1,1,0,0,0,0,0,0,0,0,1,1,0,1,1,1,1,0,1,1,1,0,1,-1,0,,1,1,1,1,0,0,1,0,1,0,1,0,0,0,0,0,0,0,0,-1,0,0,1,1,1,1,0,1,1,1,1,0,1,0,1,1,1,0,1,0,1,0,1,0,0,0,1,1,1,,,0,0,-1,-1,-1,1,1,-1,-1,-1,-1,0,0,-1,-1,-1,-1,0,0,0,0,-1,-1,0,0,0,-1,,,,0,0,0,0,0,0,0,0,0,0,0,0,0,0,0,0,1,1,-1,-1,-1,-1,1,-1,1,0,0,1,1,1,1,1,0,0,1,1,1,1,0,0,0,0,1,1,1,1,0,1,1,1,1,0,1,1,0,1,1,0,1,1,0,0,1,1,1,1,1,1,1,0,0,1,-1,0,1,1,-1,1,1,-1,-1,1,0,-1,1,1,1,1,1,1,0,0,1,1,0,1,-1,0,0,0,1,0,-1,1,1,0,1,0,1,1,1,1,0,0,0,1,1,0,0,1,1,0,0,0,0,0,0,0,0,0,0,0,0,134,118,16,37.54,309,42,12
nosetsa_2021,-1,-1,1,1,1,0,0,0,-1,-1,-1,-1,-1,-1,-1,1,1,0,1,1,1,0,0,0,0,0,0,0,0,0,0,1,1,1,1,0,0,0,0,1,-1,0,0,0,0,1,1,0,1,0,0,1,0,1,1,1,1,1,0,0,1,1,1,0,0,0,0,0,0,0,0,0,1,0,0,0,0,0,0,1,0,0,0,0,0,0,0,0,0,1,0,0,,1,1,1,,1,1,-1,-1,-1,-1,1,1,1,0,0,0,0,0,0,0,0,0,,,,,0,0,0,0,1,1,0,0,0,0,0,0,0,0,1,1,0,1,1,1,1,0,1,1,1,0,1,0,1,0,0,0,0,0,0,0,1,1,1,0,1,1,-1,1,0,1,0,0,0,0,0,0,0,0,0,0,0,0,-1,-1,0,0,0,0,-1,-1,0,0,0,-1,-1,0,0,0,0,-1,-1,0,0,0,,-1,-1,-1,-1,-1,-1,-1,0,0,0,0,0,0,0,0,0,0,0,0,0,0,0,0,0,0,0,0,,,,0,0,0,0,0,0,0,0,0,0,0,0,0,0,0,0,0,0,-1,-1,-1,-1,-1,-1,1,0,0,0,0,0,0,1,0,0,1,1,1,1,0,0,0,0,1,0,0,0,0,0,0,1,1,1,1,0,0,1,0,0,1,1,0,0,1,1,0,1,1,1,0,0,1,1,1,1,1,1,0,0,0,0,0,1,0,1,1,1,1,1,1,0,0,0,1,0,1,1,1,0,0,1,1,1,1,0,0,0,0,1,1,1,1,1,0,1,0,1,1,1,1,1,1,1,1,1,0,0,0,1,0,0,1,0,0,113,92,21,31.65,317,36,10
offgridbox_usa_2021,1,1,1,1,1,-1,-1,-1,1,1,1,1,1,1,1,1,1,,1,1,0,1,1,1,1,0,0,0,0,1,1,1,0,1,0,1,1,0,1,1,0,1,0,1,1,1,0,0,1,0,1,1,0,1,0,1,1,1,0,0,1,1,1,0,0,1,1,1,,,,1,1,0,1,0,0,0,0,0,1,0,-1,-1,1,0,1,1,0,1,1,0,0,0,0,0,0,0,0,-1,-1,-1,-1,1,1,1,0,0,0,0,0,0,0,0,0,0,0,0,0,0,0,0,0,1,1,0,0,0,0,0,0,0,0,-1,-1,0,1,1,1,1,0,-1,-1,-1,0,1,-1,0,,1,0,1,1,1,1,1,1,1,0,1,0,0,0,0,1,1,0,0,0,0,0,0,1,1,1,1,1,1,1,1,0,1,0,1,1,1,0,1,1,1,0,1,0,0,1,0,1,0,1,0,0,0,-1,-1,-1,1,-1,-1,-1,-1,-1,1,1,-1,-1,-1,-1,0,0,0,1,-1,-1,1,0,1,-1,,,,0,0,0,0,0,0,0,0,0,0,0,0,0,0,0,0,0,0,-1,-1,1,-1,-1,-1,1,1,1,1,1,1,1,1,0,0,1,1,1,1,0,0,0,0,1,1,1,0,0,0,0,0,0,1,1,1,1,1,1,1,0,0,0,0,1,1,1,1,1,1,0,0,1,-1,1,1,1,1,1,1,1,1,1,1,0,-1,1,1,1,0,1,-1,-1,0,1,1,1,1,1,0,-1,-1,1,0,1,1,0,1,0,1,1,1,1,1,0,1,0,0,1,-1,-1,1,1,1,1,1,1,-1,0,1,0,-1,1,0,0,168,146,22,47.06,310,45,8
ogive_technology_inc_2021,-1,-1,-1,-1,-1,0,0,0,-1,-1,-1,-1,-1,-1,-1,1,1,0,1,1,0,1,0,0,0,0,1,-1,-1,-1,-1,0,0,0,0,0,0,0,-1,1,1,1,1,0,0,-1,1,1,0,0,0,1,0,1,-1,1,0,0,0,0,,,0,0,0,0,0,0,0,0,0,0,0,0,0,1,0,0,0,0,1,1,-1,-1,0,0,-1,-1,0,1,0,1,-1,-1,-1,-1,0,0,0,0,0,0,0,0,0,1,0,0,0,0,0,0,0,0,0,,,,,0,0,0,0,1,1,0,0,0,0,0,0,0,0,1,1,0,1,1,1,1,0,1,1,1,0,-1,0,1,0,0,0,0,0,0,-1,0,0,-1,0,1,1,0,0,1,1,1,0,0,0,1,0,0,0,1,0,0,0,0,1,0,-1,0,0,0,0,0,0,0,-1,0,0,0,0,0,1,0,0,0,1,0,1,1,-1,-1,1,-1,-1,-1,-1,0,0,0,0,0,0,-1,-1,-1,-1,-1,1,1,1,0,0,0,0,,,,0,0,0,0,0,0,0,0,0,-1,-1,-1,,,,0,1,1,1,1,1,-1,-1,-1,1,1,1,1,1,1,-1,1,0,0,1,1,1,1,0,0,0,0,1,0,0,1,0,1,1,0,1,1,1,1,0,1,1,1,1,1,0,0,-1,1,1,1,1,1,1,0,-1,1,1,1,-1,1,1,1,0,-1,0,-1,0,0,1,1,1,0,1,1,0,0,-1,0,1,1,1,0,-1,0,1,0,1,0,0,0,0,1,1,1,1,0,-1,0,0,0,1,0,0,0,0,0,0,0,1,0,0,1,0,0,1,0,1,109,94,15,30.53,293,58,12
parthian_energy_2021,1,1,1,1,1,0,0,0,1,1,1,1,1,1,1,1,1,0,1,1,1,1,0,0,0,1,1,0,0,1,1,0,0,0,0,1,1,0,1,1,1,1,0,0,0,1,1,1,1,0,0,0,0,0,0,0,0,0,0,0,1,1,0,0,0,1,1,1,1,1,0,1,1,0,0,0,0,0,1,0,1,0,-1,-1,0,0,,,0,1,1,0,,1,1,1,,1,1,-1,-1,-1,-1,1,1,1,0,0,0,0,0,0,0,0,0,1,1,1,1,0,0,0,0,1,1,0,0,0,0,0,0,0,0,1,1,0,0,1,1,0,0,1,1,1,0,0,0,1,0,0,0,1,1,0,0,0,0,0,0,0,0,0,0,0,0,0,0,0,0,0,0,0,1,,0,1,1,1,1,1,0,1,0,1,1,1,0,1,1,1,0,0,0,0,0,1,0,0,0,0,-1,-1,-1,-1,-1,-1,-1,1,1,1,1,-1,-1,-1,-1,-1,-1,0,0,0,1,0,0,0,0,0,0,,,,0,0,0,0,0,0,0,0,0,0,0,0,0,0,0,0,0,0,0,0,-1,-1,-1,-1,1,1,1,1,1,1,1,1,1,1,1,1,1,1,1,1,0,0,1,0,0,0,0,1,1,1,1,1,1,1,0,1,1,1,1,1,0,0,1,1,1,1,1,1,0,0,-1,1,1,1,1,1,1,1,1,1,0,1,-1,1,0,0,0,0,-1,-1,0,0,1,-1,1,1,1,0,-1,-1,1,1,1,-1,-1,1,0,-1,0,1,-1,0,0,0,0,0,-1,0,0,0,0,0,0,0,0,0,0,-1,0,0,1,-1,-1,144,127,17,40.34,317,38,8
