A,,,,,"   Indicators MAIN IDEAS 1) PROOF OF CONTINUED EXISTENCE, OR DEATH 2) DID THEY RAISE $$, WHAT FORM, AND HOW MUCH 3) COMMUNITY (e.g., jobs) OR ENVIRONMENTAL IMPACT",,,,,,,,,,,,,,,,,,,,,,,,,,,,,,,,,,,,,,,,,,,,,,,,,,,,,,,,,,,,,,,,,,,,,,,,,,,,,,,,,,,,,,,,,,,,,,,,,,,,,,,,,,,,,,,,,,,,,,,,,,,,,,,,,
Company Name,Founder/Submitter,Industry,Year,Region,1-1) QUICK GLANCE AT COMPANY FOR PROOF OF EXISTENCE,From 2024 Data ,From 2024 Data ,From 2026 onwards,,  1-1) ONLINE PRESENCE,,,,,,,,,,,,,,,,,,,,,,,,,,,,,1-2) IN-DEPTH RESEARCH FOR MORE PROOF (CHECK IF NEEDED),"   1-2) ADDITIONAL PROOF OF CONTINUED EXISTENCE, OR DEATH",,,,,,,,,,,,,,,2) EVIDENCE OF CAPITAL RAISES,,,,,,,,,,,,,,,,,,,,,,,,,,,,,,,,,,,,,,,,,,,,,,,,,,,,,,,Accelerator,,,,3) Community or Environmental Impact,,,,,,,,,,,,,,,,,,,,
,,,,,,"Status as of 2024, Y=Alive, N=Dead, S=Maybe, A=Acquire",,Still Alive?,,Company Website (Google Search),,,,LinkedIn (Website),,,,,,,,,,,,,,,Online reviews,,,News articles,,,,,,Word of mouth,,,,,,,,Continued Membership in Industry Organizations (wiki),,,,Websites tracking failures,News stories,N,,,SEC Reg D filings (website here),,,,,,Website url,,,,Number of Funding Rounds,,,Total (disclosed) Funding Amount ($USD),,,,,,Latest Funding Year,,,,,Latest Funding Amount ($USD),,,,,,"Latest Funding Type (friends&family, seed, A-round, grant, etc)",,,,,Earliest Funding Year,,,,,Funding Type with most money raised,,,,,Year with most money raised,,,,,News about capital raise,,,,Word of mouth,,,,,Evidence of Expansion/Growth,,,,,,,Evidence of Global Expansion,,Evidence of environmental impact,,,,,,,,,,SCORED BY,DATE OF COMPLETION
,,,,,,"(If N, no need to score outcomes)",Last Significant Presence Online Since 2024,"Do you think the company is still running? (Y/S/N/A) Y for Yes, N for No, A for Acquired, S for N/A, Unsure","Last Significant Presence Online (if alive, put 2022)",Link to Company Website,(Y/N) Website up and running?,Year with latest update made to the company website,"Type of update (eg. blog post, newsletter, article, video upload, copyright / terms & condition updates, etc)",(Y/N) Do they have Company LinkedIn Profile?,link to Company LinkedIn,(Y/N) Did they publish any post on Company LinkedIn Profile?,"If so, in what year?","(Y/N) Is the company listed as current position on one or more founders' LinkedIn profile ? (eg. Y for 20XX - present, N for 20XX - 20XX)","If not, until which year?",Founder' LinkedIn Profile Name	,link to his/her LinkedIn profile,"Year with Latest Twitter Update (incl. tweets, retweets, etc)",link,"Other (Youtube, Facebook, Instagram, etc)",Year with Latest Update,link,(Y/N) Any social media posts announcing/suggesting end of business?,"If so, in what year?",(Y/N) Do they have any online reviews?,"Name of the Website with Latest Review (eg. yelp, glassdoor, vault, etc)",Year,"(Y/N) Articles about the company and its founder (eg. Partnerships, capital raises, project announcements, etc.)",Year - latest news article,Link,(Y/N) Any news articles suggesting the end of business?,"If so, in what year?",link,(Y/N) Have you heard about this company going out of business?,,(Y/N) Do they have Regulatory filings showing proof of existence?,"If so, in what year?",(Y/N) Do they have regulatory filings suggesting withdrawal from an industry?,"If so, in what year?",(Y/N) Corporate documentation or DBAs renewed annually?,Year with Latest Corp Doc Renewal,(Y/N ) Are they currently registered to industry organizations?,Which Industry Organization?,(Y/N) Have they ever registered to industry organizations in the past?,Which Industry Organization?,The Vault?,News stories,(Y/N) Did they file for bankruptcy?,"If so, in what year?",Acquired?,(Y/N) Do they have Reg D filings?,"if so, in what year?",Type of Securities Offered,Company Revenue,total offering amount?,amount sold?,Crunchbase,PitchBook,Dun and Bradstreet,Other (Choose one data platform that has company valuation info,Crunchbase (Financials' section),PitchBook (Valuation&Funding' Section),Other,Crunchbase (Many don't disclose funding amount),Currency,Date of Funding,funding type,PitchBook (Manually sum up funding amount),Other Website,Crunchbase,Currency,Date of Funding,PitchBook,Other Website,Crunchbase,Currency,Date of Funding,PitchBook,Dun and Bradstreet,Other Website,Crunchbase,Currency,Date of Funding,PitchBook,Other Website,Crunchbase,Currency,Date of Funding,PitchBook,Other Website,Crunchbase,Currency,Date of Funding,PitchBook,Other Website,Crunchbase,Currency,Date of Funding,PitchBook,Other Website,(Y/N) Any news articles/posts/websites about their capital raises? ,Link,"If yes, when?",How much? (include currency),(Y/N) Have you heard about this company raising money,(Y/N) Participated in any other Accelerator Programs?,Which accelerator program?,What year?,link,(Y/N) Company Website,Latest Job Posting Year,(Y/N) LinkedIn,Latest Job Posting Year,(Y/N) Other,On which platform? (eg.Angelist),Latest Job Posting Year,(Y/N) Any evidence that they have offices around the world?,link,(Y/N) news?,Year,Link,"(Y/N) on their company website? (blogs, etc)",Year,Link,(Y/N) Company social media?,Year,(Y/N) any other data source about company's environmental impact?,Link,,
Where to look up?,,,,,,,,,Google Search,Company website often has links to them,,,,,LinkedIn.com,,,,,"On company LinkedIn profile, look for founder/co-founder names under the 'People' section; or simply google search CEO's linkedin profile (Note that the application submitter aren't necessarily the company founder)",,,,,,,,,,,,,,,,,,,,https://www.sec.gov/edgar/search/,state websites etc,,,,,https://en.wikipedia.org/wiki/List_of_industry_trade_groups_in_the_United_States,,,,,,,,check state by state?,https://www.sec.gov/edgar/search/,,,,,,https://www.crunchbase.com/,https://pitchbook.com/profiles/,https://www.dnb.com/,"app.dealroom.co/dashboard, CBInsights, Angel.co, etc.",,,,Financials' section,What currency was the amount,When did they get the funding?,Valuation&Funding' Section,,Many don't disclose funding amount,,What currency was the amount,When did they get the funding?,,,,What currency was the amount,When did they get the funding?,,,,,What currency was the amount,When did they get the funding?,,,,What currency was the amount,When did they get the funding?,,,,What currency was the amount,When did they get the funding?,,,,What currency was the amount,When did they get the funding?,,,Some are in currencies other than USD,,,,,,,,,Angel.co and google search,,,N,,,,,,,,,,,,,,,,,
How to look up?,,,,,,,,,,,,,Google Search,,,,,,,,,,,,,,Search company/founder name,,,,Change your profile visibility setting to private mode,,,,,,,,,,,,,,,,,,,,,,,,,,,,,,,,,Search company name,,,,,,,,,,,,,Manually sum up funding amount,,,,,,,,,,,,,,,,,,,,,,,,,,,,,,,,,,,,,,,,,,,,,,,,,,,,,,,,,
Surge Hydro,David Markley,Energy Generation,2016,Northeast,,N,2019,N ,2019,-,N,,blog,N,-,N,-,N,-,-,-,-,-,-,-,-,N,,N,,,N,,,N,,,N,,N,,N,,N,,N,,N,,,,N,,,N,,,,,,,https://my.pitchbook.com/profile/168445-18/company/profile#highlights,,,,,,,,,,,,,,,,,,,,,,,,,,,,,,,,,,,,,,,,,,,,,,,,,,,,,,,,,,,,,,,,,,,,,,,Khushi,1/27/2026
Proper Pipe Inc. ,Abel Jimenez,Chemicals & Advanced Materials,2016,Northeast,,N,2019,N ,2019,,N,,"pitchbook states ""out of business""",,,,,,,,,,,,,,,,,,,,,,,,,,,,,,,,,,,,,,,,,,,,,,,,,https://my.pitchbook.com/profile/168445-90/company/profile#ai-summary,,,,,,,,,,,,,,,,,,,,,,,,,,,,,,,,,,,,,,,,,,,,,,,,,,,,,,,,,,,,,,,,,,,,,,,Khushi,1/27/2026
PV PURE,Mark Sears,Agriculture Water & Waste,2016,Northeast,,N,2018,N ,2018,,N,,pitchbook,,,,,,,,,,,,,,,,,,,,,,,,,,,,,,,,,,,,,,,,,,,,,,,,,,,,,,,,,,,,,,,,,,,,,,,,,,,,,,,,,,,,,,,,,,,,,,,,,,,,,,,,,,,,,,,,,,,,,,,,Khushi,1/27/2026
GreenBlu,Howard Yuh,Chemicals and Advanced Materials,2016,Northeast,,Y,2024,Y,2026,,,,news,,,,,,,,,,,,,,,,,,,,,,,,,,,,,,,,,,,,,,,,,,,,,,,,,,,,,,,,,,,,,,,,,,,,,,,,,,,,,,,,,,,,,,,,,,,,,,,,,,,,,,,,,,,,,,,,,,,,,,,,Khushi,1/27/2026
kraftwerk Inc.,Martin Pentenrieder,Energy Distribution & Storage,2016,West,,Y,2024,Y,2026,https://www.kraftwerkgroup.com/,Y,,news,Y,http://www.linkedin.com/company/kraftwerk-inc.,Y,2025,Y,,Dr. Sascha Kuehn,https://www.linkedin.com/in/drkuehn/,,,,,,,,,,,,,,,,,,,Y,2022,N,,N,,N,,N,,,,,,N,,,N,,N,N,,https://my.pitchbook.com/profile/436599-19/company/profile#news,,,,,,,,,,,,,,,,,,,,,,,,,,,,,,,2020,,,,,Incubator,,,,,2020,,,,,,,Y,,,,www.kraftwerkgroup.com,,http://www.linkedin.com/company/kraftwerk-inc,,,,,,,,,,Y,,,,,,,Khushi,1/27/2026
Nelumbo,Liam Berryman,Chemicals & Advanced Materials,2016,Northwest ,,Y,2024,A,2025,https://www.icenein.com/,Y,,,Y,http://www.linkedin.com/company/nelumbo-inc,Y,2025,Y,,Liam Berryman,https://www.linkedin.com/in/liam-berryman-4963975b/,,,,,,N,,N,,,N,,,,,,,,N,,N/A,,N,,N,,N,,,,N,,Y,,,,,,,,https://my.pitchbook.com/profile/169616-53/company/profile#executives,,,,,,,,,,16.15,,,,,,,,,,,,,,,,,,,,,,,,,,,,,,,,,,,,,,,,,,www.icenein.com,, http://www.linkedin.com/company/nelumbo-inc,,,,,,,,,,Y,,,,,,,Khushi,1/27/2026
Viva Green Homes,Kari Klaus,Green Buildings,2016,Northeast,,Y,2024,Y,2026,https://www.realtysage.com/,Y,,,Y,https://www.linkedin.com/company/realty-sage/,N,,Y,,Kari Klaus,https://www.linkedin.com/in/kariklaus/,,,,,,N,,N,,,N,,,N,,,N,,Y,2023,N/A,,N,,N,,,,,,N,,N,,,,,,,,https://my.pitchbook.com/profile/640771-21/company/profile#highlights,,,,,,,,,,,,,,,,,,,,,,,,,,,,,,,,,,,,,,,,,,,,,,,,Y,,,,http://www.realtysage.com/,,https://www.linkedin.com/company/realty-sage/,,,,,,,,,,Y,,,,,,,Josh,5/1/2026
Birmingham Technologies,Joseph Birmingham,Energy Generation,2016,Northeast,,S,2024,N,2025,,N, ,pitchbook,N,,N,,N,,,,,,,,,N,,N,,,N,,,N,,,N,,N,,N/A,,N,,N,,N,,,,N,,N,,,N,,N,N,,https://my.pitchbook.com/profile/461952-10/company/profile#timeline,,,,,,,,,,,,,,,,,,,,,,,,,,,,,,,,,,,,,,,,,,,,,,,,,,,,,,,,,,,,,,,,,,,,,,,Khushi,1/27/2026
Big Blue Technologies,Aaron Palumbo,Chemicals & Advanced Materials,2016,Rocky Mountain,,Y,2024,Y,2026,https://bigbluetech.com/,Y,,,Y,https://www.linkedin.com/company/big-blue-technologies/,,2026,,,Aaron Palumbo,https://www.linkedin.com/in/aaron-palumbo-80a8411a/,,,,,,N,,N,,,N,,,N,,,N,,Y,2024,N/A,,N,,N,,N,,,,N,,N,,,N,,N,N,,https://my.pitchbook.com/profile/149195-89/company/profile#comparisons,,,,,,,,,,7.8M,,,,,,,,,,,,,,,,,,,,,2023,,,,,,,,,,,,,,,,,N,,,,https://bigbluetech.com/,,https://www.linkedin.com/company/big-blue-technologies/,,,,,,,,,,Y,,,,,,,Khushi,1/27/2026
Crystal Clear Technologies,Ron Epperson,Chemicals & Advanced Materials,2016,Northwest ,,N,,Y,2026,https://www.crystalcleartec.com/,N/A,,pitchbook,N/A,N/A,,N/A,,,Ron Epperson,https://www.linkedin.com/in/ronepperson/,,,,,,N/A,,N/A,,,N/A,,,N/A,,,N/A,,N/A,N/A,N/A,,N/A,,N/A,,N/A,,,,N/A,,N/A,,,N/A,,N/A,N/A,,N/A,,,,,,,,,,,,,,,,,,,,,,,,,,,,,,,,,,,,,,,,,,,,,,,,N/A,,,,N/A,,N/A,,,,,,,,,,N/A,,,,,,,Khushi,1/27/2026
Urbix Resources,Adam Small,Chemicals & Advanced Materials,2016,Rocky Mountain,,Y,,Y,2026,www.alliedgraphite.com,N,,,Y,http://www.linkedin.com/company/urbixinc,Y,2026,Y,,Adam Small,https://www.linkedin.com/in/adam-small-1830/,,,,,,N,,Y,Glassdoor,,N,,,N,,,N,,Y,,N,,N,,N,,N,,,,N,,,N,,,,,,,https://my.pitchbook.com/profile/265228-57/company/profile#timeline,,,,,,,,,,,,,,,2022,,,,,0.5M,,,,,,Later stage VC,,,,,2018,,,,,VC,,,,,2018,,N,,,,N,N,,,,https://alliedgraphite.com/careers/,,,,,,,N,,N,,,N/A,,,N,,N,,Khushi,1/27/2026
WAVVE,Eric Beydoun,Agriculture Water & Waste,2016,South Central,,N,,S,2016,,,,,,,,,,,,,,,,,,,,,,,,,,,,,,,,,,,,,,,,,,,,,,,,,,,,,,,,,,,,,,,,,,,,,,,,,,,,,,,,,,,,,,,,,,,,,,,,,,,,,,,,,,,,,,,,,,,,,,,,,,,,Khushi,1/27/2026
Skyven Technologies,Arun Gupta,Energy Generation,2016,South Central,,Y,2024,Y,2026,https://skyven.co/,Y,,,Y,https://www.linkedin.com/company/skyven-technologies/,Y,2026,Y,,Arun Gupta,https://www.linkedin.com/in/arung12/,2026,,,,,N,,Y,Google,2024,N,,,N,,,N,,N,,N,,N,,N,,N,,,,N,,,N,,,,,,,https://my.pitchbook.com/profile/94853-17/company/profile,,,,4,,,,,,10M,,,,,2025,,,,,N/A,,,,,,VC,,,,,2019,,,,,VC,,,,,2024,,,,,,,N,,,,https://skyven.co/careers/,,,,,,,N,,N,,,N,,,N,,N,,Khushi,1/27/2026
RE-MODULE,Kelsey Underwood,Green Buildings,2016,Midwest,,N,2016,S,2016,,,,,,,,,,,,,,,,,,,,,,,,,,,,,,,,,,,,,,,,,,,,,,,,,,,,,,,,,,,,,,,,,,,,,,,,,,,,,,,,,,,,,,,,,,,,,,,,,,,,,,,,,,,,,,,,,,,,,,,,,,,,Khushi,1/27/2026
Teknapack Inc.,Sharon Johnson,Energy Efficiency,2016,Midwest,,Y,2024,Y,2026,https://www.powdertechnologyinc.com/teknapack/,Y, ,,Y,https://www.linkedin.com/company/powder-technology-inc-/,N,,Y,,Sharon Johnson,https://www.linkedin.com/in/sharon-johnson-0487b213/,,,,,,N,,N,,,N,,,N,,,N,,N,,N,,N,,N,,N,,,,N,,N,N,,,,,,,,,,,,,,,,,,,,,,,,,,,,,,,,,,,,,,,,,,,,,,,,,,,,,,N,N,,,,,,,,,,,N,,N,,,N,,,N,,N,,Khushi,1/27/2026
"Qlean Tech Enterprises, LLC",Thomas Johnson,Chemicals & Advanced Materials,2016,Midwest,,N,2017,Y,2026,https://www.qleantech.com/,Y,,,Y,https://www.linkedin.com/company/qleantech/,N,,Y,,,,,,,,,N,,N,,,N,,,N,,,N,,N,,N,,N,,N,,N,,,,N,,,N,,,,,,,https://my.pitchbook.com/profile/571946-86/company/profile,,,,,,,,,,,,,,,,,,,,,,,,,,,,,,,,,,,,,,,,,,,N,,,,N,N,,,,,,,,,,,N,,N,,,N,,,N,,N,,Khushi,1/27/2026
Touch Light Innovations,Swarnav Pujari,Energy Generation,2016,Northeast,,Y,2024,S,2024,,,,,,,,,,,,,,,,,,,,,,,,,,,,,,,,,,,,,,,,,,,,,,,,,,,,,,,,,,,,,,,,,,,,,,,,,,,,,,,,,,,,,,,,,,,,,,,,,,,,,,,,,,,,,,,,,,,,,,,,,,,,Khushi,1/27/2026
PowerTech Water,Cameron Lippert,Agriculture Water & Waste,2016,Midwest,,Y,2024,Y,2026,https://electramet.com/,N,2026,blog post,Y,https://www.linkedin.com/company/electra-met/,Y,2026,Y,,James Landon,,,,,,,N,,N,,,N,,,N,,,N,,N,,N,,N,,N,,N,,,,N,,,Y,2024,"equity, options",,"12,162,472","12,162,472",https://www.crunchbase.com/organization/powertech-water,,,,,,,,,,,,,,,,,,,,,,,,,,,,,,,,,,,,,,,,,,,,,,,,,N,,,,https://electramet.com/job_posting/,,N,,,website,,N,,N,,,Y,2026,https://electramet.com/blog/copper-prices-and-volatility-what-industrial-buyers-should-expect/,Y,2026,N,,Khushi,1/27/2026
Nanomass Corp,Marcus Chee,Energy Generation,2016,West,,N,,N ,2020,,N,,,N,,N,,Y,,,,,,,,,N,,N,,,N,,,N,,,N,,N,,N,,N,,N,,N,,,,N,,N/A,N,,,,,,,,,,,,,,,,,,,,,,,,,,,,,,,,,,,,,,,,,,,,,,,,,,N,,,,N,N,,,,N,,N,N,N,N,,N,,N,,,N,,,N,,N,,Khushi,1/27/2026
Bike Leap,Tai Stillwater,Transportation,2016,West,,N,,S,2017,,,,,,,,,,,,,,,,,,,,,,,,,,,,,,,,,,,,,,,,,,,,,,,,,,,,,,,,,,,,,,,,,,,,,,,,,,,,,,,,,,,,,,,,,,,,,,,,,,,,,,,,,,,,,,,,,,,,,,,,,,,,Khushi,1/27/2026
Bamboo Science Group,Greg Egan,Agriculture Water & Waste,2016,Northeast,,N,,N,2018,,N,,,Y,https://www.linkedin.com/company/bamboosciencegroup/,N,,Y,,Greg Egan,https://www.linkedin.com/in/greg-egan-9a368312/,,,,,,N,,N,,,N,,,N,,,N,,N,,N,,N,,N,,N,,,,N,,,N,,,,,,,https://my.pitchbook.com/profile/134183-71/company/deals#deal-128782-90T,,,,,,,,,,,,,,,,,,,,,,,,,,,,,,,,,,,,,,,,,,,,,,,,,,,,,,,,,,,,,,,,,,,,,,,Geoffrey,1/30/2026
BioEnergySP,Adrian Cosma,Agriculture Water & Waste,2016,Northeast,,N,,N,2017,,N,,,N,,N,,N,,José Luis Lozano,https://www.linkedin.com/in/jos%C3%A9-luis-lozano-phd-334576aa/,,,,,,N,,N,,,Y,2017,https://news.cornell.edu/stories/2017/08/ithaca-startup-wins-250000-southern-tier-clean-energy-competition,N,,,N,,N,,N,,N,,N,,N,,,,N,,,N,,,,,,,https://my.pitchbook.com/profile/223970-86/company/profile#ai-summary,,,,,,,,,,,,,,,,,,,,,,,,,,,,,,,,,,,,,,,,,,,,,,,,,,,,,,,,,,,,,,,,,,,,,,,Geoffrey,1/30/2026
Empower Equity,Herb Dwyer & Derek LaClair,Information & Communication Tech ,2016,Northeast,,Y,2024,Y,2026,https://empeq.co/,Y,2026,blog post,Y,https://www.linkedin.com/company/empowerequity/posts/?feedView=all,Y,2026,Y,,Herbert Dwyer,https://www.linkedin.com/in/herbdwyer/,,https://x.com/EmpowerEquity,Instagram,2026,https://www.instagram.com/empeq/,N,,N,,,Y ,2024,https://www.usatoday.com/story/special/contributor-content/2024/05/10/breaking-barriers-and-building-dreams-the-empeq-journey/73645742007/,N,,,N,,Y,2025,N,,Y,2026,N,,Y,"Uptake Alliance, DeltaClimeVT, Cleantech Open",N,N,N,,N,Y,2025,Debt,,"2,000,000","100,000",,https://my.pitchbook.com/profile/185081-23/company/profile#ai-summary,,,,5,,,,,,1.71M,,,,,2024,,,,,0.1M,,,,,,Grant,,,,,2016,,,,,Accelerator/Incubator,,,,,2016,,,,,,N,Y,Founder Institute,2019,https://my.pitchbook.com/profile/55334-08/investor/profile,https://empeq.co/,2026,Y,2026,,,,N,,N,,,Y,2025,https://empeq.co/data-decay-and-its-business-impact-and-how-to-stop-it/,Y,2026,N,,Geoffrey,1/30/2026
"EkoStinger, Inc.",A.J. Edwards,Energy Efficiency,2016,Northeast,,S,2023,N,2023,,N,,,N,,N,,N,2020,Albert Edwards,,,,,,,N,,N,,,Y,2022,https://www.prweb.com/releases/ekostinger-announces-its-nextgen-product-launch-866282315.html,N,,,N,,Y,2023,N,,N,,N,,N,,,,N,,N,Y,2023,Equity,,"2,250,000","2,136,000",,https://my.pitchbook.com/profile/55269-73/company/profile#executives,,,,,,,,,,28.79M,,,,,2023,,,,,1.5M,,,,,,Later Stage VC,,,,,2013,,,,,Later Stage VC (Series B),,,,,2019,,N,,,,N,Y,ClimateTech,2018,https://my.pitchbook.com/profile/55269-73/company/deals#deal-265694-68T,,,N,,,,,N,,N,,,N,,,N,,N,,Geoffrey,2/2/2026
F.E. Wood Natural Energy,Tony Wood,Energy Efficiency,2016,Northeast,,N,2020,N,2020,,N,,,N,,N,,N,,,,,,,,,N,,N,,,N,,,N,,,N,,N,,,,,,,,,,,,N,,,N,,,,,,,,,,,,,,,,,,,,,,,,,,,,,,,,,,,,,,,,,,,,,,,,,,N,,,,N,N,,,,,,,,,,,,,,,,N,,,N,,N,,Geoffrey,2/2/2026
FBB Combustion,Robert Steir,Agriculture Water & Waste,2016,Northeast,,N,,N,2016,,N,,,N,,N,,N,,,,,,,,,N,,N,,,N,,,N,,,N,,N,,,,,,,,,,,,N,,,N,,,,,,,https://my.pitchbook.com/profile/593244-55/company/profile,,,,,,,,,,,,,,,,,,,,,,,,,,,,,,,,,,,,,,,,,,,N,,,,N,N,,,,,,,,,,,,,,,,N,,,N,,N,,Geoffrey,2/2/2026
FCG Chemicals,Blair Woodring,Energy Generation,2016,Northeast,,N,,A,2026,,N,,,N,,N,,N,,,,,,,,,N,,N,,,N,,,N,,,N,,N,,,,,,,,,,,,N,,Y,N,,,,,,,https://my.pitchbook.com/profile/97795-90/company/deals#deal-37932-31T,,,,,,,,,,,,,,,,,,,,,,,,,,,,,,,,,,,,,,,,,,,N,,,,N,N,,,,,,,,,,,,,,,,N,,,N,,N,,Geoffrey,2/2/2026
Helix Power Corporation,Matthew Lazarewicz,Energy Efficiency,2016,Northeast,,Y,2024,Y,2026,https://www.helixpower.com/,Y,2023,copyright,Y,https://www.linkedin.com/company/helix-power-corporation/,N,,Y,,Matthew Lazarewicz,https://www.linkedin.com/in/mattlazarewicz/,,,facebook,2020,https://www.facebook.com/HelixPowerCorp/,N,,N,,,N,,,N,,,N,,Y,2022,N,,Y,2022,N,,N,,,,N,,N,Y,2021,Stock,,"2,317,163","652,902",,https://my.pitchbook.com/profile/171439-57/company/profile,,,,6,,,,,,14.49M,,,,,2024,,,,,0.05M,,,,,,Accelerator/Incubator,,,,,2015,,,,,Grant,,,,,2019,,N,,,,N,Y,Halliburton Labs,2021,https://my.pitchbook.com/profile/171439-57/company/deals#deal-220710-97T,Y,,N,,,,,N,,N,,,Y,,,Y,2020,N,,Geoffrey,2/2/2026
"MicroEra Power, LLC","Ellie Rusling, James Grieve",Energy Distribution & Storage,2016,Northeast,,Y,2024,Y,2026,https://www.microerapower.com/,Y,2025,news,Y,https://www.linkedin.com/company/microera-power-inc/,Y,2026,Y,,"Eleanor ""Ellie"" Rusling",https://www.linkedin.com/in/ellieroc/,,https://x.com/MicroeraPower,instagram,2025,https://www.instagram.com/microera_power/,N,,N,,,Y,2025,https://www.nlr.gov/news/detail/program/2025/three-startups-join-new-in2-cohort-advancing-reliability-in-built-environment,N,,,N,,N,,N,,N,,N,,N,,,,N,,N,N,,,,,,,https://my.pitchbook.com/profile/185082-49/company/profile,,,,12,,,,,,10.82M,,,,,2025,,,,,0.25M,,,,,,Accelerator/Incubator,,,,,2016,,,,,Later Stage VC,,,,,2025,,Y,https://www.trysignalbase.com/news/funding/microera-power-secures-2m-funding-to-launch-thermaplus-the-future-of-low-cost-low-carbon-building-energy-solutions,2025,2M,N,Y,Wells Fargo Innovation Incubator,2025,https://my.pitchbook.com/profile/185082-49/company/deals#deal-307888-30T,Y,2026,N,,,,,N,,Y,2025,https://www.powermag.com/energy-startups-receive-funding-from-wells-fargo-technology-program/,Y,2025,https://www.microerapower.com/what-we-do/,N,,N,,Geoffrey ,2/2/2026
MICROrganic Technologies,Brent Solina,Agriculture Water & Waste,2016,Northeast,,S,2023,Y,2024,https://microrganictech.com/,Y,2024,copyright,Y,https://www.linkedin.com/company/microrganic-technologies/about/,N,,Y,,Brent A. Solina,https://www.linkedin.com/in/brent-a-solina-23569316/,,https://x.com/microrganic,,,,N,,N,,,N,,,N,,,N,,Y,2014,N,,N,,N,,N,,,,N,,N,Y,2014,Equity,,"590,005","380,000",,https://my.pitchbook.com/profile/59267-98/company/profile,,,,10,,,,,,3.95M,,,,,2022,,,,,0.21M,,,,,,Later Stage VC,,,,,2014,,,,,Seed Round,,,,,2020,,N,,,,N,Y,100+ Accelerator,2021,https://my.pitchbook.com/profile/59267-98/company/deals#deal-189103-33T,Y,,,,,,,N,,N,,,N,,,N,,N,,Geoffrey ,2/2/2026
Poly6 Technologies,"Matthew Stellmaker, Keith Hearon ",Energy Efficiency,2016,Northeast,,A,2021,A,2022,https://www.poly6.com/,Y,,,Y,https://www.linkedin.com/company/poly6tech/,N,,Y,,Matthew Stellmaker,https://www.linkedin.com/in/mstellmaker/,,https://x.com/poly6tech?lang=en,facebook,,https://www.facebook.com/poly6tech,N,,Y,glassdoor,2024,Y,2025,https://www.jobsohio.com/newsroom/news-press/poly6-technologies-selects-northeast-ohio-for-new-operation,N,,,N,,Y,2018,N,,N,,N,,N,,,,N,,Y,Y,2018,Equity,,"5,212,587","5,067,537",,https://my.pitchbook.com/profile/155816-02/company/profile#general-info,,,,5,,,,,,4.44M,,,,,2019,,,,,0.07M,,,,,,Grant,,,,,2015,,,,,Seed Round,,,,,2018,,Y,https://www.bizjournals.com/cleveland/news/2025/12/15/poly6-technologies-ohio-lumex-tax-credits.html,2026,1.7M,N,Y,Quake Capital,2017,https://my.pitchbook.com/profile/155816-02/company/deals#deal-96050-17T,Y,2026,N,,,,,N,,N,,,N,,,N,,N,,Geoffrey,2/3/2026
SHAREnergy ,"Jon Hallé, Eithne George",Energy Efficiency,2016,Northeast,,Y,2024,Y,2026,,Y,2026,news,N,,N,,N,,,,,,,,,N,,N,,,N,,,N,,,N,,N,,,,,,,,,,,,,,N,N,,,,,,,https://my.pitchbook.com/profile/185083-39/company/profile,,,,1,,,,,,0.05M,,,,,2016,,,,,0.05M,,,,,,Accelerator/Incubator,,,,,2016,,,,,Accelerator/Incubator,,,,,2016,,N,,,,N,N,,,,,,,,,,,,,,,,,,,,,,,Geoffrey,2/3/2026
SparkCharge,Joshua Aviv,Energy Distribution & Storage / Energy Generation,2016,Northeast,,Y,2024,Y,2025,https://www.sparkcharge.io/,Y,2025,news,Y,https://www.linkedin.com/company/sparkcharge/,Y,2025,Y,,Joshua Aviv,https://www.linkedin.com/in/joshua-aviv/,twitter,https://x.com/sparkcharge?lang=en,instagram,2025,https://www.instagram.com/sparkcharge.io/?hl=en,N,,Y,glassdoor,2025,Y,2025,https://techcrunch.com/2025/05/20/sparkcharge-raises-30m-to-help-fleets-electrify-without-commitments/,N,,,N,,Y,2024,N,,N,,N,,N,,,,N,,N,Y,2024,Equity,,"19,318,223","13,330,480",,https://my.pitchbook.com/profile/185083-57/company/profile,,,,11,,,,,,89.77M,,,,,2025,,,,,30.5M,,,,,,Later Stage VC,,,,,2017,,,,,Later Stage VC,,,,,2025,,Y,https://techcrunch.com/2025/05/20/sparkcharge-raises-30m-to-help-fleets-electrify-without-commitments/,2025,30M,N,Y,Dominion Energy Innovation Center,2023,https://my.pitchbook.com/profile/185083-57/company/deals#deal-258901-84T,Y,2026,Y,2026,,,,N,,Y,2025,https://www.sciencedirect.com/science/article/abs/pii/S0360544225013556,Y,2025,,Y,2025,Y,https://www.linkedin.com/posts/joshua-aviv_sparkai-evmobility-fleetelectrification-activity-7396923196794572801-NaaB/,Geoffrey,2/3/2026
Sparkplug Power,Sean Becker,Energy Distribution $ Storage,2016,Northeast,,Y,2024,S,2017,https://sparkplugpower.com/,Y,2017,blog,Y,https://www.linkedin.com/company/sparkplug-power/,N,,Y,,Sean Becker,https://www.linkedin.com/in/seanbecker1/,twitter,https://x.com/sparkplugpower,,,,N,,N,,,N,,,N,,,N,,N,,N,,N,,N,,N,,,,N,,N,N,,,,,,,https://my.pitchbook.com/profile/123515-92/company/profile,,,,1,,,,,,0.15M,,,,,2014,,,,,0.15M,,,,,,Grant,,,,,2014,,,,,Grant,,,,,2014,,N,,,,N,Y,Greentown Labs,2014,https://my.pitchbook.com/profile/123515-92/company/deals#deal-56954-89T,Y,,,,,,,N,,N,,,N,,,N,,N,,Geoffrey,2/3/2026
SUN ISLAND,Kaize Qin,Energy Distribution & Storage / Energy Generation,2016,Northeast,,N,,N,2016,,N,,,N,,N,,N,,,,,,,,,N,,N,,,N,,,N,,,N,,N,,N,,N,,N,,N,,,,N,,N,N,,,,,,,https://my.pitchbook.com/profile/185084-02/company/profile,,,,,,,,,,,,,,,,,,,,,,,,,,,,,,,,,,,,,,,,,,,,,,,,,,,,,,,,,,,,,,,,,,,,,,,Geoffrey,2/3/2026
"CleanTech Methods (formely SE International, LLC)",Christopher Sewell,Information & Communication Tech,2016,Northeast,,N,,N,2020,,N,,,N,,N,,N,,,,,,,,,N,,N,,,N,,,N,,,N,,N,,N,,N,,N,,N,,,,N,,N,N,,,,,,,https://my.pitchbook.com/profile/185080-60/company/profile,,,,,,,,,,,,,,,,,,,,,,,,,,,,,,,,,,,,,,,,,,,,,,,,,,,,,,,,,,,,,,,,,,,,,,,Geoffrey,2/3/2026
Wicked Science I/O,Alessandro Agnello,"Agriculture, Water & Waste",2016,Northeast,,N,,S,2016,,N,,,N,,N,,N,,,,,,,,,N,,N,,,N,,,N,,,N,,N,,N,,N,,N,,N,,,,N,,N,N,,,,,,,,,,,,,,,,,,,,,,,,,,,,,,,,,,,,,,,,,,,,,,,,,,,,,,,,,,,,,,,,,,,,,,,,,,,,,,Geoffrey,2/3/2026
Enersave,Raymon Saleeby,Energy Efficiency,2016,Northeast,,S,2024,N,2024,https://enersave.com/,Y,,,N,,N,,N,,Dennis Wilson,https://www.linkedin.com/in/dennis-wilson-0829b02/,,,,,,N,,N,,,N,,,N,,,N,,N,,N,,N,,N,,N,,,,N,,N,N,,,,,,,https://my.pitchbook.com/profile/101497-42/company/profile,,,,,,,,,,,,,,,,,,,,,,,,,,,,,,,,,,,,,,,,,,,,,,,,,,,,,,,,,,,,,,,,,,,,,,,Geoffrey,2/3/2026
SolarKal,Yaniv Kalish,Energy Generation,2016,Northeast,,Y,2024,Y,2026,https://www.solarkal.com/,Y,2026,blog,Y,https://www.linkedin.com/company/solarkal/,Y,2026,Y,,Yaniv Kalish,https://www.linkedin.com/in/yanivkalish/,twitter ,https://x.com/SolarKal,instagram,2025,https://www.instagram.com/wearesolarkal/?hl=en,N,,Y,glassdoor,2022,Y,2021,https://meliopayments.com/blog/customer-spotlight-solarkal/,N,,,N,,N,,N,,N,,N,,N,,,,N,,N,N,,,,,,,https://my.pitchbook.com/profile/173381-68/company/profile,,,,3,,,,,,5M,,,,,2023,,,,,4.5M,,,,,,Later Stage VC,,,,,2016,,,,,Later Stage VC,,,,,2023,,N,,,,N,Y,Moderne Ventures,2023,https://my.pitchbook.com/profile/173381-68/company/deals#deal-261128-44T,Y,2026,N,,,,,N,,N,,,Y,2026,https://www.solarkal.com/blog/what-2026-will-reward-in-commercial-solar,,,,,Geoffrey,2/3/2026
"Next Wave Motors, LLC",Stephen Musok,Transportation,2016,Northeast,,N,2016,N,2019,,N,,,N,,N,,N,,,,,,,,,N,,N,,,N,,,N,,,N,,N,,N,,N,,N,,N,,,,N,,N,N,,,,,,,https://my.pitchbook.com/profile/185082-94/company/profile,,,,1,,,,,,5000,,,,,2016,,,,,5000,,,,,,Grant,,,,,2016,,,,,Grant,,,,,2016,,N,,,,N,N,,,,,,,,,,,,,,,,,,,,,,,Geoffrey,2/3/2026
Illucen,Steven Schimmel,Agriculture Water & Waste,2016,West,,N,2017,N,2017,,N,,,N,,N,,N,2017,Steven Schimmel,https://www.linkedin.com/in/stevenschimmel/,,,,,,N,,N,,,N,,,N,,,N,,N,,N,,N,,N,,N,,,,N,,N,N,,,,,,,,,,,,,,,,,,,,,,,,,,,,,,,,,,,,,,,,,,,,,,,,,,N,,,,N,,,,,,,,,,,,,,,,,,,,,,,,Geoffrey,2/4/2026
CISBAY.,Cavin Pham & Khanh Le,Agriculture Water & Waste,2016,West,,S,2022,Y,2022,https://cisbay.com/,Y,,,Y,,N,,Y,,Cavin Pham,https://www.linkedin.com/in/cavinp/,twitter,https://x.com/cisbay,instagram,2022,https://www.instagram.com/cisbay/,N,,N,,,N,,,N,,,N,,N,,N,,N,,N,,N,,,,N,,N,N,,,,,,,https://my.pitchbook.com/profile/264894-94/company/profile,,,,,,,,,,,,,,,,,,,,,,,,,,,,,,,,,,,,,,,,,,,N,,,,N,N,,,,N,,N,,,,,Y,https://cisbay.com/global-market/,N,,,Y,,https://cisbay.com/environmental/,N,,N,,Geoffrey,2/4/2026
"Biogenic Energy, Inc.",Craig Miott,Energy Generation,2016,West,,N,2018,S,2024,https://www.biogenic.energy/,Y,2024,news,N,,N,,N,,,,,,,,,N,,N,,,N,,,N,,,N,,N,,N,,N,,N,,N,,,,N,,N,N,,,,,,,https://my.pitchbook.com/profile/470754-55/company/profile,,,,,,,,,,,,,,,,,,,,,,,,,,,,,,,,,,,,,,,,,,,N,,,,N,N,,,,N,,N,,,,,N,,N,,,Y,,https://www.biogenic.energy/our-company,N,,N,,Geoffrey,2/4/2026
foris.io inc,Victoria Vegis,"Agriculture, Water & Waste/ Information & Communication Tech",2016,West,,N,2021,N,2022,,N,,,Y,https://www.linkedin.com/company/foris-io/,N,,Y,2020,Victoria (Vicki) Vegis,https://www.linkedin.com/in/vvegis/,,,,,,N,,N,,,N,,,N,,,N,,N,,N,,N,,N,,N,,,,N,,N,N,,,,,,,https://my.pitchbook.com/profile/167999-86/company/profile,,,,,,,,,,,,,,,,,,,,,,,,,,,,,,,,,,,,,,,,,,,N,,,,N,Y,The Batchery,,https://my.pitchbook.com/profile/167999-86/company/deals#deal-78160-78T,N,,N,,,,,N,,N,,,N,,,N,,N,,Geoffrey,2/4/2026
HowPower,Carrie Armel,Energy Efficiency,2016,West,,N,,S,2017,,N,,,N,,N,,N,,Carrie Armel,https://www.linkedin.com/in/carriearmel/,,,,,,N,,N,,,Y,,https://tomkat.stanford.edu/innovation-transfer/howpower,N,,,N,,N,,N,,N,,N,,N,,,,N,,N,N,,,,,,,,,,,,,,,,,,,,,,,,,,,,,,,,,,,,,,,,,,,,,,,,,,N,,,,N,N,,,,,,,,,,,,,,,,,,,,,,,Geoffrey,2/4/2026
"Hydrocore, Inc.",John Mark Bardsfield,Agriculture Water & Waste,2016,West,,N,2017,S,2017,https://www.hydrocore.net/,Y,2017,copyright,Y,https://www.linkedin.com/company/hydrocore-inc./about/,N,,Y,,John Mark Bardsfield,https://www.linkedin.com/in/john-mark-bardsfield-38abb5a/,,,,,,N,,N,,,N,,,N,,,N,,N,,N,,N,,N,,N,,,,N,,N,N,,,,,,,,,,,,,,,,,,,,,,,,,,,,,,,,,,,,,,,,,,,,,,,,,,N,,,,N,,,,,,,,,,,,,,,,,,,,,,,,Geoffrey,2/4/2026
MicroNOC,JK Kim,Energy Efficiency,2016,West,,Y,2024,Y,2024,https://www.micronocinc.com/,Y,2024,copyright,Y,https://www.linkedin.com/company/micronocinc/,Y,2025,Y,,JK K.,https://www.linkedin.com/in/j-k-kim/,twitter,https://x.com/micronocinc,instagram,,https://www.instagram.com/micronocinc,N,,N,,,N,,,N,,,N,,N,,N,,N,,N,,N,,,,N,,N,N,,,,,,,https://my.pitchbook.com/profile/969754-42/company/profile,,,,1,,,,,,0.05M,,,,,,,,,,0.05M,,,,,,Seed Round,,,,,,,,,,Seed Round,,,,,,,N,,,,N,Y,HugeIdea,,https://my.pitchbook.com/profile/969754-42/company/deals#deal-306822-88T,N,,N,,,,,N,,N,,,Y,,https://www.micronocinc.com/energy-cost-savings,N,,N,,Geoffrey,2/4/2026
Roshan Energy,Ramesh Gopalan,Green Buildings,2016,West,,Y,2024,Y,2026,https://www.roshanenergy.us/about/,Y,,,Y,https://www.linkedin.com/company/roshanenergy-org/,Y,2026,Y,,Ramesh Gopalan,https://www.linkedin.com/in/rameshgopalan-carbon-capture/,twitter,https://x.com/RoshanEnergyUs,instagram,2025,https://www.instagram.com/p/DCl9xgvseRW/,N,,Y,glassdoor,2023,N,,,N,,,N,,N,,N,,N,,N,,N,,,,N,,N,N,,,,,,,,,,,,,,,,,,,,,,,,,,,,,,,,,,,,,,,,,,,,,,,,,,N,,,,N,,,,,N,,N,,,,,N,,N,,,N,,,N,,N,,Geoffrey,2/4/2026
SIDCO Homes,Mohan Mahal,Energy Generation,2016,West,,S,2023,Y,2025,https://sidcohomes.com/#contact,y,2025,update,N,,N,,Y,,Mohan Mahal,https://www.linkedin.com/in/mohanmahal/,,,facebook,2022,https://www.facebook.com/SidcoHomes/,N,,N,,,N,,,N,,,N,,N,,N,,N,,N,,N,,,,N,,N,N,,,,,,,https://my.pitchbook.com/profile/226728-55/investor/profile,,,,,,,,,,,,,,,,,,,,,,,,,,,,,,,,,,,,,,,,,,,N,,,,N,,,,,N,,N,,,,,N,,N,,,Y,,https://sidcohomes.com/#mission,N,,Y,https://www.paloaltoonline.com/palo-alto/2025/04/17/meet-the-south-bay-company-designing-fire-resistant-eco-friendly-homes/,Geoffrey,2/4/2026
Solar Hydrogen Holdings Inc.,Kirill Gichunts,Energy Generation,2016,West,,N,2014,N,2024,,N,,,Y,https://www.linkedin.com/company/h2-energy-renaissance/,N,,N,2019,Kirill Gichunts,https://www.linkedin.com/in/kirillgichunts/,,,,,,N,,N,,,N,,,N,,,N,,N,,N,,N,,N,,N,,,,N,,N,N,,,,,,,https://my.pitchbook.com/profile/266420-62/company/profile,,,,,,,,,,,,,,,,,,,,,,,,,,,,,,,,,,,,,,,,,,,N,,,,N,N,,,,,,,,,,,,,,,,,,,,,,,Geoffrey,2/4/2026
SolenSphere LLC,Feng Shi,Energy Generation,2016,West,,N,,N,2016,,N,,,N,,N,,N,,Feng Shi,https://www.linkedin.com/in/feng-shi-82706231/,,,,,,N,,N,,,N,,,N,,,N,,N,,N,,N,,N,,N,,,,N,,N,N,,,,,,,,,,,,,,,,,,,,,,,,,,,,,,,,,,,,,, ,,,,,,,,,,,,N,,,,N,,,,,,,,,,,,,,,,,,,,,,,,Geoffrey,2/4/2016
Sunswarm Community Solar Marketplace,Aaron Clay,Energy Generation,2016,West,,N,2023,N,2024,,N,,,N,,N,,N,2024,Aaron Clay,https://www.linkedin.com/in/aaron-clay/,,,,,,N,,N,,,N,,,N,,,N,,N,,N,,N,,N,,N,,,,N,,N,N,,,,,,,https://my.pitchbook.com/profile/185720-50/company/profile#similar-companies,,,,1,,,,,,0.15M,,,,,2018,,,,,0.15M,,,,,,Accelerator/Incubator,,,,,2018,,,,,Accelerator/Incubator,,,,,2018,,N,,,,N,Y,CalSEED,2018,https://my.pitchbook.com/profile/185720-50/company/deals#deal-227174-23T,N,,N,,,,,N,,N,,,N,,,N,,N,,Geoffrey,2/4/2026
UtilityScore,Brian Gitt,Information & Communications Technologies (ICT),2016,West,,N,2017,N,2019,,N,,,Y,https://www.linkedin.com/company/utilityscore/,N,,N,2019,Brian Gitt,https://www.linkedin.com/in/brian-gitt-41467611/,,,,,,N,,N,,,N,,,N,,,N,,N,,N,,N,,N,,N,,,,N,,N,N,,,,,,,https://my.pitchbook.com/profile/164355-13/company/profile,,,,1,,,,,,0.12M,,,,,2016,,,,,0.12M,,,,,,Accelerator/Incubator,,,,,2016,,,,,Accelerator/Incubator,,,,,2016,,N,,,,N,Y,Y Combinator,2016,https://my.pitchbook.com/profile/164355-13/company/deals#deal-74738-98T,N,,N,,,,,N,,N,,,N,,,N,,N,,Geoffrey,2/4/2026
"WaterBit, Inc.",Leif Chastaine,Agriculture and Waste,2016,West,,N,2020,N,2022,,N,,,Y,https://www.linkedin.com/company/waterbit-inc/,N,,N,2020,Leif Chastaine,https://www.linkedin.com/in/leif-chastaine-62436/,,,,,,N,,Y,glassdoor,2020,N,,,N,,,N,,N,,N,,N,,N,,N,,,,N,,N,N,,,,,,,https://my.pitchbook.com/profile/166869-28/company/profile#general-info,,,,6,,,,,,18.76M,,,,,2019,,,,,2.45M,,,,,,Early Stage VC,,,,,2016,,,,,Early Stage VC,,,,,2018,,N,,,,N,Y,Shenzhen Valley Ventures,,https://my.pitchbook.com/profile/166869-28/company/deals#deal-82873-27T,N,,N,,,,,N,,N,,,N,,,N,,N,,Geoffrey,2/4/2026
Drop On Solar,Dave Erickson,Energy Generation,2016,West,,N,2017,N,2017,,N,,,N,,N,,N,,Anna Erickson,https://www.linkedin.com/in/annaerickson7/,,,,,,N,,N,,,N,,,N,,,N,,N,,N,,N,,N,,N,,,,N,,N,N,,,,,,,https://my.pitchbook.com/profile/593186-14/company/profile#comparisons,,,,,,,,,,,,,,,,,,,,,,,,,,,,,,,,,,,,,,,,,,,N,,,,N,Y,Los Angeles Cleantech Incubator ,2016,https://my.pitchbook.com/profile/593186-14/company/deals#deal-289647-64T,N,,N,,,,,N,,N,,,N,,,N,,N,,Geoffrey,2/4/2026
TinyFarms,Andrew Brentano,"Agriculture, Water & Waste",2017,West,,Y,2024,N,2024,https://www.opentinyfarms.com/,Y,,,N,,N,,N,2019,Andrew Brentano,https://www.linkedin.com/in/andrewbrentano/,,,,,,N,,N,,,N,,,N,,,N,,N,,N,,N,,N,,N,,,,N,,N,N,,,,,,,https://my.pitchbook.com/profile/102713-77/company/profile#executives,,,,2,,,,,,0.13M,,,,,2018,,,,,0.1M,,,,,,Grant,,,,,2018,,,,,Grant,,,,,2018,,N,,,,N,Y,Food System 6,2017,https://my.pitchbook.com/profile/102713-77/company/deals#deal-118621-00T,N,,N,,,,,N,,N,,,Y,,https://www.opentinyfarms.com/about-us.html,N,,N,,Geoffrey,2/4/2026
Tenkiv,Vivian Levine,Energy Efficiency,2017,West,,A,2018,A,2018,,N,,,Y,https://www.linkedin.com/company/tenkiv-inc-/,N,,N,,Vivian Levine,https://www.linkedin.com/in/vivian-levine-25b70a41/,,,facebook,2018,https://www.facebook.com/Tenkiv/,N,,N,,,N,,,N,,,N,,N,,N,,N,,N,,N,,,,N,,Y,N,,,,,,,https://my.pitchbook.com/profile/229059-01/company/profile,,,,,,,,,,,,,,,,,,,,,,,,,,,,,,,,,,,,,,,,,,,N,,,,N,N,,,,N,,N,,,,,N,,N,,,N,,,N,,N,,Geoffrey,2/4/2026
Advanced Paving Technologies Inc.,John Smith,Transportation,2017,West,,S,2019,S,2019,https://www.adpavtec.com/,Y,2015,news,Y,https://www.linkedin.com/company/advanced-paving-technologies-inc-/,N,,Y,,John Smith,https://www.linkedin.com/company/advanced-paving-technologies-inc-/,,,facebook,2019,https://www.facebook.com/people/Advanced-Paving-Technologies/100071039833115/?ref=hl#,N,,N,,,N,,,N,,,N,,N,,N,,N,,N,,N,,,,N,,N,N,,,,,,,https://my.pitchbook.com/profile/266087-17/company/profile,,,,4,,,,,,1.24M,,,,,2019,,,,,0.22M,,,,,,Grant ,,,,,2017,,,,,Early Stage VC,,,,,,,N,,,,N,Y,Los Angeles Cleantech Incubator,2017,https://my.pitchbook.com/profile/266087-17/company/deals#deal-155517-04T,N,,N,,,,,N,,N,,,Y,,https://www.adpavtec.com/projects,N,,N,,Geoffrey,2/4/2026
carbonBLU,Sedale Turbovsky,Transportation,2017,West,,Y,2024,N,2020,,N,,,Y,https://www.linkedin.com/company/carbonblu/,N,,N,2018,Sedale Turbovsky,https://www.linkedin.com/in/sedaleturbovsky/,,,instagram,2018,https://www.instagram.com/carbonblu/,N,,N,,,N,,,N,,,N,,N,,N,,N,,N,,N,,,,N,,N,N,,,,,,,https://my.pitchbook.com/profile/592159-78/company/profile,,,,,,,,,,,,,,,,,,,,,,,,,,,,,,,,,,,,,,,,,,,,,,,,N,,,,,,,,,,,,,,,,,,,,,,,Geoffrey,2/4/2026
Meyers EV,Ed Bless,Transportation,2017,West,,N,2017,S,2017,,N,,,N,,N,,N,,,,,,,,,N,,N,,,N,,,N,,,N,,N,,N,,N,,N,,N,,,,N,,N,N,,,,,,,,,,,,,,,,,,,,,,,,,,,,,,,,,,,,,,,,,,,,,,,,,,,,,,,,,,,,,,,,,,,,,,,,,,,,,,Geoffrey,2/4/2026
Prandtl,Adithya Nagesh,Energy Generation,2017,West,,N,2017,S,2017,,N,,,N,,N,,N,,,,,,,,,N,,N,,,N,,,N,,,N,,N,,N,,N,,N,,N,,,,N,,N,N,,,,,,,,,,,,,,,,,,,,,,,,,,,,,,,,,,,,,,,,,,,,,,,,,,,,,,,,,,,,,,,,,,,,,,,,,,,,,,Geoffrey,2/4/2026
Operant Solar,Keith Rose,Information & Communication Tech,2017,West,,N,2018,Y,2025,https://operantnetworks.com/,Y,2025,news,Y,https://www.linkedin.com/company/operantnetworks/,Y,2025,Y,,Keith Rose,https://www.linkedin.com/in/keith-rose-6897824/,,,,,,N,,N,,,N,,,N,,,N,,Y,2022,N,,N,,N,,N,,,,N,,N,Y,2022,Equity,,"4,000,000","3,499,999",,https://my.pitchbook.com/profile/267451-93/company/profile,,,,8,,,,,,13.29M,,,,,2022,,,,,3.5M,,,,,,Seed Round,,,,,2017,,,,,Grant,,,,,2021,,N,,,,N,Y,Creative Destruction Lab,2021,https://my.pitchbook.com/profile/267451-93/company/deals#deal-263346-76T,N,,N,,,,,N,,N,,,N,,,N,,N,,Geoffrey,2/4/2026
"Hyper-Chute Systems, LLC",Joseph Santos,Energy Generation,2017,West,,Y,2024,Y,2025,https://hydrochute.com/home-1,Y,2025,copy right,Y,https://www.linkedin.com/company/hydrochute/,N,,Y,,Joseph Santos,https://www.linkedin.com/in/joseph-santos-4a619a113/,,,,,,N,,N,,,N,,,N,,,N,,N,,N,,N,,N,,N,,,,N,,N,N,,,,,,,,,,,,,,,,,,,,,,,,,,,,,,,,,,,,,,,,,,,,,,,,,,,,,,N,,,,,N,,N,,,,,N,,N,,,Y,,https://hydrochute.com/why-we-do-it,N,,N,,Geoffrey,2/4/2026
"CycleSCP, Inc.",Jianhan Wang,Transportation,2017,West,,Y,2024,S,2024,https://www.cyclescp.com/,Y,2022,blog,Y,https://www.linkedin.com/company/cyclescp/,N,,Y,,Jianhan Wang,https://www.linkedin.com/in/jianhanwang/,,,facebook,2022,https://www.facebook.com/cyclescp,N,,N,,,N,,,N,,,N,,N,,N,,N,,N,,N,,,,N,,N,N,,,,,,,https://my.pitchbook.com/profile/557851-78/company/profile,,,,,,,,,,,,,,,,,,,,,,,,,,,,,,,,,,,,,,,,,,,N,,,,N,Y,Startup Leadership Program,2016,https://my.pitchbook.com/profile/557851-78/company/deals#deal-265106-80T,N,,N,,,,,N,,N,,,N,,,N,,N,,Geoffrey,2/4/2026
Clean Terawatts,WIlliam Fiege,Energy Efficiency,2017,West,,Y,2024,S,2024,https://cleanterawatts.com/,Y,2024,copy right,N,,N,,Y,,William Fiege ,https://www.linkedin.com/in/william-fiege-740a511a/,,,facebook ,2022,https://www.facebook.com/CleanTerawatts/,N,,N,,,N,,,N,,,N,,N,,N,,N,,N,,N,,,,N,,N,N,,,,,,,,,,,,,,,,,,,,,,,,,,,,,,,,,,,,,,,,,,,,,,,,,,N,,,,N,N,,,,N,,N,,,,,N,,N,,,N,,,N,,N,,Geoffrey,2/4/2026
"Whisper Energy Systems, Inc.",Michael Gould,Energy Distribution & Storage / Energy Generation,2017,West,,Y,2024,S,2024,https://www.whisperenergysystems.com/,Y,,,Y,https://www.linkedin.com/company/whisperenergy/,N,,Y,,Michael Gould,https://www.linkedin.com/in/michael-gould-66842219/,,,,,,N,,N,,,N,,,N,,,N,,N,,N,,N,,N,,N,,,,N,,N,N,,,,,,,https://my.pitchbook.com/profile/530072-74/company/profile#general-info,,,,1,,,,,,0.15M,,,,,2020,,,,,0.15M,,,,,,Grant,,,,,2020,,,,,Grant ,,,,,2020,,N,,,,N,N,,,,N,,N,,,,,N,,N,,,N,,,N,,N,,Geoffrey,2/4/2026
Carbon Quest,Kevin Ward,Green Buildings,2017,West,,Y,2024,N,2024,,N,,,Y,https://www.linkedin.com/company/carbonquest/,N,,N,2018,Kevin W.,https://www.linkedin.com/in/kevinmartinward/,,,,,,N,,N,,,N,,,N,,,N,,N,,N,,N,,N,,N,,,,N,,N,N,,,,,,,https://my.pitchbook.com/profile/593071-03/company/profile,,,,,,,,,,,,,,,,,,,,,,,,,,,,,,,,,,,,,,,,,,,N,,,,N,N,,,,N,,N,,,,,N,,N,,,N,,,N,,N,,Geoffrey,2/4/2026
SECCO2 Engines,Andrew Jones,Energy Efficiency,2017,West,,Y,2024,S,2024,https://www.secco2.com/,Y,2017,news,N,,N,,N,,,,,,,,,N,,N,,,N,,,N,,,N,,N,,N,,N,,N,,N,,,,N,,N,N,,,,,,,,,,,,,,,,,,,,,,,,,,,,,,,,,,,,,,,,,,,,,,,,,,N,,,,N,N,,,,N,,N,,,,,N,,N,,,Y,,https://www.secco2.com/secco2-advantages,N,,N,,Geoffrey,2/4/2026
Climate Solutions Net,Lisa Altieri,Information & Communication Tech,2017,West,,Y,2024,Y,2024,https://www.brightaction.com/,Y,,,Y,https://www.linkedin.com/company/51587910/,N,,Y,,Lisa Altieri,https://www.linkedin.com/in/laltieri5/,,,,,,N,,N,,,N,,,N,,,N,,N,,N,,N,,N,,N,,,,N,,N,N,,,,,,,https://my.pitchbook.com/profile/435541-15/company/profile,,,,,,,,,,,,,,,,,,,,,,,,,,,,,,,,,,,,,,,,,,,N,,,,N,Y,Lever,,https://my.pitchbook.com/profile/435541-15/company/deals#deal-139143-34T,N,,N,,,,,N,,N,,,Y,,https://www.brightaction.com/about,N,,N,,Geoffrey,2/4/2026
"NovaSolix, Inc",Richard Preston,Energy Generation,2017,West,,Y,2024,Y,2024,https://www.novasolix.com/,Y,2024,copy right,Y,https://www.linkedin.com/company/novasolix/,N,,Y,,Rich Preston,https://www.linkedin.com/in/richpreston1/,twitter,https://x.com/novasolix?t=fHp_OM0IhIGIipCYU7UZEg,,,,N,,N,,,N,,,N,,,N,,Y,2024,N,,Y,2024,Y,California Solar & Storage Association (CALSSA),N,,,,N,,N,Y,2025,Equity,,"5,000,000","150,000",,https://my.pitchbook.com/profile/114847-57/company/profile,,,,3,,,,,,22.89,,,,,2024,,,,,0.15M,,,,,,Later Stage VC,,,,,2020,,,,,Later Stage VC,,,,,2022,,N,,,,N,N,,,,N,,N,,,,,N,,Y,2018,https://pv-magazine-usa.com/2018/11/23/all-i-want-for-christmas-is-a-90-efficient-solar-panel/,Y,,https://www.novasolix.com/technology,N,,N,,Geoffrey,2/4/2026
"Lilac Solutions, Inc.",David Snydacker,Energy Distribution & Storage / Energy Generation,2017,West,,Y,2024,Y,2026,https://lilacsolutions.com/news,Y,2026,blog post (press release ),Y,https://www.linkedin.com/company/lilac-solutions/,Y,2026,Y,,Raef Sully ,https://www.linkedin.com/in/raef-sully-1265332b/,,,,,,Y,2026,N,,,N,,,N,,,N,,Y,2021,N,,N,,N,,N,,,,N,,N,Y,2021,unregistered,,"149,999,990","130,002,961",https://www.crunchbase.com/organization/lilac-solutions,https://pitchbook.com/profiles/company/181403-11#overview,,,,10,,,,,,,,,,,2023,,,,,145M,,,,,,Later Stage VC,,,,,2016,,,,,Later Stage VC,,,,,2023,,N,,,,N,N,,,,N,,N,,,,,N,,N,,,Y,,https://lilacsolutions.com/news/lilac-and-traxys-announce-binding-10-year-offtake-agreement-for-great-salt-lake-lithium-production,Y,2025,N,,Henry ,2/17/2026
General Engineering & Research,Robin Ihnfeldt,Energy Distribution & Storage,2017,West,,Y,2024,Y,2024,https://www.geandr.com/,Y,,,Y,https://www.linkedin.com/company/general-engineering-&-research-l.l.c./,N,,Y,,Robin Ihnfeldt ,https://www.linkedin.com/in/robin-ihnfeldt-83a454/,,,,,,N,,N,,,N,,,N,,,N,,N,,N,,N,,N,,N,,,,N,,N,N,,,,,,https://www.crunchbase.com/organization/general-engineering-and-research,https://pitchbook.com/profiles/company/300314-53,,,4,,,,,,Grant,~1.5M,,,,,2024,,,,,276K,,,,,,Grant,,,,,2012,,,,,Grant,,,,,2014,,N,,,,N,N,,,,N,,Y,,,,,N,,N,,,N,,,N,,N,,Henry ,2/17/2026
"Opcondys, Inc.",Kristin Sampayan,Energy Efficiency,2017,West,,Y,2024,Y,2025,https://opcondys.com/,Y,2025,ARPAE review,Y,https://www.linkedin.com/company/opcondys-inc/posts/?feedView=all,N,,N,,,,,,Youtube,2024,"Started from the Garage, Now We're Here: Next Generation Power Electronics from Opcondys - YouTube",N,,N,,,N,,,N,,,N,,N,,N,,N,,N,,N,,,,N,,N,N,,,,,,https://www.crunchbase.com/organization/opcondys,,https://www.dnb.com/business-directory/company-profiles.opcondys_inc.997287176ed7a9b6404a963f163f41d6.html,,3,,,"150,000",,,Grant,,,2023,,,,,,,,,,,Grant,,,,,,,,2015,,Grant,,,,,2015,,,,,N,,,,N,N,,,,N,,N,,,,,N,,N,,,N,,,N,,N,,Tim,2/10/2026
5th Element Energy Services LLC,Jennifer Lindsay,Agriculture Water & Waste,2017,Rocky Mountain,,N,,Y,2022,,N,,,Y,https://www.linkedin.com/company/5th-element-energy-services-llc/,N,,N,,,,,,RocketReach,2026,https://rocketreach.co/jerimey-schlosser-email_692425039 ,N,,N,,,N,,,N,,,N,,N,,N,,N,,N,,N,,,,N,,N,N,,,,,,,,https://www.dnb.com/business-directory/company-profiles.5th_element_energy_services_llc.06c593f20119bf1213174cb1a6853ff9.html,,,,,,,,,,,,,,,,,,,,,,,,,,,,,,,,,,,,,,,,,,,,,,,N,,,,N,,N,,,,,N,,N,,,N,,,N,,N,,Tim,2/11/2026
Hyperion Energy,Aiko Bernehed,Energy Distribution & Storage / Energy Generation,2017,Rocky Mountain,,N,,N,2017,http://www.hyperion-energy.de/ ,N,2016,,N,,N,,N,,Aiko Bernehed,https://www.linkedin.com/in/aikobernehed/ ,,,I3 Connect,2019,"https://i3connect.com/company/hyperion-energy?refpro=profsimilar#:~:text=Hyperion%20Energy:%20Investment%20rounds%2C%20top,Headquarters%20Clark%2C%20CO",N,,N,,,N,,,N,,,N,,N,,N,,N,,N,,N,,,,N,,N,N,,,,,,,https://pitchbook.com/profiles/company/166847-50#overview,,,,3,,,,,,0.0225M,,,,,2017,,,,,,,,,,,Seed Round,,,,,2016,,,,,Accelerator,,,,,2016,,N,,,,N,N,,,,N,,N,,,,,N,,N,,,N,,,N,,N,,Tim,2/11/2026
RenewWest,Michael Smith,Agriculture Water & Waste,2017,Rocky Mountain,,Y,2024,Y,2022,https://www.renewwest.com/,N,,,Y,www.linkedin.com/company/renewwest,N,,Y,,John Cleland ,https://www.linkedin.com/in/john-cleland-66b67316/,,,,,,N,,N,,,Y,2022,https://impactalpha.com/the-liist-no-1-seven-impact-funds-that-are-raising-capital-now-august-2022/,N,,,N,,Y,2022,N,,N,,N,,N,,,,N,,N,Y,2022,Equity,,"4,915,000","3,200,000",,https://pitchbook.com/profiles/company/482384-71,,,,4,,,,,Seed Round ,"3,340,000",,,,,2022,,,,,3.2M,,,,,,Seed Round,,,,,2021,,,,,Seed Round ,,,,,2022,,N,,,,N,N,,,,N,,N,,,,,N,,Y,2020,https://www.prnewswire.com/news-releases/collins--renewwest-announce-largest-carbon-focused-reforestation-project-in-us-history-301105049.html,Y,2026,https://initiative20x20.org/news/wri-and-initiative-20x20-closed-iv-landscape-monitoring-accelerator-program-field-visits,Y,?,N,,Henry ,2/18/2026
Selection,Thomas Hinklin,Agriculture Water & Waste,2017,Rocky Mountain,,N,,N,2017,http://www.select-ion.com/,N,,,,,,,,,,,,,,,,,,,,,,,,,,,,,,,,,,,,,,,,,,,,,,,,,,,,,,,,,,,,,,,,,,,,,,,,,,,,,,,,,,,,,,,,,,,,,,,,,,,,,,,,,,,,,,,,,,,,,,,,,,Giani,4/15/2026
Sunlytix,Austin Rosenbaum,Information & Communication Tech,2017,Rocky Mountain,,N,,S,2026,https://www.demand-iq.com/,Y,,2025,Y,https://www.demand-iq.com/,Y,2026,Y,,Austin Rosenbaum,https://www.linkedin.com/in/austinrosenbaum/,,,Instagram,2025,https://www.instagram.com/p/DKxQWvTN-qo/?igsh=NTc4MTIwNjQ2YQ==,N,,N,,,N,,,N,,,N,,Y,2017,N,,N,,N,,N,,,,N,,N,Y,2010,Equity,,"150,000","150,000",https://www.crunchbase.com/organization/demand-iq,https://pitchbook.com/profiles/company/432529-75,https://www.dnb.com/business-directory/company-profiles.demand_iq_inc.0feb2cfe7cdfbf97d5dff9ba245ee83b.html,,3,3,,2.9,,,Seed,"2,650,000",,2022,,,2023,,2M,,,2M,,,Seed,,,Seed Round,,2020,,,2020,,Seed,,,Seed Round,,2022,,,2023,,N,,,,N,N,,,,N,,N,,,,,N,,N,,,N,,,N,,N,,Tim,2/18/2026
Terra Ferma,Dennis Roark,Information & Communication Tech,2017,Rocky Mountain,,Y,2024,A,2025,https://www.tflandscapes.com,Y,,,Y,https://www.linkedin.com/company/terra-ferma-landscapes-design/about/,Y,2025,Y,,Brian Koch,https://www.linkedin.com/in/brian-koch-540a87/,,,Facebook and Twitter,2026,https://x.com/TFLandscapes,N,,Y,Yelp,2021,N,,,N,,,N,,N,,N,,N,,N,,N,,,,N,,N,N,,,,,,https://www.crunchbase.com/organization/terra-ferma-landscapes,,,,N/A,,,N/A,,,,,,N/A,,,,,N/A,,,,,,N/A,,,,,N/A,,,,,N/A,,,,,N/A,,,,,N,,,,N,N,,,,N,,N,,,,,N,,N,,,N,,,Y,2026,N,,Henry ,2/19/2026
Nova Gas Solutions,John Snelgrove,Energy Efficiency,2017,Rocky Mountain,dead company,Y,2024,N,2018,novagassolutions.com,N,,,N,,N,,N,,,,,,,,,N,,N,,,N,,,N,,,N,,N,,N,,N,,N,,N,,,,N,,N,N,,,,,,,,,,,,,,,,,,,,,,,,,,,,,,,,,,,,,,,,,,,,,,,,,,N,,,,N,N,,,,N,,N,,,,,N,,N,,,N,,,N,,N,,Henry ,2/19/2026
Katz Water Technologies,Gary Katz,Energy Efficiency,2017,Rocky Mountain,,Y,2024,Y,2025,https://katzwatertx.com  ,Y,2025,blog,Y,https://www.linkedin.com/company/katzwatertech/,Y,2025,Y,,Gary Katz ,https://www.linkedin.com/in/garypkatz/,,,,,,N,,Y,Glassdoor,2025,N,,,N,,,N,,N,,N,,N,,N,,N,,,,N,,N,N,,,,,,,https://pitchbook.com/profiles/company/232635-16#overview,,,,11,,,,,Grant/accelerator incubator,undisclosed ,,,,,2023,,,,,Undisclosed ,,,,,,Accelerator/Incubator,,,,,2017,,,,,,,,,,,,N,,,,N,N,,,,N,,N,,,,,N,,N,,,Y,2025,https://katzwatertx.com/katz-water-technologies-named-a-qualifying-team-in-xprize-water-scarcity/,N,,N,,Henry ,2/20/2026
TX2O,Archana gujjari,Energy Efficiency,2017,Rocky Mountain,,N,,N,2018,www.tx2o.com,N,,,N,,N,,N,,,,,,,,,N,,N,,,N,,,N,,,N,,N,,N,,N,,N,,N,,,,N,,N,N,,,,,,,https://pitchbook.com/profiles/company/229909-51#overview,,,,4,,,,,Accelerator/Incubator,"$5,000",,,,,2018,,,,,"$5,000",,,,,,Accelerator/Incubator,,,,,2017,,,,,Accelerator/Incubator,,,,,2017,,N,,,,N,N,,,,N,,N,,,,,N,,N,,,N,,,N,,N,,Henry ,2/20/2026
Inovues,Anas Al Kassas,Energy Efficiency,2017,Rocky Mountain,,Y,2024,Y,2024,https://www.inovues.com/,Y,,,Y,https://www.linkedin.com/company/inovues/,Y,2025,,,Anas Al Kassas,https://www.linkedin.com/in/anaskassas/,,,Twitter ,2024,https://x.com/anasalkassas,N,,N,,,N,,,N,,,N,,Y,2021,N,,N,,N,,N,,,,N,,N,Y,2021,Equity,,Undisclosed,,,https://pitchbook.com/profiles/company/233927-74,,,,13,,,,,Accelerator/Incubator,3.62 M,,,,,2024,,,,,,,,,,,Accelerator,,,,,2017,,,,,Accelerator,,,,,2018,,N,,,,N,N,,,,N,,N,,,,,N,,N,,,N,,,N,,N,,Henry ,2/24/2026
Shower Stream,Greg Floyd,Energy Efficiency,2017,Rocky Mountain,,Y,2024,Y,2024,https://showerstream.net,Y,,,Y,https://www.linkedin.com/company/showerstream/,Y,2025,Y,,Greg Floyd ,https://www.linkedin.com/in/gregbrownfloyd/,,,,,,N,,N,,,N,,,N,,,N,,N,,N,,N,,N,,N,,,,N,,N,N,,,,,,,https://pitchbook.com/profiles/company/179792-92,,,,20,,,,,Later Stage VC,2.38M +,,,,,2025,,,,,2M,,,,,,Late Stage VC,,,,,2016,,,,,Later Stage VC,,,,,2025,,N,,,,N,N,,,,N,,N,,,,,N,,N,,,N,,,N,,N,,Henry ,2/24/2026
Xyber Technologies,Mario Facusse,Information & Communication Tech & Energy Efficiency,2017,Rocky Mountain,,N,,N,2024,https://xybertechnologies.com/,Y,2024,blog,Y,https://www.linkedin.com/company/xyber-technologies-llc.,N,,Y,,Carl Boisvert ,https://www.linkedin.com/in/carlboisvert/,,,,,,N,,N,,,N,,,N,,,N,,N,,N,,N,,N,,N,,,,Y,2019,N,N,,,,,,,https://pitchbook.com/profiles/company/103664-80#overview,,,,5,,,,,Accelerator/Incubator,Undisclosed ,,,,,2019,,,,,Undisclosed ,,,,,,Accelerator/Incubator,,,,,2016,,,,,Accelerator/Incubator,,,,,2017,,N,,,,N,N,,,,N,,N,,,,,N,,N,,,N,,,N,,N,,Henry ,2/25/2026
Yotta Solar,Omeed Badkoobeh,Energy Generation,2017,Rocky Mountain,,Y,2024,Y,2026,https://www.yottaenergy.com/,,2025,Events,Y,https://www.linkedin.com/company/yottaenergy/about/,Y,2026,Y,,Omeed Badkoobeh,https://www.linkedin.com/in/omeed-badkoobeh/,,,,,,,,,,,,,,,,,,,,,,,,,,,,,,,,,,,,,,,,https://www.crunchbase.com/organization/yotta-solar#overview,,,,13,,,"35,800,000",,,"VC, Grant, Series A, Non-equity assistance",,,2023,,,,,8000000,,,,,,VC,,,,,2019,,,,,VC,,,,,2023,,,,,N,,,,,Y,MassChallenge,,https://www.crunchbase.com/organization/yotta-solar#overview,,,,,,,,,,,,,,,,,,,,Giani,4/15/2026
INERGY SOLAR,Sean Luangrath,Energy Efficiency,2017,Rocky Mountain,,Y,2024,Y,2026,https://inergytek.com/,Y,2026,Copyright,Y,https://www.linkedin.com/company/inergy-solar,,,,,,,,,,,,,,,,,,,,,,,,,,,,,,,,,,,,,,,,,,,,,,,,,,,,,,,,,,,,,,,,,,,,,,,,,,,,,,,,,,,,,,,,,,,,,,,,,,,,,,,,,,,,,,,,,,,,,,Giani,4/20/2026
SHERO LLC,Jeff Bates,Energy Efficiency,2017,Rocky Mountain,,N,,N,2022,N/A,N,,,Y,https://www.linkedin.com/company/sherollp/,N,,Y,,Jeff Bates ,https://www.linkedin.com/in/jeff-bates-3430a6a/,,,,,,N,,N,,,N,,,N,,,N,,N,,N,,N,,N,,N,,,,N,,,N,,,,,,,https://pitchbook.com/profiles/company/501558-40#overview,,,,1,,,,,Grant,N/A,,,,,2022,,,,,N/A,,,,,,Grant,,,,,2022,,,,,Grant,,,,,2022,,N,,,,N,N,,,,N,,N,,,,,N,,N,,,N,,,,,,,Henry ,2/18/2026
Plasma Stream Technologies Inc,Pranay Bajjuri,Transportation,2017,Midwest,,Y,2024,Y,2022,https://plasmastreamtech.com,Y,2015,Blog,Y,https://www.linkedin.com/company/plasma-stream-technologies-inc/,N,,Y,,Corey C. Park,https://www.linkedin.com/in/corey-c-park-00419b109/,,,,,,N,,N,,,N,,,N,,,N,,N,,N,,N,,N,,N,,,,N,,,N,,,,,,,https://pitchbook.com/profiles/company/158143-24,,,,4,,,,,Early Stage VC/Accelerator/capitalization/college spinout,$480K,,,,,2016,,,,,$420K,,,,,,Early Stage VC,,,,,2015,,,,,2016,,,,,2016,,N,,,,N,N,,,,N,,N,,,,,N,,N,,,N,,,,,,,Henry ,2/25/2026
FGC Plasma Solutions,Felipe Gomez del Campo,Transportation/ Energy Efficiency,2017,Midwest,,Y,2024,Y,2026,https://www.specteraerospace.com/,Y,2026,News stories - many,Y,https://www.linkedin.com/company/specteraerospace/,Y,,,,,,,,,,,,,,,,,,,,,,,,,,,,,,,,,,,,,,,,,,,,,,,,,,,,,,,,,,,,,,,,,,,,,,,,,,,,,,,,,,,,,,,,,,,,,,,,,,,,,,,,,,,,,,,,,,,,,Josh,4/28/2026
reinvia,Keller Knoll,Agriculture Water & Waste,2017,Midwest,,N,,N,2017,Dead,,,,,Not mentioned in founder profile,,,,,,,,,,,,,,,,,,,,,,,,,,,,,,,,,,,,,,,,,,,,,,,,,,,,,,,,,,,,,,,,,,,,,,,,,,,,,,,,,,,,,,,,,,,,,,,,,,,,,,,,,,,,,,,,,,,,,,Josh,5/3/2026
"Elinor Coatings, LLC",Holly Anderson,Chemicals & Advanced Materials,2017,Midwest,,Y,2024,Y,2026,https://www.elinorcoatings.com/,Y,2026,Upcoming events,Y,https://www.linkedin.com/company/elinor-coatings/,Y,,,,,,,,,,,,,,,,,,,,,,,,,,,,,,,,,,,,,,,,,,,,,https://www.crunchbase.com/organization/selection-technologies#overview,,,,,,,,,,,,,,,,,,,,,,,,,,,,,,,,,,,,,,,,,,,,,,,,,,,,,,,,,,,,,,,,,,,,,,,,Josh,4/28/2026
Switched Source,Charles Murray,Energy Distribution & Storage,2017,Midwest,,Y,2024,Y,2026,https://www.switchedsource.com,,2026,News,Y,https://www.linkedin.com/company/switched-source-inc/,,,,,,,,,,,,,,,,,,,,,,,,,,,,,,,,,,,,,,,,,,,,,,,,,,,,,,,,,,,,,,,,,,,,,,,,,,,,,,,,,,,,,,,,,,,,,,,,,,,,,,,,,,,,,,,,,,,,,,Josh,4/28/2026
"RWEDI Solutions, Inc.",Jessica Linville,"Agriculture, Water & Waste",2017,Midwest,,N,,N,2017,https://tracxn.com/d/companies/rwedisolutions/__m3xqW-Ip3n1AAjNCA-JBgY8WpFCgo5YIiZvtvzY4H1o,"""Deadpooled"" per Tracxn",,,,,,,,,,,,,,,,,,,,,,,,,,,,,,,,,,,,,,,,,,,,,,,,,,,,,,,,,,,,,,,,,,,,,,,,,,,,,,,,,,,,,,,,,,,,,,,,,,,,,,,,,,,,,,,,,,,,,,,,,,Josh,5/4/2026
The Mackinac Technology Company,John Slagter,Energy Efficiency,2017,Midwest,,Y,2024,Y,2026,https://mackinac-technology.com/,,2025,News,,None,,,,,,,,,,,,,,,,,,,,,,,,,,,,,,,,,,,,,,,,,,,,,,,,,,,,,,,,,,,,,,,,,,,,,,,,,,,,,,,,,,,,,,,,,,,,,,,,,,,,,,,,,,,,,,,,,,,,,,Josh,4/28/2026
Emergy Labs,Justin Whiteley,Chemicals & Advanced Materials,2017,Midwest,,N,,N,2017,Can't be found,,,,,,,,,,,,,,,,,,,,,,,,,,,,,,,,,,,,,,,,,,,,,,,,,,,,,,,,,,,,,,,,,,,,,,,,,,,,,,,,,,,,,,,,,,,,,,,,,,,,,,,,,,,,,,,,,,,,,,,,,,,Josh,5/4/2026
Activated Research Company,Andrew Jones,Chemicals & Advanced Materials,2017,Midwest,,Y,2024,"Y - sold product rights to a large distributor, continuing to do new research",2026,https://www.activatedresearch.com/,,2024,News,,https://www.linkedin.com/company/activated-research-company/,Y,2025,,,,,,,,,,,,,,,,,,,,,,,,,,,,,,,,,,,,,,,,,,,,,,,,,,,,,,,,,,,,,,,,,,,,,,,,,,,,,,,,,,,,,,,,,,,,,,,,,,,,,,,,,,,,,,,,,,,,Josh,4/28/2026
Kronfeld Motors,Richard Kronfeld,Transportation,2017,Midwest,,Y,2024,Y,2026,https://kronfeldmotors.com/,,2026,"2024 New update, @2026 on website",,https://www.linkedin.com/company/kronfeldmotors/,,2026,,,,,,,,,,,,,,,,,,,,,,,,,,,,,,,,,,,,,,,,,,,,,,,,,,,,,,,,,,,,,,,,,,,,,,,,,,,,,,,,,,,,,,,,,,,,,,,,,,,,,,,,,,,,,,,,,,,,Josh,4/28/2026
Accelerate Wind,Erika Boeing,Energy Generation/ Energy Distribution & Storage,2017,Midwest,,Y,2024,N,2023,http://www.acceleratewind.com,,2023,,,https://www.linkedin.com/company/acceleratewind/,,2025,,,,,,,,,,,,,,,,,,,,,,,,,,,,,,,,,,,,,,,,,,,,,,,,,,,,,,,,,,,,,,,,,,,,,,,,,,,,,,,,,,,,,,,,,,,,,,,,,,,,,,,,,,,,,,,,,,,,Josh,4/28/2026
Teqnizan,Rama Prasad,Information & Communication Tech,2017,Midwest,,Y,2024,N,2022,,N,,,Y,Link,Y,2025,Y,,Rama Prasad,Link,,,Instagram,2025,link,N,,Y,Tenere Team,2024,Y,2025,link,N,,,N,,N,,N,,N,,N,,N,,,,N,,,N,,,,,,Link,Link,Link,,1,6,,"250,000",,,Pre-Seed,,,2022,,,2022,,"250,000",,,,,,Pre-seed,,,Grant,,2022,,,2017,,Pre-seed,,,,,2022,,,,,N,,,,N,Y,"Rev Manufacturing Hardware Accelerator
",2021,Link,N,,N,,,,,N,,N,,,N,,,N,,N,,Tim,2/23/2026
"ClearFlame Engines, Inc.",Bernard Johnson,Energy Efficiency,2017,Midwest,,Y,2024,Y,2022,https://clearflame.com,Y,2024,blog,Y,https://www.linkedin.com/company/clearflameeng/,N,,Y,,BJ Johnson ,https://www.linkedin.com/in/bj-johnson-6b9213120/,,,,,,N,,Y,https://www.glassdoor.com/Reviews/ClearFlame-Engine-Technologies-Reviews-E6954958.htm,2025,N,,,,,,N,,Y,,N,,N,,N,,N,,,,N,,,Y,2023 and 2021,Equity ,,"29,999,975","29,999,975",https://www.crunchbase.com/organization/clearflame-engines#company_funding,https://pitchbook.com/profiles/company/222152-59,,,5,20,,51.1M,,,Accelerator/Incubator,840K,,2023,,,2024,,30M,,,,,,series B,,,Accelerator Incubator,,2017,,,2017,,,,,,,2023,,,,,N,,,,N,N,,,,N,,N,,,,,N,,N,,,N,,,N,,N,,Henry ,2/26/2026
Sofi's Taste Kineto,Sara Aschalew,Agriculture Water and Waste,2017,Midwest,,N,,N,2017,,,,,,,,,,,,,,,,,,,,,,,,,,,,,,,,,,,,,,,,,,,,,,,,,,,,,,,,,,,,,,,,,,,,,,,,,,,,,,,,,,,,,,,,,,,,,,,,,,,,,,,,,,,,,,,,,,,,,,,,,,,,,
Amebagone Inc.,Cheryl Vickroy,Chemicals & Advanced Materials,2017,Midwest,,Y,2024,Y,2022,https://amebagone.com,Y,2018,company news report,Y,https://www.linkedin.com/company/amebagone-llc/,Y,2025,,,Jonathan Irwin,https://www.linkedin.com/in/jonathan-irwin-a60ab5/,,,,,,N,,N,,,N,,,N,,,N,,N,,N,,N,,N,,N,,,,N,,,N,,,,,,https://www.crunchbase.com/organization/amebagone,https://pitchbook.com/profiles/company/169394-68#overview,,,4,11,,1.2M,,,Grant,100K,,2013,,,2020,,100K,,,100K,,,Grant ,,,Grant,,2013,,,2013,,Grant,,,,,2015,,,,,N,,,,N,N,,,,N,,N,,,,,N,,N,,,N,,,N,,N,,Henry ,2/26/2026
"Atlas Energy Systems, LLC",Ian Hamilton,Energy Generation,2017,Midwest,,Y,2024,S,2022,https://ww16.atlasenergysystems.org/?sub1=20260228-1014-12ac-b6e8-e68118d2d38c,N,,,Y,https://www.linkedin.com/company/atlas-heat-to-electricity/,N,,N,2022,Ian Hamilton ,https://www.linkedin.com/in/ianchamilton1/details/experience/,,,,,,N,,N,,,N,,,N,,,N,,N ,,N,,N,,N,,N,,,,N,,,N,,,,,,https://www.crunchbase.com/organization/atlas-energy-systems,https://pitchbook.com/profiles/company/180451-63,,,3,4,,558K,,,Series A ,1.220 M,,2019,,,2019,,558K,,,1.2M,,,Series A ,,,Later Stage VC ,,2015,,,2015,,Series A ,,,Later Stage VC ,,2019,,,2019,,N,,,,N,Y,VisionTech Partners ,2019,https://visiontech-partners.com/portfolio_companies/atlas-energy-systems/,N,,N,,,,,N,,N,,,N,,,N,,N,,Henry ,2/27/2026
Human Lift,Matthew Conway,Transportation,2017,Midwest,,N,2023,N,2023,Can't be found past 2017,,,,,,,,,,,,,,,,,,,,,,,,,,,,,,,,,,,,,,,,,,,,,,,,,,,,,,,,,,,,,,,,,,,,,,,,,,,,,,,,,,,,,,,,,,,,,,,,,,,,,,,,,,,,,,,,,,,,,,,,,,,Josh,5/4/2026
Adappt Intelligence,Vivek Bagri,Green Buildings,2017,Northeast,,Y,2024,S,2023,https://www.adappt.com/,,,,,https://www.linkedin.com/company/adapptintelligence/,,2024,,,,,,,,,,,,,,,,,,,,,,,,,,,,,,,,,,,,,,,,,,,,,,,,,,,,,,,,,,,,,,,,,,,,,,,,,,,,,,,,,,,,,,,,,,,,,,,,,,,,,,,,,,,,,,,,,,,,Josh,4/28/2026
AdvanceH2O,Young Lee,Information & Communication Tecnologies,2017,Northeast,,Y,2024,N,2023,https://hk2955.wixsite.com/advanceh2o,,,,,None,N,,,,,,,,,,,,,,,,,,,,,,,,,,,,,,,,,,,,,,,,,,,,,,,,,,,,,,,,,,,,,,,,,,,,,,,,,,,,,,,,,,,,,,,,,,,,,,,,,,,,,,,,,,,,,,,,,,,,,Josh,4/28/2026
Allied Microbiota,Ray Sambrotto,Chemicals & Advanced Materials,2017,Northeast,,Y,2024,Y,2022,https://alliedmicrobiota.com,Y,,,Y,https://www.linkedin.com/company/allied-microbiota/N,,,Y,,Ray Sambroto,https://www.linkedin.com/in/ray-sambrotto/,,,,,,N,,N,,,N,,,N,,,N,,N,,N,,N,,N,,N,,,,N,,,N,,,,,,https://www.crunchbase.com/organization/allied-microbiota,https://pitchbook.com/profiles/company/185086-63,,,4,11,,1.2M,,,seed ,762K ,,2020,,,2022,,250K,,,762K ,,,seed ,,,grant,,2016,,,2014,,Grant ,,,Grant,,2019,,,2019,,N,,,,N,N,,,,N,,N,,,,,N,,N,,,N,,,N,,N,,Henry ,2/27/2026
"Applied Biorefinery Sciences, LLC",Jonathan Hollander,Chemicals & Advanced Materials,2017,Northeast,,Y,2021,Y,2021,https://www.absciences.com/,,,,Y,https://www.linkedin.com/company/applied-biorefinery-sciences/,,,,,,,,,,,,,,,,,,,,,,,,,,,,,,,,,,,,,,,,,,,,,,,,,,,,,,,,,,,,,,,,,,,,,,,,,,,,,,,,,,,,,,,,,,,,,,,,,,,,,,,,,,,,,,,,,,,,,,Josh,4/28/2026
ARRECIFE ENERGY SYSTEMS,Oscar Villanueva Canizares,Energy Generation,2017,Northeast,,Y,2024,Y,2025,https://www.arrecifesystems.com/,Y,2025,Product/Tech pages live ,Y,https://www.linkedin.com/company/arrecife-systems/,Y,2025,Y,N/A,Oscar Villanueva Cañizares,https://www.linkedin.com/in/oscar-villanueva-canizares/en,N/A,N/A,Instagram + Twitter icons on website,N/A,N/A,N,,N,,,Y,2023,https://www.offshore-energy.biz/arrecife-energy-starts-wave-energy-device-tank-trials/,N,,,N,,N,,N,,N,,Y,Basque Energy Cluster,Y,Cleantech Open Northeast,,https://www.offshore-energy.biz/arrecife-energy-starts-wave-energy-device-tank-trials/,N,,N,N,N/A,,,,,https://www.crunchbase.com/organization/arrecife-energy-systems,,,Tracxn indicates ~$59.4K funding,,,https://tracxn.com/d/companies/arrecife-energy-systems/__4mYVtZk_raT4Ia8z3Cqbm-7OL-CSyYdXMLkojFxynt8,,,,Grants/Seed,,,,,,,,,,,,,Tracxn,,,,,Seedtable listing,,,,,Dealroom summary,,,,,EmpowerInnovation listing,Tracxn funding in USD,,,,,Y,https://www.offshore-energy.biz/top-news-december-25-31-2017/,2018,116000,Y,Y,Cleantech Open Northeast,2017,https://www.cleantechopen.org/en/page/northeast-2017-participating-companies-en,N,,Y,2025,N,,2025,N,,Y,2025,https://www.linkedin.com/company/arrecife-systems/,N,,,Y,2025,Y,https://tracxn.com/d/companies/arrecife-energy-systems/__4mYVtZk_raT4Ia8z3Cqbm-7OL-CSyYdXMLkojFxynt8,Rebecca,3/2/2026
"Blue Institute at Cape Cod, Inc.",Judith Underwood,Environmental Consulting,2017,Northeast,,Y,2024,Y,2026,https://blueinstitute.org/,Y,2026,Homepage updates and program announcements,Y,https://www.linkedin.com/company/blueinstitutenon-profit,Y,2026,Y,,Judith Underwood,https://www.linkedin.com/in/judithunderwood,N/A,,Instagram,2026,https://www.instagram.com/blueinstituteatcapecod/,N,,N,,,Y,2026,https://blueinstitute.org/,N,,https://blueinstitute.org/,N,,Y,,N,,Y,2025,N,,N,,,https://www.einpresswire.com/article/656288552/blue-future-2023-to-cover-the-waterfront-of-the-blue-economy-with-speakers-from-plymouth-ma-to-plymouth-uk-and-beyond,N,,N,N,,,,,,,,,,,,,,,,,,,,,,,,,,,,,,,,,,,,,,,,,,,,,,,,,,N,,,,N,Y,EforAll South Coast; Cleantech Open,,https://blueinstitute.org/board-of-directors-1,N,,N,,N,,,N,,N,,,Y,,,N,,N,https://blueinstitute.org/,Rebecca,3/4/2026
BrightCharge,Christopher Mejia,Energy Generation,2017,Northeast,,Y,2018,S,2018,https://brightcharge.com/,Y,,,N,,N,,N,,Christopher Mejia,,,,,,,N,,N,,,Y,2017,https://www.cleantechopen.org/en/page/northeast-2017-participating-companies-en,N,,,N,,N,,N,,N,,N,,N,,,,N,,N,N,,,,,,,,,,,,,,,,,,,,,,,,,,,,,,,,,,,,,,,,,,,,,,,,,,N,,,,N,Y,Cleantech Open Northeast,2017,https://www.cleantechopen.org/en/page/northeast-2017-participating-companies-en,N,,N,,N,,,N,,N,,,N,,,N,,N,,Rebecca,3/4/2026
change:WATER Labs,Diana Yousef,Environmental Engineering,2017,Northeast,,Y,2024,Y,2025,https://www.change-water.com/,Y,2018,News page entry (dated press mention),Y,https://www.linkedin.com/company/change-water-labs,Y,2025,N,,Diana Yousef-Martinek,https://www.linkedin.com/in/dianayousefmartinek,2022,https://x.com/changeWATERLabs/status/1593979887823556612?ref_src=twsrc%5Etfw,Instagram,,https://www.instagram.com/changewaterlabs/?hl=en,N,,N,,,Y,2025,https://cctechcouncil.org/from-nasa-to-cape-cod-innovator-behind-waterless-toilet-to-share-vision-for-sustainable-sanitation/,N,,,N,,N,,N,,N,,N,,N,,,,N,,N,N,,,,,,,,,,,,,,,,,,,,,,,,,,,,,,,,,,,,,,,,,,,,,,,,,,N,,,,N,Y,Cleantech Open Northeast Accelerator,2017,https://www.cleantechopen.org/en/page/northeast-2017-participating-companies-en,N,,N,,N,,,N,,N,,https://www.linkedin.com/posts/change-water-labs_sdgs-safesanitation-sanitation4all-activity-7397386321377251328-NbSB,Y,,https://www.linkedin.com/posts/change-water-labs_sdgs-safesanitation-sanitation4all-activity-7397386321377251328-NbSB,Y,2025,Y,https://news.mit.edu/2021/change-water-labs-toilet-0223,Rebecca,3/4/2026
Consilience Systems,Traci Sampson and Lee Harness,Renewable Energy,2017,Northeast,,Y,2024,S,2017,N/A,N,,,N,,N,,N,,Traci Sampson,https://www.linkedin.com/in/traci-sampson-338a077,N/A,,,,,N,,N,,,Y,2017,https://www.cleantechopen.org/en/page/northeast-2017-participating-companies-en,N,,,N,,N,,N,,N,,N,,N,,,,N,,N,N,,,,,,,https://pitchbook.com/profiles/company/265017-61,,,,https://pitchbook.com/profiles/company/265017-61,,,,,,,,,,,,,,,,,,,,,,,,,,,,,,,,,,,,,,,N,,,,N,N,,,,N,,N,,N,,,N,,N,,,N,,,N,,N,,Rebecca,3/4/2026
CoolComposites,Alan Ransil,Chemicals & Advanced Materials,2017,Northeast,,Y,,N,2018,http://www.coolcomposites.com/,N,,,N,,N,N/A,N,2018,Alan Ransil,https://www.linkedin.com/in/alan-ransil-53573873,2017,https://x.com/bimalmehta,,,,N,,N,,N/A,Y,2017,https://www.bostonorange.com/2017/01/20_28.html?m=0,N,,,Y,,Y,2016,N,,Y,2018,N,,N,,,,N,,N,N,,,,,,,https://pitchbook.com/profiles/company/167903-29,,BounceWatch,,,https://bouncewatch.com/explore/startup/coolcomposites,,,,,https://pitchbook.com/profiles/company/167903-29,https://bouncewatch.com/explore/startup/coolcomposites,,,,,,,,,,,,,,,,,,,,,,,,,,,,,,,,Y,,,,Y,Y,MassChallenge Boston (2016 cohort),2016,https://masschallenge.org/news/masschallenge-boston-announces-2016-cohort/,N,,N,,N,,,N,,N,,,N,,,N,,N,,Rebecca,3/4/2026
"Ecolectro, Inc.",Gabriel Rodrigues-Calero,Energy Generation,2017,Northeast,,Y,2024,Y,2025,https://ecolectro.com/,Y,2024,Press release,Y,https://www.linkedin.com/company/ecolectro,Y,2025,Y,,Gabriel G. Rodríguez-Calero,https://www.linkedin.com/in/gabriel-g-rodr%C3%ADguez-calero-a590b344,N/A,https://x.com/EcolectroInc,N/A,,,N,,Y,Glassdoor,2024,Y,2025,https://ctl.cornell.edu/cornell-licensed-ecolectro-partners-with-rebuild-manufacturing-to-expand-renewable-hydrogen-production/,N,,,N,,Y,2025,N,,N,,N,,N,,,,Y,2025,N,,,Convertible note,,"$10,000,000","$2,310,000",,https://pitchbook.com/profiles/company/155330-47,,Tracxn,,https://pitchbook.com/profiles/company/155330-47,https://tracxn.com/d/companies/ecolectro/__bOZ9uV9TNAuPRF8VihFuzMFZbK0tQnrFKRLFfO0Mztk,,,,,,,,,,,,,,,,,,,,,,,,,,,,,,,,,,,,,,Y,https://www.prnewswire.com/news-releases/ecolectro-closes-10-5m-series-a-round-to-accelerate-next-generation-green-hydrogen-electrolyzers-302306161.html,2024,"$10,500,000",Y,N,,,,N,,N,,Y,EchoJobs,,N,,N,,,N,,,N,,N,,Rebecca,3/5/2026
"Electra Vehicles, Inc.",Fabrizio Martini,Transportation/ Energy Distribution & Storage,2017,Northeast,,Y,2021,Y,2026,https://www.electravehicles.com,Y,2026,Blog,Y,www.linkedin.com/company/electra-vehicles-inc ,Y,2026,Y,,Fabrizio Martini ,https://www.linkedin.com/in/fabrizio-martini-39068320/?originalSubdomain=it,,,,,,N,,N,,,N,,,N,,,N,,N,,N,,N,,N,,N,,,,N,,,N,,,,,,,https://pitchbook.com/profiles/company/167906-98,,,,8,,,,,accelerator,,,,,,2023,,,,,N/A,,,,,,Accelerator/Incubator,,,,,2016,,,,,undisclosed,,,,,2016,,N,,,,N,N,,,,N,,N,,N,,,N,,N,,,N,,,N,,N,,Henry,3/4/2026
Flipswitch,Mark Clintsman,Information & Communication Tech,2017,Northeast,,Y,2024,A,2018,https://www.flipswitchsolar.com/,N,,,N,,N,,N,,N/A,,,,,,,N,,N,,,Y,2018,https://greentownlabs.com/greentown-labs-alumni-company-flipswitch-acquired-180-south-solar/,N,,,N,,N,,N,,N,,N,,N,,,https://greentownlabs.com/greentown-labs-alumni-company-flipswitch-acquired-180-south-solar/ ; Harvard Business School profile referencing sale/buyer (mentions Jan 2018 buyer): https://www.hbs.edu/mba/student-life/john-nordin,N,,Y,N,,,,,,,,,,,,,,,,,,,,,,,,,,,,,,,,,,,,,,,,,,,,,,,,,,N,,,,N,Y,"Cleantech Open (Northeast, 2017 participating companies list)",2017,https://www.cleantechopen.org/en/page/northeast-2017-participating-companies-en,N,,N,,N,,,N,,N,,,N,,,N,,N,,Rebecca,3/5/2026
Gaia X,Peter Altmaier,Energy Generation,2017,Northeast,,Y,2024,S,2024,https://gaia-x.eu/,Y,2021,Summit news/article,Y,https://www.linkedin.com/company/gaia-x/,N,N,N,,Peter Altmaier,,,,YouTube,,https://www.youtube.com/results?search_query=gaia-x,N,,N,,,Y,2025,https://itdaily.com/blogs/cloud/what-is-gaia-x/,Y,2022,https://www.welt.de/241375085,N,,N,,N,,N,,N,,N,,,https://www.welt.de/241375085,N,,N,N,,,,,,,,,,,,,,,,,,,,,,,,,,,,,,,,,,,,,,,,,,,,,,,,,,N,,,,N,N,,,,N,,N,,N,,,Y,https://gaia-x.eu/,Y,2020,https://www.realinstitutoelcano.org/en/commentaries/gaia-x-an-opportunity-for-the-european-digital-sovereignty/,Y,2021,https://gaia-x.eu/the-gaia-x-2021-summit-now-concludes/,N,,N,,Rebecca,3/5/2026
Joro,Sanchali Pal,Energy Efficiency,2017,Northeast,,Y,2024,S,2024,https://www.joro.tech/,Y,2024,product description pages,Y,https://www.linkedin.com/company/joroapp/,N,N/A,N,2023,"Sanchali Pal""",https://www.linkedin.com/in/sanchalipal,N/A,,,,,N,,N,,,Y,2022,https://time.com/collections/time100-companies-2022/6159458/joro/,N,,,N,,N,,N,,N,,N,,N,,,https://news.crunchbase.com/diversity/sanchali-pal-joro-something-ventured/,N,,N,N,,,,,,https://www.crunchbase.com/organization/joro,https://pitchbook.com/profiles/company/joro,,,,,,,,,Pre-seed,,,,,,,,,,,,,,,,,,,,,,,,,,,,,,,,,,Y,https://news.crunchbase.com/diversity/sanchali-pal-joro-something-ventured/,2021,"$10,000,00",Y,N,,,,N,,N,,N,,,N,,N,,,Y,2022,https://time.com/collections/time100-companies-2022/6159458/joro/,N,,Y,https://time.com/collections/time100-companies-2022/6159458/joro/,Rebecca,3/5/2026
Medley Thermal,Jordan Kearns,Energy Efficiency,2017,Northeast,,Y,,A,2022,,N,,,N,,N,,N,,Jordan Kearns,https://www.linkedin.com/in/jordan-kearns-6b05b0154,N/A,,,,,Y,2022,N,,,Y,2024,https://energy.mit.edu/news/mit-alumnus-thermal-battery-helps-industry-eliminate-fossil-fuels/,Y,2022,https://www.antora.com/insights/manufacturing-facility-2,N,,N,,N,,N,,N,,N,,,https://energy.mit.edu/news/mit-alumnus-thermal-battery-helps-industry-eliminate-fossil-fuels/,N,,Y,N,,,,,,https://www.crunchbase.com/organization/medley-thermal,https://pitchbook.com/profiles/company/medley-thermal,N/A,N/A,https://www.crunchbase.com/organization/medley-thermal,https://pitchbook.com/profiles/company/medley-thermal,N/A,,,,,,,,,,,,,,,,,,,,,,,,,,,,,,,,,,,,,,N,,,,N,Y,DeltaClimeVT (Vermont Sustainable Jobs Fund),2020,https://www.vsjf.org/2023/09/26/deltaclimevt-founder-stories-medley-thermal-pilots-clean-energy-solution-at-jay-peak/,N,,N,,N,,,N,,N,,,N,,,N,,Y,https://energy.mit.edu/news/mit-alumnus-thermal-battery-helps-industry-eliminate-fossil-fuels/,Rebecca,3/5/2026
MIMiC Systems Inc.,Berardo Matalucci,Energy Efficiency/Green Buildings,2017,Northeast,,Y,2024,S,2019,https://www.mimicsystems.com,N,,,Y,https://www.linkedin.com/company/mimic-systems/,N,,N,2019,Berardo Matalucci,https://www.linkedin.com/in/berardo-matalucci/,N/A,,,,,N,,N,,,Y,2018,https://www.cleantechopen.org/en/custom/alumni/companies/mimic-systems.html,N,,,N,,N,,N,,N,,N,,Y,Cleantech Open,,https://www.cleantechopen.org/en/custom/alumni/companies/mimic-systems.html,N,,N,N,,,,,,https://www.crunchbase.com/organization/mimic-systems,https://pitchbook.com/profiles/company/mimic-systems,N/A,,https://www.crunchbase.com/organization/mimic-systems,https://pitchbook.com/profiles/company/mimic-systems,N/A,https://www.crunchbase.com/organization/mimic-systems,,,N/A,https://pitchbook.com/profiles/company/mimic-systems,N/A,https://www.crunchbase.com/organization/mimic-systems,,,https://pitchbook.com/profiles/company/mimic-systems,N/A,https://www.crunchbase.com/organization/mimic-systems,,,https://pitchbook.com/profiles/company/mimic-systems,N/A,,,,,,,,,,,,,,,,,,,,,,N,,,,N,Y,Cleantech Open,2017,https://www.cleantechopen.org/en/custom/alumni/companies/mimic-systems.html,N,,N,,N,,,N,,N,,,N,,,N,,N,,Rebecca,3/5/2026
P2S Technologies Inc,Kent & Kevin Peterson,Energy Distribution & Storage,2017,Northeast,,Y,2024,S,2024,,N,,,N,,N,,N,,Kent Peterson; Kevin Peterson,https://www.linkedin.com/in/kent-peterson-4b63481; https://www.linkedin.com/in/klpp2s,,,,,,N,,N,,,N,,,N,,,N,,N,,N,,N,,N,,N,,,,N,,N,N,,,,,,,,,,,,,,,,,,,,,,,,,,,,,,,,,,,,,,,,,,,,,,,,,,N,,,,N,N,,,,N,,N,,N,,,N,,N,,,N,,,N,,N,,Rebecca,3/5/2026
Palmos,Gregory Kollmer,Information & Communication Tech,2017,Northeast,,Y,,N,2019,,N,,,N,https://www.linkedin.com/in/gregorykollmer,,,N,2019,Gregory Kollmer,https://www.linkedin.com/in/gregorykollmer,N/A,,,,,N,,N,,,N,,,N,,,N,,Y,2017,Y,2020,N,,N,,N,,,,N,,N,N,,,,,,,,,https://www.thecompanycheck.com/company/b/palmos/35ad72ba8fe64f0db,N/A,,,,,,Grant,,https://www.inknowvation.com/sbir/companies/palmos-co,,,,,,,,,,,,,,,,,,,,,,,,,,,,,,,,Y,https://www.inknowvation.com/sbir/companies/palmos-co,2017,"$100,000",Y,Y,Columbia University Smart Cities Design Challenge,2016,https://startups.columbia.edu/startups?page=103&sort=latest_update,N,,N,,N,,,N,,N,,,N,,,N,,Y,https://www.inknowvation.com/sbir/companies/palmos-co,Rebecca,3/5/2026
Pecos Wind Power,Joshua Groleau,Energy Generation,2017,Northeast,,Y,2024,Y,2025,https://pecoswindpower.com/about/,Y,2021,copyright notice in footer,Y,https://www.linkedin.com/company/pecoswind,Y,2025,Y,,Joshua Groleau,https://www.linkedin.com/in/joshua-groleau-15091a30,,,,,,N,,N,,,Y,2020,https://deltaclimevt.com/deltaclimevt-energy-2020-climate-economy-business-accelerator-connects-nationwide-start-ups-with-vermont-electric-utilities-and-energy-companies/pecos-wind-power-josh-groleau/,N,,,N,,Y,2021,N,,N,,N,,N,,,,N,,N,N,,,,,,https://www.crunchbase.com/organization/pecos-wind-power,https://pitchbook.com/profiles/company/pecos-wind-power,,https://www.sbir.gov/awards/189970,4,https://pitchbook.com/profiles/company/pecos-wind-power,https://www.sbir.gov/awards/189970,,,,Grant (DOE SBIR),,https://www.sbir.gov/awards/189970,,,,,,,,,,,,,,,,,,,,,,,,,,,,,,,,Y,https://www.sbir.gov/awards/189970,2021,"$1,149,961",Y,Y,DeltaClimeVT Energy Accelerator,2020,https://deltaclimevt.com/deltaclimevt-energy-2020-climate-economy-business-accelerator-connects-nationwide-start-ups-with-vermont-electric-utilities-and-energy-companies/pecos-wind-power-josh-groleau/,N,,N,,N,,,N,,N,,,N,,,N,,N,,Rebecca,3/5/2026
"Poem Technology, LLC",arnold Stillman,"Agriculture, Water & Waste",2017,Northeast,,Y,2022,S,2022,,N,,,N,,N,,N,,Arnold Stillman,,,,,,,N,,N,,,N,,,N,,,N,,N,,N,,N,,N,,N,,,,N,,N,N,,,,,,,,,,,,,,,,,,,,,,,,,,,,,,,,,,,,,,,,,,,,,,,,,,N,,,,N,N,,,,N,,N,,N,,,N,,N,,,N,,,N,,N,,Rebecca,3/5/2026
"Proton New Energy Future, INC",Miquel Jové/Miquel Jové,Green Buildings,2017,Northeast,,Y,2024,S,2020,http://www.protonfuture.com,,,,N,,N,,N,,Miquel Jové,https://es.linkedin.com/in/miqueljove,,,https://www.f6s.com/company/protonnewenergyfutures.l,2024,https://www.f6s.com/company/protonnewenergyfutures.l,N,,N,,,Y,2019,https://www.prnewswire.com/news-releases/transforming-home-furniture-proton-new-energy-future-launches-unique-clean-energy-smart-table-combining-modern-design-and-solar-technology-300850414.html,N,,,N,,Y,2015,N,,N,,N,,Y,Richi Social Entrepreneurs program,,https://www.prnewswire.com/news-releases/transforming-home-furniture-proton-new-energy-future-launches-unique-clean-energy-smart-table-combining-modern-design-and-solar-technology-300850414.html,N,,N,N,,,,,,,,,https://tracxn.com/d/companies/proton-future/__a5nIbx-2VwNEzEQYIQ4ULndeQObuXS7xP2vzggXrm_M,,,,,,,Grant (prize money),,https://tracxn.com/d/companies/proton-future/__a5nIbx-2VwNEzEQYIQ4ULndeQObuXS7xP2vzggXrm_M,,,,,https://www.f6s.com/company/protonnewenergyfutures.l,,,,,,https://www.infoempresa.com/en-in/es/company/proton-new-energy-future-sl,,,,,https://tracxn.com/d/companies/proton-future/__a5nIbx-2VwNEzEQYIQ4ULndeQObuXS7xP2vzggXrm_M,,,,,,,,,,,,,,,,N,,,,Y,Y,Richi Social Entrepreneurs Boston Immersion,,https://www.f6s.com/company/protonnewenergyfutures.l,N,,N,,N,,,N,,N,,,N,,,N,,N,,Rebecca,3/5/2026
RENW,Boris Nikolic,"Energy Distribution & Storage, Energy Efficiency, Information & Communication Technology ",2017,Northeast,,Y,,S,2024,,N,,,N,,N,,N,,Boris Nikolic,https://www.linkedin.com/in/borisnikolicmba,,,,,,N,,N,,,Y,,,N,,,N,,N,,N,,N,,N,,N,,,https://english.ckgsb.edu.cn/story/boris-nikolic/,N,,N,N,,,,,,,,,,,,,,,,,,,,,,,,,,,,,,,,,,,,,,,,,,,,,,,,,,N,,,,N,Y,Harvard Innovation Lab,2017,https://english.ckgsb.edu.cn/story/boris-nikolic/,N,,N,,N,,,N,,N,,,N,,,N,,N,,Rebecca,3/5/2026
Resonant Energy,Ben Underwood/Issac Baker,"Energy Distribution & Storage, Energy Efficiency, Information & Communication Technology ",2017,Northeast,,Y,2024,Y,2024,https://www.resonant.energy/,Y,2024,blog/news updates,Y,https://www.linkedin.com/company/resonant-energy/,Y,2024,Y,,Ben Underwood,https://www.linkedin.com/in/benunderwood/,2023,https://twitter.com/resonantenergy,https://www.facebook.com/resonantenergy,2024,https://www.facebook.com/resonantenergy,N,,N,,,Y,2024,https://www.energynews.us/2024/03/05/massachusetts-community-solar-projects-resonant-energy/,N,,,N,,N,,N,,N,,Y,Solar Energy Industries Association,Y,Solar Energy Industries Association,,,N,,N,N,,,,,,https://www.crunchbase.com/organization/resonant-energy,https://pitchbook.com/profiles/company/resonant-energy,https://www.dnb.com/business-directory/company-profiles.resonant_energy.html,https://www.linkedin.com/company/resonant-energy/,,,,,,,,,,,,,,,,,,,,,,,,,,,,,,,,,,,,,,,,,Y,https://www.energynews.us/2021/05/11/resonant-energy-secures-funding-to-expand-community-solar-projects/,2021,,Y,Y,MassChallenge,2017,https://masschallenge.org/startup/resonant-energy,Y,2024,Y,2024,Y,,,N,,N,,,Y,2024,https://www.linkedin.com/company/resonant-energy/,Y,,Y,https://www.resonant.energy/impact,Rebecca,3/5/2026
StorEn Technologies Inc.,Carlo Brovero/ Angelo D’Anzi,Energy Distribution & Storage,2017,Northeast,,Y,2024,Y,2025,https://www.storen.tech/,Y,2024,Blog post/article,Y,https://www.linkedin.com/company/storen-technologies/,Y,2024,Y,,Angelo D’Anzi,https://www.linkedin.com/in/angelo-danzi/,,,YouTube,2024,https://www.youtube.com/@storentechnologies,N,,N,,,Y,2025,https://carboncredits.com/storen-home-battery-built-to-last-20-years/,N,,,N,,Y,2024,N,,N,,Y,NY-BEST,Y,NY-BEST,,https://carboncredits.com/a-battery-2x-better-than-teslas-is-reshaping-the-90b-home-power-storage-market-storen/,N,,N,Y,2024,Equity (crowdfunding/Regulation CF),,,,https://www.crunchbase.com/organization/storen-technologies,https://pitchbook.com/profiles/company/storen-technologies,,https://tracxn.com/d/companies/storen-technologies/__8qQjA2HNzDnJQqSc3tP3y-rTxwOYxMc_nYWBnEjVmw4,1,,,https://www.crunchbase.com/organization/storen-technologies,,,Equity crowdfunding,https://pitchbook.com/profiles/company/storen-technologies,,,,,,,,,,,,,,,,,,,,,,,,,,,,,,,,,Y,https://www.startengine.com/offering/storen-rega,2022,"$4,999,998",Y,Y,Clean Energy Business Incubator Program (CEBIP) at Stony Brook University,2017,https://www.storen.tech/about,N,,N,,N,,,N,,N,,,Y,2024,https://www.youtube.com/@storentechnologies,Y,,Y,https://carboncredits.com/storen-home-battery-built-to-last-20-years/,Rebecca,3/5/2026
AquaFresco Inc.,Sasha Huang,Agriculture Water & Waste,2017,Northeast,,N,2017,S,2018,http://aquafresco.co,N,,,N,,N,,N,,Sasha Huang,https://www.linkedin.com/in/tyshuang,,,Medium article about company,2016,https://medium.com/dissected-by-propel-x/aquafresco-is-cleaning-up-the-way-we-do-laundry-2093460cb726,N,,Y,F6S,2016,Y,2015,https://www.bostonmagazine.com/news/2015/12/22/aquafresco/,N,,,N,,Y,2017,N,,N,,N,,N,,,https://www.fastcompany.com/3054082/this-washing-machine-recycles-so-efficiently-it-can-re-use-the-same-water-for-months,N,,N,N,,,,,,,,,https://www.f6s.com/company/aquafrescoinc,N/A,,,,,,,,,,,,,,,,,,,,,,,,,,,,,,,,,,,,,,,,Y,https://medium.com/dissected-by-propel-x/aquafresco-is-cleaning-up-the-way-we-do-laundry-2093460cb726,2016,"$1,000,000",Y,Y,MassChallenge,2015,https://www.bostonmagazine.com/news/2015/12/22/aquafresco/,N,,N,,N,,,N,,N,,,N,,,N,,Y,https://www.fastcompany.com/3054082/this-washing-machine-recycles-so-efficiently-it-can-re-use-the-same-water-for-months,Rebecca,3/5/2026
Optimus Technologies,Colin Huwyler,Energy Efficiency,2017,Northeast,,Y,2024,Y,2024,https://www.optimustec.com/,Y,2024,company progress/news update,Y,https://www.linkedin.com/company/optimus-technologies/,Y,,N,,Colin Huwyler,https://www.linkedin.com/in/chuwyler,,https://twitter.com/optimuspgh,Facebook,,https://www.facebook.com/optimuspgh/,N,,N,,,Y,2023,https://www.pghtech.org/news-and-publications/Colin_Huwyler,N,,,N,,N,,N,,N,,N,,N,,,,N,,N,N,,,,,,https://www.crunchbase.com/organization/optimus-technologies,https://pitchbook.com/profiles/company/optimus-technologies,https://www.dnb.com/business-directory/company-profiles.optimus_technologies_inc.html,N/A,,,,,,,,,,,,,,,,,,,,,,,,,,,,,,,,,,,,,,,,,Y,https://www.pghtech.org/news-and-publications/Colin_Huwyler,2023,"$17,800,000",Y,N,,,,Y,2024,N,,N,,,N,,N,,,Y,2024,https://www.optimustec.com/about-us/,N,,Y,https://news.engineering.pitt.edu/optimus-technologies-co-founded-by-mems-alumnus-colin-huwyler-helps-dc-water-reduce-scope-1-carbon-emissions-by-90/,Rebecca,3/5/2026
CarpoolWorld,Max Fox/Isabelle Boulard,Transportation,2017,Northeast,,Y,2023,Y,2022,https://www.carpoolworld.com,Y,2026,copyright / footer update,N,,N,,N,,N/A,,,,,,,N,,N,,,Y,2017,https://www.carpoolworld.com/documents/press-release-2017-02-14.pdf,N,,,N,,N,,N,,N,,N,,N,,,https://www.carpoolworld.com/documents/press-release-2017-02-14.pdf,N,,N,N,,,,,,,,,,,,,,,,,,,,,,,,,,,,,,,,,,,,,,,,,,,,,,,,,,N,,,,N,N,,,,N,,N,,N,,,N,,Y,,,Y,2018,https://www.carpoolworld.com/documents/why_carpoolworld.pdf,,,N,,Rebecca,3/5/2026
"ProsumerGrid, Inc.",Colin Huwyler,Information & Communication Tech & Energy Efficiency,2017,Southeast,,Y,2023,Y,2023,http://www.prosumergrid.com,Y,2023,Copyright update,Y,https://www.linkedin.com/company/prosumergrid,Y,2023,N,N/A,Colin Huwyler,https://www.linkedin.com/in/chuwyler ,N/A,N/A,N/A,N/A,N,N/A,N,N/A,N/A,Y,2019,https://news.engineering.pitt.edu/pittsburgh-based-optimus-tech-founded-by-mems-alumnus-colin-huwyler-wins-1-million-76west-clean-energy-competition/,N,N/A,N/A,N,N,Y,2023,N,N/A,N,N/A,Y,CleanTech Open / energy innovation networks,Y,CleanTech Open,N,Y,N,N/A,,N,N,N/A,N/A,N/A,N/A,N/A,https://www.crunchbase.com/organization/prosumergrid,https://pitchbook.com/profiles/company/prosumergrid,N/A,https://www.thekoffman.com/prosumergrid-brings-organization-and-planning-to-the-electric-grid-system,N/A,N/A,N/A,N/A,,,N/A,N/A,N/A,N/A,,,N/A,N/A,N/A,,,N/A,N/A,N/A,N/A,,,N/A,N/A,N/A,,,N/A,N/A,N/A,,,N/A,N/A,N/A,,,N/A,N/A,Y,https://www.thekoffman.com/prosumergrid-brings-organization-and-planning-to-the-electric-grid-system,2019,N/A,N,Y,DeltaClimeVT Energy 2023 Climate Economy Business Accelerator,2023,https://www.thekoffman.com/prosumergrid-brings-organization-and-planning-to-the-electric-grid-system/,N,N/A,Y,2023,N,N/A,N/A,N,N/A,Y,2023,https://www.thekoffman.com/prosumergrid-brings-organization-and-planning-to-the-electric-grid-system/,Y,2023,https://www.prosumergrid.com,Y,2023,Y,https://www.thekoffman.com/prosumergrid-brings-organization-and-planning-to-the-electric-grid-system/,Samarth ,3/5/2026
ECT Services & Solutions Inc.,Talbott Howard,"Agriculture, Water & Waste",2017,Southeast,,N,,S,2017,http://www.dotect.com,N,,,N,,N,,N,,Talbott Howard,https://www.linkedin.com/in/talbotthoward,,https://x.com/TalbottHoward,Facebook,,https://www.facebook.com/dotect/,N,,N,,,Y,2017,https://www.originclear.com/company-news/originclear-integrator-ect-named-semi-finalist-in-prestigious-business-competition/,N,,,N,,N,,N,,N,,N,,N,,,https://www.originclear.com/company-news/originclear-integrator-ect-named-semi-finalist-in-prestigious-business-competition/,N,,N,N,,,,,,,,,,,,,,,,,,,,,,,,,,,,,,,,,,,,,,,,,,,,,,,,,,N,,,,N,Y,Cleantech Open (regional semi-finalist),2017,https://www.originclear.com/company-news/originclear-integrator-ect-named-semi-finalist-in-prestigious-business-competition/,N,,N,,N,,,N,,N,,,Y,2016,https://d2cax41o7ahm5l.cloudfront.net/cs/speaker-ppts/talbott-howard-ect-services-solutions-inc-usa.pdf,N,,Y,https://www.cipa.org/files/public/Water_Sympos_ECTPresentation_Alternative_water_source_for_drought_relief.pdf,Rebecca,3/5/2026
3rd Gen Renewables,Denise Hewes,Energy Generation,2018,West,,N,,S,2018,,N,,,N,,N,,N,,Denise Hewes,https://www.linkedin.com/in/dhewes,,,,,,N,,N,,,N,,,N,,,N,,N,,N,,N,,N,,N,,,,N,,N,N,,,,,,,,,,,,,,,,,,,,,,,,,,,,,,,,,,,,,,,,,,,,,,,,,,N,,,,N,N,N,,,N,,N,,N,,,N,,N,,,N,,,N,,N,,Rebecca,3/6/2026
AlterVia,Husnain Sarwar,Energy Generation,2018,West,,N,,S,2018,,N,,,N,,N,,N,,Husnain Sarwar,https://www.linkedin.com/in/husnain-sarwar-a33b3a9a,,,,,,N,,N,N,,N,,,N,,,N,,N,,N,,N,,N,,N,,,,N,,N,N,,,,,,,,,,,,,,,,,,,,,,,,,,,,,,,,,,,,,,,,,,,,,,,,,,N,,,,N,N,,,,N,,N,,N,,,N,,N,,,N,,,N,,N,,Rebecca,3/6/2026
Angel City Lumber,Charles DeRosa,"Agriculture, Water, Waste",2018,West,,Y,2022,Y,2024,https://angelcitylumber.com/,Y,,copyright / site update,Y,https://www.linkedin.com/company/angel-city-lumber/,Y,2024,Y,,Charles DeRosa,https://www.linkedin.com/in/charlesderosa/,2023,"https://twitter.com/angelcitylumber""",Instagram,2024,https://www.instagram.com/angelcitylumber/,N,,Y,Google Reviews,2024,Y,2023,https://www.fastcompany.com/90320106/this-los-angeles-company-turns-dead-city-trees-into-lumber,N,,,N,,N,,N,,N,,Y,,Y,Urban Wood Network,,https://www.fastcompany.com/90320106/this-los-angeles-company-turns-dead-city-trees-into-lumber,N,,N,N,,,,,,https://www.crunchbase.com/organization/angel-city-lumber,https://pitchbook.com/profiles/company/angel-city-lumber,https://www.dnb.com/business-directory/company-profiles.angel_city_lumber.html,,,,,,,,,,,,,,,,,,,,,,,,,,,,,,,,,,,,,,,,,,N,,,,N,Y,Cleantech Open,2018,https://www.cleantechopen.org/en/custom/alumni/directory,N,,N,,N,,,N,,N,,https://angelcitylumber.com/,Y,2024,https://www.instagram.com/angelcitylumber/,Y,2024,Y,https://www.fastcompany.com/90320106/this-los-angeles-company-turns-dead-city-trees-into-lumber,Rebecca,3/6/2026
Apeiron Technology,Han Cai,Chemicals and Advanced Materials,2018,West,,N,,S,2018,,N,,,N,,N,,N,,Han Cai,,,,,,,N,,N,,,N,,,N,,,N,,N,,N,,N,,N,,N,,,,N,,N,N,,,,,,,,,,,,,,,,,,,,,,,,,,,,,,,,,,,,,,,,,,,,,,,,,,N,,,,N,N,,,,N,,N,,N,,,N,,N,,,N,,,N,,N,,Rebecca,3/7/2026
Aqua-Free Waterless Car Wash Tunnel Systems,Christi Love,"Agriculture, Water, Waste",2018,West,,Y,2024,S,2024,,N,,,N,,N,,N,,Christi Love,,,,,,,N,,N,,,N,,,N,,,N,,N,,N,,N,,N,,N,,,,N,,N,N,,,,,,,,,,,,,,,,,,,,,,,,,,,,,,,,,,,,,,,,,,,,,,,,,,N,,,,N,N,,,,N,,N,,N,,,N,,N,,,N,,,N,,N,,Rebecca,3/7/2026
Arctica Solar,Adam Plesniak,Energy Generation,2018,West,,Y,2023,Y,2026,https://www.arcticasolar.com/,Y,2026,Blog post,Y,https://www.linkedin.com/company/arctica-solar,N,,Y,,Adam Plesniak,https://www.linkedin.com/in/adamplesniak,,https://x.com/adamplesniak,YouTube,,https://www.arcticasolar.com/,N,,N,,,N,,,,,,N,,N,,N,,N,,Y,Cleantech Open / CalSEED,Y,Cleantech Open,,,N,,N,N,,,,,,https://www.crunchbase.com/organization/arctica-solar,,,https://tracxn.com/d/companies/arctica-solar/__TqEKpNSlV-vc5ivQE1n2ObKm79shBW0NvOiU9nJluRQ,1,,,,,,Non-equity assistance,,,,,,,,,,,,,,,,,,,,,,,,,,,,,,,,,,N,,,,Y,Y,Cleantech Open / CalSEED,2018,https://www.linkedin.com/company/arctica-solar,N,,N,,N,,,N,,N,,,Y,2026,https://www.arcticasolar.com/blogs/news,N,,Y,https://climatebase.org/company/5252/artica-solar,Rebecca,3/7/2026
Astrolabe Analytics,Robert Masse,Energy Generation,2018,West,,Y,2024,Y,2025,https://www.astrolabe-analytics.com/,Y,2025,copyright / careers page footer; latest dated news on homepage in 2024,Y,https://www.linkedin.com/company/astrolabe-analytics,Y,2024,N,,Robert Masse,https://www.linkedin.com/in/rcmasse,2023,https://x.com/AstrolabeInc/status/1736892854276858120,,,,N,,N,,,Y,2024,https://ncms.org/news/ncms-member-astrolabe-supports-usaid-project-in-bangladesh-that-advances-sustainable-energy-solutions/,N,,,N,,Y,2023,N,,N,,Y,NCMS,Y,Cascadia CleanTech Accelerator / NCMS,,,N,,N,N,,,,,,,https://pitchbook.com/profiles/company/267563-44,,https://tracxn.com/d/companies/astrolabe-analytics/__804x_e7Uum9hVr20vwC0bVGXBJYwmWE_zo1r4U6PUBQ,,$412K raised,1 round shown on Tracxn preview,,,,Grant,$412K,https://tracxn.com/d/companies/astrolabe-analytics/__804x_e7Uum9hVr20vwC0bVGXBJYwmWE_zo1r4U6PUBQ,,,,,,,,,,,,,,,,,,,,,,,,,,,,,,,,Y,https://www.astrolabe-analytics.com/blog/astrolabe-analytics-awarded-competitive-grant-from-the-national-science-foundation-for-forecasting-battery-health-and-maintenance-using-data-driven-predictive-analytics,2023,991095,Y,Y,Jones + Foster Accelerator; Cascadia CleanTech Accelerator,2018,https://www.astrolabe-analytics.com/blog/why-customer-retention-is-the-ultimate-growth-strategy,N,,N,,Y,H1B salary database / sponsor presence,2025,N,,N,,,N,,,N,,Y,https://seedfund.nsf.gov/awardees/phase-2/details/?company=taumat-llc,Rebecca,3/9/2026
BioPower Enterprises,Jacqueline Jones,"Agriculture, Water & Waste",2018,West,,N,,S,2024,https://www.biopowerenterprises.com/home,N,,,Y,https://www.linkedin.com/company/biopower-enterprises,N,,N,2022,Jacqueline Gilyard Jones,https://www.linkedin.com/in/jacquelinegjones,,https://x.com/biopowere,YouTube,2018,https://m.youtube.com/watch?v=Tuns8nkzn6k,N,,N,,,Y,2024,https://coe.gatech.edu/news/2024/11/tribute-parents-jacqueline-gilyard-jones-establishes-scholarship-expand-pipeline,N,,,N,,N,,N,,N,,N,,Y,Cleantech Open West,,https://coe.gatech.edu/news/2024/11/tribute-parents-jacqueline-gilyard-jones-establishes-scholarship-expand-pipeline,N,,N,N,,,,,,,,,,,,,,,,,,,,,,,,,,,,,,,,,,,,,,,,,,,,,,,,,,N,,,,N,Y,Cleantech Open West; Founders Live Long Beach,2018,https://m.youtube.com/watch?v=Tuns8nkzn6k,N,,N,,N,,,N,,N,,,Y,2019,https://www.csulb.edu/institute-for-innovation-entrepreneurship/entrepreneur-showcase,Y,,Y,https://www.csulb.edu/institute-for-innovation-entrepreneurship/entrepreneur-showcase,Rebecca,3/16/2026
Carbon Analytics,Michael Thornton,Information Technology and Communications,2018,West,,Y,,Y,2025,https://www.co2analytics.com/,Y,2023,copyright,Y,https://www.linkedin.com/company/carbon-analytics,Y,2025,Y,,Michael Thornton,https://www.linkedin.com/in/thorntonmw,2016,https://www.facebook.com/co2analytics/mentions/,Facebook,2016,,N,,Y,,,Y,2021,https://www.prweb.com/releases/suku-partners-with-carbon-analytics-amp-moss-earth-to-support-retail-brands-in-achieving-net-zero-emissions-in-the-global-fight-against-climate-change-861904092.html,N,,,N,,Y,2023,N,,Y,,N,,Y,Oxygen Accelerator; MassChallenge; Sirius,,https://www.prweb.com/releases/suku-partners-with-carbon-analytics-amp-moss-earth-to-support-retail-brands-in-achieving-net-zero-emissions-in-the-global-fight-against-climate-change-861904092.html,N,,N,N,,,,,,,https://pitchbook.com/profiles/company/64361-62,,https://tracxn.com/d/companies/carbonanalytics/__QtVLbnxTWnPkqaJVScV0x4PxiKXNnU8k_j1rWeBXB00,,https://pitchbook.com/profiles/company/64361-62,,,,,,$122K,$25K,,,,https://pitchbook.com/profiles/company/64361-62,https://tracxn.com/d/companies/carbonanalytics/__QtVLbnxTWnPkqaJVScV0x4PxiKXNnU8k_j1rWeBXB00/funding-and-investors,,,,,,,,,,,,,,,,,,,,,,,,,,,Y,https://pitchbook.com/profiles/company/64361-62,2016,$122K,Y,Y,,2013,https://sustainablebrands.com/read/carbon-analytics-supply-chain-carbon-footprint-measurement-made-easy,N,,N,,N,,,N,,N,2023,https://www.co2analytics.com/net-zero,Y,2025,https://www.linkedin.com/company/carbon-analytics,,,Y,https://www.theupeffect.com/blog/this-startup-helps-businesses-quantify-their-environmental-impact/,Rebecca,3/16/2026
Correlate,Benjamin Peters,Information Technology and Communications,2018,West,,Y,2024,Y,2024,https://www.correlate.energy/,Y,2023,news article,Y,https://www.linkedin.com/company/correlate-inc,N,,N,,Ben Peters,https://www.linkedin.com/in/mrbenjaminpeters,2023,https://x.com/CorrelateInfra/status/1735730255439286379,,,,N,,N,,,Y,2024,https://www.globenewswire.com/news-release/2024/07/25/2918614/0/en/Correlate-Energy-Converts-Nearly-8-Million-of-Debt-into-Preferred-Equity-Strengthening-Financial-Position-and-Converting-Most-of-Its-Debt-into-Equity.html,N,,,N,,Y,2024,N,,N,,N,,Y,CalSEED,,,N,,N,Y,2022,,$7.56M,,,,https://pitchbook.com/profiles/company/228346-75,https://www.dnb.com/business-directory/company-information.scientific_research_and_development_services.us.idaho.boise.html,https://www.otcmarkets.com/stock/CIPI/profile,1,https://pitchbook.com/profiles/company/228346-75,https://www.otcmarkets.com/stock/CIPI/profile,,,,Seed,,,,,,,,,,,,https://www.dnb.com/business-directory/company-information.scientific_research_and_development_services.us.idaho.boise.html,https://www.marketscreener.com/quote/stock/CORRELATE-ENERGY-CORP-120797809/company/,$507.5K,,,,,,,,,,,,,,,,,,,,Y,https://www.globenewswire.com/news-release/2024/07/25/2918614/0/en/Correlate-Energy-Converts-Nearly-8-Million-of-Debt-into-Preferred-Equity-Strengthening-Financial-Position-and-Converting-Most-of-Its-Debt-into-Equity.html,,"$8,000,000",Y,Y,CalSEED,,https://calseed.fund/case-study-category/51-100k/,N,,N,,N,,,N,,N,,,Y,2023,https://www.correlate.energy/news/correlate-energy-corp-successfully-completes-solar-project-at-american-tire-distributors-headquarters-showcasing-the-economic-benefits-of-clean-energy,N,,N,,Rebecca,3/16/2026
"EnerDapt, Inc",Zachary Denning,Information Technology and Communications *,2018,West,,Y,2018,A,2025,https://www.hank.re/,Y,,,Y,https://www.linkedin.com/company/hankengineer,N,2022,N,,Zachary Denning,https://www.linkedin.com/in/zachdenning,2021,https://x.com/thezachdenning,YouTube,2020,https://www.youtube.com/watch?v=uGDp52OuO1Y,N,,N,,,Y,2025,https://cleanstart.org/blog/hank-navigating-the-path-of-innovation-in-commercial-real-estate/,N,,,N,,Y,2022,N,,Y,,N,,Y,Cleantech Open,,https://www.jll.com/en-us/newsroom/jll-acquires-proptech-company-hank,N,,Y,N,,,,,,,https://pitchbook.com/profiles/company/267648-85,,CB Insights,,https://pitchbook.com/profiles/company/267648-85,https://www.cbinsights.com/company/hankre,,,,,,https://www.jll.com/en-us/newsroom/jll-acquires-proptech-company-hank,,,,https://pitchbook.com/profiles/company/267648-85,https://www.cbinsights.com/company/hankre,,,,Formerly VC-backed,,Acquired by JLL in 2022,,,,Acquired/Merged,https://www.jll.com/en-us/newsroom/jll-acquires-proptech-company-hank,,,,Formerly Known As EnerDapt,https://cleanstart.org/blog/enerdapt-now-hank-makes-significant-advance/,,,,,,,,,,,Y,https://cleanstart.org/blog/enerdapt-now-hank-makes-significant-advance/,2019,,Y,Y,LAUNCH Accelerator,2019,https://cleanstart.org/blog/enerdapt-now-hank-makes-significant-advance/,N,,N,,N,,,N,,N,,,Y,,https://www.hank.re/,Y,2020,Y,https://www.jll.com/en-us/guides/energy-management-services,Rebecca,3/16/2026
Everflux Technologies,Daniel Enking,"Agriculture, Water & Waste",2018,West,,N,2021,S,2025,http://www.everflux.tech,N,,,Y,https://www.linkedin.com/company/everflux-technologies,N,,N,2021,Daniel Enking,https://www.linkedin.com/in/danielenking,,,Facebook,2021,https://www.facebook.com/everflux.tech/,N,,N,,,Y,2021,https://music.amazon.co.uk/podcasts/17d5ddc8-a6ff-4c68-927c-779012830b4a/episodes/100b0e25-6f11-4c00-a3d7-876ed8906c65/blazed-weekly-news-episode-20-everflux-technologies-green-mountain-flower-co,N,,,N,,Y,2022,N,,N,,N,,Y,CDFA Organic Input Material (OIM) program,,,N,,N,N,,,USD 0.48M,,,,https://pitchbook.com/profiles/company/179304-94,https://www.dnb.com/business-directory/company-information.other_crop_farming.us.california.oakland,https://wellfound.com/company/everflux-technologies/funding,,https://pitchbook.com/profiles/company/179304-94,https://wellfound.com/company/everflux-technologies/funding,,,,,,USD 170K,,,,https://pitchbook.com/profiles/company/179304-94,https://wellfound.com/company/everflux-technologies/funding,,,,,USD 0.48M,USD 170K,,,,,https://wellfound.com/company/everflux-technologies/funding,,,,,https://bouncewatch.com/explore/startup/everflux-technologies,,,,,USD 170K,,,,,,Y,https://wellfound.com/company/everflux-technologies/funding,2020,USD 170K,Y,Y,Cleantech Open; CanopyBoulder,2017; 2019,https://bouncewatch.com/explore/startup/everflux-technologies,N,,N,,N,,,N,https://bouncewatch.com/explore/startup/everflux-technologies,N,,,N,,https://m.facebook.com/everflux.tech/photos/our-founder-ceo-daniel-enking-with-a-giant-broccoli-plant-grown-in-his-urban-gar/2933571986913167/,Y,2021,Y,https://cdn.commercev3.net/cdn.arbico-organics.com/downloads/Everflux-White-Paper-High-Yield-Natural-Farming.pdf,Rebecca,3/16/2026
Fluency Lighting Technologies,Kristin Denault,Energy Efficiency,2018,West,,N,2024,N,2025,https://fluencylighting.com/,N,2025,parked-domain copyright page,N,,N,,N,,N/A,,,https://www.youtube.com/watch?v=mh5A6pXnwIo,YouTube,2014,https://www.youtube.com/watch?v=mh5A6pXnwIo,N,,Y,Glassdoor,,Y,2020,https://www.energy.gov/eere/buildings/articles/building-technologies-office-funds-20-small-business-rd-building-efficiency,N,,,Y,,Y,2022,N,,N,,N,,N,,,,N,,N,N,,,,,,,https://pitchbook.com/profiles/company/168980-68,,https://www.buzzfile.com/business/Fluency-Lighting-Technologies%2C-Inc.-914-260-9785,,https://pitchbook.com/profiles/company/168980-68,,,,,,,,,,,,,,,,,,,,,,,,,,,,,,,,,,,,,,,N,,,,N,Y,Goleta Entrepreneurial Magnet (GEM) Summer Accelerator,2014,https://www.independent.com/2014/06/19/goleta-entrepreneurial-magnet-selects-six-startups/,N,,N,,N,,,N,,N,,,N,,,N,,Y,https://www.energy.gov/eere/buildings/articles/building-technologies-office-funds-20-small-business-rd-building-efficiency,Rebecca,3/17/2026
Glint Photonics,Peter Kozodoy,Energy Efficiency,2018,West,,Y,2024,A,2024,https://www.glintphotonics.com/,Y,2024,acquisition notice / copyright update,Y,https://www.linkedin.com/company/glint-lighting-inc/,Y,2019,N,,Peter Kozodoy,https://www.linkedin.com/in/peterkozodoy/,,https://twitter.com/GlintPhotonics,Facebook,2024,https://www.facebook.com/glintlightinginc/posts/,N,,Y,Indeed,,Y,2024,https://www.luminii.com/press/luminii-acquires-california-based-glint-lighting-expanding-north-america-presence-and-bringing-new-product-innovations-to-its-growing-roster-of-architectural-lighting-solutions/,N,,,N,,Y,2023,N,,Y,2025,N,,Y,Cleantech Open,,,N,,Y,N,,,,,,,https://pitchbook.com/profiles/company/166521-43,,,,https://pitchbook.com/profiles/company/166521-43,,,,,,,,,,,,,,,,,,,,,,,,,,,,,,,,,,,,,,,N,,,,N,N,,,,N,,N,,N,,,N,,N,,,N,,,N,,Y,https://www.energizeinnovation.fund/innovation-partner/glint-photonics-inc,Rebecca,3/17/2026
Hydrobee,Burt Hammer,Energy Generation,2018,West,,Y,2023,Y,2022,https://hydrobee.com,Y,,,Y,https://www.linkedin.com/company/hydrobee-inc-/,N,,Y,,Burt Hammer ,https://www.linkedin.com/in/burtonhamner/,,,,,,N,,Y,Amazon,https://www.amazon.com/Rechargeable-Batteries-Re-Charge-ECO-Friendly-Security/dp/B07HCSQHML/ref=sr_1_1?dib=eyJ2IjoiMSJ9.2xOyZjVFXC8jOV9ue8Yinw.RzrWFeNDZ3ZY3ntDG-HfBuTO-PtsQEACcxYrLKpzjcI&dib_tag=se&m=A1BYCYHQ8DV2E3&nsdOptOutParam=true&qid=1772649735&s=merchant-items&sr=1-1#averageCustomerReviewsAnchor,N,,,N,,,N,,Y,2014,N,,N,,N,,N,,,,N,,,Y,2014,"Debt, Security",1-1mil,"60,000","60,000",https://www.crunchbase.com/organization/hydrobee,https://pitchbook.com/profiles/company/90410-59,,,,5,,,,,Accelerator/Incubator,12K,,,,,2023,,,,,N/A,,,,,,Accelerator,,,,,2013,,,,,Accelerator,,,,,2013,,N,,,,N,N,,,,N,,N,,,,,,,N,,,N,,,N,,N,,Henry,3/4/2026
Intertie,Richard Mrlik,Energy Distribution and Storage,2018,West,,Y,2024,Y,2026,https://www.intertie.com/,Y,2022,News page,Y,https://www.linkedin.com/company/intertie-incorporated,N,,Y,,Richard Mrlik,https://www.linkedin.com/in/richard-mrlik-43b4118/,,,,,,N,,N,,,N,,,N,,,N,,Y,2025,N,,Y,2024,Y,WREGIS,Y,WREGIS,,,N,,N,N,,,,,,,,,https://i3connect.com/company/intertie--56326,2,,,,,,Series A; grants,,,,,,,,,,,N/A,,,,,,,,,,,,,,,,,,,,,,,Y,https://gcxnrel.com/wp-content/uploads/2022/02/GCxN_2021_Year_In_Review-2.pdf,2021,,N,Y,CalSEED,2020,https://calseed.fund/awardee/intertie/,Y,,N,,N,,,N,,N,,,Y,2022,https://www.intertie.com/,N,,Y,https://www.energy.ca.gov/publications/2026/design-build-and-test-advanced-power-electronics-module-enables-electric-vehicle?utm_source=chatgpt.com,Rebecca,3/17/2026
Kilowatt Killer,Antonio Aquino ,Information Technology and Communications,2018,West,,N,2023,S,2024,,N,,,N,,N,,N,,"Kilowatt Killer""",https://www.linkedin.com/in/kilowatt-killer-323171171,,,Instagram,2024,https://www.instagram.com/fanbutler/,N,,N,,,Y,2019,https://www.innov8social.com/2019/04/impactathon-ucla-anderson-2019-in-partnership-with-the-sam-initiative?utm_source=chatgpt.com,N,,,N,,N,,N,,N,,N,,N,,,,N,,N,N,,,,,,,,,,,,,,,,,,,,,,,,,,,N/A,,,,,,,,,,,,,,,,,,,,,,,N,,,,N,N,,,,N,,N,,N,,,N,,N,,,N,,,N,,Y,https://contest.techbriefs.com/2019/entries/consumer-products/9679-0617-220335-kilowatt-killer-a-patented-smart-switch-with-ecological-intelligence?utm_source=chatgpt.com,Rebecca,3/17/2026
Lucent Optics,Sergey Vasylyev,Green Building,2018,West,,Y,2024,Y,2024,https://lucentoptics.com/,Y,2024,"copyright / website footer""",N,,N,,Y,,Sergiy Vasylyev,https://www.linkedin.com/in/sergiy-vasylyev,,,YouTube,2023,https://m.youtube.com/%40lucentoptics9455,N,,N,,,Y,2023,https://www.energy.ca.gov/sites/default/files/2023-06/CEC-500-2023-045.pdf,N,,,N,,Y,2023,N,,N,,N,,Y,Cleantech Open; CalSEED / Energize Innovation,,https://cleanstart.org/blog/enerdapt-and-lucent-optics-get-statewide-attention-via-calseed/,N,,N,N,,,,,,,https://pitchbook.com/profiles/company/300315-52,,https://www.cbinsights.com/company/svv-technology-innovations,,https://pitchbook.com/profiles/company/300315-52,https://www.cbinsights.com/company/svv-technology-innovations,,,,,,,,,,,,,,,,,,,,,,,,,,,,,,,,,,,,,,Y,https://www.energizeinnovation.fund/projects/ultra-thin-flexible-led-lighting-panels,2023,1692069,Y,Y,Cleantech Open,2018,https://science.osti.gov/-/media/sbir/pdf/Success-Stories/Lucent-Optics_success-story_EERE_2019.pdf,N,,N,,N,,,N,,N,,,Y,2024,https://lucentoptics.com/window_film/,Y,2023,Y,https://www.energy.gov/eere/ssl/lucent-optics-develops-coreglotm-led-lighting-panel,Rebecca,3/17/2026
Maxout Renewables,Eric Cummings,Energy Generation,2018,West,,Y,2023,Y,2025,https://www.maxoutrenewables.com/,Y,2022,event/news announcement on homepage,Y,https://www.linkedin.com/company/maxout-renewables,N,,Y,,Eric Cummings,https://www.linkedin.com/in/eric-cummings-737a411,,,YouTube,2020,https://m.youtube.com/channel/UCcfyxanOLcP1yNuXtZQB29Q/videos,N,,Y,Glassdoor,,Y,2024,https://www.sbir.gov/awards/214202,N,,,N,,Y,2024,N,,Y,2025,Y,Cleantech Open alumni / CalSEED ecosystem,Y,Cleantech Open,,,N,,N,N,,,,,,,,,Tracxn,1,,https://tracxn.com/d/companies/maxout-renewables/__bHHimYQwbzEuHnPs41Zzd9d6xmudF_z_wk6zZtVSODU,,,,,,,,,,,,,,,,,,,,,,,,,,,,,,,,,,,,,,Y,https://www.maxoutrenewables.com/news,2024,200000,Y,Y,American-Made Solar Prize; CalSEED,2020,https://www.energy.gov/eere/solar/american-made-solar-prize-round-3,N,,N,,N,,,N,,N,,,Y,2020,https://www.maxoutrenewables.com/news,N,,Y,https://www.energy.gov/eere/solar/solar-topics-small-business-innovation-research-and-small-business-technology-transfer,Rebecca,3/17/2026
MMCISolar,Mark Miles,Energy Generation,2018,West,,Y,2022,Y,2026,https://www.mmcisolar.com/,Y,2017,"news post and copyright""",N,,N,,Y,,Mark Miles,https://www.linkedin.com/in/mark-miles-4377bb6,,,,,,N,,N,,,Y,2025,"https://www.energy.ca.gov/sites/default/files/2025-06/GFO-23-318_NOPA_Results_Table_2025-06-27_ada.xlsx""",N,,,N,,Y,2020,N,,Y,2021,N,,Y,California Solar & Storage Association (CALSSA),,,N,,N,N,,,,,,,https://pitchbook.com/profiles/company/277169-14,,https://tracxn.com/d/companies/mmcisolar/__kqoknHroaBIuYLK1TmKVVA7HToCCsgIi50hLuPrtrKc,,https://pitchbook.com/profiles/company/277169-14,https://tracxn.com/d/companies/mmcisolar/__kqoknHroaBIuYLK1TmKVVA7HToCCsgIi50hLuPrtrKc/funding-and-investors,,,,Grant,$150K,,,,,https://pitchbook.com/profiles/company/277169-14,,,,,,,,,,,,,,,,,,,,,,,,,,,,Y,https://www.mmcisolar.com/news,2017,$150K,Y,Y,CalSEED,2017,News — MMCISolar,N,,N,,N,,,N,,N,,,Y,2017,https://www.mmcisolar.com/social-impact,N,,N,,Rebecca,3/17/2026
Msbai,Allan Grosvenor,Information Technology and Communications,2018,West,,Y,2024,Y,2026,https://msb.ai/,Y,2024,"News post""",Y,https://www.linkedin.com/company/msbai,Y,,Y,,Allan Grosvenor,https://www.linkedin.com/in/allangrosvenor,2025,https://x.com/microsurgeonbot,Instagram,2026,https://www.instagram.com/msb.ai/,N,,Y,Facebook,,Y,2025,https://www.prnewswire.com/news-releases/nasa-selects-msbai-to-turn-air-rules-into-design-tools-302588500.html,N,,,N,,Y,2023,N,,N,,N,,N,,,,N,,N,N,,"Class B, Non-voting Shares",1696842,1069999.04,,,https://pitchbook.com/profiles/company/267019-66,,StartEngine,,https://pitchbook.com/profiles/company/267019-66,https://www.startengine.com/offering/msbai,,,,Crowdfunding,,https://www.sec.gov/Archives/edgar/data/1762827/000166516021000953/xslC_X01/primary_doc.xml,,,,https://pitchbook.com/profiles/company/267019-66,https://www.startengine.com/offering/msbai,,,,,,,,,,,,,,,,,,,,,,,,,,,Y,https://www.startengine.com/offering/msbai,2021,1069999.04,Y,Y,Air Force Accelerator Powered by Techstars,2020,https://www.techstars.com/newsroom/air-force-accelerator-powered-by-techstars-announces-class-of-2020,N,,Y,2026,N,,,N,,N,,,N,,,N,,N,,Rebecca,3/17/2026
Nativus,Dan Poirier,Green Building,2018,West,,Y,2024,Y,2024,https://www.nativuspower.com/,Y,2024,copyright footer update,Y,https://www.linkedin.com/company/nativus,N,,N,,Matt Miller,https://www.linkedin.com/in/mrmattmiller,,,YouTube (third-party interview featuring founder/company),2024,https://www.youtube.com/watch?v=SX50WXrVI6Q,N,,Y,Glassdoor,2025,Y,2020,https://www.energy.ca.gov/sites/default/files/2021-05/CEC-500-2020-009-SUM.pdf,N,,,N,,Y,2024,N,,N,,N,,N,,,,N,,N,N,,,,,,,,,https://tracxn.com/d/companies/nativus/__VjW3sxt_5fNGKOr8KXZY5g6pTyyXI7pxiKvIUOoeLzI,,,https://tracxn.com/d/companies/nativus/__VjW3sxt_5fNGKOr8KXZY5g6pTyyXI7pxiKvIUOoeLzI,,,,,,https://tracxn.com/d/companies/nativus/__VjW3sxt_5fNGKOr8KXZY5g6pTyyXI7pxiKvIUOoeLzI,,,,,,,,,,,,,,,,,,,,,,,,,,,,,,,,Y,https://www.inknowvation.com/sbir/companies/nativus-inc,2020,1225000,Y,Y,Cleantech Open; CalSEED / New Energy Nexus,2018; 2021,https://www.cleantechopen.org/en/challenge/2018-us-accelerator/25/alumni/view/18637,N,,N,,N,,,N,,N,,,Y,2024,https://www.nativuspower.com/,Y,2024,Y,https://www.energy.ca.gov/sites/default/files/2021-05/CEC-500-2020-009-SUM.pdf,Rebecca,3/17/2026
"Opus 12, Inc. (REBRANDED to Twelve Benefit Corporation)",Nicholas Flanders,Chemicals and Advanced Materials,2018,West,,Y,2024,Y,2026,https://www.twelve.co/,Y,2026,blog/article,Y,https://www.linkedin.com/company/twelveco2,Y,2026,Y,,Nicholas Flanders,https://www.linkedin.com/in/nicholas-flanders-co2,2024,https://x.com/twelve_co2/status/1762913035260453193,YouTube,2025,https://m.youtube.com/%40Twelve.CO2/videos,N,,Y,Glassdoor,2024,Y,2026,https://www.techstars.com/blog/startup-profile/building-a-world-from-thin-air-how-twelve-is-turning-co2-into-every-day,N,,,N,,Y,2025,N,,N,,N,,N,,,,N,,N,N,,,,,,,,,Clay,,,https://www.clay.com/dossier/twelve-funding,,,,,,https://www.twelve.co/post/twelve-announces-645-million-in-funding-led-by-tpg-to-transform-co2-in-jet-fuel-and-e-chemicals-a-s,,,,,https://www.businesswire.com/news/home/20210708005231/en/Twelve-Formerly-Opus-12-Secures-%2457-Million-in-Series-A-Funding-Led-by-Capricorn-and-Carbon-Direct,,,,,,https://www.businesswire.com/news/home/20220629005271/en/Twelve-to-Deploy-Worlds-First-Industrial-Scale-Carbon-Transformation-Platform,,,,,https://www.twelve.co/post/twelve-announces-645-million-in-funding-led-by-tpg-to-transform-co2-in-jet-fuel-and-e-chemicals-a-s,,,,,https://www.twelve.co/post/building-a-world-made-from-air-twelve-secures-83-million-in-additional-series-c-project-funding,,,,,,,,,,,Y,https://www.twelve.co/post/building-a-world-made-from-air-twelve-secures-83-million-in-additional-series-c-project-funding,2025,85000000,Y,Y,Cyclotron Road; Techstars,2015; 2018,https://www.techstars.com/blog/startup-profile/building-a-world-from-thin-air-how-twelve-is-turning-co2-into-every-day,Y,2026,N,,Y,,,N,,Y,,,Y,,https://www.twelve.co/post/e-jet-saf-faq,Y,2026,Y,https://www.twelve.co/post/twelve-named-a-time-s-2025-world-s-top-greentech-companies,Rebecca,3/17/2026
People Power Solar Cooperative,Subin DeVar,Renewables,2018,West,,N,2022,N,2026,https://www.peoplepowersolar.org/,Y,2026,wind-down / asset-transfer announcement page,Y,,N,2025,N,2025,Subin DeVar,https://www.linkedin.com/in/subin-devar,,,YouTube,2024,https://www.youtube.com/watch?v=MNXUI4qawig,N,,N,,,Y,2025,https://ilsr.org/article/energy-democracy/community-leaders-on-the-power-of-locally-owned-clean-energy/,N,,,Y,,Y,2018,N,,N,,Y,People's Solar Energy Fund (PSEF),Y,National Community Solar Partnership; People's Solar Energy Fund (PSEF),,,N,,N,N,,,,150000,,,,,https://www.energy.gov/eere/solar/articles/moment-sun-people-power-solar-cooperative,,,,,,,grant / startup funding,,https://www.energy.gov/eere/solar/articles/moment-sun-people-power-solar-cooperative,,,,,,,,,,,,,,,,,,,,,,,,,,,,,,,,Y,https://www.energy.gov/eere/solar/articles/moment-sun-people-power-solar-cooperative,2022,150000,Y,Y,CalSEED (California Sustainable Energy Entrepreneur Development Initiative),2018,https://www.energy.gov/eere/solar/articles/moment-sun-people-power-solar-cooperative,N,,N,,N,,,N,,N,,,Y,,https://www.peoplepowersolar.org/projects,Y,2024,Y,https://www.energy.gov/eere/solar/articles/moment-sun-people-power-solar-cooperative,Rebecca,3/18/2026
Positive Energy Community,Yue Wang,Information Technology and Communications,2018,West,,N,,N,2022,www.positiveenergy.community,N,,,N,,N,,N,,,,,,,,,N,,N,,,N,,,N,,,N,,N,,N,,N,,N,,N,,,,N,,,N,,,,,,,,,,,,,,,,,,,,,,,,,,,,,,,,,,,,,,,,,,,,,,,,,,,,,,,N,,,,N,,N,,,,,N,,N,,,N,,,N,,N,,Henry,3/2/2026
Prime Lightworks Inc.,Kyle Flanagan,Transportation,2018,West,,S,2022,N,2022,https://primelightworks.com/updates/ ,N,2022,,Y,https://www.linkedin.com/company/primelightworks/about/,N,,N,2024,Kyle Flanagan ,https://www.linkedin.com/in/kyleflanagan/,,,,,,N,,N,,,N,,,N,,,N,,Y,,N,,Y,,N,,N,,,,N,,,N,,,,,,https://www.crunchbase.com/organization/prime-lightworks,https://pitchbook.com/profiles/company/168354-37,,,4,7,,120k,,,seed ,120k,,2020,,,2023,,N/A,,,N/A,,,Non equity assistance ,,,Generating revenue,,2016,,,2016,,seed ,,,seed ,,2016,,,2016,,N,,,,N,N,,,,N,,N,,,,,N,,N,,,N,,,N,,N,,Henry,3/2/2026
Ride SVP,Pierre Emmanuel Baud,Transportation,2018,West,,N,2020,N,2021,https://www.ridesvp.com,N,,,N,,N,,N,2021,Pierre Emmanuel Baud,https://fr.linkedin.com/in/pierre-emmanuel-baud-676677b,,,Instagram,2020,https://www.instagram.com/ridesvp/,Y,2021,N,,,Y,2022,https://journal-du-palais.fr/au-sommaire/entreprises/colleag-vers-un-ecosysteme-du-covoiturage-d-entreprise,N,,,Y,,N,,N,,N,,N,,N,,,,N,,N,N,,,,,,,,,https://www.thecompanycheck.com/company/b/ridesvp/7b1bbe4396744e06a,,,,,,,,,,,,,,,,,,,,,,,,,,,,,,,,,,,,,,,,,N,,,,N,Y,Cleantech Open,,https://journal-du-palais.fr/au-sommaire/entreprises/colleag-vers-un-ecosysteme-du-covoiturage-d-entreprise,N,,,,N,,,N,,N,,,N,,,N,,,,Rebecca,3/18/2026
RNA Innovations,Amy Tandon,Chemicals and Advanced Materials,2018,West,,N,,S,2026,https://centriairflow.com/,Y,2026,copyright / live website content,N,,N,,Y,,Adess Singh,https://in.linkedin.com/in/adess-singh-2a84242a,,,F6S,2026,https://www.f6s.com/rnainnovations,N,,N,,,Y,2026,https://tracxn.com/d/companies/rna-innovations/__wxGl20RkZ-SF9vK93teDzJ-7CTD3A-RCW0WWymKHdw4,N,,,N,,Y,2024,N,,N,,N,,Y,Cleantech Open,,https://roseryan.com/blog/judging-cleantech-open/,N,,N,N,,,,,,,,,Tracxn,,,https://tracxn.com/d/companies/rna-innovations/__wxGl20RkZ-SF9vK93teDzJ-7CTD3A-RCW0WWymKHdw4,,,,,,,,,,,,,,,,,,,,,,,,,,,,,,,,,,,,,,N,,,,N,Y,Cleantech Open 2018,2018,https://centriairflow.com/about-us,N,,N,,N,,,N,,N,,,Y,2026,https://centriairflow.com/product,Y,2026,Y,https://tracxn.com/d/companies/rna-innovations/__wxGl20RkZ-SF9vK93teDzJ-7CTD3A-RCW0WWymKHdw4,Rebecca,3/18/2026
Sepion Technologies,Kira Gardner,Energy Distribution and Storage,2018,West,,Y,2024,Y,2022,https://sepiontechnologies.com/,Y,2024,Blog Post ,Y ,https://www.linkedin.com/company/sepion-technologies,Y,2025,Y ,,Peter Frischman ,https://www.linkedin.com/in/peterfrischmann/,,,,,,N,,N,,,N,,,N,,,N,,Y,,N,,N,,N,,N,,,,N,,,Y,2021,Equity ,Decline to disclose ,"$18,749,987","$18,749,987",https://www.crunchbase.com/organization/sepion-technologies ,https://pitchbook.com/profiles/company/171089-74,,,5,13,,33.5M,,,"seed, series A, Grant",only 1M disclosed ,,2025,,,2025,,N/A ,,,N/A,,,Venture series-unknown ,,,Later stage VC ,,2018,,,2016,,Grant ,,,Grant ,,2024,,,,,N,,,,N,Y,Fine strucutre ventures ,2021,https://finestructure.vc/story/sepion,N,,N,,,,,N,,N,,,N,,,N,,N,,Henry ,3/3/2026
South 8 Technologies,Jungwoo Lee,Energy Generation,2018,West,,Y,2026,Y,2026,https://south8.com/,Y,2026,News post,Y ,https://www.linkedin.com/company/south8technologies/people/,Y,2026,Y,,Jungwoo Lee ,https://www.linkedin.com/in/jzlee/,,,,,,N,,N,,,N,,,N,,,N,,N,,N,,N,,N,,N,,,,N,,,N,,,,,,https://www.crunchbase.com/organization/south-8-technologies ,https://pitchbook.com/profiles/company/226698-67,,,9,18,,27.8M,,,Venture Series Unknown ,33.9M,,2025,,,2025,,11M,,,11M,,,Venture series-unknown ,,,later stage VC ,,2017,,,2018,,Series A ,,,Series A ,,2021,,,2021,,N,,,,N,Y,"Alumni Ventures, Lockheed Martin Ventures, Foothill Ventures, National Science Foundation, LG Technology",,,N,,N,,,,,N,,N,,,N,,,N,,N,,Henry ,3/3/2026
Spread.Energy,Yue Wang,"Information Technology and Communications, Energy ",2018,West,,Y,2022,Y,2023,https://spread.energy ,Y,2023,copyright update,Y,https://www.linkedin.com/company/spread-energy ,Y,2023,Y,present,Yue Wang,https://www.linkedin.com/in/yuewang,N/A,N/A,N/A,N/A,N,N/A,N,N/A,N/A,Y,2022,https://spread.energy,N,N/A,N/A,N,N,N/A,N,N/A,N,N/A,Y,CleanTech Open,Y,CleanTech Open,N,Y,N,N/A,N,N,N/A,N/A,https://www.crunchbase.com/organization/spread-energy ,https://pitchbook.com ,N/A,N/A,N/A,N/A,N/A,N/A,N/A,N/A,N/A,N/A,N/A,,,N/A,Y,https://spread.energy ,2022,,,N/A,N,N,,,N/A,N/A,N,N/A,,,Y,2022,https://spread.energy ,,,Y,2022,https://spread.energy ,,,Y,2023,Y,,,https://spread.energy ,Y,https://spread.energy ,,,,,Y,CleanTech Open,2018,https://www.cleantechopen.org ,N,N/A,Y,2023,N,N/A,N/A,N,N/A,Y,2022,https://spread.energy ,Y,2022,https://spread.energy ,Y,2023,Y,https://spread.energy ,Samarth ,3/5/2026
Storagy,Colin Danahy,Information Technology and Communications,2018,West,No info,N,,S,2019,https://www.storagyonline.com/,N,,,N,,N,,N,2019,"Colin Danahy, E.I.T",https://www.linkedin.com/in/colin-danahy-e-i-t-47755670,,,Facebook,,https://www.facebook.com/Storagy-770300219826549/,N,,N,,,Y,2017,https://news.rpi.edu/content/2017/12/13/rensselaer-announces-winners-change-world-challenge-competition,N,,,N,,N,,N,,N,,N,,N,,,https://news.rpi.edu/content/2017/12/13/rensselaer-announces-winners-change-world-challenge-competition,N,,N,N,,,,,,,,,F6S,,,https://www.f6s.com/company/storagy,,,,,,,,,,,,,,,,,,,,,,,,,,,,,,,,,,,,,,N,,,,N,N,,,,N,,N,,N,Wellfound,,N,,N,,,N,,,N,,N,,Rebecca,3/18/2026
Sunswarm Solar,Aaron Clay,"Information Technology and Communications, Energy ",2018,West,,N,,Y,2023,https://www.sunswarmsolar.com ,Y,2023,copyright update,Y,https://www.linkedin.com/company/sunswarm-solar ,Y,2023,Y,present,Aaron Clay,https://www.linkedin.com/in/aaronclay,N/A,N/A,N/A,N/A,N,N/A,N,N/A,N/A,Y,2023,https://www.sunswarmsolar.com,N,N/A,N/A,N,Y,2023,N,N/A,Y,2023,Y,CleanTech Open,Y,CleanTech Open,N,Y,N,N/A,N,N,N/A,N/A,https://www.crunchbase.com/organization/sunswarm-solar ,https://pitchbook.com ,N/A,N/A,N/A,N/A,N/A,N/A,N/A,N/A,N/A,N/A,N/A,,,N/A,Y,https://www.sunswarmsolar.com ,2023,,,N/A,N,Y,,,CleanTech Open,2018,https://www.cleantechopen.org ,Y,,,2023,Y,2023,,,N,N/A,N/A,,,N,N/A,Y,,,2023,https://www.sunswarmsolar.com ,Y,2023,https://www.sunswarmsolar.com ,Y,2023,Y,https://www.sunswarmsolar.com ,,,,,,,,,,,,,,,,,,,,,,Samarth,
Vega Energy Systems,Terrence Unger,Energy Distribution and Storage,2018,West,,Y,2022,S,2022,https://vegaenergysystems.com ,N,N/A,N/A,N,N/A,N,N/A,N,N/A,Terrence Unger,https://www.linkedin.com,N/A,N/A,N/A,N/A,N,N/A,N,N/A,N/A,N,N/A,N/A,N,N/A,N/A,N,N,,N,N/A,N,N/A,N,N/A,N,N/A,N,N/A,N,N,N,N/A,,N,N,N/A,N/A,N/A,N/A,N/A,https://www.crunchbase.com/organization/vega-energy-systems ,https://pitchbook.com ,N/A,N/A,N/A,N/A,N/A,,,N/A,N/A,N/A,N/A,,,N/A,N/A,N/A,,,N/A,N/A,N/A,N/A,,,N/A,N/A,N/A,,,N/A,N/A,N/A,,,N/A,N/A,N/A,,,N/A,N,N/A,N/A,N/A,N,,Y,CleanTech Open,2018,https://www.cleantechopen.org ,N,N/A,N,N/A,N,N/A,N/A,N,N/A,N,N/A,N/A,N,N/A,N/A,N,N/A,N,N/A,Samarth,3/5/2026
Wildnote,Brandon Jones,Information Technology and Communications,2018,West,,Y,2022,Y,2024,https://wildnoteapp.com ,Y,2024,product update,Y,https://www.linkedin.com/company/wildnote ,Y,2024,Y,present,Brandon Jones,https://www.linkedin.com/in/brandonjones,2023,https://twitter.com/wildnoteapp,Facebook,2024,https://facebook.com/wildnoteapp,N,N/A,Y,G2,2023,Y,2024,https://wildnoteapp.com/blog,N,N/A,N/A,N,,Y,2024,N,N/A,Y,2024,Y,Environmental data organizations,Y,Environmental data organizations,N,Y,N,N/A,,N,N,N/A,N/A,N/A,N/A,N/A,https://www.crunchbase.com/organization/wildnote ,https://pitchbook.com ,https://www.dnb.com ,N/A,N/A,N/A,N/A,,,N/A,N/A,N/A,N/A,,,N/A,N/A,N/A,,,N/A,N/A,N/A,N/A,,,N/A,N/A,N/A,,,N/A,N/A,N/A,,,N/A,N/A,N/A,,,N/A,N,N/A,N/A,N/A,N,,Y,CleanTech Open,2018,https://www.cleantechopen.org ,Y,2024,Y,2024,N,N/A,N/A,N,N/A,Y,2024,https://wildnoteapp.com/blog ,Y,2024,https://wildnoteapp.com/blog ,Y,2024,Y,https://wildnoteapp.com ,Samarth,3/5/2026
YouSolar,Arnold Leitner,Energy Generation,2018,West,,Y,2022,Y,2024,https://www.yousolar.com ,Y,2024,product news,Y,https://www.linkedin.com/company/yousolar ,Y,2024,Y,present,Arnold Leitner,https://www.linkedin.com/in/arnoldleitner,2023,https://twitter.com/yousolar,YouTube,2024,https://youtube.com/yousolar,N,N/A,Y,Google,2024,Y,2024,https://www.yousolar.com/news,N,N/A,N/A,N,,Y,2024,N,N/A,Y,2024,Y,Solar Energy Industries Association,Y,Solar Energy Industries Association,N,Y,N,N/A,,N,N,N/A,N/A,N/A,N/A,N/A,https://www.crunchbase.com/organization/yousolar ,https://pitchbook.com ,N/A,N/A,N/A,N/A,N/A,,,N/A,N/A,N/A,N/A,,,N/A,N/A,N/A,,,N/A,N/A,N/A,N/A,,,N/A,N/A,N/A,,,N/A,N/A,N/A,,,N/A,N/A,N/A,,,N/A,N,N/A,N/A,N/A,N,,Y,CleanTech Open,2018,https://www.cleantechopen.org ,Y,2024,Y,2024,N,N/A,N/A,Y,https://www.yousolar.com ,Y,2024,https://www.yousolar.com/news ,Y,2024,https://www.yousolar.com ,Y,2024,Y,https://www.yousolar.com ,Samarth,3/5/2026
Zevway,Jerry Joslyn,Transportation,2018,West,No info,N,,Y,2024,https://zevway.com ,Y,2024,product update,Y,https://www.linkedin.com/company/zevway ,Y,2024,Y,present,Jerry Joslyn,https://www.linkedin.com/in/jerryjoslyn,N/A,N/A,N/A,N/A,N,N/A,N,N/A,N/A,Y,2023,https://zevway.com/news,N,N/A,N/A,N,N,,Y,2024,N,N/A,Y,2024,Y,Electric vehicle industry groups,Y,Electric vehicle industry groups,N,Y,N,N/A,,N,N,N/A,N/A,N/A,N/A,N/A,https://www.crunchbase.com/organization/zevway ,https://pitchbook.com ,N/A,N/A,N/A,N/A,N/A,,,N/A,N/A,N/A,N/A,,,N/A,N/A,N/A,,,N/A,N/A,N/A,N/A,,,N/A,N/A,N/A,,,N/A,N/A,N/A,,,N/A,N/A,N/A,,,N/A,N,N/A,N/A,N/A,N,,Y,CleanTech Open,2018,https://www.cleantechopen.org ,N,N/A,Y,2024,N,N/A,N/A,N,N/A,Y,2023,https://zevway.com/news ,Y,2023,https://zevway.com ,Y,2024,Y,https://zevway.com ,Samarth,3/5/2026
The Solar Payoff LLC,Curtis Dowds,Information & Communication Technology,2018,West,,Y,2022,S,2022,https://thesolarpayoff.com ,N,N/A,N/A,N,N/A,N,N/A,N,N/A,Curtis Dowds,https://www.linkedin.com,N/A,N/A,N/A,N/A,N,N/A,N,N/A,N/A,N,N/A,N/A,N,N/A,N/A,N,N,,N,N/A,N,N/A,N,N/A,N,N/A,N,N/A,N,N,N,N/A,,N,N,N/A,N/A,N/A,N/A,N/A,N/A,N/A,N/A,N/A,N/A,N/A,N/A,,,N/A,N/A,N/A,N/A,,,N/A,N/A,N/A,,,N/A,N/A,N/A,N/A,,,N/A,N/A,N/A,,,N/A,N/A,N/A,,,N/A,N/A,N/A,,,N/A,N,N/A,N/A,N/A,N,,Y,CleanTech Open,2018,https://www.cleantechopen.org ,N,N/A,N,N/A,N,N/A,N/A,N,N/A,N,N/A,N/A,N,N/A,N/A,N,N/A,N,N/A,Samarth,3/5/2026
T2M Global,Pinakin Patel,Energy Generation,2018,West,,Y,2022,S,2022,https://t2mglobal.com ,N,N/A,N/A,N,N/A,N,N/A,N,N/A,Pinakin Patel,https://www.linkedin.com,N/A,N/A,N/A,N/A,N,N/A,N,N/A,N/A,N,N/A,N/A,N,N/A,N/A,N,N,,N,N/A,N,N/A,N,N/A,N,N/A,N,N/A,N,N,N,N/A,,N,N,N/A,N/A,N/A,N/A,N/A,N/A,N/A,N/A,N/A,N/A,N/A,N/A,,,N/A,N/A,N/A,N/A,,,N/A,N/A,N/A,,,N/A,N/A,N/A,N/A,,,N/A,N/A,N/A,,,N/A,N/A,N/A,,,N/A,N/A,N/A,,,N/A,N,N/A,N/A,N/A,N,,Y,CleanTech Open,2018,https://www.cleantechopen.org ,N,N/A,N,N/A,N,N/A,N/A,N,N/A,N,N/A,N/A,N,N/A,N/A,N,N/A,N,N/A,Samarth,3/5/2026
Spark Box,Marty Wolf,Energy Generation,2018,West,,N,,A,2020,N/A,N,N/A,N/A,N,N/A,N,N/A,N,N/A,Marty Wolf,N/A,N/A,N/A,N/A,N/A,N,N/A,N,N/A,N/A,N,N/A,N/A,N,N/A,N/A,N,,,N,N/A,N,N/A,N,N/A,N,N/A,Y,CleanTech Open / F6S startup ecosystem,N,N,N,N/A,N,N,N/A,N/A,N/A,N/A,N/A,N/A,N/A,N/A,N/A,N/A,N/A,N/A,N/A,,,N/A,N/A,N/A,N/A,,,N/A,N/A,N/A,,,N/A,N/A,N/A,N/A,,,N/A,N/A,N/A,,,N/A,N/A,N/A,,,N/A,N/A,N/A,,,N/A,N/A,N,N/A,N/A,N/A,N,Y,CleanTech Open,2018,https://www.cleantechopen.org ,N,N/A,N,N/A,N,N/A,N/A,N,N/A,N,N/A,N/A,N,N/A,N/A,N,N/A,N,N/A,Samarth,3/5/2026
Hi-Z Technology Inc,Jill Elsner,Energy Generation,2018,West,,Y,2022,Y,2024,https://hi-z.com ,Y,2024,company/project update,N,N/A,N,N/A,Y,N/A,Jill Elsner,https://www.linkedin.com/in/jill-elsner-64b3a517,N/A,N/A,N/A,N/A,N,N/A,Y,Indeed,2024,Y,2024,https://www.energy.ca.gov/eere/solar/2022-seto-peer-review-manufacturing-and-competitiveness-projects,N,N/A,N/A,N,,,Y,2024,N,N/A,N,N/A,Y,thermoelectric / energy R&D ecosystem,Y,thermoelectric / DOE energy ecosystem,N,Y,N,N/A,N,N,N/A,N/A,N/A,N/A,N/A,N/A,https://pitchbook.com/profiles/company/601659-28 ,N/A,N/A,N/A,N/A,N/A,N/A,,,N/A,N/A,N/A,N/A,,,N/A,N/A,N/A,,,N/A,N/A,N/A,N/A,,,N/A,N/A,N/A,,,N/A,N/A,N/A,,,N/A,N/A,N/A,,,https://pitchbook.com/profiles/company/601659-28 ,N/A,N,N/A,N/A,N/A,N,Y,CleanTech Open,2018,https://www.cleantechopen.org ,N,N/A,N,N/A,N,N/A,N/A,N,N/A,N,N/A,N/A,N,N/A,N/A,N,N/A,N,N/A,Samarth,3/5/2026
HAPI Water Solutions,Valantyn Koziak,Agriculture Water & Waste,2018,West,,N,,Y,2026,N/A,N,N/A,N/A,N,N/A,N,N/A,N,N/A,Valantyn Koziak,https://www.f6s.com/member/valantynkoziak,N/A,N/A,N/A,N/A,N,N/A,N,N/A,N/A,Y,2026,https://www.f6s.com/member/valantynkoziak,N,N/A,N/A,N,,,N,N/A,N,N/A,N,N/A,N,N/A,Y,CleanTech Open / F6S startup ecosystem,N,Y,N,N/A,N,N,N/A,N/A,N/A,N/A,N/A,N/A,N/A,N/A,https://www.f6s.com/member/valantynkoziak ,N/A,N/A,https://www.f6s.com/member/valantynkoziak ,N/A,,,N/A,N/A,N/A,N/A,,,N/A,N/A,N/A,,,N/A,N/A,N/A,N/A,,,N/A,N/A,N/A,,,N/A,N/A,N/A,,,N/A,N/A,N/A,,,N/A,https://www.f6s.com/member/valantynkoziak ,N,N/A,N/A,N/A,N,Y,CleanTech Open,2018,https://www.cleantechopen.org ,N,N/A,N,N/A,N,N/A,N/A,N,N/A,N,N/A,N/A,N,N/A,N/A,N,N/A,N,N/A,Samarth,3/5/2026
Halo Industries Inc,Andrei Iancu,Energy Generation,2018,West,,Y,2022,Y,2025,http://www.halo-industries.com ,Y,2025,LinkedIn/company update,Y,https://www.linkedin.com/company/halo-industries ,Y,2025,Y,N/A,Andrei Iancu,N/A,N/A,N/A,N/A,N/A,N,N/A,N,N/A,N/A,Y,2025,https://www.linkedin.com/company/halo-industries,N,N/A,N/A,N,,,Y,2025,N,N/A,N,N/A,Y,clean energy / semiconductor manufacturing ecosystem,Y,DOE SETO / California energy innovation ecosystem,N,Y,N,N/A,N,N,N/A,N/A,N/A,N/A,N/A,https://www.crunchbase.com/organization/halo-industries ,https://pitchbook.com/profiles/company/268038-01 ,N/A,https://www.optica-opn.org/home/industry/2024/july/halo_industries_grabs_us%2480_million_in_series_b_funding/ ,N/A,N/A,https://www.optica-opn.org/home/industry/2024/july/halo_industries_grabs_us%2480_million_in_series_b_funding/ ,N/A,,,Series B,122000000,80000000,2024,,,2024,2024,80000000,,,80000000,N/A,80000000,2024,,,2024,2024,Series B,,,Series B,Series B,2024,,,2024,2024,N/A,,,https://pitchbook.com/profiles/company/268038-01 ,https://www.optica-opn.org/home/industry/2024/july/halo_industries_grabs_us%2480_million_in_series_b_funding/ ,Y,https://www.optica-opn.org/home/industry/2024/july/halo_industries_grabs_us%2480_million_in_series_b_funding/ ,2024,80000000,Y,Y,CleanTech Open,2018,https://www.cleantechopen.org ,Y,2025,Y,2025,N,N/A,N/A,Y,https://www.halo-industries.com ,Y,2024,https://www.optica-opn.org/home/industry/2024/july/halo_industries_grabs_us%2480_million_in_series_b_funding/ ,Y,2025,https://www.halo-industries.com ,Y,2025,Y,https://www.linkedin.com/company/halo-industries ,Samarth,3/5/2026
From Wild Surfaces,Ilya Danilov,Green Buildings,2018,West,,N,,S,2018,N/A,N,N/A,N/A,N,N/A,N,N/A,N,N/A,Ilya Danilov,N/A,N/A,N/A,N/A,N/A,N,N/A,N,N/A,N/A,N,N/A,N/A,N,N/A,N/A,N,,,N,N/A,N,N/A,N,N/A,N,N/A,N,N/A,N,N,N,N/A,N,N,N/A,N/A,N/A,N/A,N/A,N/A,N/A,N/A,N/A,N/A,N/A,N/A,N/A,,,N/A,N/A,N/A,N/A,,,N/A,N/A,N/A,,,N/A,N/A,N/A,N/A,,,N/A,N/A,N/A,,,N/A,N/A,N/A,,,N/A,N/A,N/A,,,N/A,N/A,N,N/A,N/A,N/A,N,Y,CleanTech Open,2018,https://www.cleantechopen.org ,N,N/A,N,N/A,N,N/A,N/A,N,N/A,N,N/A,N/A,N,N/A,N/A,N,N/A,N,N/A,Samarth,3/5/2026
Freedom Motors,David Sastry,Energy Generation,2018,West,,N,,Y,2023,https://freedom-motors.com ,Y,2023,blog/newsletter update,N,N/A,N,N/A,Y,N/A,David Sastry,N/A,N/A,N/A,Facebook/Instagram,2023,https://freedom-motors.com/blog/2018/05/31/cleantech-open-first-meet-greet/,N,N/A,N,N/A,N/A,Y,2023,https://freedom-motors.com/blog/2018/05/31/cleantech-open-first-meet-greet/,N,N/A,N/A,N,,N,N/A,N,N/A,N,N/A,N,N/A,Y,CleanTech Open / startup ecosystem,N,Y,N,N/A,N,N,N/A,N/A,N/A,N/A,N/A,N/A,N/A,N/A,https://freedom-motors.com/blog/2018/05/31/cleantech-open-first-meet-greet/ ,N/A,N/A,https://freedom-motors.com/blog/2018/05/31/cleantech-open-first-meet-greet/ ,N/A,,,N/A,N/A,N/A,N/A,,,N/A,N/A,N/A,,,N/A,N/A,N/A,N/A,,,N/A,N/A,N/A,,,N/A,N/A,N/A,,,N/A,N/A,N/A,,,N/A,https://freedom-motors.com/blog/2018/05/31/cleantech-open-first-meet-greet/ ,N,N/A,N/A,N/A,N,Y,CleanTech Open,2018,https://www.cleantechopen.org ,Y,2023,N,N/A,Y,Facebook,2023,N,N/A,Y,2023,https://freedom-motors.com/blog ,Y,2023,https://freedom-motors.com/blog ,Y,2023,N,N/A,Samarth,3/5/2026
Ecotel,John Ko,Energy Efficiency,2018,West,,N,,S,2018,N/A,N,N/A,N/A,N,N/A,N,N/A,N,N/A,John Ko,N/A,N/A,N/A,N/A,N/A,N,N/A,N,N/A,N/A,Y,2018,https://www.rockymountnc.gov/DocumentCenter/View/4099/Item-10-PDF,N,N/A,N/A,N,,,N,N/A,N,N/A,N,N/A,N,N/A,Y,startup / municipal pilot ecosystem,N,Y,N,N/A,N,N,N/A,N/A,N/A,N/A,N/A,N/A,N/A,N/A,https://www.rockymountnc.gov/DocumentCenter/View/4099/Item-10-PDF ,N/A,N/A,https://www.rockymountnc.gov/DocumentCenter/View/4099/Item-10-PDF ,N/A,,,N/A,N/A,N/A,N/A,,,N/A,N/A,N/A,,,N/A,N/A,N/A,N/A,,,N/A,N/A,N/A,,,N/A,N/A,N/A,,,N/A,N/A,N/A,,,N/A,https://www.rockymountnc.gov/DocumentCenter/View/4099/Item-10-PDF ,N,N/A,N/A,N/A,N,Y,CleanTech Open,2018,https://www.cleantechopen.org ,N,N/A,N,N/A,N,N/A,N/A,N,N/A,N,N/A,N/A,N,N/A,N/A,N,N/A,N,N/A,Samarth,3/5/2026
TendOcean,Domenic Manganelli,Agriculture Water & Waste,2018,Northeast,,N,,Y,2024,https://tendocean.com ,Y,2024,company/profile update,N,N/A,N,N/A,Y,N/A,Domenic Manganelli,N/A,N/A,N/A,N/A,N/A,N,N/A,N,N/A,N/A,Y,2024,https://www.f6s.com/company/tendocean,N,N/A,N/A,N,,,N,N/A,N,N/A,N,N/A,Y,aquaculture / seaweed farming ecosystem,Y,MIT Solve / aquaculture ecosystem,N,Y,N,N/A,N,N,N/A,N/A,N/A,N/A,N/A,N/A,N/A,N/A,https://www.f6s.com/company/tendocean ,N/A,N/A,https://www.f6s.com/company/tendocean ,N/A,,,N/A,N/A,N/A,N/A,,,N/A,N/A,N/A,,,N/A,N/A,N/A,N/A,,,N/A,N/A,N/A,,,N/A,N/A,N/A,,,N/A,N/A,N/A,,,N/A,https://www.f6s.com/company/tendocean ,N,N/A,N/A,N/A,N,Y,CleanTech Open,2018,https://www.cleantechopen.org ,Y,2024,N,N/A,N,N/A,N/A,N,N/A,Y,2024,https://www.f6s.com/company/tendocean ,Y,2024,https://www.f6s.com/company/tendocean ,N,N/A,Y,https://www.f6s.com/company/tendocean ,Samarth,3/5/2026
Sulis,Sarah Pomeranz,Agriculture Water & Waste,2018,Northeast,,N,,Y,2025,N/A,N,N/A,N/A,N,N/A,N,N/A,Y,N/A,Sarah Pomeranz,https://www.linkedin.com/in/sarah-pomeranz,N/A,N/A,Facebook,2024,https://www.facebook.com/suliswaterinternational/,N,N/A,N,N/A,N/A,Y,2025,https://www.business.rutgers.edu/news/why-wait-young-alumna-determined-make-early-lasting-impact-world,N,N/A,N/A,N,,N,N/A,N,N/A,N,N/A,Y,social venture / clean water ecosystem,Y,Hult Prize / Rutgers / social impact ecosystem,N,Y,N,N/A,N,N,N/A,N/A,N/A,N/A,N/A,N/A,N/A,N/A,https://www.business.rutgers.edu/news/why-wait-young-alumna-determined-make-early-lasting-impact-world ,N/A,N/A,https://www.business.rutgers.edu/news/why-wait-young-alumna-determined-make-early-lasting-impact-world ,N/A,,,N/A,N/A,40000,N/A,,,N/A,2025,N/A,,,N/A,N/A,40000,N/A,,,N/A,2025,N/A,,,N/A,Crowdfunding,N/A,,,N/A,2025,N/A,,,N/A,https://www.business.rutgers.edu/news/why-wait-young-alumna-determined-make-early-lasting-impact-world ,Y,https://www.business.rutgers.edu/news/why-wait-young-alumna-determined-make-early-lasting-impact-world ,2025,40000,Y,Y,CleanTech Open,2018,https://www.cleantechopen.org ,N,N/A,Y,2025,Y,Facebook,2024,N,N/A,Y,2025,https://www.business.rutgers.edu/news/why-wait-young-alumna-determined-make-early-lasting-impact-world ,N,N/A,N/A,Y,2024,Y,https://www.facebook.com/suliswaterinternational ,Samarth,3/5/2026
CodeCycle LLC,Kimberly Goodrich,Energy Efficiency,2018,West,,N,,S,2022,N/A,N,N/A,N/A,N,N/A,N,N/A,N,N/A,Kimberly Goodrich,N/A,N/A,N/A,N/A,N/A,N,N/A,N,N/A,N/A,N,N/A,N/A,N,N/A,N/A,N,,,N,N/A,N,N/A,N,N/A,N,N/A,Y,CleanTech Open,N,N,N,N/A,N,N,N/A,N/A,N/A,N/A,N/A,N/A,N/A,N/A,N/A,N/A,N/A,N/A,N/A,,,N/A,N/A,N/A,N/A,,,N/A,N/A,N/A,,,N/A,N/A,N/A,N/A,,,N/A,N/A,N/A,,,N/A,N/A,N/A,,,N/A,N/A,N/A,,,N/A,N/A,N,N/A,N/A,N/A,N,Y,CleanTech Open,2018,https://www.cleantechopen.org ,N,N/A,N,N/A,N,N/A,N/A,N,N/A,N,N/A,N/A,N,N/A,N/A,N,N/A,N,N/A,Samarth,3/5/2026
ChargeMe,Jonathan Rios,Transportation,2018,West,,N,,S,2018,N/A,N,N/A,N/A,N,N/A,N,N/A,N,N/A,Jonathan Rios,N/A,N/A,N/A,N/A,N/A,N,N/A,N,N/A,N/A,N,N/A,N/A,N,N/A,N/A,N,,,N,N/A,N,N/A,N,N/A,N,N/A,Y,CleanTech Open,N,N,N,N/A,N,N,N/A,N/A,N/A,N/A,N/A,N/A,N/A,N/A,N/A,N/A,N/A,N/A,N/A,,,N/A,N/A,N/A,N/A,,,N/A,N/A,N/A,,,N/A,N/A,N/A,N/A,,,N/A,N/A,N/A,,,N/A,N/A,N/A,,,N/A,N/A,N/A,,,N/A,N/A,N,N/A,N/A,N/A,N,Y,CleanTech Open,2018,https://www.cleantechopen.org ,N,N/A,N,N/A,N,N/A,N/A,N,N/A,N,N/A,N/A,N,N/A,N/A,N,N/A,N,N/A,Samarth,3/5/2026
LotusWRF,Tony Koop,Information & Communication Technology,2018,Midwest,,N,No online presence,S,2018,N/A,N,N/A,N/A,N,N/A,N,N/A,N,N/A,Tony Koop,N/A,N/A,N/A,N/A,N/A,N,N/A,N,N/A,N/A,N,N/A,N/A,N,N/A,N/A,N,,,N,N/A,N,N/A,N,N/A,N,N/A,Y,CleanTech Open,N,N,N,N/A,N,N,N/A,N/A,N/A,N/A,N/A,N/A,N/A,N/A,N/A,N/A,N/A,N/A,N/A,,,N/A,N/A,N/A,N/A,,,N/A,N/A,N/A,,,N/A,N/A,N/A,N/A,,,N/A,N/A,N/A,,,N/A,N/A,N/A,,,N/A,N/A,N/A,,,N/A,N/A,N,N/A,N/A,N/A,N,Y,CleanTech Open,2018,https://www.cleantechopen.org ,N,N/A,N,N/A,N,N/A,N/A,N,N/A,N,N/A,N/A,N,N/A,N/A,N,N/A,N,N/A,Samarth,3/5/2026
TerraCOH Inc. ,John Griffin,Geothermal Energy,2018,Midwest,,Y,06/07/2022,N,2023,"http://www.terracoh-age.com  (link leads to some scam site, dont click)  ",N,,,Y,https://www.linkedin.com/company/terracoh-inc-/about/,N,,N,2023,John Griffin,https://www.linkedin.com/in/john-griffin-0283031/,,,,,,N,,N,,,N,,,N,,,N,,N,,N,,N,,N,,N,,,,N,,,N,,,,,,https://www.crunchbase.com/organization/terracoh,https://pitchbook.com/profiles/company/458128-54,,,,6,,,,,,N/A,,,,,2021,,,,,N/A,,,,,,Grant,,,,,2014,,,,,Grant,,,,,N/A,,N,,,,N,N,,,,N,,N,,,,,N,,N,,,N,,,N,,N,,Henry ,3/5/2026
WooRides,Shahbaz Soofi,Transportation,2018,Northeast,,Y,2022,N,2022,None,,,,,https://www.linkedin.com/company/woorides/about/,,,,,,,,,,,,,,,,,,,,,,,,,,,,,,,,,,,,,,,,,,,,,,,,,,,,,,,,,,,,,,,,,,,,,,,,,,,,,,,,,,,,,,,,,,,,,,,,,,,,,,,,,,,,,,,,,,,,,,Josh,4/28/2026
WeavAir,Natalia Mykhaylova,Energy Efficiency,2018,Northeast,,Y,2022,N,2025,https://weavair.com,Y,2023,,Y,https://www.linkedin.com/company/weavair/?originalSubdomain=sg,Y,2025,Y,,Natalia Mykhaylova,https://www.linkedin.com/in/natalia-mykhaylova/,,,,,,N,,N,,,N,,,N,,,N,,N,,N,,N,,N,,N,,,,N,,,N,,,,,,,https://pitchbook.com/profiles/company/186242-68,, ,,57,,,,,Accelerator Incubator,"835,003.54K",,,,,2026,,,,,3.52K,,,,,,Accelerator,,,,,before 2024,,,,,Accelerator ,,,,,Accelerator,,N,,,,N,N,,,,N,,,,,,,N,,N,,,N,,,N,,N,,Josh,4/30/2026
Water Solution Strategies,Bret Noecker,Chemicals & Advanced Materials,2018,Rocky Mountain,,N,No online presemce ,N,2018,"Found founder Bret Noecker, but no references to the company",,,,,,,,,,,,,,,,,,,,,,,,,,,,,,,,,,,,,,,,,,,,,,,,,,,,,,,,,,,,,,,,,,,,,,,,,,,,,,,,,,,,,,,,,,,,,,,,,,,,,,,,,,,,,,,,,,,,,,,,,,,,
Vorticity,Tim Victor,Energy Efficiency,2018,Rocky Mountain,,N,2018,N,2018,LinkedIn shows company ending in 2019,,,,,,,,,,,,,,,,,,,,,,,,,,,,,,,,,,,,,,,,,,,,,,,,,,,,,,,,,,,,,,,,,,,,,,,,,,,,,,,,,,,,,,,,,,,,,,,,,,,,,,,,,,,,,,,,,,,,,,,,,,,,
"VOLTA Reserve Power, LLC",Preston Bloss,Energy Distribution & Storage,2018,Northeast,,Y,2019,N,2019,http://www.voltareservepower.com,N,,,Y,https://www.linkedin.com/company/voltareservepower/about/,N,,Y,,Preston Bloss ,https://www.linkedin.com/in/prestonbloss/,,,,,,N,,N,,,N,,,N,,,N,,N,,N,,N,,N,,N,,,,N,,,N,,,,,,https://www.crunchbase.com/organization/volta-reserve-power-llc#market_intelligence,,,,,,,,,,,,,,,,,,,,,,,,,,,,,,,,,,,,,,,,,,,,N,,,,N,N,,,,N,,,,,,,N,,N,,,N,,,N,,N,,Henry,3/10/2026
Uficient,Matthew Conway,Energy Efficiency,2018,Northeast,,N,Uficient seems to be a project rather than a company,N,2018,No website,N,,,N,,N,,N,2018,Tom Chan ,https://www.linkedin.com/in/tom-chan-50858736/,,,,,,N,,N,,,N,,,N,,,N,,N,,N,,N,,N,,N,,,,N,,,N,,,,,,N/A,N/A,No financial info available anywhere for this company,,,,,,,,,,,,,,,,,,,,,,,,,,,,,,,,,,,,,,,,,,N,,,,N,N,,,,N,,N,,N,,,N,,N,,,N,,,N,,N,,Henry,3/12/2026
Triocup,Tom Chan,Energy Efficiency,2018,Northeast,,N,,N,2018,LinkedIn founder profile references that the company failed,,,,,,,,,,,,,,,,,,,,,,,,,,,,,,,,,,,,,,,,,,,,,,,,,,,,,,,,,,,,,,,,,,,,,,,,,,,,,,,,,,,,,,,,,,,,,,,,,,,,,,,,,,,,,,,,,,,,,,,,,,,Josh,5/4/2026
TechStyle Materials,Derek Stein,Green Buildings,2018,Northeast,,Y,2019,Y,2026,https://www.adeptmaterials.com/,,,,,https://www.linkedin.com/company/adeptmaterials/,y,2026,,,,,,,,,,,,,,,,,,,,,,,,,,,,,,,,,,,,,,,,,,,,,,,,,,,,,,,,,,,,,,,,,,,,,,,,,,,,,,,,,,,,,,,,,,,,,,,,,,,,,,,,,,,,,,,,,,,,Josh,4/30/2026
Social Solar,Donna Sanders,Information & Communication Tech,2018,Northeast,,Y,2024,N,2024,None,,,,,None,,,,,,,,,,,,,,,,,,,,,,,,,,,,,,,,,,,,,,,,,,,,,,,,,,,,,,,,,,,,,,,,,,,,,,,,,,,,,,,,,,,,,,,,,,,,,,,,,,,,,,,,,,,,,,,,,,,,,,Josh,4/30/2026
"Shockwave Motors, Inc.",John McMillian,Transportation,2018,Southeast,,Y ,2024,Y,2022,https://www.shockwavemotors.com,Y,,,Y,https://www.linkedin.com/company/shockwave-motors/,N,,Y,,John McMillian ,https://www.linkedin.com/in/johnmcmillian/,,,,,,N,,N,,,N,,,N,,,N,,Y,2024,N,,Y,2024,N,,N,,,,N,,,N,,,,,,,https://pitchbook.com/profiles/company/436354-66,,,,8,,,,,Crowdfunding,350K,,,,,2024,,,,,N/A,,,,,,crowdfunding,,,,,2015,,,,,Grant,,,,,2015,,N,,,,N,N,,,,N,,N,,,,,N,,,,,N,,,N,,N,,Henry ,3/6/2026
SHared Energy ResourceS,Kunal Mehta,Energy Distribution & Storage,2018,West,,Y,2023,N,2023,None,,,,,None,,,,,,,,,,,,,,,,,,,,,,,,,,,,,,,,,,,,,,,,,,,,,,,,,,,,,,,,,,,,,,,,,,,,,,,,,,,,,,,,,,,,,,,,,,,,,,,,,,,,,,,,,,,,,,,,,,,,,,Josh,5/1/2026
Sensible Spreader Technologies,Andrew Jaccoma,Transportation,2018,Northeast,,N,2020,N,2020,"Website is dead, last update March 2 2020 right before COVID",,,,,,,,,,,,,,,,,,,,,,,,,,,,,,,,,,,,,,,,,,,,,,,,,,,,,,,,,,,,,,,,,,,,,,,,,,,,,,,,,,,,,,,,,,,,,,,,,,,,,,,,,,,,,,,,,,,,,,,,,,,Josh,5/4/2026
SDManaged,Daniel Burillo,Information & Communication Technology,2018,Rocky Mountain,,S,2023,N,2023,None,,,,,None,,,,,,,,,,,,,,,,,,,,,,,,,,,,,,,,,,,,,,,,,,,,,,,,,,,,,,,,,,,,,,,,,,,,,,,,,,,,,,,,,,,,,,,,,,,,,,,,,,,,,,,,,,,,,,,,,,,,,,Josh,5/1/2026
Sanos Nutrition LLC,Manuel Santana,Agriculture Water & Waste,2018,Midwest,,N,2021,N,2021,Out of business per Pitchbook,,,,,,,,,,,,,,,,,,,,,,,,,,,,,,,,,,,,,,,,,,,,,,,,,,,,,,,,,,,,,,,,,,,,,,,,,,,,,,,,,,,,,,,,,,,,,,,,,,,,,,,,,,,,,,,,,,,,,,,,,,,Josh,5/4/2026
Saitec Offshore Technologies,Luis González-Pinto,Energy Generation,2018,Northeast,,Y,2024,Y,2026,https://saitec-offshore.com/en/,,,,,https://www.linkedin.com/company/saitec-offshore-technologies/,,2026,,,David Carrascosa (CEO from Apr 2026),https://www.linkedin.com/in/davidcarrascosafrancis/?skipRedirect=true,,,,,,,,,,,,,,,,,,,,,,,,,,,,,,,,,,,,,,,,,,,,,,,,,,,,,,,,,,,,,,,,,,,,,,,,,,,,,,,,,,,,,,,,,,,,,,,,,,,,,,,,,,,,,,,,Josh,5/1/2026
Sabz House,Ehsan Reihani,Energy Distribution & Storage,2018,West,,N,Cannot find a presence ,N,2018,Can't find anything at all,,,,,,,,,,,,,,,,,,,,,,,,,,,,,,,,,,,,,,,,,,,,,,,,,,,,,,,,,,,,,,,,,,,,,,,,,,,,,,,,,,,,,,,,,,,,,,,,,,,,,,,,,,,,,,,,,,,,,,,,,,,Josh,5/4/2026
Remooble,Bart Engendahl,Chemicals & Advanced Materials,2018,Midwest,,Y,2024,Y,2026,https://remooble.com/,,,"2026 copyright, and credit card purchase interface that works",Y,https://www.linkedin.com/company/remooble/,N,,,,,,,,,,,,,,,,,,,,,,,,,,,,,,,,,,,,,,,,,,,,,,,,,,,,,,,,,,,,,,,,,,,,,,,,,,,,,,,,,,,,,,,,,,,,,,,,,,,,,,,,,,,,,,,,,,,,,Josh,5/2/2026
Radical Plastics,Yelena Kann,Chemicals & Advanced Materials,2018,Northeast,,Y,2024,N,2018,None,,,,,None,,,,,Founder works elsewhere,,,,,,,,,,,,,,,,,,,,,,,,,,,,,,,,,,,,,,,,,,,,,,,,,,,,,,,,,,,,,,,,,,,,,,,,,,,,,,,,,,,,,,,,,,,,,,,,,,,,,,,,,,,,,,,,,Josh,5/2/2026
Pyran,Kevin Barnett,Chemicals & Advanced Materials,2018,Midwest,,Y,2022,Y,2026,https://www.pyranco.com/,,,Postings about LOI's,Y,https://www.linkedin.com/company/pyran-inc/,Y,2026,,,,,,,,,,,,,,,,,,,,,,,,,,,,,,,,,,,,,,,,,,,,,,,,,,,,,,,,,,,,,,,,,,,,,,,,,,,,,,,,,,,,,,,,,,,,,,,,,,,,,,,,,,,,,,,,,,,,Josh,5/2/2026
Phytos Therapeutics,Ryan Landis,Chemicals & Advanced Materials,2018,Northeast,,Y,2022,N,2018,None,,,,N,,,,,,,,,,,,,,,,,,,,,,,,,,,,,,,,,,,,,,,,,,,,,,,,,,,,,,,,,,,,,,,,,,,,,,,,,,,,,,,,,,,,,,,,,,,,,,,,,,,,,,,,,,,,,,,,,,,,,,,Josh,5/2/2026
Name Pending,Jacqueline Gilyard Jones,Agriculture Water & Waste,2018,West,,N,2019,N,2018,"LinkedIn shows a government job for the founder after five years of entrepreurship in various startups, now an entrepreneur again, but not seemingly connected to the earlier company",,,,,,,,,,,,,,,,,,,,,,,,,,,,,,,,,,,,,,,,,,,,,,,,,,,,,,,,,,,,,,,,,,,,,,,,,,,,,,,,,,,,,,,,,,,,,,,,,,,,,,,,,,,,,,,,,,,,,,,,,,,Josh,5/4/2026
OysterTracker,Catherine Ganim,Information & Communication Technology,2018,Northeast,,Y,2024,Y,2025,https://www.blue-trace.com/,,,Postings,,None,,,,,,,,,,,,,,,,,,,,,,,,,,,,,,,,,,,,,,,,,,,,,,,,,,,,,,,,,,,,,,,,,,,,,,,,,,,,,,,,,,,,,,,,,,,,,,,,,,,,,,,,,,,,,,,,,,,,,,Josh,5/3/2026
Orun Ododo Power Company Ltd.,Emmanuel Ajani,Energy Distribution & Storage,2018,Northeast,No info,N,,N,2018,Can't find anything at all,,,,,,,,,,,,,,,,,,,,,,,,,,,,,,,,,,,,,,,,,,,,,,,,,,,,,,,,,,,,,,,,,,,,,,,,,,,,,,,,,,,,,,,,,,,,,,,,,,,,,,,,,,,,,,,,,,,,,,,,,,,Josh,5/4/2026
Onvector,Joe Henderson,Agriculture Water & Waste,2018,Northeast,,Y,2024,Y,2026,https://onvector.us/,,,"New stories, copyright 2026",,https://www.linkedin.com/company/onvector/,Y,2026,,,,,,,,,,,,,,,,,,,,,,,,,,,,,,,,,,,,,,,,,,,,,,,,,,,,,,,,,,,,,,,,,,,,,,,,,,,,,,,,,,,,,,,,,,,,,,,,,,,,,,,,,,,,,,,,,,,,Josh,5/3/2026
"Obaggo Recycling, LLC",David New,Agriculture Water & Waste,2018,Northeast,,Y,2024,Y,2026,https://www.obaggo.com/,,,New story about a successful pilot,,None,,,,,,,,,,,,,,,,,,,,,,,,,,,,,,,,,,,,,,,,,,,,,,,,,,,,,,,,,,,,,,,,,,,,,,,,,,,,,,,,,,,,,,,,,,,,,,,,,,,,,,,,,,,,,,,,,,,,,,Josh,5/3/2026
Oak Square Energy,John Typadis,Energy Generation,2018,Northeast,,Y,2023,Y,2017,https://www.oaksquarepartners.com/,,,,,,,,,,"John Typadis and a co-founder, nothing else more current on their LinkedIn's, so I think they are still doing this",https://www.linkedin.com/in/john-typadis-6916768/,,,,,,,,,,,,,,,,,,,,,,,,,,,,,,,,,,,,,,,,,,,,,,,,,,,,,,,,,,,,,,,,,,,,,,,,,,,,,,,,,,,,,,,,,,,,,,,,,,,,,,,,,,,,,,,,Josh,5/3/2026
"NeuralNet, Inc.",Martin Arellano,Energy Distribution & Storage,2018,Northeast,,S,,N,2018,Prior website is dead,,,,,,,,,,,,,,,,,,,,,,,,,,,,,,,,,,,,,,,,,,,,,,,,,,,,,,,,,,,,,,,,,,,,,,,,,,,,,,,,,,,,,,,,,,,,,,,,,,,,,,,,,,,,,,,,,,,,,,,,,,,Josh,5/3/2026
MUVIN Enterprise,Jeffrey Lee,Chemicals & Advanced Materials,2018,Northeast,,Y,,N,2023,https://www.muvinsnowlite.com/,,,,,,,,,,Founder left in Feb 2026,https://www.linkedin.com/in/muvin/?skipRedirect=true,,,,,,,,,,,,,,,,,,,,,,,,,,,,,,,,,,,,,,,,,,,,,,,,,,,,,,,,,,,,,,,,,,,,,,,,,,,,,,,,,,,,,,,,,,,,,,,,,,,,,,,,,,,,,,,,Josh,5/3/2026
MuniCab,Pete Helvey,Transportation,2018,West,No info,N,,N,2018,Can't find anything at all,,,,,,,,,,,,,,,,,,,,,,,,,,,,,,,,,,,,,,,,,,,,,,,,,,,,,,,,,,,,,,,,,,,,,,,,,,,,,,,,,,,,,,,,,,,,,,,,,,,,,,,,,,,,,,,,,,,,,,,,,,,Josh,5/4/2026
microsurgeonbot Inc.,Allan Grosvenor,Energy Efficiency,2018,West,,Y,2024,S,2024,https://microsurgeonbot.com/about-us/,,,"Announce defense department contracts, which might explain why no more news stories since 2024",,,,,,,Founder founded two other entities in the past year or so,https://www.linkedin.com/in/allangrosvenor/,,,,,,,,,,,,,,,,,,,,,,,,,,,,,,,,,,,,,,,,,,,,,,,,,,,,,,,,,,,,,,,,,,,,,,,,,,,,,,,,,,,,,,,,,,,,,,,,,,,,,,,,,,,,,,,,Josh,5/3/2026
MEIB2 Carbon Capture,Michael Sheidaei,Agriculture Water & Waste,2018,Southeast,No info,S,,N,2018,None,,,,,,,,,,,https://www.linkedin.com/in/michael-sheidaei-phd-p-e-p-eng-90020317/,,,,,,,,,,,,,,,,,,,,,,,,,,,,,,,,,,,,,,,,,,,,,,,,,,,,,,,,,,,,,,,,,,,,,,,,,,,,,,,,,,,,,,,,,,,,,,,,,,,,,,,,,,,,,,,,Josh,5/3/2026
MAKOTO US,Scott Englander,Transportation,2018,Northeast,FLxDER,N,,N,2018,Can't find anything at all,,,,,,,,,,,,,,,,,,,,,,,,,,,,,,,,,,,,,,,,,,,,,,,,,,,,,,,,,,,,,,,,,,,,,,,,,,,,,,,,,,,,,,,,,,,,,,,,,,,,,,,,,,,,,,,,,,,,,,,,,,,Josh,5/4/2026
Majik Water,Beth Koigi,Agriculture Water & Waste,2018,Northeast,,Y,2024,N,2023,https://majikwater.africa/,,,,,,,,,,Only founder Beth Koigi lists this as current on LinkedIn; the rest are gone,,,,,,,,,,,,,,,,,,,,,,,,,,,,,,,,,,,,,,,,,,,,,,,,,,,,,,,,,,,,,,,,,,,,,,,,,,,,,,,,,,,,,,,,,,,,,,,,,,,,,,,,,,,,,,,,,Josh,5/3/2026
Magnomer,Ravish Majithia,Chemicals & Advanced Materials,2018,Northeast,,Y,2024,Y,2026,https://magnomer.com/news,,,News postings,,https://www.linkedin.com/company/magnomer2/,,2025,,,,,,,,,,,,,,,,,,,,,,,,,,,,,,,,,,,,,,,,,,,,,,,,,,,,,,,,,,,,,,,,,,,,,,,,,,,,,,,,,,,,,,,,,,,,,,,,,,,,,,,,,,,,,,,,,,,,Josh,5/3/2026
Lithio Storage,Anthony DAngelo,Energy Distribution & Storage,2018,Northeast,,N,2018,N,2018,Out of business per Pitchbook,,,,,,,,,,,,,,,,,,,,,,,,,,,,,,,,,,,,,,,,,,,,,,,,,,,,,,,,,,,,,,,,,,,,,,,,,,,,,,,,,,,,,,,,,,,,,,,,,,,,,,,,,,,,,,,,,,,,,,,,,,,Josh,5/4/2026
Kosmik Energy Inc.,Ricardo Ramirez,Green Buildings,2018,South Central,No info,N,,Y,2026,https://www.kosmikenergy.com/,,,"An ""unfunded company"" per Tracxn, two employees in 2024, but website shows copyright 2026",,https://www.linkedin.com/company/kosmik-energy/,,,,,"Founder lists only this company, and a contract engineer signed in in Feb 2026",https://www.linkedin.com/in/ricardo-ramirez-7111b892/,,,,,,,,,,,,,,,,,,,,,,,,,,,,,,,,,,,,,,,,,,,,,,,,,,,,,,,,,,,,,,,,,,,,,,,,,,,,,,,,,,,,,,,,,,,,,,,,,,,,,,,,,,,,,,,,Josh,5/4/2026
Insanerator,Hannah Hoffmann,"Agriculture, Water & Waste",2018,Northeast,No info,N,,N,2018,Can't find anything beyond original MIT lab,,,,,The founder's LinkedIn profile doesn't mention the company at all,,,,,,,,,,,,,,,,,,,,,,,,,,,,,,,,,,,,,,,,,,,,,,,,,,,,,,,,,,,,,,,,,,,,,,,,,,,,,,,,,,,,,,,,,,,,,,,,,,,,,,,,,,,,,,,,,,,,,,Josh,5/4/2026
"HyperBorean, LLC",Todd Gentry,Energy Efficiency,2018,Midwest,,N,2023,N,2023,"Tracxn directs to coldfromheat.com, but that goes to overwatchtechnologies.io with no traceable connection to Hyperborean.",,,,,https://www.linkedin.com/company/hyperborean/,,,,,Founder lists only this company,https://www.linkedin.com/in/todd-gentry-6801265/,,,,,,,,,,,,,,,,,,,,,,,,,,,,,,,,,,,,,,,,,,,,,,,,,,,,,,,,,,,,,,,,,,,,,,,,,,,,,,,,,,,,,,,,,,,,,,,,,,,,,,,,,,,,,,,,Josh,5/4/2026
Hygge Power,Caleb Scalf,Energy Efficiency,2018,Rocky Mountain,Info,Y,2024,N,2024,https://www.hyggepower.com/,,,"No dates, news stories, or people listed",,,,,,,"One co-founder left in 2019, and the rest don't show up in searches.",https://www.linkedin.com/in/grantcurtisfritz/,,,,,,,,,,,,,,,,,,,,,,,,,,,,,,,,,,,,,,,,,,,,,,,,,,,,,,,,,,,,,,,,,,,,,,,,,,,,,,,,,,,,,,,,,,,,,,,,,,,,,,,,,,,,,,,,Josh,5/3/2026
Heliotrope Energy,Edward Williams,Information & Communication Technology,2018,Northeast,,N,2018,S,2018,N/A,N,N/A,N/A,N,N/A,N,N/A,N,N/A,Edward Williams,N/A,N/A,N/A,N/A,N/A,N,N/A,N,N/A,N/A,N/A,N,N/A,N/A,N,N/A,N/A,N,,N,N/A,N,N/A,N,N/A,N,N/A,N,N/A,N,N,N,N/A,N,N,N/A,N/A,N/A,N/A,N/A,N/A,N/A,N/A,N/A,N/A,N/A,N/A,N/A,,,N/A,N/A,N/A,N/A,,,N/A,N/A,N/A,,,N/A,N/A,N/A,N/A,,,N/A,N/A,N/A,,,N/A,N/A,N/A,,,N/A,N/A,N/A,,,N/A,N/A,N,N/A,N/A,N/A,N,Y,CleanTech Open,2018,https://www.cleantechopen.org ,N,N/A,N,N/A,N,N/A,N/A,N,N/A,N,N/A,N/A,N,N/A,N/A,N,N/A,N,N/A,Samarth ,3/6/2026
"Heat Inverse, LLC",Romy Fain,Energy Efficiency,2018,Northeast,,Y,2024,Y,2025,https://www.heatinverse.com ,Y,2025,about-us / company website update,Y,https://www.linkedin.com/company/heatinverse ,Y,2024,Y,N/A,Romy Fain,https://www.linkedin.com/in/romyfain ,N/A,N/A,N/A,N/A,N,N/A,N,N,N/A,N/A,Y,2025,https://www.revithaca.com/heat-inverse-awarded-1-million-for-cooling-films/ ,N,N/A,N/A,N,,N,N/A,N,N/A,Y,2024,N,N/A,Y,CleanTech Open,N,Y,N,N/A,N,N,N/A,N/A,N/A,N/A,N/A,N/A,https://pitchbook.com ,N/A,https://revithaca.com/heat-inverse-awarded-1-million-for-cooling-films ,N/A,https://pitchbook.com ,https://revithaca.com ,1000000,,,Grant,N/A,https://revithaca.com/heat-inverse-awarded-1-million-for-cooling-films/ ,2024,,,N/A,2024,1000000,,,N/A,N/A,1000000,2024,,,N/A,2024,Grant,,,N/A,Grant,2024,,,N/A,2024,1000000,,,N/A,https://revithaca.com/heat-inverse-awarded-1-million-for-cooling-films/ ,Y,https://revithaca.com/heat-inverse-awarded-1-million-for-cooling-films/ ,2024,1000000,Y,Y,CleanTech Open,2018,https://www.cleantechopen.org ,N,N/A,Y,2024,N,N/A,N/A,N,N/A,Y,2024,https://www.revithaca.com/heat-inverse-awarded-1-million-for-cooling-films/ ,Y,2025,https://www.heatinverse.com ,Y,2024,Y,https://www.revithaca.com/heat-inverse-awarded-1-million-for-cooling-films/ ,Samarth ,3/6/2026
Haystack,Guillaume Defrance de Tersant,"Agriculture, Water & Waste",2018,Northeast,,Y,2022,S,2019,N/A,N,N/A,N/A,N,N/A,N,N/A,N,2019,Guillaume Defrance de Tersant,https://www.linkedin.com/in/guillaume-defrance/en ,N/A,N/A,N/A,N/A,N,N/A,N,N,N/A,N/A,N,N/A,N/A,N,N/A,N/A,N,,N,N/A,N,N/A,N,N/A,N,N/A,Y,CleanTech Open,N,N,N,N/A,N,N,N/A,N/A,N/A,N/A,N/A,N/A,N/A,N/A,https://haystackag.com ,N/A,N/A,https://haystackag.com,N/A,,,N/A,N/A,N/A,N/A,,,N/A,N/A,N/A,,,N/A,N/A,N/A,N/A,,,N/A,N/A,N/A,,,N/A,N/A,N/A,,,N/A,N/A,N/A,,,N/A,N/A,N,N/A,N/A,N/A,N,Y,CleanTech Open,2018,https://www.cleantechopen.org ,N,N/A,N,N/A,N,N/A,N/A,N,N/A,N,N/A,N/A,Y,2024,https://www.haystackag.com ,N,N/A,Y,https://www.haystackag.com ,Samarth ,3/6/2026
H2Optimize,Jim Brotherton,"Agfriculture, Water & Waste",2018,South Central,,N,2019,Y,2024,https://hydroidmeter.com ,Y,2024,company website / product info update,N,N/A,N,N/A,Y,N/A,Jim Brotherton,https://www.linkedin.com/in/jim-brotherton ,N/A,N/A,N/A,N/A,N,N/A,N,N,N/A,N/A,Y,2024,https://www.f6s.com/company/h2optimize ,N,N/A,N/A,N,,N,N/A,N,N/A,N,N/A,N,N/A,Y,CleanTech Open,N,Y,N,N/A,N,N,N/A,N/A,N/A,N/A,N/A,N/A,N/A,N/A,https://f6s.com/company/h2optimize ,N/A,N/A,https://f6s.com/company/h2optimize ,N/A,,,N/A,N/A,https://f6s.com/company/h2optimize ,N/A,,,N/A,N/A,N/A,,,N/A,N/A,N/A,N/A,,,N/A,N/A,N/A,,,N/A,N/A,N/A,,,N/A,N/A,N/A,,,N/A,https://f6s.com/company/h2optimize ,N,N/A,N/A,N/A,N,Y,CleanTech Open,2018,https://www.cleantechopen.org ,N,N/A,N,N/A,N,N/A,N/A,N,N/A,Y,2024,https://www.f6s.com/company/h2optimize ,Y,2024,https://hydroidmeter.com ,N,N/A,Y,https://hydroidmeter.com ,Samarth ,3/6/2026
"Guardion, Inc",Nikin Tharan,Chemicals & Advanced Materials,2018,Northeast,,Y,,S,2025,N/A,N,N/A,N/A,N,N/A,N,N/A,N,2019,Nikin Tharan,N/A,N/A,N/A,N/A,N/A,N,N/A,N,N,N/A,N/A,Y,2025,https://files.brokercheck.finra.org/individual/individual_8165305.pdf ,N,N/A,N/A,N,,N,N/A,N,N/A,N,N/A,N,N/A,N,N/A,N,Y,N,N/A,N,N,N/A,N/A,N/A,N/A,N/A,N/A,N/A,N/A,N/A,N/A,N/A,N/A,N/A,,,N/A,N/A,N/A,N/A,,,N/A,N/A,N/A,,,N/A,N/A,N/A,N/A,,,N/A,N/A,N/A,,,N/A,N/A,N/A,,,N/A,N/A,N/A,,,N/A,N/A,N,N/A,N/A,N/A,N,Y,CleanTech Open,2018,https://www.cleantechopen.org ,N,N/A,N,N/A,N,N/A,N/A,N,N/A,Y,2024,https://finance.yahoo.com ,N,N/A,N/A,Y,2023,Y,https://finance.yahoo.com ,Samarth ,3/6/2026
Gridspan Energy,Alec Macklis,Energy Distribution & Storage,2018,Northeast,,N,2017,Y,2026,N/A,N,N/A,N/A,N,N/A,N,N/A,N,N/A,Alec Macklis,N/A,N/A,N/A,N/A,N/A,N,N/A,N,N,N/A,N/A,Y,2026,https://tracxn.com/d/companies/gridspan-energy/__4rOO6rzlqEB_0fbH-zIYqzguHQjL-M8nryYSiRXL5Zs ,N,N/A,N/A,N,,N,N/A,N,N/A,N,N/A,N,N/A,Y,CleanTech Open,N,N,N,N/A,N,N,N/A,N/A,N/A,N/A,N/A,https://tracxn.com/d/companies/gridspan-energy ,N/A,N/A,https://tracxn.com ,N/A,N/A,https://tracxn.com ,N/A,,,N/A,N/A,https://tracxn.com/d/companies/gridspan-energy ,N/A,,,N/A,N/A,N/A,,,N/A,N/A,N/A,N/A,,,N/A,N/A,N/A,,,N/A,N/A,N/A,,,N/A,N/A,N/A,,,N/A,https://tracxn.com/d/companies/gridspan-energy ,N,N/A,N/A,N/A,N,Y,CleanTech Open,2018,https://www.cleantechopen.org ,N,N/A,N,N/A,N,N/A,N/A,N,N/A,Y,2026,https://tracxn.com/d/companies/gridspan-energy/__4rOO6rzlqEB_0fbH-zIYqzguHQjL-M8nryYSiRXL5Zs ,N,N/A,N/A,N,N/A,Y,https://tracxn.com/d/companies/gridspan-energy/__4rOO6rzlqEB_0fbH-zIYqzguHQjL-M8nryYSiRXL5Zs ,Samarth ,3/6/2026
GreenPath Energy Solutions,Samuel Graham,Energy Efficiency,2018,Southeast,,Y,2022,Y,2021,https://greenpathenergysolutions.com ,Y,2021,website company info / contact page update,N,N/A,N,N/A,Y,N/A,Samuel Graham,https://www.linkedin.com/in/samuel-graham-leed-ap-7434a11a ,N/A,N/A,N/A,N/A,N,N/A,N,N,N/A,N/A,Y,2021,https://greenpathenergysolutions.com/ ,N,N/A,N/A,N,,N,N/A,N,N/A,Y,2023,N,N/A,Y,CleanTech Open,N,Y,N,N/A,N,N,N/A,N/A,N/A,N/A,N/A,N/A,N/A,N/A,https://greenpathenergysolutions.com ,N/A,N/A,https://greenpathenergysolutions.com ,N/A,,,N/A,N/A,https://greenpathenergysolutions.com ,N/A,,,N/A,N/A,N/A,,,N/A,N/A,N/A,N/A,,,N/A,N/A,N/A,,,N/A,N/A,N/A,,,N/A,N/A,N/A,,,N/A,https://greenpathenergysolutions.com ,N,N/A,N/A,N/A,N,Y,CleanTech Open,2018,https://www.cleantechopen.org ,N,N/A,N,N/A,N,N/A,N/A,N,N/A,Y,2021,https://greenpathenergysolutions.com ,Y,2021,https://greenpathenergysolutions.com ,N,N/A,Y,https://greenpathenergysolutions.com ,Samarth ,3/6/2026
"GreenChoice, PBC",Galen Karlan Mason,Information & Communication Tech,2018,Northeast,,Y,2022,Y,2026,https://www.greenchoicenow.com ,Y,2022,copyright / FAQ page update,Y,https://www.linkedin.com/company/greenchoicepbc ,Y,2026,Y,N/A,Galen Karlan Mason,https://www.linkedin.com/in/galenkarlanmason ,N/A,N/A,Instagram,2025,https://www.instagram.com/greenchoice.pbc ,N,N/A,N,N/A,N/A,Y,2025,https://podcasts.apple.com/us/podcast/galen-karlan-mason-ceo-of-greenchoice/id1727565016?i=1000739104226 ,N,N/A,N/A,N,,N,N/A,N,N/A,N,N/A,N,N/A,Y,CleanTech Open,N,Y,N,N/A,N,N,N/A,N/A,N/A,N/A,N/A,N/A,N/A,N/A,https://www.greenchoicenow.com ,N/A,N/A,https://www.greenchoicenow.com ,N/A,,,N/A,N/A,https://www.greenchoicenow.com ,N/A,,,N/A,N/A,N/A,,,N/A,N/A,N/A,N/A,,,N/A,N/A,N/A,,,N/A,N/A,N/A,,,N/A,N/A,N/A,,,N/A,N/A,N/A,N/A,N/A,N,N/A,Y,Tsai CITY / Yale startup ecosystem,2019,https://som.yale.edu/blog/som-students-and-startup-yale-2019 ,N,N/A,Y,2026,N,N/A,N/A,N,N/A,Y,2025,https://podcasts.apple.com/us/podcast/galen-karlan-mason-ceo-of-greenchoice/id1727565016?i=1000739104226 ,Y,2025,https://about.greenchoicenow.com/about ,Y,2026,Y,https://www.linkedin.com/company/greenchoicepbc ,Samarth ,3/6/2026
Greater Good Solar,Hannah Beinecke,Energy Generation,2018,Northeast,,N,2019,S,2019,N/A,N,N/A,N/A,N,N/A,N,N/A,N,2019,Hannah Beinecke,N/A,N/A,N/A,N/A,N/A,N,N/A,N,N/A,N/A,Y,2019,https://som.yale.edu/blog/som-students-and-startup-yale-2019 ,N,N/A,N/A,N,,,N,N/A,N,N/A,N,N/A,N,N/A,Y,CleanTech Open / Yale SOM startup ecosystem,N,Y,N,N/A,N,N,N/A,N/A,N/A,N/A,N/A,N/A,N/A,N/A,N/A,N/A,N/A,N/A,N/A,,,N/A,N/A,N/A,N/A,,,N/A,N/A,N/A,,,N/A,N/A,N/A,N/A,,,N/A,N/A,N/A,,,N/A,N/A,N/A,,,N/A,N/A,N/A,,,N/A,N/A,N/A,N/A,N/A,N,N/A,Y,Tsai CITY Accelerator,2019,https://som.yale.edu/news/2019/01/students-rev-up-their-startups-at-tsai-city-accelerator ,N,N/A,N,N/A,N,N/A,N/A,N,N/A,Y,2019,https://city.yale.edu/projects/greater-good-solar ,N,N/A,N/A,N,N/A,Y,https://city.yale.edu/projects/greater-good-solar ,Samarth ,3/6/2026
Ftorion Inc.,Yuriy Tolmachev,Energy Distribution & Storage,2018,Northeast,,N,,S,2022,N/A,N,N/A,N/A,N,N/A,N,N/A,N,N/A,Yuriy Tolmachev,N/A,N/A,N/A,N/A,N/A,N,N/A,N,N/A,N/A,N,N/A,N/A,N,N/A,N/A,N,,,N,N/A,N,N/A,N,N/A,N,N/A,Y,CleanTech Open / Yale SOM startup ecosystem,N,Y,N,N/A,N,N,N/A,N/A,N/A,N/A,N/A,N/A,N/A,N/A,https://ftorion.com ,N/A,N/A,https://ftorion.com ,N/A,,,N/A,N/A,https://ftorion.com ,N/A,,,N/A,N/A,N/A,,,N/A,N/A,N/A,N/A,,,N/A,N/A,N/A,,,N/A,N/A,N/A,,,N/A,N/A,N/A,,,N/A,N/A,N/A,N/A,N/A,N,N/A,Y,CleanTech Open,2018,https://www.cleantechopen.org ,N,N/A,N,N/A,N,N/A,N/A,N,N/A,Y,2014,https://link.springer.com/article/10.1134/S1023193514020050 ,N,N/A,N/A,N,N/A,Y,https://patents.google.com/patent/US10553890B2/en ,Samarth ,3/6/2026
Footprint GBC,William Heegaard,Information & Communication Tech,2018,Midwest,,Y,2022,Y,2025,http://www.footprintproject.org ,Y,2025,website / organization info update,Y,https://www.linkedin.com/company/footprint-project ,Y,2025,Y,N/A,William Heegaard,https://www.linkedin.com/in/will-heegaard-22212022 ,N/A,N/A,N/A,N/A,N,N/A,N,N/A,N/A,Y,2025,https://www.linkedin.com/posts/will-heegaard-22212022_looking-forward-to-this-conversation-tomorrow-activity-7404888264119066624-IRD9 ,N,N/A,N/A,N,,,Y,2018,N,N/A,Y,2018,N,N/A,Y,5starts / startup ecosystem / Minnesota benefit corp filings,N,Y,N,N/A,N,N,N/A,N/A,N/A,N/A,N/A,N/A,N/A,N/A,https://ftorion.com ,N/A,N/A,https://ftorion.com ,N/A,,,N/A,N/A,https://ftorion.com ,N/A,,,N/A,N/A,N/A,,,N/A,N/A,N/A,N/A,,,N/A,N/A,N/A,,,N/A,N/A,N/A,,,N/A,N/A,N/A,,,N/A,N/A,N/A,N/A,N/A,N,N/A,Y,5starts accelerator,2017,https://medium.com/@sektor5/find-out-what-happened-at-5starts-accelerator-demo-day-june-2017-5f70d10b4660 ,N,N/A,Y,2025,N,N/A,N/A,N,N/A,Y,2025,https://www.linkedin.com/posts/will-heegaard-22212022_looking-forward-to-this-conversation-tomorrow-activity-7404888264119066624-IRD9 ,Y,2025,https://www.footprintproject.org ,Y,2025,Y,https://medium.com/@sektor5/find-out-what-happened-at-5starts-accelerator-demo-day-june-2017-5f70d10b4660 ,Samarth ,3/6/2026
foodspace,Ayo Oshinaike,Information & Communication Tech,2018,Northeast,,N,2020,S,2021,N/A,N,N/A,N/A,Y,N/A,Y,2020,N,2021,Ayo Oshinaike,N/A,N/A,N/A,YouTube / podcast ,2021,https://m.youtube.com/watch?v=VxR8gbo6MNU ,N,N/A,N,N/A,N/A,Y,2021,https://blog.techsoup.org/posts/more-apps-to-address-food-insecurity-in-2021 ,N,N/A,N/A,N,,Y,2018,N,N/A,Y,2018,N,N/A,Y,5starts / startup ecosystem / Minnesota benefit corp filings,N,Y,N,N/A,N,N,N/A,N/A,N/A,N/A,N/A,N/A,N/A,N/A,N/A,N/A,N/A,N/A,N/A,,,N/A,N/A,N/A,N/A,,,N/A,N/A,N/A,,,N/A,N/A,N/A,N/A,,,N/A,N/A,N/A,,,N/A,N/A,N/A,,,N/A,N/A,N/A,,,N/A,N/A,N/A,N/A,N/A,N,N/A,Y,Tsai CITY / Startup Yale,2019,https://som.yale.edu/blog/som-students-and-startup-yale-2019 ,N,N/A,N,N/A,Y,YouTube,2021,N,N/A,Y,2021,https://blog.techsoup.org/posts/more-apps-to-address-food-insecurity-in-2021 ,N,N/A,N/A,N,N/A,Y,https://blog.techsoup.org/posts/more-apps-to-address-food-insecurity-in-2021 ,Samarth ,3/6/2026
"Fitware, LLC",Marjorie Weir,Chemicals & Advanced Materials,2018,Midwest,,N,,S,2022,N/A,N,N/A,N/A,Y,https://www.linkedin.com/company/fitware-llc ,N,N/A,N,2022,Marjorie Weir,N/A,N/A,N/A,N/A,N/A,N,N/A,N,N/A,N/A,N,N/A,N/A,N,N/A,N/A,N,,,Y,2018,N,N/A,Y,2018,N,N/A,Y,5starts / startup ecosystem / Minnesota benefit corp filings,N,Y,N,N/A,N,N,N/A,N/A,N/A,N/A,N/A,N/A,N/A,N/A,N/A,N/A,N/A,N/A,N/A,,,N/A,N/A,N/A,N/A,,,N/A,N/A,N/A,,,N/A,N/A,N/A,N/A,,,N/A,N/A,N/A,,,N/A,N/A,N/A,,,N/A,N/A,N/A,,,N/A,N/A,N/A,N/A,N/A,N,N/A,Y,CleanTech Open,2018,https://www.cleantechopen.org ,N,N/A,N,N/A,N,N/A,N/A,N,N/A,N,N/A,N/A,N,N/A,N/A,N,N/A,N,N/A,Samarth ,3/6/2026
Entric Analysis,Scott Uzzle,Energy Generation,2018,Midwest,,N,,Y,2026,http://www.entric.energy ,Y,2026,company / website info update,Y,https://www.linkedin.com/company/entric-analysis ,N,N/A,Y,N/A,Scott Uzzle,https://www.linkedin.com/in/t-scott-uzzle-4560b027 ,N/A,N/A,N/A,N/A,N,N/A,N,N/A,N/A,N,N/A,N/A,N,N/A,N/A,N,,,Y,2018,N,N/A,Y,2018,N,N/A,Y,5starts / startup ecosystem / Minnesota benefit corp filings,N,Y,N,N/A,N,N,N/A,N/A,N/A,N/A,N/A,N/A,N/A,N/A,https://tracxn.com/d/companies/entric-analysis ,N/A,N/A,https://tracxn.com/d/companies/entric-analysis ,N/A,,,N/A,N/A,https://tracxn.com/d/companies/entric-analysis ,N/A,,,N/A,2026,N/A,,,N/A,N/A,N/A,N/A,,,N/A,N/A,N/A,,,N/A,N/A,N/A,,,N/A,N/A,N/A,,,N/A,N/A,N/A,N/A,N/A,N,N/A,Y,CleanTech Open,2018,https://www.cleantechopen.org ,N,N/A,N,N/A,N,N/A,N/A,N,N/A,N,N/A,N/A,N,N/A,N/A,N,N/A,N,N/A,Samarth ,3/6/2026
Electrona Robotics,Matt Scheuer,Agriculture Water & Waste,2018,Northeast,,N,2018,S,2018,N/A,N,N/A,N/A,N,N/A,N,N/A,N,2018,Matt Scheuer,https://www.linkedin.com/in/mattscheuer ,N/A,N/A,N/A,N/A,N,N/A,N,N/A,N/A,N,N/A,N/A,N,N/A,N/A,N,,,N,N/A,N,N/A,N,N/A,N,N/A,Y,Mass Innovation Nights / startup ecosystem,N,Y,N,N/A,N,N,N/A,N/A,N/A,N/A,N/A,N/A,N/A,N/A,https://tracxn.com/d/companies/entric-analysis ,N/A,N/A,https://tracxn.com/d/companies/entric-analysis ,N/A,,,N/A,N/A,https://tracxn.com/d/companies/entric-analysis ,N/A,,,N/A,2026,N/A,,,N/A,N/A,N/A,N/A,,,N/A,N/A,N/A,,,N/A,N/A,N/A,,,N/A,N/A,N/A,,,N/A,N/A,N/A,N/A,N/A,N,N/A,Y,CleanTech Open,2018,https://www.cleantechopen.org ,N,N/A,N,N/A,N,N/A,N/A,N,N/A,N,N/A,N/A,N,N/A,N/A,N,N/A,N,N/A,Samarth ,3/6/2026
E-Green LLC,chia ming chen,Energy Efficiency,2018,Northeast,,Y,2022,S,2018,http://e-green.us ,N,2018,event / listing reference,N,N/A,N,N/A,N,N/A,chia ming chen,N/A,2018,https://twitter.com/egreen_us ,Facebook,2018,https://www.facebook.com/E-green-1337325969722461/ ,N,N/A,N,N/A,N/A,Y,2018,https://mass.innovationnights.com/events/mass-innovation-nights-104/ ,N,N/A,N/A,N,,N,N/A,N,N/A,N,N/A,N,N/A,Y,Mass Innovation Nights / startup ecosystem,N,Y,N,N/A,N,N,N/A,N/A,N/A,N/A,N/A,N/A,N/A,N/A,https://www.f6s.com/e-green ,N/A,N/A,https://www.f6s.com/e-green ,N/A,,,N/A,N/A,https://www.f6s.com/e-green ,N/A,,,N/A,2018,N/A,,,N/A,N/A,N/A,N/A,,,N/A,N/A,N/A,,,N/A,2018,N/A,,,N/A,N/A,N/A,,,N/A,2018,N/A,N/A,https://www.f6s.com/e-green ,N,N/A,Y,Mass Innovation Nights / startup ecosystem,2018,https://mass.innovationnights.com/events/mass-innovation-nights-104/ ,N,N/A,N,N/A,Y,Facebook,2018,N,N/A,Y,2018,https://mass.innovationnights.com/events/mass-innovation-nights-104/ ,N,N/A,N/A,Y,2018,Y,https://www.facebook.com/E-green-1337325969722461/ ,Samarth ,3/6/2026
Dimensional Energy,jason salfi,Energy Generation,2018,Northeast,,Y,2022,Y,2025,https://www.dimensionalenergy.com/news,,,News story,,https://www.linkedin.com/company/dimensional-energy/,,2025,,,,,,,,,,,,,,,,,,,,,,,,,,,,,,,,,,,,,,,,,,,,,,,,,,,,,,,,,,,,,,,,,,,,,,,,,,,,,,,,,,,,,,,,,,,,,,,,,,,,,,,,,,,,,,,,,,,,Josh,5/3/2026
"Dig.y.SoL, LLC",Tom Freund,Transportation,2018,Northeast,,Y,2018,N,2018,https://www.digysol.net/,,,,,None,,,,,,,,,,,,,,,,,,,,,,,,,,,,,,,,,,,,,,,,,,,,,,,,,,,,,,,,,,,,,,,,,,,,,,,,,,,,,,,,,,,,,,,,,,,,,,,,,,,,,,,,,,,,,,,,,,,,,,Josh,5/3/2026
Diaper Junkie,Euan Mowat,Agriculture Water & Waste,2018,Northeast,,N,2016,S,2016,N/A,N,N/A,N/A,N,N/A,N,N/A,N,N/A,Euan Mowat,N/A,N/A,N/A,N/A,N/A,N,N/A,N,N/A,N/A,N,N/A,N/A,N,N/A,N/A,N,,N,N/A,N,N/A,N,N/A,N,N/A,Y,CleanTech Open,N,N,N,N/A,,N,N,N/A,N/A,N/A,N/A,N/A,N/A,N/A,N/A,N/A,N/A,N/A,N/A,N/A,,,N/A,N/A,N/A,N/A,,,N/A,N/A,N/A,,,N/A,N/A,N/A,N/A,,,N/A,N/A,N/A,,,N/A,N/A,N/A,,,N/A,N/A,N/A,,,N/A,N/A,N,N/A,N/A,N/A,N,Y,CleanTech Open,2018,https://www.cleantechopen.org ,N,N/A,N,N/A,N,N/A,N/A,N,N/A,N,N/A,N/A,N,N/A,N/A,N,N/A,N,N/A,Samarth ,3/6/2026
Cleanvester,Seif Benelhani,Information & Communication Tech,2018,Northeast,,N,,S,2018,N/A,N,N/A,N/A,N,N/A,N,N/A,N,N/A,Seif Benelhani,N/A,N/A,N/A,N/A,N/A,N,N/A,N,N/A,N/A,N,N/A,N/A,N,N/A,N/A,N,,N,N/A,N,N/A,N,N/A,N,N/A,Y,CleanTech Open,N,N,N,N/A,,N,N,N/A,N/A,N/A,N/A,N/A,N/A,N/A,N/A,N/A,N/A,N/A,N/A,N/A,,,N/A,N/A,N/A,N/A,,,N/A,N/A,N/A,,,N/A,N/A,N/A,N/A,,,N/A,N/A,N/A,,,N/A,N/A,N/A,,,N/A,N/A,N/A,,,N/A,N/A,N,N/A,N/A,N/A,N,Y,CleanTech Open,2018,https://www.cleantechopen.org ,N,N/A,N,N/A,N,N/A,N/A,N,N/A,N,N/A,N/A,N,N/A,N/A,N,N/A,N,N/A,Samarth ,3/6/2026
Cardinal,Daniel Kelly,Transportation,2018,West,,N,,S,2018,N/A,N,N/A,N/A,N,N/A,N,N/A,N,N/A,Daniel Kelly,N/A,N/A,N/A,N/A,N/A,N,N/A,N,N/A,N/A,N,N/A,N/A,N,N/A,N/A,N,,N,N/A,N,N/A,N,N/A,N,N/A,Y,CleanTech Open,N,N,N,N/A,,N,N,N/A,N/A,N/A,N/A,N/A,N/A,N/A,N/A,N/A,N/A,N/A,N/A,N/A,,,N/A,N/A,N/A,N/A,,,N/A,N/A,N/A,,,N/A,N/A,N/A,N/A,,,N/A,N/A,N/A,,,N/A,N/A,N/A,,,N/A,N/A,N/A,,,N/A,N/A,N,N/A,N/A,N/A,N,Y,CleanTech Open,2018,https://www.cleantechopen.org ,N,N/A,N,N/A,N,N/A,N/A,N,N/A,N,N/A,N/A,N,N/A,N/A,N,N/A,N,N/A,Samarth ,3/6/2026
CarbonSul,Bill Irvine,Chemicals & Advanced Materials,2018,Northeast,,N,2019,S,2019,N/A,N,N/A,N/A,N,N/A,N,N/A,N,N/A,Bill Irvine,N/A,N/A,N/A,N/A,N/A,N,N/A,N,N/A,N/A,N,N/A,N/A,N,N/A,N/A,N,,N,N/A,N,N/A,N,N/A,N,N/A,Y,CleanTech Open,N,N,N,N/A,,N,N,N/A,N/A,N/A,N/A,N/A,N/A,N/A,N/A,N/A,N/A,N/A,N/A,N/A,,,N/A,N/A,N/A,N/A,,,N/A,N/A,N/A,,,N/A,N/A,N/A,N/A,,,N/A,N/A,N/A,,,N/A,N/A,N/A,,,N/A,N/A,N/A,,,N/A,N/A,N,N/A,N/A,N/A,N,Y,CleanTech Open,2018,https://www.cleantechopen.org ,N,N/A,N,N/A,N,N/A,N/A,N,N/A,N,N/A,N/A,N,N/A,N/A,N,N/A,N,N/A,Samarth ,3/6/2026
Capro-X,Juan Guzman,Agriculture Water & Waste,2018,Northeast,,Y,2022,S,2022,N/A,N,N/A,N/A,N,N/A,N,N/A,N,N/A,Juan Guzman,N/A,N/A,N/A,N/A,N/A,N,N/A,N,N/A,N/A,N,N/A,N/A,N,N/A,N/A,N,,N,N/A,N,N/A,N,N/A,N,Y,CleanTech Open,,N,N,N,N/A,,N,N,N/A,N/A,N/A,N/A,N/A,N/A,N/A,N/A,N/A,N/A,N/A,N/A,N/A,,,N/A,N/A,N/A,N/A,,,N/A,N/A,N/A,,,N/A,N/A,N/A,N/A,,,N/A,N/A,N/A,,,N/A,N/A,N/A,,,N/A,N/A,N/A,,,N/A,N/A,N,N/A,N/A,N/A,N,Y,CleanTech Open,2018,https://www.cleantechopen.org  ,N,N/A,N,N/A,N,N/A,N/A,N,N/A,N,N/A,N/A,N,N/A,N/A,N,N/A,N,N/A,Samarth ,3/6/2026
CaDeIon,Yudhisthira Sahoo,Agriculture Water & Waste,2018,Northeast,,N,,S,2021,N/A,N,N/A,N/A,N,N/A,N,N/A,N,N/A,Yudhisthira Sahoo,N/A,N/A,N/A,N/A,N/A,N,N/A,N,N/A,N/A,N,N/A,N/A,N,N/A,N/A,N,,N,N/A,N,N/A,N,N/A,N,Y,CleanTech Open,,N,N,N,N/A,,N,N,N/A,N/A,N/A,N/A,N/A,N/A,N/A,N/A,N/A,N/A,N/A,N/A,N/A,,,N/A,N/A,N/A,N/A,,,N/A,N/A,N/A,,,N/A,N/A,N/A,N/A,,,N/A,N/A,N/A,,,N/A,N/A,N/A,,,N/A,N/A,N/A,,,N/A,N/A,N,N/A,N/A,N/A,N,Y,CleanTech Open,2018,https://www.cleantechopen.org ,N,N/A,N,N/A,N,N/A,N/A,N,N/A,N,N/A,N/A,N,N/A,N/A,N,N/A,N,N/A,Samarth ,3/6/2026
BT Solar-Hydrogen Energy,Bernie Barrow,Green Buildings,2018,Northeast,,N,,S,2019,N/A,N,N/A,N/A,N,N/A,N,N/A,N,N/A,Bernie Barrow,N/A,N/A,N/A,N/A,N/A,N,N/A,N,N/A,N/A,N,N/A,N/A,N,N/A,N/A,N,,N,N/A,N,N/A,N,N/A,N,Y,CleanTech Open,,N,N,N,N/A,,N,N,N/A,N/A,N/A,N/A,N/A,N/A,N/A,N/A,N/A,N/A,N/A,N/A,N/A,,,N/A,N/A,N/A,N/A,,,N/A,N/A,N/A,,,N/A,N/A,N/A,N/A,,,N/A,N/A,N/A,,,N/A,N/A,N/A,,,N/A,N/A,N/A,,,N/A,N/A,N,N/A,N/A,N/A,N,Y,CleanTech Open,2018,https://www.cleantechopen.org ,N,N/A,N,N/A,N,N/A,N/A,N,N/A,N,N/A,N/A,N,N/A,N/A,N,N/A,N,N/A,Samarth ,3/6/2026
Brimes Energy,Masoud Masoumi,Energy Generation,2018,Northeast,,N,2018,S,2018,N/A,N,N/A,N/A,N,N/A,N,N/A,N,N/A,Masoud Masoumi,N/A,N/A,N/A,N/A,N/A,N,N/A,N,N/A,N/A,N,N/A,N/A,N,N/A,N/A,N,,N,N/A,N,N/A,N,N/A,N,Y,CleanTech Open,,N,N,N,N/A,,N,N,N/A,N/A,N/A,N/A,N/A,N/A,N/A,N/A,N/A,N/A,N/A,N/A,N/A,,,N/A,N/A,N/A,N/A,,,N/A,N/A,N/A,,,N/A,N/A,N/A,N/A,,,N/A,N/A,N/A,,,N/A,N/A,N/A,,,N/A,N/A,N/A,,,N/A,N/A,N,N/A,N/A,N/A,N,Y,CleanTech Open,2018,https://www.cleantechopen.org ,N,N/A,N,N/A,N,N/A,N/A,N,N/A,N,N/A,N/A,N,N/A,N/A,N,N/A,N,N/A,Samarth ,3/6/2026
Biological Energy,Adrian Cosma,Energy Generation,2018,Northeast,,N,2022,S,2022,N/A,N,N/A,N/A,N,N/A,N,N/A,N,N/A,Adrian Cosma,N/A,N/A,N/A,N/A,N/A,N,N/A,N,N/A,N/A,N,N/A,N/A,N,N/A,N/A,N,,N,N/A,N,N/A,N,N/A,N,Y,CleanTech Open,,N,N,N,N/A,,N,N,N/A,N/A,N/A,N/A,N/A,N/A,N/A,N/A,N/A,N/A,N/A,N/A,N/A,,,N/A,N/A,N/A,N/A,,,N/A,N/A,N/A,,,N/A,N/A,N/A,N/A,,,N/A,N/A,N/A,,,N/A,N/A,N/A,,,N/A,N/A,N/A,,,N/A,N/A,N,N/A,N/A,N/A,N,Y,CleanTech Open,2018,https://www.cleantechopen.org ,N,N/A,N,N/A,N,N/A,N/A,N,N/A,N,N/A,N/A,N,N/A,N/A,N,N/A,N,N/A,Samarth ,3/6/2026
Atlas Power Systems,Claude Reynald Christian Lecorps,Energy Generation,2018,Northeast,,N,2021,S,2021,N/A,N,N/A,N/A,N,N/A,N,N/A,N,N/A,Claude Reynald Christian Lecorps,N/A,N/A,N/A,N/A,N/A,N,N/A,N,N/A,N/A,N,N/A,N/A,N,N/A,N/A,N,,N,N/A,N,N/A,N,N/A,N,Y,CleanTech Open,,N,N,N,N/A,,N,N,N/A,N/A,N/A,N/A,N/A,N/A,N/A,N/A,N/A,N/A,N/A,N/A,N/A,,,N/A,N/A,N/A,N/A,,,N/A,N/A,N/A,,,N/A,N/A,N/A,N/A,,,N/A,N/A,N/A,,,N/A,N/A,N/A,,,N/A,N/A,N/A,,,N/A,N/A,N,N/A,N/A,N/A,N,Y,CleanTech Open,2018,https://www.cleantechopen.org ,N,N/A,N,N/A,N,N/A,N/A,N,N/A,N,N/A,N/A,N,N/A,N/A,N,N/A,N,N/A,Samarth ,3/6/2026
Aquova Inc.,Conrad Hopp,Energy Efficiency,2018,Northeast,,N,2019,S,2019,N/A,N,N/A,N/A,N,N/A,N,N/A,N,N/A,Conrad Hopp,N/A,N/A,N/A,N/A,N/A,N,N/A,N,N/A,N/A,N,N/A,N/A,N,N/A,N/A,N,,N,N/A,N,N/A,N,N/A,N,Y,CleanTech Open,,N,N,N,N/A,,N,N,N/A,N/A,N/A,N/A,N/A,N/A,N/A,N/A,N/A,N/A,N/A,N/A,N/A,,,N/A,N/A,N/A,N/A,,,N/A,N/A,N/A,,,N/A,N/A,N/A,N/A,,,N/A,N/A,N/A,,,N/A,N/A,N/A,,,N/A,N/A,N/A,,,N/A,N/A,N,N/A,N/A,N/A,N,Y,CleanTech Open,2018,https://www.cleantechopen.org ,N,N/A,N,N/A,N,N/A,N/A,N,N/A,N,N/A,N/A,N,N/A,N/A,N,N/A,N,N/A,Samarth ,3/6/2026
"Aquagen Infrastructure Systems, Inc.",Brian Braginton-Smith,Agriculture Water & Waste,2018,Pacific Northwest,,N,2024,S,2024,N/A,N,N/A,N/A,N,N/A,N,N/A,N,N/A,Brian Braginton-Smith,N/A,N/A,N/A,N/A,N/A,N,N/A,N,N/A,N/A,N,N/A,N/A,N,N/A,N/A,N,,N,N/A,N,N/A,N,N/A,N,Y,CleanTech Open,,N,N,N,N/A,,N,N,N/A,N/A,N/A,N/A,N/A,N/A,N/A,N/A,N/A,N/A,N/A,N/A,N/A,,,N/A,N/A,N/A,N/A,,,N/A,N/A,N/A,,,N/A,N/A,N/A,N/A,,,N/A,N/A,N/A,,,N/A,N/A,N/A,,,N/A,N/A,N/A,,,N/A,N/A,N,N/A,N/A,N/A,N,Y,CleanTech Open,2018,https://www.cleantechopen.org ,N,N/A,N,N/A,N,N/A,N/A,N,N/A,N,N/A,N/A,N,N/A,N/A,N,N/A,N,N/A,Samarth ,3/6/2026
AquaRing Energy,Philip Swan ,Energy Generation ,2018,Northeast,,N,2018,S,2018,N/A,N,N/A,N/A,N,N/A,N,N/A,N,N/A,Philip Swan,N/A,N/A,N/A,N/A,N/A,N,N/A,N,N/A,N/A,N,N/A,N/A,N,N/A,N/A,N,,N,N/A,N,N/A,N,N/A,N,Y,CleanTech Open,,N,N,N,N/A,,N,N,N/A,N/A,N/A,N/A,N/A,N/A,N/A,N/A,N/A,N/A,N/A,N/A,N/A,,,N/A,N/A,N/A,N/A,,,N/A,N/A,N/A,,,N/A,N/A,N/A,N/A,,,N/A,N/A,N/A,,,N/A,N/A,N/A,,,N/A,N/A,N/A,,,N/A,N/A,N,N/A,N/A,N/A,N,Y,CleanTech Open,2018,https://www.cleantechopen.org ,N,N/A,N,N/A,N,N/A,N/A,N,N/A,N,N/A,N/A,N,N/A,N/A,N,N/A,N,N/A,Samarth ,3/6/2026
AquaDynamics,E. Andrew Condon,Energy Efficiency,2018,Northeast,,N,2017,S,2017,N/A,N,N/A,N/A,N,N/A,N,N/A,N,N/A,E. Andrew Condon,N/A,N/A,N/A,N/A,N/A,N,N/A,N,N/A,N/A,N,N/A,N/A,N,N/A,N/A,N,,N,N/A,N,N/A,N,N/A,N,Y,CleanTech Open,,N,N,N,N/A,,N,N,N/A,N/A,N/A,N/A,N/A,N/A,N/A,N/A,N/A,N/A,N/A,N/A,N/A,,,N/A,N/A,N/A,N/A,,,N/A,N/A,N/A,,,N/A,N/A,N/A,N/A,,,N/A,N/A,N/A,,,N/A,N/A,N/A,,,N/A,N/A,N/A,,,N/A,N/A,N,N/A,N/A,N/A,N,Y,CleanTech Open,2018,https://www.cleantechopen.org ,N,N/A,N,N/A,N,N/A,N/A,N,N/A,N,N/A,N/A,N,N/A,N/A,N,N/A,N,N/A,Samarth ,3/6/2026
Aquabytes,Joshua Gyllinsky,Green Buildings,2018,Northeast,,N,2017,S,2017,N/A,N,N/A,N/A,N,N/A,N,N/A,N,N/A,Joshua Gyllinsky,N/A,N/A,N/A,N/A,N/A,N,N/A,N,N/A,N/A,N,N/A,N/A,N,N/A,N/A,N,,N,N/A,N,N/A,N,N/A,Y,Y,CleanTech Open / aquaculture ecosystem,,N,Y,N,N/A,,N,N,N/A,N/A,N/A,N/A,N/A,https://www.crunchbase.com/organization/aquabyte ,N/A,N/A,https://thefishsite.com/articles/aquabyte-raises-25-million ,N/A,N/A,https://thefishsite.com/articles/aquabyte-raises-25-million ,46000000,,,Series B,N/A,https://thefishsite.com/articles/aquabyte-raises-25-million ,2022,,,N/A,2022,25000000,,,N/A,N/A,25000000,2018,,,N/A,2022,Series B,,,N/A,Series B,2022,,,N/A,2022,46000000,,,N/A,https://thefishsite.com/articles/aquabyte-raises-25-million ,Y,https://thefishsite.com/articles/aquabyte-raises-25-million ,2022,25000000,Y,Y,CleanTech Open,2018,https://www.cleantechopen.org ,N,N/A,Y,2025,N,N/A,N/A,N,N/A,Y,2025,https://www.linkedin.com/posts/aquabyte_how-early-welfare-warnings-prevent-issues-activity-7421880921986969602-7FCg ,Y,2025,https://www.aquabyte.ai ,Y,2025,Y,https://thefishsite.com/articles/aquabyte-raises-25-million ,Samarth ,3/6/2026
"AirCrew Technologies, Inc.",Sissi Liu,Chemicals & Advanced Materials,2018,Northeast,,N,2018,S,2018,N/A,N,N/A,N/A,N,N/A,N,N/A,N,N/A,Sissi Liu,N/A,N/A,N/A,N/A,N/A,N,N/A,N,N/A,N/A,N,N/A,N/A,N,N/A,N/A,N,,N,N/A,N,N/A,N,N/A,Y,Y,CleanTech Open,,N,N,N,N/A,,N,N,N/A,N/A,N/A,N/A,N/A,N/A,N/A,N/A,N/A,N/A,N/A,N/A,N/A,,,N/A,N/A,N/A,N/A,,,N/A,N/A,N/A,,,N/A,N/A,N/A,N/A,,,N/A,N/A,N/A,,,N/A,N/A,N/A,,,N/A,N/A,N/A,,,N/A,N/A,N,N/A,N/A,N/A,N,Y,CleanTech Open,2018,https://www.cleantechopen.org ,N,N/A,N,N/A,N,N/A,N/A,N,N/A,N,N/A,N/A,N,N/A,N/A,N,N/A,N,N/A,Samarth ,3/6/2026
Aestus Inc.,Franz Bronnimann,Energy Generation,2018,Northeast,,N,2018,S,2018,N/A,N,N/A,N/A,N,N/A,N,N/A,N,N/A,Franz Bronnimann,N/A,N/A,N/A,N/A,N/A,N,N/A,N,N/A,N/A,N,N/A,N/A,N,N/A,N/A,N,,N,N/A,N,N/A,N,N/A,Y,Y,CleanTech Open,,N,N,N,N/A,,N,N,N/A,N/A,N/A,N/A,N/A,N/A,N/A,N/A,N/A,N/A,N/A,N/A,N/A,,,N/A,N/A,N/A,N/A,,,N/A,N/A,N/A,,,N/A,N/A,N/A,N/A,,,N/A,N/A,N/A,,,N/A,N/A,N/A,,,N/A,N/A,N/A,,,N/A,N/A,N,N/A,N/A,N/A,N,Y,CleanTech Open,2018,https://www.cleantechopen.org ,N,N/A,N,N/A,N,N/A,N/A,N,N/A,N,N/A,N/A,N,N/A,N/A,N,N/A,N,N/A,Samarth ,3/6/2026
Aelios Technology,Sourav Patel,Energy Efficiency,2018,Midwest,,N,2018,S,2018,N/A,N,N/A,N/A,N,N/A,N,N/A,N,N/A,Sourav Patel,N/A,N/A,N/A,N/A,N/A,N,N/A,N,N/A,N/A,N,N/A,N/A,N,N/A,N/A,N,,N,N/A,N,N/A,N,N/A,Y,Y,CleanTech Open,,N,N,N,N/A,,N,N,N/A,N/A,N/A,N/A,N/A,N/A,N/A,N/A,N/A,N/A,N/A,N/A,N/A,,,N/A,N/A,N/A,N/A,,,N/A,N/A,N/A,,,N/A,N/A,N/A,N/A,,,N/A,N/A,N/A,,,N/A,N/A,N/A,,,N/A,N/A,N/A,,,N/A,N/A,N,N/A,N/A,N/A,N,Y,CleanTech Open,2018,https://www.cleantechopen.org ,N,N/A,N,N/A,N,N/A,N/A,N,N/A,N,N/A,N/A,N,N/A,N/A,N,N/A,N,N/A,Samarth ,3/6/2026
Acoustic Diagnostic Systems,Sebastien Mannai,Energy Generation,2018,Northeast,,N,2018,S,2018,N/A,N,N/A,N/A,N,N/A,N,N/A,N,N/A,Sebastien Mannai,N/A,N/A,N/A,N/A,N/A,N,N/A,N,N/A,N/A,N,N/A,N/A,N,N/A,N/A,N,,N,N/A,N,N/A,N,N/A,Y,Y,CleanTech Open,,N,N,N,N/A,,N,N,N/A,N/A,N/A,N/A,N/A,N/A,N/A,N/A,N/A,N/A,N/A,N/A,N/A,,,N/A,N/A,N/A,N/A,,,N/A,N/A,N/A,,,N/A,N/A,N/A,N/A,,,N/A,N/A,N/A,,,N/A,N/A,N/A,,,N/A,N/A,N/A,,,N/A,N/A,N,N/A,N/A,N/A,N,Y,CleanTech Open,2018,https://www.cleantechopen.org ,N,N/A,N,N/A,N,N/A,N/A,N,N/A,N,N/A,N/A,N,N/A,N/A,N,N/A,N,N/A,Samarth ,3/6/2026
Aclarity,Julie Bliss Mullen,Agriculture Water & Waste,2018,Northeast,,Y,2024,Y,2024,https://aclarity.io ,Y,2024,blog update,Y,https://www.linkedin.com/company/aclarity ,Y,2024,Y,N/A,Julie Bliss Mullen,https://www.linkedin.com/in/julie-bliss-mullen ,N/A,N/A,N/A,N/A,N,N/A,N,N/A,N/A,Y,2024,https://aclarity.io/news ,N,N/A,N/A,N,,N,N/A,N,N/A,N,N/A,Y,Y,CleanTech Open / water tech ecosystem,,N,Y,N,N/A,,N,N,N/A,N/A,N/A,N/A,N/A,https://www.crunchbase.com/organization/aclarity ,https://pitchbook.com/profiles/company/225914-32 ,N/A,https://www.aclaritywater.com/newsroom/series-a-2023/ ,N/A,N/A,https://www.aclaritywater.com/newsroom/series-a-2023/ ,19200000,,,Series A,15800000,https://www.aclaritywater.com/newsroom/series-a-2023/ ,2023,,,2023,2023,15900000,,,15800000,N/A,15900000,2022,,,2023,2022,Series A,,,Series A,Series A,2023,,,2023,2023,19200000,,,https://pitchbook.com/profiles/company/225914-32 ,https://www.aclaritywater.com/newsroom/series-a-2023/ ,Y,https://www.aclaritywater.com/newsroom/series-a-2023/ ,2023,15900000,Y,Y,CleanTech Open,2018,https://www.cleantechopen.org ,Y,2024,Y,2025,N,N/A,N/A,N,N/A,Y,2024,https://www.aclaritywater.com/newsroom/series-a-2023/ ,Y,2024,https://www.aclaritywater.com ,Y,2025,Y,https://www.aclaritywater.com/newsroom/series-a-2023/ ,Samarth ,3/6/2026
14bis Supply Tracking,Eleanor Mitch,Information & Communication Tech,2018,Northeast,,Y,2024,Y,2024,https://www.14bis.aero/,Y,2025,copyright,Y,https://www.linkedin.com/company/14bis-aero/,,,Y,,Eleanor Mitch,https://www.linkedin.com/in/eleanormitch/,,,,,,,,N/A,,,,,,,,,,,N/A,,N/A,,N/A,,N/A,,,,,,,,N,,,,,,,https://www.crunchbase.com/organization/safeflights-inc,,,,7,,,"$940,000",USD,,"Seeds, Grant, Professional",0.49,,2021,,,,,250000,USD,Jun 21 2021,,,,Grant,USD,,,,2018,USD,Jan 17,,,Pre-seed,USD,Jan 17,,,2021,USD,Jun21,,,N,N/A,N,,,Y,Techstars,2018,,N,,,,,,,N,,N,,,N,,,N,,N,,Haoran,4/22/2026
Alchemist Metal,Sergey Lopatin,Energy Distribution & Storage,2019,West,,N,2019,N,2019,No website,,,,,,,,,,"Sergey Lopatin, now has a job elsewhere",,,,,,,,,,,,,,,,,,,,,,,,,,,,,,,,,,,,,,,,,,,,,,,,,,,,,,,,,,,,,,,,,,,,,,,,,,,,,,,,,,,,,,,,,,,,,,,,,,,,,,,,,,,,,,,,,Josh,5/4/2026
ALINA,Solvita Kostjukova,Green Building,2019,West,,N,2020,N,2020,Website from LinkedIn link is dead,,,,,https://www.linkedin.com/company/alina-llc/,,,,,Solvita Kostjukova,https://www.linkedin.com/in/solvita-kostjukova-47348291/,,,,,,,,,,,,,,,,,,,,,,,,,,,,,,,,,,,,,,,,,,,,,,,,,,,,,,,,,,,,,,,,,,,,,,,,,,,,,,,,,,,,,,,,,,,,,,,,,,,,,,,,,,,,,,,,Josh,5/4/2026
Armita-X,Mehdi Doorandish,Information Technology and Communications,2019,West,,N,NAN,N,2019,"Website is dead, founder can't be found online or on LinkedIn",,,,,,,,,,,,,,,,,,,,,,,,,,,,,,,,,,,,,,,,,,,,,,,,,,,,,,,,,,,,,,,,,,,,,,,,,,,,,,,,,,,,,,,,,,,,,,,,,,,,,,,,,,,,,,,,,,,,,,,,,,,Josh,5/4/2026
Barracuda Technologies Inc,navin singhania,"Agriculture, Water, Waste",2019,West,,Y,2024,Y,2025,https://www.barra-labs.com/,Y,N/A,N/A,Y,linkedin.com/company/barracudatechnologies/,N,,N,,Mehdi Doorandish ,https://in.linkedin.com/in/navin-singhania-9743318b/,N,,N,,,N,,N,,,N,,,N,,,N,,N,,N,,N,,Y,CleanTech Open ,Y,cleantech,N,,N,,N,N,,,,,,https://www.crunchbase.com/organization/barracuda-technologies,,,,0,,,$0,USD,,,,,,,,,,,,,,,,,,,,,,,,,,,,,,,,,,,,,,,,,N,,,,,,,,,,,Y,https://www.businesswire.com/news/home/20241025228979/en/Barracuda-Technologies-Launches-Its-Maiden-Modular-Bio-Refinery-Project-in-India,Y,2024,https://www.businesswire.com/news/home/20241025228979/en/Barracuda-Technologies-Launches-Its-Maiden-Modular-Bio-Refinery-Project-in-India,Y,2025,https://www.barra-labs.com/,N,,Y,https://www.businesswire.com/news/home/20241025228979/en/Barracuda-Technologies-Launches-Its-Maiden-Modular-Bio-Refinery-Project-in-India,Haoran,4/28/2026
CrossnoKaye,Thomas Foley,Information Technology and Communications,2019,West,,Y,2024,Y,2025,https://crossnokaye.com/,Y,2025,"Leadership page, careers, blog",Y,https://www.linkedin.com/company/crossnokaye,Y,2025,N,,Bryan Kaye,https://www.linkedin.com/in/bryan-kaye/,N,,N,,,N,,N,,,Y,2025,https://www.jonesday.com/en/practices/experience/2025/02/koch-disruptive-technologies-invests-in-crossnokaye,N,,,N,,N,,N,,N,,Y, Open alumniCleantech Open alumni; RETA (Refrigerating Engineers & Technicians),Y,cleantech,N,,,,N,N,,,,,,https://www.crunchbase.com/organization/crossnokaye,,,,0,,,$0,USD,,,,,,,,,,,,,,,,,,,,,,,,,,,,,,,,,,,,,,,,,N,,,,,,,,,,,N,,N,,,N,,,N,,N,,Haoran,4/28/2026
EMC Squared,Mandar Padhye,Transportation,2019,West,,S,2022,S,2025,https://www.emc2vehicles.com/,Y,2019,Copyright/Terms (Wix footer only),Y,N,,,,,Mandar Padhye,,N,,N,,,N,,N,,,Y,2019,https://globalinvestmentsummit.org/speaker/emc-squared-vehicles/,N,,,N,,Y,2025,N,N,Y,2025,N,,Y,cleantech,N,,,,N,N,,,,,,https://www.crunchbase.com/organization/emc-squared-vehicles,,,,0,,,$0,USD,,,,,,,,,,,,,,,,,,,,,,,,,,,,,,,,,,,,,,,,,Y,Los Angeles Cleantech Incubator,2016,,,,,,,,,N,,N,,,N,,,N,,N,,Haoran,4/28/2026
Empow Lighting,Nick Masalitin,Energy Efficiency,2019,West,,N,2019,N,2019,"Dead website, can't otherwise find",,,,,,,,,,,,,,,,,,,,,,,,,,,,,,,,,,,,,,,,,,,,,,,,,,,,,,,,,,,,,,,,,,,,,,,,,,,,,,,,,,,,,,,,,,,,,,,,,,,,,,,,,,,,,,,,,,,,,,,,,,,Haoran,5/5/2026
EVE,Nikhil Bharadwaj,Energy Efficiency,2019,West,,Y,2024,N,2024,No web,N,,,N,,,,,,Nikhil Bharadwaj,,,,,,,,,N,,,,,,,,,N,,,,,,,,,,,,,,,,,,,,,,,Not in Crunchbase,,,,0,,,$0,USD,,,,,,,,,,,,,,,,,,,,,,,,,,,,,,,,,,,,,,,,,N,,,,,,,,,,,N,,N,,,N,,,N,,N,,Haoran,4/28/2026
Evolve Energy,Michael Lee,Energy Distribution,2019,West,,Y,2024,S,2025,https://octopusenergy.com/,Y,2025,product/service pages,Y,,,,,,Michael Lee,https://www.linkedin.com/in/themichaellee/,,,,,,,,N,,,Y,2024,https://erenewable.com/michael-lees-view-of-the-energy-transition/,N,N,N,N,,N,N,N,N,N,N,N,N,Y,Cleantech Open 2019,N,N,N,N,Y - Acquired by Octopus Energy (2020),N,N,N,,,,https://www.crunchbase.com/organization/evolve-energy,,,,,,,$0,USD,,,0.25,,,,,,,,,,,,,,,,,,,,,,,,,,,,,,,,,Y,https://octopus.energy/press/octopus-energy-enters-usa-acquisition-silicon-valley-based-startup-evolve-energy/,2020,Undisclosed (acquisition),N,N,,,,,,,,,,,N,,,,,,,,,,,,Haoran,4/28/2026
GenH,robert freda,Energy Generation,2019,West,,Y,2024,Y,2025,https://www.genh.co/,Y,2025,product/team pages,Y,https://www.linkedin.com/company/octopus-energy/,Y,2025,Y,N/A,Robert Freda,https://www.linkedin.com/in/robert-freda,N,,N,,,N,,N,,,Y,2024,https://coe.northeastern.edu/news/building-the-next-generation-hydroelectric-power-system/,N,N,N,N,,N,N,N,N,N,N,N,N,Y,Cleantech Open 2019; MassChallenge; Greentown Labs; NSF I-Corps,N,N,N,N,N,N,N,N,,,,https://www.crunchbase.com/organization/genh,,N,N,5,,N,"$2,775,000",USD,,Grant,$10K,N,2022,USD,May 31,,,$10K,USD,May 31,,,,Grant,USD,May 31,,,2021,USD,Feb 24,,,Grant,USD,Feb 24,,,2021,USD,,,,N,N,N,N,N,Y,Cleantech Open 2019; Greentown Labs; MassChallenge; For ClimateTech; NSF I-Corps; DeltaClimeVT,2019,https://pitchbook.com/profiles/company/497917-81,N,N,N,N,N,N,N,N,N,N,N,N,N,N,N,N,N,Y,https://octopus.energy/press/octopus-energy-enters-usa-acquisition-silicon-valley-based-startup-evolve-energy/ (AI+IoT reduces carbon emissions for residential customers),Haoran,4/28/2026
Hago Energetics,Wilson Hago,"Agriculture, Water, and Waste",2019,West,,Y,2024,S,2025,https://hagoenergetics.com/,Y,2025,blog post / news,Y,https://www.linkedin.com/company/genh-inc,Y,2024,,,Wilson Hago,https://www.linkedin.com/in/wilson-hago-a168366/,,,,,,,,N,,,Y,2025,https://hagoenergetics.com/2023/06/26/hago-energetics-awarded-prestigious-caltestbed-grant-for-green-hydrogen-technology/,N,N,N,N,,N,N,N,N,N,N,N,N,Y,Cleantech Open 2019; CalTestBed; NYSERDA; Tampa Bay Innovation Center; Larta Institute Venture Fellows,N,N,N,N,N,N,N,N,,,,https://www.crunchbase.com/organization/hago-energetics-9828,,,,6,,,"$350,000",USD,,"Grant, Venture",0.425,,2022,USD,Dec 7,,,$50K,USD,Dec 7,,,,Venture,USD,Dec 7,,,2022,USD,Oct 14,,,Grant,USD,Oct 14,,,2022,USD,Oct 14,,,Y,https://hagoenergetics.com/2023/10/31/hago-energetics-benefit-corporation-wins-carbon-development-initiative-grant-award/,2024,"$350,000 (NYSERDA CDI Grant)",N,N,,,,N,N,N,N,N,N,N,N,N,N,N,N,N,N,N,N,N,Y,"https://www.genh.co/ (modular hydropower from non-powered dams; low-cost, carbon-free energy)",Haoran,4/28/2026
Industrial Climate Solutions,Jeff Pallister,Chemicals and Advanced Materials,2019,West,,N,2022,N,2022,"Founder stayed with company for seven years before retiring, the domain name address doesn't work, and the company otherwise can't be found.",,,,,,,,,,,,,,,,,,,,,,,,,,,,,,,,,,,,,,,,,,,,,,,,,,,,,,,,,,,,,,,,,,,,,,,,,,,,,,,,,,,,,,,,,,,,,,,,,,,,,,,,,,,,,,,,,,,,,,,,,,,Josh,5/4/2026
InPipe Energy ,Gregg Semler,Energy Generation,2019,West,,Y,2024,S,2025,https://inpipeenergy.com/,Y,2025,news/partnership announcement,Y,https://www.linkedin.com/in/wilson-hago-a168366/,Y,2025,,,Gregg Semler,https://www.linkedin.com/in/greggsemler/,,,,,,,,N,,,Y,2025,https://inpipeenergy.com/inpipe_news/grundfos-joins-forces-with-inpipe-energy-to-provide-efficient-intelligent-renewable-energy-and-decarbonization-technology-to-municipalities-and-industries/,N,N,N,N,,N,N,N,N,N,N,Y,AWWA (American Water Works Association),Y,Cleantech Open 2019; New Energy Nexus; LACI; FullCycle; California Energy Commission,N,N,N,N,N,N,N,N,,,,https://www.crunchbase.com/organization/inpipe-energy,,,,0,,,$0,USD,,,9.45,,,,,,,,,,,,,,,,,,,,,,,,,,,,,,,,,Y,https://inpipeenergy.com/inpipe_news/aurora-water-generates-renewable-energy-from-drinking-water-system/,2025,Undisclosed (CEC BRIDGE incentive $2M per project),N,Y,Los Angeles Cleantech Incubator,2020,,Y,2025,Y,2025,N,N,N,N,N,N,N,N,Y,2025,https://hagoenergetics.com/,N,N,Y,https://hagoenergetics.com/ (carbon-negative hydrogen + biochar from agricultural waste; reduces GHG emissions),Haoran,4/28/2026
Mobile Recycling System,Akhtan Tumyshev,"Agriculture, Water, Waste",2019,West,,N,2019,N,2019,"No website, and founder's LinkedIn does not list this",,,,,,,,,,Akhtan Tumyshev,https://www.linkedin.com/in/akhtan-tumyshev/details/experience/,,,,,,,,,,,,,,,,,,,,,,,,,,,,,,,,,,,,,,,,,,,,,,,,,,,,,,,,,,,,,,,,,,,,,,,,,,,,,,,,,,,,,,,,,,,,,,,,,,,,,,,,,,,,,,,,Haoran,5/5/2026
Oasence,Ted Li,Green Building,2019,West,,N,2022,N,2022,https://www.oasense.com/blog,,,,,,,,,,,,,,,,,,,,,,,,,,,,,,,,,,,,,,,,,,,,,,,,,,,,,,,,,,,,,,,,,,,,,,,,,,,,,,,,,,,,,,,,,,,,,,,,,,,,,,,,,,,,,,,,,,,,,,,,,,,Josh,5/4/2026
Pick My Solar,Gordon Algermissen,Energy Generation,2019,West,,Y,2024,S,2025,https://pickmysolar.com/,Y,2023,redirects/rebranded to Electrum,Y,https://www.linkedin.com/company/inpipeenergy,Y,2025,,,Gordon Algermissen,https://www.linkedin.com/in/gordonalgermissen/,,,,,,,,N,,,Y,2022,https://www.cbinsights.com/company/pick-my-solar (renamed to Electrum),N,N,N,N,,N,N,N,N,N,N,N,N,Y,Cleantech Open 2019; Plug and Play,N,N,N,N,"N (rebranded to Electrum, not technically acquired)",N,N,N,,,,https://www.crunchbase.com/organization/solar-merchant,,,,3,,,"$125,000",USD,,Self/Family,19.6,,2015,,Dec 9,,,$125K,USD,Dec 9,,,,Seed,USD,Dec 9,,,2015,USD,Dec 9,,,Seed,USD,Dec 9,,,2015,USD,Dec 9,,,N,N,N,N,N,Y,Los Angeles Cleantech Incubator,2015,,Y,2025,Y,2025,N,N,N,Y,https://inpipeenergy.com/,Y,2025,https://inpipeenergy.com/inpipe_news/skagit-pud-and-inpipe-energy-launch-first-community-scale-hydroxs-system-to-deliver-clean-renewable-energy-to-local-infrastructure/,Y,2025,https://inpipeenergy.com/,Y,2025,Y,https://inpipeenergy.com/ (generates renewable electricity from water pipeline pressure; reduces carbon emissions for water utilities),Haoran,4/28/2026
Pronoia Energy,Daniel Lie,Energy Distribution and Storage,2019,West,,Y,2023,N,2023,N,N,N,N,N,https://www.linkedin.com/company/pickmysolar,Y,2023,,,Daniel Lie,https://ph.linkedin.com/in/min-p-235a1a323/,N,N,N,N,N,N,N,N,,,N,N,N,N,N,N,N,,N,N,N,N,N,N,N,N,Y,Cleantech Open 2019,N,N,N,N,N,N,N,N,,,,https://www.crunchbase.com/organization/pronoia-energy,,,,0,,,$0,USD,,,,,,,,,,,,,,,,,,,,,,,,,,,,,,,,,,,,N,N,N,N,N,N,,,,Y,2023,Y,2023,N,N,N,N,N,N,N,N,N,N,N,N,N,Y,https://www.cbinsights.com/company/pick-my-solar (online marketplace reducing solar adoption barriers; community solar platform for low-income residents),Haoran,4/28/2026
"Radii Robotics, Inc.",Radii Inc,Information Technology and Communications,2019,West,,N (pitchbook says out of business),2021,N,2021,,,,,,,,,,,,,,,,,,,,,,,,,,,,,,,,,,,,,,,,,,,,,,,,,,,,,,,,,,,,,,,,,,,,,,,,,,,,,,,,,,,,,,,,,,,,,,,,,,,,,,,,,,,,,,,,,,,,,,,,,,,,Josh,5/4/2026
RePurpose Energy,Ryan Barr,Energy Distribution and Storage,2019,West,,Y,2024,S,2025,https://www.repurpose.energy/,Y,2025,blog post/news/certification announcement,Y,N,N,N,,,Ryan Barr,https://www.linkedin.com/in/ryan-barr-5581469a/,N,N,N,N,N,N,N,N,,,Y,2024,https://www.repurpose.energy/blog,N,N,N,N,,N,N,N,N,N,N,N,N,Y,Cleantech Open 2019; New Energy Nexus; NSF I-Corps; CalSEED; UC Berkeley,N,N,N,N,N,N,N,N,,,,https://www.crunchbase.com/organization/repurpose-energy,,,,10,,,"$10,636,000",USD,,"Self/Family, Grant",4,,2022,USD,Nov 16,,,$6M,USD,Nov 16,,,,Grant,USD,Nov 16,,,2018,USD,Apr 1,,,Grant,USD,Nov 16,,,2022,USD,Nov 16,,,Y,https://www.linkedin.com/company/repurpose-energy,2022,$6M DOE grant (2022); $3M CEC grant; $450K CalSEED; NSF grant,N,N,,,,N,N,N,N,N,N,N,N,N,N,N,N,N,N,N,N,N,N,N,Haoran,4/28/2026
Revest Properties,Onamia Chun,Green Building,2019,West,,N,2021,N,2021,,,,,,,,,,,Onamia Chun - LinkedIn does not mention this company,https://www.linkedin.com/in/onamia-chun-320a886/,,,,,,,,,,,,,,,,,,,,,,,,,,,,,,,,,,,,,,,,,,,,,,,,,,,,,,,,,,,,,,,,,,,,,,,,,,,,,,,,,,,,,,,,,,,,,,,,,,,,,,,,,,,,,,,,Josh,5/4/2026
Safer Enrivonmental Lubricants,Duane Johnson,"Agriculture, Water, Waste",2019,West,,N,2019,N,2019,,,,,,,,,,,Duane Johnson - LinkedIn shows this company as being in the past,https://www.linkedin.com/in/duane-johnson-41348511/,,,,,,,,,,,,,,,,,,,,,,,,,,,,,,,,,,,,,,,,,,,,,,,,,,,,,,,,,,,,,,,,,,,,,,,,,,,,,,,,,,,,,,,,,,,,,,,,,,,,,,,,,,,,,,,,Josh,5/4/2026
SolarSkyrise,Scott Russell,Green Building,2019,West,,Y,2023,N,2025,N,N,N,N,Y,https://www.linkedin.com/company/repurpose-energy,Y,2024,,,Scott Russell,https://ca.linkedin.com/in/williamscottrussell/,N,N,N,N,N,N,N,N,,,N,N,N,N,N,N,N,,N,N,N,N,N,N,N,N,Y,Cleantech Open 2019,N,N,N,N,N,N,N,N,,,,https://www.crunchbase.com/organization/solarskyrise,,,,,,,"$350,000",USD,,Grant,,,2020,,,,,,,,,,,Grant,,,,,,,,,,,,,,,,,,,,N,N,N,N,N,N,,,,Y,2025,Y,2024,N,N,N,N,N,N,N,N,Y,2025,https://www.repurpose.energy/,N,N,Y,https://www.repurpose.energy/ (repurposes EV batteries for solar storage; reduces battery waste; delivered commercial unit to Nissan USA 2024; UL1974 certified 2024),Haoran,4/28/2026
Stasis Group,Rob Morton,Energy Distribution and Storage,2019,West,,N,2019,Y,2026,https://www.stasisenergygroup.com/,,,https://www.youtube.com/watch?v=-toT_fWroco this company is alive as Stasis Energy Group,,,,,,,Rob Morton,https://www.linkedin.com/in/robert-morton-33b3b0201/,,,,,,,,,,,,,,,,,,,,,,,,,,,,,,,,,,,,,,,,,,,,,,,,,,,,,,,,,,,,,,,,,,,,,,,,,,,,,,,,,,,,,,,,,,,,,,,,,,,,,,,,,,,,,,,,Josh,5/4/2026
Swirltex,Melanie McClare,"Water, Waste",2019,West,,Y,2024,S,2025,https://swirltex.com/,Y,2025,news/product page,Y,https://ca.linkedin.com/in/williamscottrussell/,N,N,,,Melanie McClare,https://ca.linkedin.com/in/melaniemcclare/,N,N,YouTube,2025,https://www.youtube.com/watch?v=c3djolL57Zs,N,N,N,,,Y,2025,https://www.finsmes.com/2025/08/swirltex-raises-1-2m-in-seed-funding.html,N,N,N,N,,N,N,N,N,N,N,N,N,Y,Cleantech Open 2019; SDTC; Canadian Technology Accelerator; Alacrity Foundation,N,N,N,N,N,N,N,N,,,,https://www.crunchbase.com/organization/swirltex,,,,7,,,"$6,114,430",USD,,"Self/Family, Venture",2.948,,2025,USD,Aug 11,,,$3.2M,USD,Aug 11,,,,Seed,USD,Aug 11,,,2015,USD,Feb 1,,,Seed,USD,Aug 11,,,2025,USD,Aug 11,,,Y,https://www.finsmes.com/2025/08/swirltex-raises-1-2m-in-seed-funding.html,2025,$1.2M Seed (Aug 2025 CTAN); $3.2M Seed (Jun 2025),N,N,,,,N,N,N,N,N,N,N,N,N,N,N,N,N,N,N,N,N,N,N,Haoran,4/28/2026
Taka Solar Co,Christopher Barnes,Energy Generation,2019,West,,N,2019,N,2019,"I know the founder, and this died",,,,,,,,,,,,,,,,,,,,,,,,,,,,,,,,,,,,,,,,,,,,,,,,,,,,,,,,,,,,,,,,,,,,,,,,,,,,,,,,,,,,,,,,,,,,,,,,,,,,,,,,,,,,,,,,,,,,,,,,,,,Josh,5/4/2026
Terrafuse,Laura Mehrmanesh,"Information Technology and Communications, Energy ",2019,West,,Y,2023,S,2025,https://www.terrafuse-ai.com/,Y,2025,news/blog,Y,https://www.linkedin.com/company/swirltex,Y,2025,,,Laura Mehrmanesh,https://www.linkedin.com/in/mehrmanesh/,N,N,N,N,N,N,N,N,,,Y,2025,https://www.businesswire.com/news/home/20251110293027/en/FutureProof-Technologies-Acquires-Terrafuse-AI-to-Create-Industry-Leading-Property-Insurance-Products,N,N,N,N,,N,N,N,N,N,N,N,N,Y,Cleantech Open 2019; NSF; DOD; Microsoft AI for Earth; Lawrence Berkeley National Lab,N,N,N,N,Y - Acquired by FutureProof Technologies (Nov 2025),N,N,N,,,,https://www.crunchbase.com/organization/terrafuse,,,,3,,,"$992,100",USD,,Self/Family,1.15,,2020,USD,Apr 10,,,$750K,USD,Apr 10,,,,Grant,USD,Apr 10,,,2018,USD,Dec 21,,,Grant,USD,Apr 10,,,2020,USD,Apr 10,,,Y,https://www.businesswire.com/news/home/20251110293027/en/FutureProof-Technologies-Acquires-Terrafuse-AI-to-Create-Industry-Leading-Property-Insurance-Products,2025,Undisclosed (acquisition amount not disclosed),N,N,,,,N,N,Y,2025,N,N,N,Y,https://swirltex.com/,N,N,N,Y,2025,https://swirltex.com/,N,N,Y,https://swirltex.com/ (reduces energy use in wastewater treatment; converts wastewater to reusable resource; reducing environmental pollution),Haoran,4/28/2026
Terrajoule Co,Steve Bisset,Energy Generation,2019,West,,Y,2024,S,2025,https://terrajoule.energy/,Y,2025,investor pitch/product page,Y,https://climatebase.org/company/874182/terrafuse-ai,Y,2025,,,Steve Bisset,https://www.linkedin.com/in/steve-bisset-5796a/,N,N,N,N,N,N,N,N,,,Y,2025,https://terrajoule.energy/,N,N,N,N,,N,N,N,N,N,N,N,N,Y,Cleantech Open 2019; NEA (original corp 2009-2013),N,N,N,N,N,N,N,N,,,,https://www.crunchbase.com/organization/terrajoule,,,,2,,,"$11,500,000",USD,,Venture,13.5,,2013,USD,Nov 4,,,$11.5M,USD,Nov 4,,,,Venture,USD,Nov 4,,,2013,USD,Nov 4,,,Series A,USD,Nov 4,,,2013,USD,Nov 4,,,Y,https://eepower.com/news/terrajoule-raises-11-5m-for-distributed-solar-power-and-energy-storage-tech/,2013,$11.5M (original corp) - Terrajoule Energy (current entity) seeking Series B,N,N,,,,N,N,N,N,N,N,N,N,N,N,N,N,N,N,N,N,N,Y,https://www.terrafuse-ai.com/ (wildfire risk AI; helps insurance cover high-risk properties; reduces community climate risk),Haoran,4/28/2026
Transformation Village,Lori Atwater,Green Building,2019,West,,N,2019,N,2019,"No website, this is just a real estate developer making up this name for their work",,,,,,,,,,,,,,,,,,,,,,,,,,,,,,,,,,,,,,,,,,,,,,,,,,,,,,,,,,,,,,,,,,,,,,,,,,,,,,,,,,,,,,,,,,,,,,,,,,,,,,,,,,,,,,,,,,,,,,,,,,,Josh,5/4/2026
Wise Earthcare,Belinda Lau,Chemicals & Advanced Materials,2019,West,,N,,N,2020,No news since 2020,,,,,,,,,,,,,,,,,,,,,,,,,,,,,,,,,,,,,,,,,,,,,,,,,,,,,,,,,,,,,,,,,,,,,,,,,,,,,,,,,,,,,,,,,,,,,,,,,,,,,,,,,,,,,,,,,,,,,,,,,,,Josh,5/4/2026
Yellowtin,Vishwas ganesan,Information & Communication Technology,2019,West,,Y,2024,S,2024,https://www.yellowtin.com/,Y,2024,blog/newsletter (Changeletter),Y,https://theorg.com/org/terrajoule/org-chart/steve-bisset,N,N,,,Vishwas ganesan,https://www.linkedin.com/in/vishwas-ganesan-29a813/,N,N,N,N,N,N,N,N,,,Y,2024,https://www.soapboxproject.org/journal/how-yellowtin-is-simplifying-access-to-clean-energy-climate-tech,N,N,N,N,,N,N,N,N,N,N,N,N,Y,Cleantech Open 2019,N,N,N,N,N,N,N,N,,,,https://www.crunchbase.com/organization/yellowtin#overview,,,,2,,,"$150,000",USD,,Venture,0.34,,2023,USD,Jan 9,,,$150K,USD,Jan 9,,,,Venture,USD,Jan 9,,,2023,USD,Jan 9,,,Seed,USD,Jan 9,,,2023,USD,Jan 9,,,N,N,N,N,N,Y,(ERA) Entrepreneurs Roundtable Accelerator,2023,https://www.crunchbase.com/funding_round/yellowtin-seed--aa1a14c2,N,N,N,N,N,N,N,Y,https://terrajoule.energy/,N,N,N,Y,2025,https://terrajoule.energy/ (India subsidiary EKRE; KGiSL Group India co-founder),N,N,Y,https://terrajoule.energy/ (solar thermal + steam storage; replaces diesel generators; up to 50% cheaper than solar+battery; 25-year system life),Haoran,4/28/2026
DTE Materials,Jose Urizar,Chemicals & Advanced Materials,2019,West,,Y,2024,S,2025,https://dtematerials.com/,Y,2025,product/news page,Y,https://www.linkedin.com/company/yellowtin,Y,2024,,,Jose Urizar,https://www.linkedin.com/in/joseurizar/,N,N,N,N,N,N,N,N,,,Y,2024,https://www.linkedin.com/company/dtematerials,N,N,N,N,,N,N,N,N,N,N,N,N,Y,Cleantech Open 2019; GCxN (Shell + NREL); Net Zero Accelerator,N,N,N,N,N,N,N,N,,,,https://www.crunchbase.com/organization/dte-materials,,,,3,,,"$987,500",USD,,Venture,0.25,,2022,USD,Sep 1,,,$987.5K,USD,Sep 1,,,,Venture,USD,Sep 1,,,2022,USD,Sep 1,,,Pre-Seed,USD,Sep 1,,,2022,USD,Sep 1,,,Y,https://www.linkedin.com/company/dtematerials,2024,$250K (GCxN non-dilutive grant from Shell + NREL),N,Y,Third Derivative,2025,https://www.crunchbase.com/funding_round/dte-materials-non-equity-assistance--54aa56f4,Y,2024,N,N,N,N,N,N,N,N,N,N,N,N,N,N,N,Y,https://www.yellowtin.com/ (reduces Scope 3 employee emissions; helps companies lower carbon footprint through clean energy marketplace),Haoran,4/28/2026
Walbom Wall,Sheila Blake,Chemicals & Advanced Materials,2019,South Central,,S,,S,2024,N,N,N,N,Y,https://www.linkedin.com/company/dtematerials,Y,2024,,,Sheila Blake,https://www.linkedin.com/in/sheila-blake-46656512/,N,N,N,N,N,N,N,N,,,Y,2019,https://www.cleantechopen.org/en/custom/blog/view/34327,N,N,N,N,,N,N,N,N,N,N,N,N,Y,Cleantech Open 2019 (Honorable Mention),N,N,N,N,N,N,N,N,,,,Not in Crunchbase,,,,0,,,$0,USD,,,,,,,,,,,,,,,,,,,,,,,,,,,,,,,,,,,,N,N,N,N,N,N,,,,Y,2024,Y,2024,N,N,N,N,N,N,N,N,Y,2025,https://dtematerials.com/,N,N,Y,https://dtematerials.com/ (bioaggregates from agricultural/forestry waste; 30-40% lighter concrete; 20-40% lower embodied carbon; Life Cycle Assessment with NREL),Haoran,4/28/2026
Vigti,Ishaan Gupta,Information & Communication Tecnology,2019,Midwest,,N,,N,2019,Dead per Pitchbook,,,https://www.embryoventures.com/startup-news/vigti-making-pipelines-saver-by-preventing-gas-leakages-with-ai,,,,,,,,,,,,,,,,,,,,,,,,,,,,,,,,,,,,,,,,,,,,,,,,,,,,,,,,,,,,,,,,,,,,,,,,,,,,,,,,,,,,,,,,,,,,,,,,,,,,,,,,,,,,,,,,,,,,,,,,Haoran,5/5
UNIQA,Galina Coada,Green Building,2019,South East,,Y,2024,N,2024,N,N,N,N,Y,https://www.linkedin.com/in/sheila-blake-46656512/,N,N,,,Galina Coada,https://www.linkedin.com/in/galinacoada/,N,N,N,N,N,N,N,N,,,N,N,N,N,N,N,N,,N,N,N,N,N,N,N,N,Y,Cleantech Open 2019,N,N,N,N,N,N,N,N,,,,Not in Crunchbase,,,,0,,,$0,USD,,,,,,,,,,,,,,,,,,,,,,,,,,,,,,,,,,,,N,N,N,N,N,N,,,,N,N,N,N,N,N,N,N,N,N,N,N,N,N,N,N,N,N,N,Haoran,4/28/2026
Teratonix,Johnny Huang,Information & Communication Technology,2019,North East,,Y,2024,S,2025,N,N,N,N,Y,https://www.linkedin.com/in/galinacoada/,N,N,,,Johnny Huang,https://www.linkedin.com/in/johnnyclhuang/,N,N,N,N,N,N,N,N,,,Y,2025,https://www.vectors.earth/team-1/johnny-huang%2C-ph.d.-,N,N,N,N,,N,N,N,N,N,N,N,N,Y,Cleantech Open 2019 (Northeast Finalist); Cisco Global Problem Solver Challenge 2021,N,N,N,N,N,N,N,N,,,,https://www.crunchbase.com/organization/teratonix-energy,,,,2,,,"$100,000",USD,,Grant,0.1,,2020,USD,Oct 21,,,$100K,USD,Oct 21,,,,Non-equity Assistance,USD,Oct 21,,,2020,USD,Oct 21,,,Non-equity Assistance,USD,Oct 21,,,2020,USD,Oct 21,,,Y,https://blogs.cisco.com/csr/teratonix-meet-the-team-harvesting-ambient-rf-energy-to-power-iot-devices-and-benefit-the-environment,2021,"$25,000 (Cisco Global Problem Solver Challenge 2021, 3rd runner-up)",N,Y,,2020,https://www.crunchbase.com/funding_round/teratonix-energy-non-equity-assistance--41c42275,N,N,N,N,N,N,N,N,N,N,N,N,N,N,N,N,N,N,N,Haoran,4/28/2026
Springpower International Inc.,Michael Wang,Chemicals & Advanced Materials,2019,North East,,S,2021,N,2021,N,N,N,N,N,https://www.linkedin.com/in/johnnyclhuang/,N,N,,,Michael Wang,https://au.linkedin.com/in/nishan-wettasinghe-9960496b/,N,N,N,N,N,N,N,N,,,Y,2021,https://techcrunch.com/2021/05/04/tesla-taps-tiny-startups-tech-to-build-cheaper-cleaner-batteries/,N,N,N,N,,N,N,N,N,N,N,N,N,Y,Cleantech Open 2019; SDTC (Canada),N,N,N,N,"Y - Acquired by Tesla (May 2021, patents)",N,N,N,,,,https://www.crunchbase.com/organization/springpower#overview,,,,2,,,"$2,686,000",USD,,Grant,0.75M,,2018,CAD,,,,3.4M,CAD,April 11,,,,Grant,CAD,Apr 11,,,2018,CAD,Apr 11,,,Grant,CAD,Apr 11,,,2018,CAD,April 11,,,Y,https://techcrunch.com/2021/05/04/tesla-taps-tiny-startups-tech-to-build-cheaper-cleaner-batteries/,2021,"$2.7M total raised; $3.4M SDTC grant (2018); Tesla acquisition (2021, undisclosed)",N,Y,,2018,https://www.crunchbase.com/funding_round/springpower-grant--de317c5a,N,N,N,N,N,N,N,N,N,N,N,N,N,N,N,N,N,Y,https://blogs.cisco.com/csr/teratonix-meet-the-team-harvesting-ambient-rf-energy-to-power-iot-devices-and-benefit-the-environment (eliminates battery waste from IoT sensors; RF energy harvesting technology),Haoran,4/28/2026
SomEV,Natasha George,Transportation,2019,North East,,Y,2024,N,2024,no web,N,,,Y,N,N,N,Y,,Natasha George,https://www.linkedin.com/in/natasha-e-george/,N,N,N,N,N,N,N,N,,,N,,,N,,,N,,N,,N,,N,,N,,N,,,,N,,N,N,,,,,,https://www.crunchbase.com/organization/somev#overview,https://pitchbook.com/profiles/company/454514-23#funding,,,0,,,$0,USD,,,-,,,,,,,,,,,,,,,,,,,,,,,,,,,,,,,,,,,,,,N,,,,N,N,N,N,N,N,N,N,N,N,N,N,N,N,N,N,N,Y,https://techcrunch.com/2021/05/04/tesla-taps-tiny-startups-tech-to-build-cheaper-cleaner-batteries/ (closed-loop cathode material manufacturing; near-zero effluent; clean battery production acquired by Tesla),Haoran,4/27/2026
Soli,Brian Bauer,*,2019,North East,,N,,N,2022,https://www.solipoints.com/category/press-releases/,,,"A lot of action in 2022, and then nothing",,Founder is doing other things,https://rocketreach.co/brian-bauer-email_86742009,,,,,,,,,,,,,,,,,,,,,,,,,,,,,,,,,,,,,,,,,,,,,,,,,,,,,,,,,,,,,,,,,,,,,,,,,,,,,,,,,,,,,,,,,,,,,,,,,,,,,,,,,,,,,,,,,,,,,Josh,5/4/2026
Soilless,Westen Johnson,"Agriculture, Water & Waste",2019,North East,,Y,2024,S,2026,https://www.soillesssystem.com/,Y,N/A,,Y,https://www.linkedin.com/company/growsoilless/,N,,Y,,Westen Johnson,https://www.linkedin.com/in/westen-johnson/,N,N,N,N,N,N,N,N,,,Y,2023,https://www.bklynlibrary.org/media/press/hemp-thyself-wins-top,N,,,N,,N,,N,,N,,N,,N,,,,N,,N,N,,,,,,https://www.crunchbase.com/organization/soilless#overview,https://pitchbook.com/profiles/company/600349-87,,,1,,,"$50,000",USD,,Grant,-,,2021,USD,,,,"$50,000",USD,,,,,Grant,USD,,,,,,,,,,,,,,,,,,,,,,,,Y,Bilgiyi Ticarileştirme Merkezi,2021,https://www.crunchbase.com/funding_round/soilless-grant--87bf16a0,N,,N,,N,,,N,,,,,N,,,N,,N,,Haoran,4/27/2026
"SkyCool Systems, inc.",Eli Goldstein,Energy Efficiency,2019,West,,Y,2024,S,2026,https://www.skycoolsystems.com/,Y,2026,copyright,Y,https://www.linkedin.com/company/skycool-systems-inc./,Y,2026,Y,,Eli Goldstein,https://www.linkedin.com/in/eliagoldstein7/,N,N,N,N,N,N,N,Y,"https://www.glassdoor.com/Overview/Working-at-SkyCool-Systems-EI_IE7253839.11,26.htm?__cf_chl_tk=BYxWLzGxW6RVZ79NF6UlUKHMFgRmqC8QTMMSaZ5nGBM-1777324544-1.0.1.1-xxtTeyhdY9qiH8Dr4RnwpDJO0VhWNBFTgzRx6dDjAjo",2025,Y,2025,https://naturalrefrigerants.com/news/fmi-2025-target-prioritizing-skycool-heat-rejection-panels-for-subcooling-and-desuperheating-refrigeration-systems-including-co2/,N,,,N,,Y,,N,,N,,Y,HVAC and refrigeration manufacturing,Y,CalSEED &  California Energy Commission,N,,N,,N,Y,2023,Equity,,"$5,000,000","$5,000,000",https://www.crunchbase.com/organization/skycool-systems#overview,https://pitchbook.com/profiles/company/166613-23#overview,https://docs.dnb.com/direct/2.0/en-US/firmographic/6.1/orderproduct/marketing-rest-API,https://tracxn.com/d/companies/skycoolsystems/__Bx76avDPiXTbzc_967SZMj_ujpH9KQjjQNzUTx7mTts,9,21,,"$9,540,000",USD,,"Grant, Venture",9.40M,,2025,USD,,,,$250K,USD,Sep 18,1M,,,Grant,USD,Sep 18,Debt,,2016,USD,,,,Seed,USD,Jan 31,,,2019,USD,Jan 31,,,Y,"https://www.theglobeandmail.com/investing/markets/markets-news/PR%20Newswire/19229820/skycool-systems-inc-secures-50m-seed-financing-round-led-by-nadel-and-gussman-ventures-arjun-saroya-appointed-ceo/#:~:text=MOUNTAIN%20VIEW%2C%20Calif.%2C%20Aug,prominent%20private%20and%20institutional%20investors.",2023,5 million,N,Y,Wells Fargo Innovation Incubator/Grid Catalyst,2025,https://www.crunchbase.com/organization/skycool-systems#financials,N,,N,,N,,,N,,Y,2025,https://www.nlr.gov/news/detail/program/2025/three-startups-join-new-in2-cohort-advancing-reliability-in-built-environment,N,,,N,,Y,https://tomkat.stanford.edu/innovation-transfer/skycool,Haoran,4/27/2026
Sky Canoe Inc.,Jason Dudek,Transportation,2019,North East,,S,2023,S,2025,https://www.skycanoe.ca/,Y,2025,	Technical Roadmap & Terms Updates,,,,,,,Jason Dudek,,N,N,N,N,N,N,N, N,,,Y,2025,https://www.durhamregion.com/news/scugog-island-first-nation-partner-increase-ownership-stake-in-drone-company/article_2452db4d-8883-5aa9-8269-64642a1a3f88.html,N,,,N,,Y,2025,N,,Y,2025,Y,	CCIB,Y,	USC-STC,N,,N,,N,N,,,,,,https://www.crunchbase.com/organization/sky-canoe#overview,https://pitchbook.com/profiles/company/737658-37,,,0,,,$0,USD,,,-,,,,,,,,,,,,,,,,,,,,,,,,,,,,,,,,,,,,,,N,,,,N,,Y,2023,Y,Gust,2025,N,,Y,2023,https://www.durhamregion.com/news/scugog-island-first-nation-partner-increase-ownership-stake-in-drone-company/article_2452db4d-8883-5aa9-8269-64642a1a3f88.html,Y,2025,https://www.skycanoe.ca/roadmap/,Y,2024,Y,https://www.ccib.ca/main/member/sky-canoe-inc/,Haoran,4/27/2026
Scanifly,Jason Steinberg,Information & Communication Tecnology,2019,North East,,Y,2024,S,2026,https://scanifly.com/,Y,2026,Product & Article,Y,https://www.linkedin.com/company/scanifly/,Y,2026,Y,,Jason Steinberg,https://www.linkedin.com/in/jason-steinberg-48356017/,N,N,N,N,N,N,N,Y,"https://www.glassdoor.com/Overview/Working-at-Scanifly-EI_IE1032787.11,19.htm",2026,Y,2026,https://www.prnewswire.com/news-releases/scanifly-and-ironridge-integrate-drone-based-pv-design-with-racking-layouts-eliminating-duplicate-work-and-accelerating-project-timelines-302669023.html,N,,,N,,Y,2025,Y,,Y,,Y,SEIA,Y,Cleantech Open,,,N,,N,Y,2022,Equity,,"$12,000,000","$12,000,000",https://www.crunchbase.com/organization/scanifly,https://pitchbook.com/profiles/company/277812-55,,,5,2,,"$12,300,000",USD,,Venture,12.37M,,2022,,,,,$10M,USD,March 17,,,,Venture,USD,Mar 17,Venture,,2019,USD,,,,Venture,USD,Mar 17,,,2022,USD,Mar 17,,,Y,https://www.intelligence360.news/brooklyn-new-york-based-scanifly-is-raising-12000002-00-in-new-equity-investment/,2022,10 million,Y,N,,,,Y,2024,N,N,N,,,N,,N,,,Y,2026,https://www.solarpowerworldonline.com/2026/03/scanifly-is-official-design-platform-for-certainteeds-sunstyle-solar-roof/,Y,2026,Y,https://insider.energytrust.org/scanifly-approved-tool-for-solar-resource-assessments/,Haoran,4/27/2026
RoCo Industries Inc.,Roderick Costain,Energy Efficiency,2019,North East,,Y,2024,S,2026,https://www.robo-us.com/,Y,2026,copyright,Y,https://www.linkedin.com/company/robo-industries-inc/,N,,N,,Roderick Costain,,,,N,,,N,,N,,,N,,,N,,,N,,N,,N,,N,,N,,N,,N,,N,,N,N,,,,,,https://www.crunchbase.com/organization/robo-industries-inc#overview,,,,0,,,$0,USD,,,-,,,,,,,,,,,,,,,,,,,,,,,,,,,,,,,,,,,,,,N,,,,N,,N,,N,,,N,,N,,,N,,,N,,N,,Haoran,4/27/2026
Recapture Technologies LLC, Stephen Steele,Chemicals & Advanced Materials,2019,Rocky Mountain,,S,2019,N,2019,no web,N,,,Y,https://www.linkedin.com/company/recapture-technologies-llc/,N,,Y,2021, Stephen Steele,https://www.linkedin.com/in/stephen-steele-324514171/,N,,N,,,N,,N,,,N,,,N,,,N,,N,,N,,N,,N,,N,,N,,N,,N,N,,,,,,Not in Crunchbase,,,,0,,,$0,USD,,,-,,,,,,,,,,,,,,,,,,,,,,,,,,,,,,,,,,,,,,N,,,,N,,N,,N,,,N,,N,,,N,,,N,,N,,Haoran,4/27/2026
QUATCARE,	Mario Mercado,"Agriculture, Water, Waste",2019,North East,,N,2023,N,2023,Dead per Pitchbook,,,,,,,,,,,,,,,,,,,,,,,,,,,,,,,,,,,,,,,,,,,,,,,,,,,,,,,,,,,,,,,,,,,,,,,,,,,,,,,,,,,,,,,,,,,,,,,,,,,,,,,,,,,,,,,,,,,,,,,,,,,Josh,5/4/2026
Power HV Inc.,Sizwe Dhlamini,Energy Efficiency,2019,North East,,Y,2024,S,2025,https://www.power-hv.com/,Y,2025,product page / company description,Y,https://ca.linkedin.com/company/powerhv,Y,2024,Y,,Sizwe Dhlamini,https://ca.linkedin.com/in/sizwedhlamini/,N,,N,,,N,,N,,,Y,2025,https://foresightcac.com/article/cleantech-coast-to-coast-power-hv-reston-mb,N,,,N,,N,,N,,N,,N,,Y,Foresight Canada (Grow Program),N,,N,,N,N,,,,,,https://www.crunchbase.com/organization/power-hv,https://pitchbook.com/profiles/company/226227-61#overview,,,2,4,,"$1,000,000",USD,,Grant,-,,2020,,,,,$1M,USD,Feb 26,,,,Grant,USD,Feb 26,,,2020,USD,,,,Grant,USD,Feb 26,,,2020,USD,Feb 26,,,Y,https://www.linkedin.com/in/sizwedhlamini/,2023,,N,Y,Foresight Canada — Grow Program,2025,https://www.crunchbase.com/funding_round/power-hv-seed--a5b12052,Y,2025,N,,N,,,Y,https://foresightcac.com/article/cleantech-coast-to-coast-power-hv-reston-mb,N,,,N,,,N,,Y,https://www.crunchbase.com/organization/power-hv (mission: reducing GHG emissions via transformer efficiency); https://www.digitimes.com/news/a20240520VL203/canada-component-electricity-pcb-supply-chain-power-solutions-startup.html,Haoran,4/27/2026
Nhu Energy,Rick Meeker,Energy Distribution & Storage,2019,Southeast,,Y,2024,S,2024,https://nhuenergy.com/,Y,2024,copyright,Y,https://www.linkedin.com/company/nhuenergy/,N,,Y,,Rick Meeker,https://www.linkedin.com/in/rmeeker/,,,,,,,,,,,,,,,,,N,,N,,N,,N,,N,,N,,N,,N,,N,N,,,,,,https://www.crunchbase.com/organization/nhu-energy,,,,0,,,$0,USD,,,-,,,,,,,,,,,,,,,,,,,,,,,,,,,,,,,,,,,,,,N,,,,,,,,,,,N,,N,,,N,,,N,,N,,Haoran,4/27/2026
Nexus Reliability,Fritz Ogden,Information & Communication Tecnology,2019,Rocky Mountain,,N,,N,2019,Dead per Pitchbook,,,,,,,,,,,,,,,,,,,,,,,,,,,,,,,,,,,,,,,,,,,,,,,,,,,,,,,,,,,,,,,,,,,,,,,,,,,,,,,,,,,,,,,,,,,,,,,,,,,,,,,,,,,,,,,,,,,,,,,,,,,Josh,5/4/2026
necoPlastics,Steve Flaherty,Chemicals & Advanced Materials,2019,Midwest,,Y,2024,Y,2026,https://necotech.com/,Yes,2026,News / Press Release,Y,https://www.linkedin.com/company/necoplastics/,Y,2026,Y,,Steve Flaherty,https://www.linkedin.com/in/steve-m-flaherty/,N,https://x.com/necoTechUSA,Y,2023,https://www.youtube.com/@necotech9927?app=desktop,N,,Y,"https://www.google.com/search?q=necotech&sca_esv=5bebb06507df2196&rlz=1C5AJCO_enUS1197US1198&biw=757&bih=863&sxsrf=ANbL-n4XuUIR4AAyMPrP08kBI574X-kXTw%3A1777329740257&ei=TObvafutD4fm0PEP6KCPgAw&ved=0ahUKEwj7g8SejY-UAxUHMzQIHWjQA8AQ4dUDCBE&uact=5&oq=necotech&gs_lp=Egxnd3Mtd2l6LXNlcnAiCG5lY290ZWNoMgQQIxgnMgQQIxgnMgQQIxgnMgsQLhiABBjHARivATIKEAAYgAQYywEYCjIFEAAYgAQyBBAAGB4yBBAAGB4yBBAAGB4yBhAAGB4YCkiRBVDNA1jNA3ACeACQAQCYAXSgAXSqAQMwLjG4AQPIAQD4AQGYAgOgAnzCAgsQABiJBRiiBBiwA8ICCxAAGIAEGKIEGLADmAMAiAYBkAYEkgcDMi4xoAeLCbIHAzAuMbgHd8IHAzAuM8gHBYAIAQ&sclient=gws-wiz-serp#lrd=0x8838fbf746b56669:0x8dc1549182a7c019,1,,,,",2025,N,,,N,,,N,,Y,2025,N,,Y,2025,Y,SPC,Y,	Plastics Association,N,,N,,N,N,,N,,,,https://www.crunchbase.com/organization/necoplastics-c10c,https://pitchbook.com/profiles/company/737658-37,,,0,,,$0,USD,,,-,,,,,,,,,,,,,,,,,,,,,,,,,,,,,,,,,,,,,,N,,,,Y,2026,Y,2026,N,,,N,,N,,,Y,2026,https://necotech.com/,Y,2026,N,,Haoran,4/27/2026
"Mycocycle, LLC",Joanne Rodriguez,Chemicals & Advanced Materials,2019,Midwest,,Y,2024,S,2025,https://mycocycle.com/,Y,2023,newsletter,Y,https://www.linkedin.com/company/mycocycle/,Y,2025,N,N/A,"Joanne Rodriguez, LEED AP, FitWel Amb, CDT",https://www.linkedin.com/in/greengirlnow/overlay/about-this-profile/,N/A,N/A,N/A,N/A,N,N/A,N,N/A,N/A,N,N/A,N/A,N,N/A,N/A,N,N,N,N/A,N,N/A,N,N/A,N,N/A,Y,CleanTech Open,N,N,N,N/A,,N,N,N/A,N/A,N/A,N/A,N/A,N/A,N/A,N/A,N/A,N/A,N/A,N/A,N/A,,,N/A,N/A,N/A,N/A,,,N/A,N/A,N/A,,,N/A,N/A,N/A,N/A,,,N/A,N/A,N/A,,,N/A,N/A,N/A,,,N/A,N/A,N/A,,,N/A,N/A,N,N/A,N/A,N/A,N,N,,,,N,,N,,N,,,N,,N,,,N,,,N,,N,,Yijia,4/27/2026
MAXWELLIAN,Alireza Hassani,Information & Communication Tecnology,2019,North East,,Y,2024,N,2024,https://maxwellian.decilehub.com/; maxwellian.com itself is a dead site,,,This looks like wealthy family office money but the company itself never went anywhere,,None,,,,,,,,,,,,,,,,,,,,,,,,,,,,,,,,,,,,,,,,,,,,,,,,,,,,,,,,,,,,,,,,,,,,,,,,,,,,,,,,,,,,,,,,,,,,,,,,,,,,,,,,,,,,,,,,,,,,,,Josh,5/3/2026
Low Carbon Beef,Colin Beal,"Agriculture, Water & Waste",2019,South Central,,Y,2024,A,2026,Acquired by Select Sires in 2023,,,,,,,,,,,,,,,,,,,,,,,,,,,,,,,,,,,,,,,,,,,,,,,,,,,,,,,,,,,,,,,,,,,,,,,,,,,,,,,,,,,,,,,,,,,,,,,,,,,,,,,,,,,,,,,,,,,,,,,,,,,Josh,5/3/2026
LivingWaters,Joshua Kao,"Agriculture, Water & Waste",2019,North East,,Y,2024,Y,2026,https://www.livingwaterssystems.org/partners,,,Award announcement,,https://www.linkedin.com/company/livingwaterssystems/,,,,,Joshua Kao,https://www.linkedin.com/in/joshua-kao-a51b78159/,,,,,,,,,,,,,,,,,,,,,,,,,,,,,,,,,,,,,,,,,,,,,,,,,,,,,,,,,,,,,,,,,,,,,,,,,,,,,,,,,,,,,,,,,,,,,,,,,,,,,,,,,,,,,,,,Josh,5/3/2026
"Littoral Power Systems, Inc.",David Duquette,Energy Generation,2019,North East,,Y,2024,Y,2026,https://littoralpower.com/,,,"No news store, but, website is good and fast and says copyright 2026",,https://www.linkedin.com/company/littoral-power-systems/,Y,2026,,,,,,,,,,,,,,,,,,,,,,,,,,,,,,,,,,,,,,,,,,,,,,,,,,,,,,,,,,,,,,,,,,,,,,,,,,,,,,,,,,,,,,,,,,,,,,,,,,,,,,,,,,,,,,,,,,,,Josh,5/3/2026
Kara Water,Cody Soodeen,"Agriculture, Water & Waste",2019,North East,,Y,2024,Y,2026,https://www.karawater.com,,,,,https://www.linkedin.com/company/karawater/,,2025,,,,,,,,,,,,,,,,,,,,,,,,,,,,,,,,,,,,,,,,,,,,,,,,,,,,,,,,,,,,,,,,,,,,,,,,,,,,,,,,,,,,,,,,,,,,,,,,,,,,,,,,,,,,,,,,,,,,Josh,5/3/2026
Íko Systems,Santiago Alegria,"Agriculture, Water & Waste",2019,North East,,N,2022,N,2022,None,,,,,,,,,,Founder Santiago Alegria lists Iko as a past item but has been a full time Facebook enginner for a couple years now.,https://www.linkedin.com/in/santialegria/,,,,,,,,,,,,,,,,,,,,,,,,,,,,,,,,,,,,,,,,,,,,,,,,,,,,,,,,,,,,,,,,,,,,,,,,,,,,,,,,,,,,,,,,,,,,,,,,,,,,,,,,,,,,,,,,Josh,5/4/2026
Hoplite Power Inc.,Nikolas Schreiber,Energy Efficiency,2019,North East,,Y,2021,Y,2025,https://hoplitepwr.com/,,,Copyright 2025,,https://www.linkedin.com/company/hoplite-power/about/,,,,,,,,,,,,,,,,,,,,,,,,,,,,,,,,,,,,,,,,,,,,,,,,,,,,,,,,,,,,,,,,,,,,,,,,,,,,,,,,,,,,,,,,,,,,,,,,,,,,,,,,,,,,,,,,,,,,,,Josh,5/3/2026
Halo Charging,Kurt Carlson,Energy Efficiency,2019,North East,,N,2019,N,2019,"No website, nothing current in searches",,,,,,,,,,,,,,,,,,,,,,,,,,,,,,,,,,,,,,,,,,,,,,,,,,,,,,,,,,,,,,,,,,,,,,,,,,,,,,,,,,,,,,,,,,,,,,,,,,,,,,,,,,,,,,,,,,,,,,,,,,,Josh,5/4/2026
Gridtwin/GriDeus,Matthew Brusnahan,Information & Communication Technology,2019,North East,,S,2019,Y,2026,https://home.gridtwin.com/,,,Copyright 2026,,https://www.linkedin.com/company/gridtwin-energy/,,,,,,,,,,,,,,,,,,,,,,,,,,,,,,,,,,,,,,,,,,,,,,,,,,,,,,,,,,,,,,,,,,,,,,,,,,,,,,,,,,,,,,,,,,,,,,,,,,,,,,,,,,,,,,,,,,,,,,Josh,5/3/2026
Green GrubBox / Encora,Ted Wallis,Chemicals & Advanced Materials,2019,Pacific Northwest,,Y,2020,N,2020,None,,,,,None,,,,,,,,,,,,,,,,,,,,,,,,,,,,,,,,,,,,,,,,,,,,,,,,,,,,,,,,,,,,,,,,,,,,,,,,,,,,,,,,,,,,,,,,,,,,,,,,,,,,,,,,,,,,,,,,,,,,,,Josh,5/3/2026
gBat,Mudit Bhargava,Energy Distribution & Storage,2019,South Central,,N,,N,2019,"Dead website, unsearchable founder and company",,,,,,,,,,,,,,,,,,,,,,,,,,,,,,,,,,,,,,,,,,,,,,,,,,,,,,,,,,,,,,,,,,,,,,,,,,,,,,,,,,,,,,,,,,,,,,,,,,,,,,,,,,,,,,,,,,,,,,,,,,,Josh,5/4/2026
Flux Marine,Daylin Frantin,Transportation,2019,North East,,Y,2024,Y,2026,https://www.fluxmarine.com/about,,,Two LinkedIn postings in the past week,,https://www.linkedin.com/company/flux-marine/,,2026,,,,,,,,,,,,,,,,,,,,,,,,,,,,,,,,,,,,,,,,,,,,,,,,,,,,,,,,,,,,,,,,,,,,,,,,,,,,,,,,,,,,,,,,,,,,,,,,,,,,,,,,,,,,,,,,,,,,Josh,5/3/2026
Fluid Sense,	Jeffrey Poole,Information & Communication Technology,2019,North East,,N,2024,N,2024,,,,,,,,,,,Founder Jeffrey Poole lists this as a past activity,https://www.linkedin.com/in/jeffrey-poole-32a34410/,,,,,,,,,,,,,,,,,,,,,,,,,,,,,,,,,,,,,,,,,,,,,,,,,,,,,,,,,,,,,,,,,,,,,,,,,,,,,,,,,,,,,,,,,,,,,,,,,,,,,,,,,,,,,,,,Josh,5/4/2026
"Flooid Power Systems, Inc.",Ben Schwartz,Energy Efficiency,2019,North East,,Y,2024,S,2025,https://flooidpower.com/,,,,,https://www.linkedin.com/company/flooid-power-systems-inc/,,,,,,,,,,,,,,,,,,,,,,,,,,,,,,,,,,,,,,,,,,,,,,,,,,,,,,,,,,,,,,,,,,,,,,,,,,,,,,,,,,,,,,,,,,,,,,,,,,,,,,,,,,,,,,,,,,,,,,Josh,5/3/2026
Feedback Solutions,Karen Smith,Energy Efficiency,2019,North East,,Y,2024,Y,2025,https://feedbacksolutions.io/,,,10 web postings in 2025 but stopped in June 2025,Y,https://www.linkedin.com/company/feedback-solutions-inc-/,Y,2026,,,,,,,,,,,,,,,,,,,,,,,,,,,,,,,,,,,,,,,,,,,,,,,,,,,,,,,,,,,,,,,,,,,,,,,,,,,,,,,,,,,,,,,,,,,,,,,,,,,,,,,,,,,,,,,,,,,,Josh,5/3/2026
Enersion,Hanif Montazeri,Energy Efficiency,2019,North East,,Y,2024,Y,2026,https://enersion.com/news/,,2026,"News stories, but, copyright 2026",,https://www.linkedin.com/company/enersion.com/?originalSubdomain=ca,Y,2026,,,,,,,,,,,,,,,,,,,,,,,,,,,,,,,,,,,,,,,,,,,,,,,,,,,,,,,,,,,,,,,,,,,,,,,,,,,,,,,,,,,,,,,,,,,,,,,,,,,,,,,,,,,,,,,,,,,,Josh,5/3/2026
ecoSPEARS,Ian Doromal,Environmental Consulting,2019,South East,,Y,2022,N,2024,https://ecospears.com/,,2024,Latest news and copyright 2024,,https://www.linkedin.com/search/results/all/?keywords=ecospears&origin=GLOBAL_SEARCH_HEADER,,,,,"Sergio Albino - has another company, a professorship, and a consultancy",,,,,,,,,,,,,,,,,,,,,,,,,,,,,,,,,,,,,,,,,,,,,,,,,,,,,,,,,,,,,,,,,,,,,,,,,,,,,,,,,,,,,,,,,,,,,,,,,,,,,,,,,,,,,,,,,Josh,5/3/2026
DispoMeds,Reza Royaee,"Agriculture, Water & Waste",2019,North East,,N,2019,N,2021,https://dispomeds.com/,,,,,,,,,,,,,,,,,,,,,,,,,,,,,,,,,,,,,,,,,,,,,,,,,,,,,,,,,,,,,,,,,,,,,,,,,,,,,,,,,,,,,,,,,,,,,,,,,,,,,,,,,,,,,,,,,,,,,,,,,,,Josh,5/4/2026
Chi Botanic,Jonathan Meuser,"Agriculture, Water & Waste",2019,Rocky Mountain,,S,2020,Y,2026,https://www.chibotanic.com/,,,,Y,https://www.linkedin.com/company/chi-botanic/,Y,2026,,Part-time here and at a university,Jon Meuser PhD,https://www.linkedin.com/in/jonathan-meuser-phd-220583333/,,,,,,,,,,,,,,,,,,,,,,,,,,,,,,,,,,,,,,,,,,,,,,,,,,,,,,,,,,,,,,,,,,,,,,,,,,,,,,,,,,,,,,,,,,,,,,,,,,,,,,,,,,,,,,,,Josh,5/4/2026
"CF Technologies, Inc.",Jessica Sweeney,Energy Efficiency,2019,North East,,Y,2022,Y,2026,https://www.cftechnologies.com/,,,"Blog entries from 2026, good website",,,,,,,,,,,,,,,,,,,,,,,,,,,,,,,,,,,,,,,,,,,,,,,,,,,,,,,,,,,,,,,,,,,,,,,,,,,,,,,,,,,,,,,,,,,,,,,,,,,,,,,,,,,,,,,,,,,,,,,,Josh,5/4/2026
CBC Wind Energy,Robert Baxter,Energy Generation,2019,North East,,Y,2022,Y,2026,https://cbcwindenergy.com/,,,"Copyright 2026,",,https://www.linkedin.com/company/cbc-llc-/,,,,,,,,,,,,,,,,,,,,,,,,,,,,,,,,,,,,,,,,,,,,,,,,,,,,,,,,,,,,,,,,,,,,,,,,,,,,,,,,,,,,,,,,,,,,,,,,,,,,,,,,,,,,,,,,,,,,,,Josh,5/4/2026
Camberline Technologies,Adam Studdard,"Information & Communication Tech, Energy Efficiency",2019,North East,,N,2020,N,2025,None,,,,,,,,,,Adam Studdard; company shows as a past activity,https://www.linkedin.com/in/adamstuddard/,,,,,,,,,,,,,,,,,,,,,,,,,,,,,,,,,,,,,,,,,,,,,,,,,,,,,,,,,,,,,,,,,,,,,,,,,,,,,,,,,,,,,,,,,,,,,,,,,,,,,,,,,,,,,,,,Josh,5/4/2026
Blue Dot Motorworks,	Tom Gurski,Transportation,2019,Pacific Northwest,,Y,2022,Y,2025,https://bluedotmotorworks.com/media,,,,,https://www.linkedin.com/company/blue-dot-motorworks/,,2025,,,,,,,,,,,,,,,,,,,,,,,,,,,,,,,,,,,,,,,,,,,,,,,,,,,,,,,,,,,,,,,,,,,,,,,,,,,,,,,,,,,,,,,,,,,,,,,,,,,,,,,,,,,,,,,,,,,,Josh,5/4/2026
ARC Technology,	William Carey,Energy Generation,2019,Midwest,,N,,N,2019,https://www.arc-tech.us/,,,"Unknown, but the founder and company are otherwise nonexistent recently",,,,,,,,,,,,,,,,,,,,,,,,,,,,,,,,,,,,,,,,,,,,,,,,,,,,,,,,,,,,,,,,,,,,,,,,,,,,,,,,,,,,,,,,,,,,,,,,,,,,,,,,,,,,,,,,,,,,,,,,Josh,5/4/2026
AquaRealTime,Christopher Lee,"Agriculture, Water & Waste, Energy Efficiency",2019,Rocky Mountain,,Y,2022,Y,2025,https://www.aquarealtime.com/,,,"Copyright 2025, and 2025 news stories",,,,,,,,,,,,,,,,,,,,,,,,,,,,,,,,,,,,,,,,,,,,,,,,,,,,,,,,,,,,,,,,,,,,,,,,,,,,,,,,,,,,,,,,,,,,,,,,,,,,,,,,,,,,,,,,,,,,,,,,Josh,5/4/2026
Aquaneers,Richard Day,Agriculture/ Biotech,2019,North East,,S,,N,2019,Dead website,,,,,,,,,,Richard Day - this company shows as a past activity,https://www.linkedin.com/in/re-day/,,,,,,,,,,,,,,,,,,,,,,,,,,,,,,,,,,,,,,,,,,,,,,,,,,,,,,,,,,,,,,,,,,,,,,,,,,,,,,,,,,,,,,,,,,,,,,,,,,,,,,,,,,,,,,,,Josh,5/4/2026
Aqua Alchemist,Maher Hadaya,"Agriculture, Water & Waste, Energy Efficiency",2019,North East,,N,,N,2019,Can't find anything,,,,,,,,,,,Can't find,,,,,,,,,,,,,,,,,,,,,,,,,,,,,,,,,,,,,,,,,,,,,,,,,,,,,,,,,,,,,,,,,,,,,,,,,,,,,,,,,,,,,,,,,,,,,,,,,,,,,,,,,,,,,,,,Josh,5/4/2026
Apis Innovation,Gregory Chrin,"Agriculture, Water & Waste, Energy Efficiency",2019,North East,,Y,2026,Y,2026,https://www.apisinnovation.com/about,,,Copyright 2025,,https://www.linkedin.com/company/apis-innovation/,,2026,,,,,,,,,,,,,,,,,,,,,,,,,,,,,,,,,,,,,,,,,,,,,,,,,,,,,,,,,,,,,,,,,,,,,,,,,,,,,,,,,,,,,,,,,,,,,,,,,,,,,,,,,,,,,,,,,,,,Josh,5/4/2026
Anessa,Kenneth Kent,"Agriculture/ Biotech, Information & Communication Technology",2019,North East,,Y,2022,Y,2026,https://www.anessa.com/news,,,Press releases in 2026,,https://www.linkedin.com/company/anessabiogas/about/,,2025,,,,,,,,,,,,,,,,,,,,,,,,,,,,,,,,,,,,,,,,,,,,,,,,,,,,,,,,,,,,,,,,,,,,,,,,,,,,,,,,,,,,,,,,,,,,,,,,,,,,,,,,,,,,,,,,,,,,Josh,5/4/2026
Anax Power,Michael Longo,Energy Generation,2019,North East,,Y,2022,Y,2023,https://www.anaxpower.com/about/,,,,,https://www.linkedin.com/company/anax-power/,,2023,,,John Longo went from bus devp to full time CEO in Jan 2025,https://www.linkedin.com/in/michaellongo2/,,,,,,,,,,,,,,,,,,,,,,,,,,,,,,,,,,,,,,,,,,,,,,,,,,,,,,,,,,,,,,,,,,,,,,,,,,,,,,,,,,,,,,,,,,,,,,,,,,,,,,,,,,,,,,,,Josh,5/4/2026
"Alba Power, Inc.",Katharina Loden,Energy Efficiency,2019,Rocky Mountain,,N,,N,2025,https://albapower.com/,,,News releases,,,,,,,CEO Kay Lodin shows this as a past activity,https://www.linkedin.com/in/katharina-loden/,,,,,,,,,,,,,,,,,,,,,,,,,,,,,,,,,,,,,,,,,,,,,,,,,,,,,,,,,,,,,,,,,,,,,,,,,,,,,,,,,,,,,,,,,,,,,,,,,,,,,,,,,,,,,,,,Josh,5/4/2026
AeroShield,Elise Strobach,Agriculture/ Biotech,2019,North East,,Y,2022,Y,2025,https://aeroshield.tech/press/,,,News releases,,https://www.linkedin.com/company/aeroshield-materials/,,2026,,,Elise Strobach,https://www.linkedin.com/in/elise-strobach/,,,,,,,,,,,,,,,,,,,,,,,,,,,,,,,,,,,,,,,,,,,,,,,,,,,,,,,,,,,,,,,,,,,,,,,,,,,,,,,,,,,,,,,,,,,,,,,,,,,,,,,,,,,,,,,,Josh,5/4/2026
ADC Technologies Inc.,Niall Davidson,"Information & Communication Tech, Energy Efficiency",2020,Northeast,,N,,N,2019,Website is dead,,,,,,,,,,,,,,,,,,,,,,,,,,,,,,,,,,,,,,,,,,,,,,,,,,,,,,,,,,,,,,,,,,,,,,,,,,,,,,,,,,,,,,,,,,,,,,,,,,,,,,,,,,,,,,,,,,,,,,,,,,,Josh,5/4/2026
Aeromutable,David Manosalvas-kjono,Energy Efficiency,2020,Midwest,,Y,2023,S,2023,https://www.aeromutable.com,"Employee spotlights, interns, in 2023, nothing since",,,,,,,,,David Manosalvas-kjono - lists on other activity,https://www.linkedin.com/search/results/all/?keywords=David%20Manosalvas-kjono&origin=GLOBAL_SEARCH_HEADER,,,,,,,,,,,,,,,,,,,,,,,,,,,,,,,,,,,,,,,,,,,,,,,,,,,,,,,,,,,,,,,,,,,,,,,,,,,,,,,,,,,,,,,,,,,,,,,,,,,,,,,,,,,,,,,,Josh,5/4/2026
Aeros Environmental LLC,NORMAN DIAS,Chemicals & Advanced Materials,2020,Northeast,,A,,A,2021,https://aligncp.com/news/alliance-holdings-acquires-aeros-environmental/,,,,,,,,,,,,,,,,,,,,,,,,,,,,,,,,,,,,,,,,,,,,,,,,,,,,,,,,,,,,,,,,,,,,,,,,,,,,,,,,,,,,,,,,,,,,,,,,,,,,,,,,,,,,,,,,,,,,,,,,,,,Josh,5/4/2026
Alchemr,Laureen Meroueh,Chemicals & Advanced Materials,2020,Northeast,,Y,2022,Y,2026,https://alchemr.com/,,,Copyright 2026,,,,,,,"Rich Masel - lists other another companies on LinkedIn, in common with the employees on the website, which says copyright 2026 with some ""coming soon"" pages ... this is a Schrodenger's cat which will soon prove to be dead or alive.",https://www.linkedin.com/in/rich-masel-27563310/,,,,,,,,,,,,,,,,,,,,,,,,,,,,,,,,,,,,,,,,,,,,,,,,,,,,,,,,,,,,,,,,,,,,,,,,,,,,,,,,,,,,,,,,,,,,,,,,,,,,,,,,,,,,,,,,Josh,5/4/2026
Andluca Technologies,Nick Davy,Green Building,2020,Northeast,,Y,2022,Y,2026,https://www.andluca.com/news,,,"Copyright 2026, plus 2025 news stories",,,,,,,,,,,,,,,,,,,,,,,,,,,,,,,,,,,,,,,,,,,,,,,,,,,,,,,,,,,,,,,,,,,,,,,,,,,,,,,,,,,,,,,,,,,,,,,,,,,,,,,,,,,,,,,,,,,,,,,,Josh,5/4/2026
ARC Industries,Robert Monteith,Energy Generation,2020,Northeast,,S,,S,2022,https://www.arcindustries.co/about,,,No posting or dates on the website or LinkedIn,,https://www.linkedin.com/company/advanced-renewable-concept-industries/,,,,,Robert Monteith - also has a full-time university engineer job,https://www.linkedin.com/in/robert-monteith-42193b5b/,,,,,,,,,,,,,,,,,,,,,,,,,,,,,,,,,,,,,,,,,,,,,,,,,,,,,,,,,,,,,,,,,,,,,,,,,,,,,,,,,,,,,,,,,,,,,,,,,,,,,,,,,,,,,,,,Josh,5/4/2026
Asoleyo Architectural Solar,Adam Winsor,Energy Generation,2020,Southeast,,S,2022,N,2022,Dead website,,,,,,,,,,Adam Winsor - company shows as a past activity,https://www.linkedin.com/in/adamwinsor/,,,,,,,,,,,,,,,,,,,,,,,,,,,,,,,,,,,,,,,,,,,,,,,,,,,,,,,,,,,,,,,,,,,,,,,,,,,,,,,,,,,,,,,,,,,,,,,,,,,,,,,,,,,,,,,,Josh,5/4/2026
Atrevida Science LLC,Claudia Maldonado,Energy Generation,2020,Northeast,,Y,2022,S,2025,https://atrevidascience.com/home.html,,,Lost of posting and news but then nothing after 2022,,https://www.linkedin.com/company/atrevida-science/,,No postings,,,"Claudia Maldonado - posted personally about Atrevida Science in mid 2025, but nothing on website or LinkedIn for the company",https://www.linkedin.com/in/claudia-cecilia-maldonado-6254491a/,,,,,,,,,,,,,,,,,,,,,,,,,,,,,,,,,,,,,,,,,,,,,,,,,,,,,,,,,,,,,,,,,,,,,,,,,,,,,,,,,,,,,,,,,,,,,,,,,,,,,,,,,,,,,,,,Josh,5/4/2026
"BaselineES, LLC",Laura Carpenter,Energy Efficiency,2020,Northeast,,S,2022,N,2026,https://baselinees.com/,,,"Copyright 2026, but last dated posting was in 2018 with one posting since, undated",,,,,,,"Laura Carpenter - this shows as a past activity, and she has a government job now.",https://www.linkedin.com/in/lauramcarpenter/,,,,,,,,,,,,,,,,,,,,,,,,,,,,,,,,,,,,,,,,,,,,,,,,,,,,,,,,,,,,,,,,,,,,,,,,,,,,,,,,,,,,,,,,,,,,,,,,,,,,,,,,,,,,,,,,Josh,5/4/2026
Battery Tour,AY young,Information & Communication Technology,2020,Midwest,,Y,2022,Y,2026,https://www.batterytour.com/t,,,Selling tickers in March 2026,,,,,,,,,,,,,,,,,,,,,,,,,,,,,,,,,,,,,,,,,,,,,,,,,,,,,,,,,,,,,,,,,,,,,,,,,,,,,,,,,,,,,,,,,,,,,,,,,,,,,,,,,,,,,,,,,,,,,,,,Josh,5/4/2026
Boston Agritech,*,Agriculture Water & Waste,2020,Northeast,,N,,N,2020,Can't find anything,,,,,,,,,,,,,,,,,,,,,,,,,,,,,,,,,,,,,,,,,,,,,,,,,,,,,,,,,,,,,,,,,,,,,,,,,,,,,,,,,,,,,,,,,,,,,,,,,,,,,,,,,,,,,,,,,,,,,,,,,,,Josh,5/4/2026
Bright Building LLC,Jerone Gagliano,Energy Efficiency,2020,Northeast,,Y,2022,Y,2026,brightbuilding.us,,,Copyright 2026 and nice website ,,https://www.linkedin.com/company/bright-building/,,,,,Jerome Gagliano - LinkedIn shows this plus contract work wth NYSERDA,https://www.linkedin.com/in/jeronegagliano/,,,,,,,,,,,,,,,,,,,,,,,,,,,,,,,,,,,,,,,,,,,,,,,,,,,,,,,,,,,,,,,,,,,,,,,,,,,,,,,,,,,,,,,,,,,,,,,,,,,,,,,,,,,,,,,,Josh,5/5/2026
"Centsible House, Inc",Julie Liu,Green Building,2020,Northeast,,Y,2022,N,2022,https://centsiblehouse.com/,,,"Poor website, no way to learn from or engage with it, doesn't look viable.",,,,,,,"Julie Liu, posted four years ago about being in the Cleantech Open, then about Con Edison This looks dead.",https://www.linkedin.com/in/julieyliu/recent-activity/all/,,,,,,,,,,,,,,,,,,,,,,,,,,,,,,,,,,,,,,,,,,,,,,,,,,,,,,,,,,,,,,,,,,,,,,,,,,,,,,,,,,,,,,,,,,,,,,,,,,,,,,,,,,,,,,,,Josh,5/5/2026
CLIP,Eric Noziere,Transportation,2020,Northeast,,Y,2022,Y,2025,https://clip.bike/,,,"Copyright 2025, but write ups everywhere from Forbes to the New Yorker - good website - this company is doing well.",,,,,,,"Eric Noziere, last posted five years ago",https://www.linkedin.com/posts/eric-noziere_clip-activity-6714631921638391808--TkE/,,,,,,,,,,,,,,,,,,,,,,,,,,,,,,,,,,,,,,,,,,,,,,,,,,,,,,,,,,,,,,,,,,,,,,,,,,,,,,,,,,,,,,,,,,,,,,,,,,,,,,,,,,,,,,,,Josh,5/5/2026
CO2Storage,Natan Shahar,"Energy Distribution & Storage, Energy Efficiency",2020,Northeast,,Y,2022,Y,2026,https://www.standardcarbon.com/about-us/,,,"Copyright 2026, okay website",,https://www.linkedin.com/company/standardcarbon/about/,,,,,Founder Natan Shahar is self-employed as an engineer and co-founder is a professor.,https://www.linkedin.com/in/natan-shahar-3ba84920/,,,,,,,,,,,,,,,,,,,,,,,,,,,,,,,,,,,,,,,,,,,,,,,,,,,,,,,,,,,,,,,,,,,,,,,,,,,,,,,,,,,,,,,,,,,,,,,,,,,,,,,,,,,,,,,,Josh,5/5/2026
Cogenerate Solar,Raed Arab,Energy Generation,2020,Northeast,,N,,N,2022,https://maxun.solar/,,,"Copyright 2022, no postings",,https://www.linkedin.com/company/maxun/about/,,,,,"Founder Raed Arab, I'm guessing, is retired after not getting more traction here.",https://www.linkedin.com/in/raedarab/,,,,,,,,,,,,,,,,,,,,,,,,,,,,,,,,,,,,,,,,,,,,,,,,,,,,,,,,,,,,,,,,,,,,,,,,,,,,,,,,,,,,,,,,,,,,,,,,,,,,,,,,,,,,,,,,Josh,5/5/2026
CorePower Magnetics,Leah Ohodnicki,Chemicals & Advanced Materials,2020,Northeast,,Y,2022,Y,2026,https://www.corepowermagnetics.com/,,,Copyright 2026 and 2026 news postings,,,,,,,,,,,,,,,,,,,,,,,,,,,,,,,,,,,,,,,,,,,,,,,,,,,,,,,,,,,,,,,,,,,,,,,,,,,,,,,,,,,,,,,,,,,,,,,,,,,,,,,,,,,,,,,,,,,,,,,,Josh,5/5/2026
EAIGLE,Amir Hoss,Information & Communication Technology,2020,Northeast,,Y,2022,Y,2026,https://eaigle.com/company,,,Copyright 2026,,https://www.linkedin.com/company/eaigle/,,2026,,,Amir Hoss,https://www.linkedin.com/in/amirhosseinhosseini/,,,,,,,,,,,,,,,,,,,,,,,,,,,,,,,,,,,,,,,,,,,,,,,,,,,,,,,,,,,,,,,,,,,,,,,,,,,,,,,,,,,,,,,,,,,,,,,,,,,,,,,,,,,,,,,,Josh,5/5/2026
Elateq Inc,Ljiljana Rajic,"Agriculture, Water & Waste",2020,Northeast,,Y,2022,Y,2025,https://elateq.com/,,,"Copyright 2023, news Feb 2025",,,,,,,,,,,,,,,,,,,,,,,,,,,,,,,,,,,,,,,,,,,,,,,,,,,,,,,,,,,,,,,,,,,,,,,,,,,,,,,,,,,,,,,,,,,,,,,,,,,,,,,,,,,,,,,,,,,,,,,,Josh,5/5/2026
Emulate Energy,Shwan Lamei,Energy Distribution & Storage,2020,Northeast,,Y,2022,Y,2026,https://emulate.energy/,,,"Copyright 2026, active blog referencing tariffs (so it's current)",,https://www.linkedin.com/company/emulate-energy/,,2026,,,"The two founders show as full time and the CFO (posted at right) shows as full time for the past two years, a good sign.",https://www.linkedin.com/in/marcjlittman/,,,,,,,,,,,,,,,,,,,,,,,,,,,,,,,,,,,,,,,,,,,,,,,,,,,,,,,,,,,,,,,,,,,,,,,,,,,,,,,,,,,,,,,,,,,,,,,,,,,,,,,,,,,,,,,,Josh,5/5/2026
EnVault,Matthis Herrera,Energy Distribution & Storage,2020,South Central,,N,,S,2025,https://envault.net/,,,Copyright 2025,,,,,,,"Founder Matthis Herrera also claims to be founder of hatchTank, not mentioned further in his LinkedIn profile, while also holding a full-time job in US Army intelligence",https://www.linkedin.com/in/matthis-herrera-93103224/,,,,,,,,,,,,,,,,,,,,,,,,,,,,,,,,,,,,,,,,,,,,,,,,,,,,,,,,,,,,,,,,,,,,,,,,,,,,,,,,,,,,,,,,,,,,,,,,,,,,,,,,,,,,,,,,Josh,5/5/2026
Extergy,Amir Yadghar,Energy Efficiency,2020,Northeast,,Y,2022,N,2022,Dead per Pitchbook,,,,,,,,,,,,,,,,,,,,,,,,,,,,,,,,,,,,,,,,,,,,,,,,,,,,,,,,,,,,,,,,,,,,,,,,,,,,,,,,,,,,,,,,,,,,,,,,,,,,,,,,,,,,,,,,,,,,,,,,,,,Josh,5/5/2026
Farm to Flame Energy,Kwaku Jyamfi,Energy Generation,2020,Northeast,,Y,2024,S,2026,https://ftfenergy.com/about-us/,,,Copyright 2026,,,,,,,"Except for founder, others on website list other jobs and don't even list this company",https://www.linkedin.com/in/kwaku-jyamfi/,,,,,,,,,,,,,,,,,,,,,,,,,,,,,,,,,,,,,,,,,,,,,,,,,,,,,,,,,,,,,,,,,,,,,,,,,,,,,,,,,,,,,,,,,,,,,,,,,,,,,,,,,,,,,,,,Josh,5/5/2026
Foothill Fuels,Brian Kennedy,Chemicals & Advanced Materials,2020,Northeast,,S,2023,N,2023,Dead website,,,,,https://www.linkedin.com/company/foothill-fuels/,,,,,Founder Brian Kennedy has a full time job at JP Morgan,https://www.linkedin.com/in/brian-kennedy-8736a684/,,,,,,,,,,,,,,,,,,,,,,,,,,,,,,,,,,,,,,,,,,,,,,,,,,,,,,,,,,,,,,,,,,,,,,,,,,,,,,,,,,,,,,,,,,,,,,,,,,,,,,,,,,,,,,,,Josh,5/5/2026
Forest Founders,Ford Seeman,Information & Communication Tech,2020,Northeast,,N,N/A,Y,2026,https://www.forestfounders.org/,,,Copyright 2026,,,,,,,"Founder Ford Seeman lists this nonprofit as full time, has no other current activities",https://www.linkedin.com/in/fordseeman/,,,,,,,,,,,,,,,,,,,,,,,,,,,,,,,,,,,,,,,,,,,,,,,,,,,,,,,,,,,,,,,,,,,,,,,,,,,,,,,,,,,,,,,,,,,,,,,,,,,,,,,,,,,,,,,,Josh,5/5/2026
Fourth Wave Energy,Joseph Isaacs,Green Building,2020,Rocky Mountain,"Cannot confirm correct company via CTO alumni site, but seems it was both acquired and also split out its clean energy wing into a new company called GeoSolar Technologies: https://solarbuildermag.com/news/fourth-wave-energy-to-spin-off-geosolar-plus-into-separate-publicly-traded-company/ / https://www.nsenergybusiness.com/deals/pierre-fourth-wave-energy/?cf-view",A,2021,A,2021,Acquired by EdgeMode for $4.3MM,,,,,,,,,,,,,,,,,,,,,,,,,,,,,,,,,,,,,,,,,,,,,,,,,,,,,,,,,,,,,,,,,,,,,,,,,,,,,,,,,,,,,,,,,,,,,,,,,,,,,,,,,,,,,,,,,,,,,,,,,,,Josh,5/5/2026
Full Circle Microbes Inc (now rebranded as IMIO),Charles Smith,"Agriculture, Water & Waste",2020,Northeast,Company rebranded: now called IMIO: https://www.linkedin.com/posts/charles-smith-imio_imio-home-activity-6998730263727849473-YJpq,Y,2024,Y,2025,https://www.imio.co/about,,,"Copyright 2025, 2025 blogs",,https://www.linkedin.com/company/imio-co/,,,,,"Founder Charles Smith, no other current activities shown on LinkedIn",https://www.linkedin.com/in/charles-smith-imio/,,,,,,,,,,,,,,,,,,,,,,,,,,,,,,,,,,,,,,,,,,,,,,,,,,,,,,,,,,,,,,,,,,,,,,,,,,,,,,,,,,,,,,,,,,,,,,,,,,,,,,,,,,,,,,,,Josh,5/5/2026
Greenovation,Kathleen Hefferon,Energy Generation,2020,Northeast,"Possibly rebranded as Forte Protein <https://forteprotein.com/>, but I could find no definitive evidence this was the case. No other info on Greenovation was found otherwise",N,N/A,N,2020,Can't find anything,,,,,,,,,,LinkedIn profile of founder does not mention this company,https://www.linkedin.com/in/kathleen-hefferon-5b046677/,,,,,,,,,,,,,,,,,,,,,,,,,,,,,,,,,,,,,,,,,,,,,,,,,,,,,,,,,,,,,,,,,,,,,,,,,,,,,,,,,,,,,,,,,,,,,,,,,,,,,,,,,,,,,,,,Josh,5/5/2026
"GrowFlux, Inc",Eric Eisele,"Agriculture, Water, and Waste",2020,Northeast,,Y,2024,S,2026,https://growflux.com/pages/about,,,"Copyright 2026, but I'm not convinced this company is surviving",,,,,,,"Founder has left and founded something else last year, and all LinkedIn profiles except this employee show other main activities, not this company",https://www.linkedin.com/in/adi-rao-82332321/,,,,,,,,,,,,,,,,,,,,,,,,,,,,,,,,,,,,,,,,,,,,,,,,,,,,,,,,,,,,,,,,,,,,,,,,,,,,,,,,,,,,,,,,,,,,,,,,,,,,,,,,,,,,,,,,Josh,5/5/2026
GrowSquares,Zachary Witman,"Agriculture, Water, and Waste",2020,Northeast,,N,2022,N,2022,Out of business per Pitchbook,,,,,,,,,,CEO Zachary Witman has no other activities,https://www.linkedin.com/in/zachary-witman/,,,,,,,,,,,,,,,,,,,,,,,,,,,,,,,,,,,,,,,,,,,,,,,,,,,,,,,,,,,,,,,,,,,,,,,,,,,,,,,,,,,,,,,,,,,,,,,,,,,,,,,,,,,,,,,,Josh,5/5/2026
GrubTerra,Michael Servais,"Agriculture, Water, and Waste",2020,Northeast,,Y,2024,Y,2025,https://grubterra.com/,Y,2025,product page/shop,Y,N,,,Y,N/A,Michael Servais,https://www.linkedin.com/in/michael-servais-487459177/,N,N,TikTok,2024,https://www.tiktok.com/@grubterra,N,N,Y,Amazon,2025,Y,2022,https://www.suffolk.edu/news-features/news/2021/11/08/16/26/grubterra-2021,N,N,N,N,,N,N,N,N,N,N,N,N,Y,Cleantech Open 2020; Newlab 2025,N,N,N,N,N,N,,,,,,https://www.crunchbase.com/organization/grubterra,https://pitchbook.com/profiles/company/593345-98#overview,,,,,,$0,,,,-,,,,,,,,,,,,,,,,,,,,,,,,,,,,,,,,,N,N,N,N,N,N,,,,Y,2025,Y,2025,Y,Amazon/TikTok,2025,Y,"https://www.zoominfo.com/c/grubterra/4204169770 (farms in USA, Canada, Costa Rica, Indonesia)",N,N,N,Y,2025,https://grubterra.com/,Y,2025,Y,https://grubterra.com/ (upcycles food waste; reduces landfill waste and methane; 1500+ customers; 1lb dried grub = 20lb food waste diverted),Haoran,5/5/2026
GSR Solutions,Anju Krivov,"Agriculture, Water, and Waste",2020,Northeast,,Y,2024,Y,2026,https://gsrsoln.com/,Y,2026,"Copyright 2026, and 2026 news postings",Y,https://www.linkedin.com/company/gsr-solutions-llc/,Y,2024,Y,N/A,Founder is active in two companies she recently founded,https://www.linkedin.com/in/anjukrivov/,N,N,N,N,N,N,N,N,N,N,Y,2024,https://www.nutriharvest.com/blogs/news-press-releases/nutriharvest%C2%AE-organic-fertilizers-are-all-now-omri-approved,N,N,N,N,,N,N,N,N,N,N,N,N,Y,Cleantech Open 2020; USDA Rural Development; Solar Impulse Foundation,N,N,N,N,N,N,,,,,,https://www.crunchbase.com/organization/gsr-solutions,,,,,,,$0,,,,-,,,,,,,,,,,,,,,,,,,,,,,,,,,,,,,,,Y,https://vermontbiz.com/news/2023/february/09/gsr-and-franklin-county-dairy-announce-commercial-operation-manure-value,2023,Undisclosed; CB Insights shows $30K total raised; USDA Value-Added Producer Grant,N,N,,,,Y,2024,N,N,N,N,N,N,N,N,N,N,Y,2024,https://gsrsoln.com/,N,N,Y,https://gsrsoln.com/ (recaptures 95-99% phosphorus/nitrogen from manure; reduces nutrient runoff into watersheds; OMRI-certified organic fertilizers; USDA-supported),Haoran,5/5/2026
Harmony Desal,Quantum Wei,"Agriculture, Water, and Waste",2020,Northeast,,Y,2024,Y,2025,https://harmonydesal.com/,Y,2025,news/pilot updates,Y,https://www.linkedin.com/company/harmony-desalting/,Y,2026,Y,N/A,Quantum Wei,https://www.linkedin.com/in/quantumwei/,N,N,N,N,N,N,N,N,N,N,Y,2025,https://www.prweb.com/releases/harmony-desaltings-2025-pilots-are-bigger-and-better-than-ever-302522814.html,N,N,N,N,,N,N,N,N,N,N,N,N,Y,Cleantech Open 2020; Bureau of Reclamation; NAWI; Greentown Labs; Blue Innovation Labs; Global Prize in Desalination,N,N,N,N,N,N,,,,,,https://www.crunchbase.com/organization/harmony-desal,https://pitchbook.com/profiles/company/562496-05,,,,,,$0,,,,-,,,,,,,,,,,,,,,,,,,,,,,,,,,,,,,,,Y,https://www.prweb.com/releases/harmony-desaltings-2025-pilots-are-bigger-and-better-than-ever-302522814.html,2025,Multiple grants: Bureau of Reclamation $300K + $115K + $390K; Texas Water Dev Board $200K; NAWI grant,N,N,,,,Y,2025,Y,2025,N,N,N,Y,"https://www.harmonydesalting.com/ (pilots in Singapore, Colorado, Texas)",Y,2025,https://www.prweb.com/releases/harmony-desaltings-2025-pilots-are-bigger-and-better-than-ever-302522814.html,Y,2025,https://www.harmonydesalting.com/,N,N,Y,https://www.harmonydesalting.com/ (batch RO reduces brine by 50-90%; 30%+ energy efficiency over standard RO; provides freshwater for agriculture; global pilots),Haoran,5/5/2026
Hidden Gems Bevarage Company (now rebranded as Reveal),Sheetal Bahirat,"Agriculture, Water, and Waste",2020,Northeast,Appears to be in the middle of a rebrand to a company/business name of Reveal (see company website or LinkedIn),Y,2023,Y,2023,https://drinkreveal.com/,Y,2023,product page (Reveal brand),Y,https://www.linkedin.com/in/sheetal-bahirat,N,N,Y,N/A,Sheetal Bahirat,https://www.linkedin.com/in/sheetalbahirat/,N,N,N,N,N,N,N,N,N,N,N,N,N,N,N,N,N,,N,N,N,N,N,N,N,N,Y,Cleantech Open 2020,N,N,N,N,N,N,,,,,,https://www.crunchbase.com/organization/hidden-gems,,,,5,,,"$275,000",USD,,Venture,-,,2023,USD,Apr 24,,,$25K,USD,Apr 24,,,,Seed,USD,Apr 24,,,2023,USD,Apr 11,,,Seed,USD,Apr 11,,,2023,USD,Apr 11,,,N,N,N,N,N,N,,,,N,N,N,N,N,N,N,N,N,N,N,N,N,N,N,N,N,N,N,Haoran,5/5/2026
Human Dynamics,Tomohisa Okamoto,Energy Distribution & Storage,2020,Southeast,,N,,N,2020,N,N,N,N,N,N,N,N,N,2020,Tomohisa Okamoto,https://www.linkedin.com/in/tomohisa-okamoto/,N,N,N,N,N,N,N,N,N,N,N,N,N,N,N,N,N,,N,N,N,N,N,N,N,N,Y,Cleantech Open 2020,N,N,N,N,N,N,,,,,,Not in Crunchbase,,,,,,,$0,,,,-,,,,,,,,,,,,,,,,,,,,,,,,,,,,,,,,,N,N,N,N,N,N,,,,N,N,N,N,N,N,N,N,N,N,N,N,N,N,N,N,N,N,N,Haoran,5/5/2026
Infinite Hydrogen Inc,Tracy E Gugel,Energy Generation,2020,Northeast,,S,,N,2024,https://infinitehydrogen.com/lander,Y,2024,copyright update (©2020-2024),Y,N,N,2024,Y,N/A,Company shows as a past activity,https://www.linkedin.com/in/tracygugel/fr/,N,N,Instagram/Facebook,2022,https://www.facebook.com/Infinitehydrogen/,N,N,N,N,N,N,N,N,N,N,N,N,,N,N,N,N,N,N,N,N,Y,Cleantech Open 2020,N,N,N,N,N,N,,,,,,Not in Crunchbase,,,,,,,$0,,,,-,,,,,,,,,,,,,,,,,,,,,,,,,,,,,,,,,N,N,N,N,N,N,,,,N,N,N,N,N,N,N,N,N,N,N,N,N,N,N,N,N,Y,https://infinitehydrogen.com/ (converts aqueous hydrogen sulfide/sludge water into zero-carbon hydrogen),Josh,5/19/2026
Jordan Energy Alternative,Jason Jordan,Energy Generation,2020,Midwest,,N,2020,N,2020,N,N,N,N,N,N,N,N,N,2021,Jason Jordan,https://au.linkedin.com/in/jason-jordan-b5bb537a/,N,N,N,N,N,N,N,N,N,N,N,N,N,N,N,N,N,,N,N,N,N,N,N,N,N,Y,Cleantech Open 2020,N,N,N,N,N,N,,,,,,https://www.crunchbase.com/organization/jordan-energy-alternative#overview,,,,,,,$0,,,,-,,,,,,,,,,,,,,,,,,,,,,,,,,,,,,,,,N,N,N,N,N,N,,,,N,N,N,N,N,N,N,N,N,N,N,N,N,N,N,N,N,N,N,Haoran,5/5/2026
Land Maverick LLC,*,"Agriculture, Water & Waste",2020,Southeast,,N,N/A,N,2020,N,N,N,N,N,N,N,N,N,N,Emily Yale,https://www.linkedin.com/in/kevin-scott-a1b87a29/,N,N,N,N,N,N,N,N,N,N,N,N,N,N,N,N,N,,N,N,N,N,N,N,N,N,Y,Cleantech Open 2020,N,N,N,N,N,N,,,,,,https://www.crunchbase.com/organization/land-maverick#overview,,,,,,,$0,,,,-,,,,,,,,,,,,,,,,,,,,,,,,,,,,,,,,,N,N,N,N,N,Y,Mass Challenge,2021,,N,N,N,N,N,N,N,N,N,N,N,N,N,N,N,N,N,N,N,Haoran,5/5/2026
LoadAI,Grant Gunnison,Energy Distribution & Storage,2020,Northeast,,N,N/A,N,2025,N,N,N,N,N,N,N,N,N,N,Grant Gunnison,https://www.linkedin.com/in/grantgunnison/,N,N,N,N,N,N,N,N,N,N,N,N,N,N,N,N,N,,N,N,N,N,N,N,N,N,Y,Cleantech Open 2020,N,N,N,N,N,N,,,,,,Not in Crunchbase,,,,,,,$0,,,,-,,,,,,,,,,,,,,,,,,,,,,,,,,,,,,,,,N,N,N,N,N,N,,,,N,N,N,N,N,N,N,N,N,N,N,N,N,N,N,N,N,N,N,Haoran,5/5/2026
LuTech,Ray Wong,Information & Communication Tech,2020,South Central,,N,N/A,N,2025,N,N,N,N,N,N,N,N,N,N,Ray Wong,https://hk.linkedin.com/in/ray-wong-mba-meng-b55b31151/,N,N,N,N,N,N,N,N,N,N,N,N,N,N,N,N,N,,N,N,N,N,N,N,N,N,Y,Cleantech Open 2020,N,N,N,N,N,N,,,,,,Not in Crunchbase,,,,,,,$0,,,,-,,,,,,,,,,,,,,,,,,,,,,,,,,,,,,,,,N,N,N,N,N,N,,,,N,N,N,N,N,N,N,N,N,N,N,N,N,N,N,N,N,N,N,Haoran,5/5/2026
Manifold Robotics,James Clark,Energy Distribution & Storage,2020,Northeast,,Y,2022,Y,2025,https://www.manifoldrobotics.com/,Y,2024,blog/news post,Y,https://www.linkedin.com/company/manifold-robotics,Y,2024,Y,,James Clark,https://www.linkedin.com/in/jclark0303/,N,N,N,N,N,N,N,N,N,N,Y,2024,https://inspenet.com/en/noticias/drones-guided-by-electromagnetic-fields/,N,N,N,N,,N,N,N,N,N,N,N,N,Y,Cleantech Open 2020; NYSERDA; NYPA; DISTRIBUTECH 2024,N,N,N,N,N,N,,,,,,https://www.crunchbase.com/organization/manifold-robotics,,,,2,,,"$225,000",USD,,Grant,-,,2019,USD,Jan 29,,,$225K,USD,Jan 29,,,,Grant,USD,Jan 29,,,2019,USD,Jan 29,,,Grant,USD,Jan 29,,,2019,USD,Jan 29,,,Y,https://www.manifoldrobotics.com/post/manifold-robotics-announces-new-collaboration-with-nypa-for-safe-drone-operation-near-power-lines,2020,"NYSERDA $250,000+ for two phases; NYPA co-funding",N,N,,,,Y,2024,Y,2024,N,N,N,N,N,N,N,N,Y,2024,https://www.manifoldrobotics.com/,N,N,Y,"https://www.manifoldrobotics.com/ (drone inspection replaces helicopters; reduces fuel use, noise, cost; improves grid reliability)",Haoran,5/5/2026
Mantle Technology - Greenr Carbon Credit Exchange,Kerem Kolcuoglu,Information & Communication Tech,2020,Northeast,,N,N/A,Y,2021,https://www.mantle.technology/,N,N,N,N,N,N,N,N,2021,Kerem Kolcuoglu,https://ca.linkedin.com/in/marc-bretones/,N,N,N,N,N,N,N,N,N,N,N,N,N,N,N,N,N,,N,N,N,N,N,N,N,N,Y,Cleantech Open 2020,N,N,N,N,N,N,,,,,,https://www.crunchbase.com/organization/mantle-technology-f363#overview,,,,,,,$0,,,,-,,,,,,,,,,,,,,,,,,,,,,,,,,,,,,,,,N,N,N,N,N,N,,,,N,N,N,N,N,N,N,N,N,N,N,N,N,N,N,N,N,N,N,Haoran,5/5/2026
Microbubbles LLC,Russell Seitz,"Agriculture, Water & Waste",2020,Southeast,,Y,2022,S,2022,https://microbubbles.org/,N,N,N,N,N,N,N,N,2022,William Nitze,https://www.linkedin.com/in/russell-seitz-8683955/,N,N,N,N,N,N,N,N,N,N,N,N,N,N,N,N,N,,N,N,N,N,N,N,N,N,Y,Cleantech Open 2020,N,N,N,N,N,N,,,,,,https://www.crunchbase.com/organization/microbubbles,,,,,,,$0,,,,-,,,,,,,,,,,,,,,,,,,,,,,,,,,,,,,,,N,N,N,N,N,N,,,,N,N,N,N,N,N,N,N,N,N,N,N,N,N,N,N,N,N,N,Haoran,5/5/2026
Muon Vision,Tancredi Botto,Energy Efficiency,2020,Northeast,,Y,2022,Y,2025,https://www.muonvision.com/,Y,2025,About/team page,Y,https://www.linkedin.com/company/muon-vision-inc,Y,2024,Y,,Tancredi Botto,https://www.linkedin.com/in/tbotto/,N,N,N,N,N,N,N,N,N,N,Y,2025,https://www.linkedin.com/in/tbotto/ (semi-finalist Pepperdine Most Fundable Companies 2025),N,N,N,N,,N,N,N,N,N,N,N,N,Y,Cleantech Open Northeast 2020; NSF; CORFO Chile; Azolla Ventures; Aventures Fund; CERAWeek 2024; SQM Lithium Ventures; VentureWell Aspire Climatetech,N,N,N,N,N,N,,,,,,https://www.crunchbase.com/organization/muon-vision,,,,7,,,"$4,839,300",USD,,"Grant, Venture",3.10M,,2025,USD,Jan 9,,,$2.5M,USD,Jan 9,,,,Seed,USD,Jan 9,,,2020,USD,Nov 9,,,Seed ,USD,Jan 9,,,2025,USD ,Jan 9,,,Y,https://www.linkedin.com/company/muon-vision-inc,2023,Undisclosed pre-Seed (Azolla Ventures + Aventures Fund); NSF grant,N,Y,Mass Challenge,2021,,Y,2025,Y,2024,N,N,N,Y,https://muonvision.com/ (team in USA + Chile; CORFO Chile grant),N,N,N,Y,2025,https://muonvision.com/,N,N,Y,https://muonvision.com/ (muon tomography for mining; improves efficiency/safety of critical mineral processing; reduces environmental impact of mining),Haoran,5/5/2026
Path to a Green Home,Dean Berg,Information & Communication Tech,2020,Northeast,,Y,2022,Y,2026,https://pathtoagreenhome.com/about/,,2026,copyright ,Y,https://www.linkedin.com/company/green-community-catalysts/,Y,2026,Y,,Dean Berg,https://www.linkedin.com/in/deanberg2/,N,N,N,N,N,N,N,N,N,N,Y,2025,https://www.greencommunitycatalysts.com/speaking-engagements,N,N,N,N,,N,N,N,N,N,N,N,N,Y,Cleantech Open 2020; HeatSmart Alliance (Board 2025); MassEnergize,N,N,N,N,N,N,,,,,,Not in Crunchbase,,,,,,,$0,,,,-,,,,,,,,,,,,,,,,,,,,,,,,,,,,,,,,,N,N,N,N,N,,,,,Y,2026,Y,2026,N,N,N,N,N,N,N,N,Y,2026,https://www.greencommunitycatalysts.com/,N,N,Y,https://www.greencommunitycatalysts.com/ (helps cities reduce residential GHG emissions; community climate engagement for Climate Action Plans; Harvard Climate Entrepreneurs Circle 2024),Haoran,5/5/2026
Photonix Products,*,Chemicals & Advanced Materials,2020,Midwest,,N,,N,2026,,,,,,https://www.linkedin.com/company/photonixpower/,Y,2026,Y,,Edwin Williams,https://pk.linkedin.com/in/m-fraz-kamran-b28a3248/,N,N,N,N,N,N,N,N,N,N,N,N,N,N,N,N,N,,N,N,N,N,N,N,N,N,Y,Cleantech Open 2020,N,N,N,N,N,N,,,,,,Not in Crunchbase,,,,,,,$0,,,,-,,,,,,,,,,,,,,,,,,,,,,,,,,,,,,,,,N,N,N,N,N,,,,,N,N,N,N,N,N,N,N,N,N,N,N,N,N,N,N,N,N,N,Haoran,5/5/2026
Polycarbin,James OBrien,"Agriculture, Water & Waste",2020,Northeast,,Y,2022,Y,2025,https://polycarbin.com/,Y,2025,product/service pages,,,,,,,James OBrien,https://www.linkedin.com/in/james-obrien-9a198938/,N,N,N,N,N,N,N,N,N,N,Y,2025,https://resource-recycling.com/plastics/2022/05/18/startup-creates-circular-economy-for-lab-plastics/,N,N,N,N,,N,N,N,N,N,N,Y,Plastics Industry Association (2024 Leadership in Plastic Sustainability Innovation Award winner),Y,Cleantech Open 2020; NSF I-Corps; Labcon North America partnership,N,N,N,N,N,N,,,,,,https://www.crunchbase.com/organization/polycarbin#overview,,,,5,,,$6.2M,USD,,"Grant, Venture",4.24M,,2023,USD,Jul 7,,,$4.2M,USD,Jul 7,,,,Seed ,USD,Jul 7,,,2020,USD,Aug 1,,,Seed,USD,Jul 7,,,2023,USD,Jul 7,,,Y,https://resource-recycling.com/plastics/2022/05/18/startup-creates-circular-economy-for-lab-plastics/,2022,$2M Seed round (2022),N,,,,,Y,2025,Y,2025,N,N,N,Y,"https://polycarbin.com/ (SF Bay Area, Southern CA, New England, Mid-Atlantic, expanding to Atlanta 2025)",Y,2024,https://npe.org/2024/05/05/plastics-industry-association-announces-2024-plastic-sustainability-innovation-award-winners/,Y,2025,https://polycarbin.com/,N,N,Y,https://polycarbin.com/ (1000+ labs participating; circular economy for lab plastics; diverts 12B lbs/yr of plastic waste; carbon tracking via Carbin Counter; PPE/nitrile glove recycling; Plastics Industry Assoc Leadership Award 2024),Haoran,5/5/2026
Power to Hydrogen,Tad Dritz,Energy Distribution & Storage,2020,Midwest,,Y,2022,Y,2025,https://www.power-h2.com/,Y,2025,news/product page,,,,,,,Tad Dritz,https://www.linkedin.com/in/tad-dritz-4523b8/,N,N,N,N,N,N,N,N,N,N,Y,2024,https://www.power-h2.com/news/p2h2-closes-series-a-investment-round,N,N,N,N,,N,N,N,N,N,N,N,N,Y,Cleantech Open 2020; Rev1 Ventures; NYSERDA; DOE,N,N,N,N,N,N,,,,,,https://www.crunchbase.com/organization/power-to-hydrogen,,,,10,,,"$40,100,000",USD,,"Grant, Venture",22.81M,,2024,USD,Aug 19,,,$18M,USD,Aug 19,,,,Series A,USD,Aug 19,,,2020,USD,Dec 2,,,Series A,USD ,Aug 19,,,2024,USD ,Aug19,,,Y,https://www.power-h2.com/news/p2h2-closes-series-a-investment-round,2024,"$18M+ Series A (Rev1 Ventures, Worthington Enterprises, Finindus, JERA, Asahi Kasei, AEP, EDP Ventures, E.ON, ESB, others)",N,N,Joules Accelerator,,,Y,2025,Y,2025,N,N,N,Y,https://www.power-h2.com/ (new office in Belgium; Port of Antwerp pilot),Y,2024,https://www.power-h2.com/news/p2h2-closes-series-a-investment-round,Y,2025,https://www.power-h2.com/,Y,2024,Y,https://www.power-h2.com/ (AEM electrolyzer for green hydrogen; replaces precious metals; largest AEM electrolyzer at Port of Antwerp; enabling green hydrogen from renewables),Haoran,5/5/2026
Power2Peer,Mamta Sonwalkar,Energy Distribution & Storage,2020,Northeast,,N,,N,2020,https://power2peer.com/,,,,,,,,,,Mamta Sonwalkar,,N,N,N,N,N,N,N,N,N,N,N,N,N,N,N,N,N,,N,N,N,N,N,N,N,N,Y,Cleantech Open 2020,N,N,N,N,N,N,,,,,,https://www.crunchbase.com/organization/power2peer#overview,,,,3,,,"$86,300",USD,,Self/Family,0.12M,,2019,USD ,Mar 9,,,$86.3k,USD,Mar 9,,,,Equity Crowdfunding,USD ,Mar 9,,,2019,USD ,Mar 9,,,Equity Crowdfunding,USD ,Mar 9,,,2019,USD ,Mar 9,,,N,N,N,N,N,N,Mass Challenge,,,N,N,N,N,N,N,N,N,N,N,N,N,N,N,N,N,N,N,N,Haoran,5/5/2026
Prisere LLC,Donna Childs,Green Buildings,2020,Northeast,,Y,2022,Y,2025,https://prisere.com/,Y,2025,service/team pages,,,,,,,Donna Childs,https://www.linkedin.com/in/donnagchilds/,N,N,N,N,N,N,N,N,N,N,Y,2025,https://www.vitalvoices.org/fellow/donna-childs/,N,N,N,N,,N,N,N,N,N,N,Y,WBENC (Women-Owned Small Business certified); UN ISDR; World Bank GFDRR,Y,Cleantech Open 2020; Harvard Innovation Labs; Vital Voices GROW Fellowship,N,N,N,N,N,N,,,,,,https://www.crunchbase.com/organization/prisere-llc#people,,,,2,,,"$75,000",USD,,Grant,0.08M,,2022,USD ,Dec 31,,,$75K,USD ,Dec 31,,,,Grant,USD ,Dec 31,,,2022,USD ,Dec 31,,,Grant ,USD ,Dec 31,,,2022,USD ,Dec 31,,,N,N,N,N,N,,,,,N,N,N,N,N,N,N,Y,"https://www.vitalvoices.org/fellow/donna-childs/ (projects in Sri Lanka, Pakistan, Jamaica, Turkey)",Y,2025,https://www.vitalvoices.org/fellow/donna-childs/,Y,2025,https://prisere.com/,N,N,Y,"https://prisere.com/ (disaster resilience risk tools for businesses; climate risk mapping; UN ISDR, Asian Development Bank, World Bank projects; expands insurance access in underserved markets)",Haoran,5/5/2026
QD Solar Inc,Armin Fischer,Energy Generation,2020,Northeast,,A,2022,A,2024,https://qdsolarinc.com/,Y,2025,product/about page (as SunDensity),,,,,,,Armin Fischer,https://ca.linkedin.com/in/arminfischerphd/,N,N,N,N,N,N,N,N,N,N,Y,2024,https://www.cbinsights.com/company/qd-solar,N,N,N,N,,N,N,N,N,N,N,N,N,Y,Cleantech Open 2020; Luminate accelerator,N,N,N,N,Y - Acquired by SunDensity (June/July 2024),N,,,,,,https://www.crunchbase.com/organization/qd-solar#overview,,,,5,,,"$7,112,485",USD,,Grant,Merger,,2022,USD ,Oct 7,,,$100K,USD ,Oct 7,,,,Non-equity Assistance,USD ,Oct 7,,,2016,USD ,Mar 23,,,Grant ,USD ,Mar 23,,,2016,USD ,Mar 23,,,Y,https://www.cbinsights.com/company/qd-solar,2024,Undisclosed (acquisition amount not disclosed),N,,,,,N,N,N,N,N,N,N,N,N,N,N,N,N,N,N,N,N,Y,https://luminate.org/qd-solar-inc/ (perovskite + quantum dot tandem solar cells; higher energy density than silicon; 9 patent families; acquired by SunDensity 2024),Haoran,5/5/2026
RenewCO2 LLC,Anders Laursen,Chemicals & Advanced Materials,2020,Northeast,,Y,2022,Y,2025,https://www.renewco2.com/,Y,2025,news/features page,,,,,,,Anders Laursen,https://www.linkedin.com/in/tess-zahn/,N,N,N,N,N,N,N,N,N,N,Y,2025,https://www.renewco2.com/news-features,N,N,N,N,,N,N,N,N,N,N,N,N,Y,Cleantech Open 2020; Rutgers University spinout; Argonne National Lab Chain Reaction Innovations; Greentown Labs; NREL Industry Growth Forum,N,N,N,N,N,N,,,,,,https://www.crunchbase.com/organization/renewco2#overview,,,,8,,,"$4,020,000",USD,,"Grant, Venture",6.71M,,2025,USD ,Aug 1,,,$2M ,USD ,Aug 1,,,,Seed ,USD ,Aug 1,,,2020,USD ,Jan 1,,,Seed (2 rounds are 2M),USD ,Aug 1/ Sep 20,,,2025/2022,USD ,Aug 1/ Sep 20,,,Y,https://www.axios.com/pro/climate-deals/2025/08/25/renewco2-4-million-seed,2025,"$5M Seed (Aug 2025, led by DNP); $4M announced earlier; $2M pre-seed 2022 (ETV); 15M total (VC + grants)",N,,,,,Y,2025,Y,2025,N,N,N,N,N,N,N,N,Y,2025,https://www.renewco2.com/,N,N,Y,https://www.renewco2.com/ (converts CO2 to carbon-negative chemicals/plastics; single-step eCUT process; DARPA funded; DARPA ExCURSion + NJ CSIT + DOE grants; Edison Patent Award 2024; Bioeconomy 500 2025),Haoran,5/5/2026
ReusePac Inc.,*,"Agriculture, Water & Waste",2020,Southeast,,Y,2022,S,2022,https://www.reusepac.com/,,,,,N,N,N,Y,,Bill Xia,https://www.linkedin.com/in/reusepac/,N,N,N,N,N,N,N,N,N,N,N,N,N,N,N,N,N,,N,N,N,N,N,N,N,N,Y,Cleantech Open 2020,N,N,N,N,N,N,,,,,,Not in Crunchbase,,,,,,,$0,,,,-,,,,,,,,,,,,,,,,,,,,,,,,,,,,,,,,,N,N,N,N,N,,,,,N,N,N,N,N,N,N,N,N,N,N,N,N,N,N,N,N,N,N,Haoran,5/5/2026
Ribbit,*,Information & Communication Tech,2020,Northeast,,N,,N,2020,N,,,,,,,,,,Matthew Cristaldi,https://ar.linkedin.com/in/angel-herrera-140515185/,N,N,N,N,N,N,N,N,N,N,N,N,N,N,N,N,N,,N,N,N,N,N,N,N,N,Y,Cleantech Open 2020,N,N,N,N,N,N,,,,,,Not in Crunchbase,,,,,,,$0,,,,--,,,,,,,,,,,,,,,,,,,,,,,,,,,,,,,,,N,N,N,N,N,,,,,N,N,N,N,N,N,N,N,N,N,N,N,N,N,N,N,N,N,N,Haoran,5/5/2026
RoadPower Systems,Ryan McIntosh,Energy Generation,2020,Northeast,,N,,N,2020,N,,,,,,,,,,Ryan McIntosh,https://www.linkedin.com/in/ryanjmcintosh/,N,N,N,N,N,N,N,N,N,N,N,N,N,N,N,N,N,,N,N,N,N,N,N,N,N,Y,Cleantech Open 2020,N,N,N,N,N,N,,,,,,https://www.crunchbase.com/organization/roadpower-systems#financials,,,,,,,$0,,,,-,,,,,,,,,,,,,,,,,,,,,,,,,,,,,,,,,N,N,N,N,N,,,,,N,N,N,N,N,N,N,N,N,N,N,N,N,N,N,N,N,N,N,Haoran,5/5/2026
Sea Dragon Aquaculture,Benjamin Sawicki,"Agriculture, Water & Waste",2020,Northeast,,N,,N,2020,N,,,,,,,,,,Benjamin Sawicki,https://www.linkedin.com/in/benjamin-sawicki-5595ab113/,N,N,N,N,N,N,N,N,N,N,N,N,N,N,N,N,N,,N,N,N,N,N,N,N,N,Y,Cleantech Open 2020,N,N,N,N,N,N,,,,,,Not in Crunchbase,,,,,,,$0,,,,-,,,,,,,,,,,,,,,,,,,,,,,,,,,,,,,,,N,N,N,N,N,,,,,N,N,N,N,N,N,N,N,N,N,N,N,N,N,N,N,N,N,N,Haoran,5/5/2026
Self Cleaning Solar Power,Ryan Eriksen,Energy Generation,2020,Northeast,,N,,N,2020,N,,,,,,,,,,,,N,N,N,N,N,N,N,N,N,N,N,N,N,N,N,N,N,,N,N,N,N,N,N,N,N,Y,Cleantech Open 2020,N,N,N,N,N,N,,,,,,,,,,,,,,,,,,,,,,,,,,,,,,,,,,,,,,,,,,,,,,,,,,N,N,N,N,N,,,,,N,N,N,N,N,N,N,N,N,N,N,N,N,N,N,N,N,N,N,Haoran,5/5/2026
Shway,Manuela Zoninsein,"Agriculture, Water & Waste",2020,Northeast,,N,,N,2020,N,,,,,,,,,,,,N,N,N,N,N,N,N,N,N,N,N,N,N,N,N,N,N,,N,N,N,N,N,N,N,N,Y,Cleantech Open 2020,N,N,N,N,N,N,,,,,,,,,,,,,,,,,,,,,,,,,,,,,,,,,,,,,,,,,,,,,,,,,,N,N,N,N,N,,,,,N,N,N,N,N,N,N,N,N,N,N,N,N,N,N,N,N,N,N,Haoran,5/5/2026
Solo Solar,*,Energy Generation,2020,South Central,,N,,N,2020,N,,,,,,,,,,Daniel Duerto,https://www.linkedin.com/in/mary-perkins-bb7788a3/,N,N,N,N,N,N,N,N,N,N,N,N,N,N,N,N,N,,N,N,N,N,N,N,N,N,Y,Cleantech Open 2020,N,N,N,N,N,N,,,,,,Not in Crunchbase,,,,,,,$0,,,,-,,,,,,,,,,,,,,,,,,,,,,,,,,,,,,,,,N,N,N,N,N,,,,,N,N,N,N,N,N,N,N,N,N,N,N,N,N,N,N,N,N,N,Haoran,5/5/2026
Spar Energy,Gaurav Bazaz,Energy Generation,2020,Northeast,,Y,2022,Y,2026,https://www.sparsystems.com/,,,May 4 2026 blog entry,,,,,,,"Founder Gaurav Bazaz is full time here, nowhere else",https://www.linkedin.com/in/gaurav-bazaz/,,,,,,,,,,,,,,,,,,,,,,,,,,,,,,,,,,,,,,,,,,,,,,,,,,,-,,,,,,,,,,,,,,,,,,,,,,,,,,,,,,,,,,,,,,,,,,,,,,,,,,,,,,,,,,,,,Josh,5/5/2026
Sunowner Inc,Dennis Wilson,Energy Generation,2020,Northeast,,N,2023,N,2023,https://sunowner.com/,,,,,,,,,,Founder Dennis Wilson has the green Open to Work banner,https://www.linkedin.com/in/dennistwilson/,,,,,,,,,,,,,,,,,,,,,,,,,,,,,,,,,,,,,,,,,,,,,,,,,,,,,,,,,,,,,,,,,,,,,,,,,,,,,,,,,,,,,,,,,,,,,,,,,,,,,,,,,,,,,,,,Josh,5/5/2026
Sunthetics,Myriam Sbeiti,Chemicals & Advanced Materials,2020,Northeast,,Y,2022,N,2022,Dead company,,,,,,,,,,This shows as a past activity for founder Myriam Sbeiti,https://www.linkedin.com/in/myriam-sbeiti/,,,,,,,,,,,,,,,,,,,,,,,,,,,,,,,,,,,,,,,,,,,,,,,,,,,,,,,,,,,,,,,,,,,,,,,,,,,,,,,,,,,,,,,,,,,,,,,,,,,,,,,,,,,,,,,,Josh,5/5/2026
Sustainable Structures Group,Jim Papadopoulos,Energy Generation,2020,Northeast,,N,N,N,2020,Can't find anything,,,,,,,,,,,,,,,,,,,,,,,,,,,,,,,,,,,,,,,,,,,,,,,,,,,,,,,,,,,,,,,,,,,,,,,,,,,,,,,,,,,,,,,,,,,,,,,,,,,,,,,,,,,,,,,,,,,,,,,,,,,Josh,5/5/2026
Thiozen,ajay bawa,Energy Generation,2020,Northeast,,Y,2022,Y,2024,https://www.thiozen.com/,,,"Links to article, but 2024 is latest",,,,,,,"Encouraging sign, the key people incl employees do not have other jobs",https://www.linkedin.com/in/rachid-taha-2018/,,,,,,,,,,,,,,,,,,,,,,,,,,,,,,,,,,,,,,,,,,,,,,,,,,,,,,,,,,,,,,,,,,,,,,,,,,,,,,,,,,,,,,,,,,,,,,,,,,,,,,,,,,,,,,,,Josh,5/5/2026
Tiny Toronto,Sa'ad Ahmed,Green Building,2020,Northeast,,Y,2022,S,2017,https://tinyto.ca/,,,Nothing more recent than 2017 on website,,,,,,,"The founder has only been working on this for years, but, there seems to be no visible traction!",https://www.linkedin.com/in/saadfahmed/,,,,,,,,,,,,,,,,,,,,,,,,,,,,,,,,,,,,,,,,,,,,,,,,,,,,,,,,,,,,,,,,,,,,,,,,,,,,,,,,,,,,,,,,,,,,,,,,,,,,,,,,,,,,,,,,Josh,5/5/2026
True Data Ops,Alessandro Agnello,Information & Communication Tech,2020,Southeast,,Y,2022,Y,2026,https://www.truedataops.com/,,,"Copyright 2026, website looks good",,,,,,,Founder is full time on this,https://www.linkedin.com/in/alessandroagnello/,,,,,,,,,,,,,,,,,,,,,,,,,,,,,,,,,,,,,,,,,,,,,,,,,,,,,,,,,,,,,,,,,,,,,,,,,,,,,,,,,,,,,,,,,,,,,,,,,,,,,,,,,,,,,,,,Josh,5/5/2026
Umlauf,Zair Dominguez Trinidad,"Agriculture, Water & Waste",2020,Southeast,,Y,2022,N,2022,Dead website,,,,,,,,,,,Can't find,,,,,,,,,,,,,,,,,,,,,,,,,,,,,,,,,,,,,,,,,,,,,,,,,,,,,,,,,,,,,,,,,,,,,,,,,,,,,,,,,,,,,,,,,,,,,,,,,,,,,,,,,,,,,,,,Josh,5/5/2026
Unocup,Tom Chan,"Agriculture, Water & Waste",2020,Northeast,,Y,2022,N,2022,"Website ""coming soon""",,,,,No LinkedIn profile,,,,,Founder shows no other activity,https://www.linkedin.com/in/tom-chan-50858736/,,,,,,,,,,,,,,,,,,,,,,,,,,,,,,,,,,,,,,,,,,,,,,,,,,,,,,,,,,,,,,,,,,,,,,,,,,,,,,,,,,,,,,,,,,,,,,,,,,,,,,,,,,,,,,,,Josh,5/5/2026
Volexion,Damien Despinoy,Chemicals & Advanced Materials,2020,Midwest,,Y,2022,Y,2026,https://www.volexion-inc.com/,,,Copyright 2026,,https://www.linkedin.com/company/volexion/,Y,2026,,,Founder shows no other activity,https://www.linkedin.com/in/damiendespinoy/,,,,,,,,,,,,,,,,,,,,,,,,,,,,,,,,,,,,,,,,,,,,,,,,,,,,,,,,,,,,,,,,,,,,,,,,,,,,,,,,,,,,,,,,,,,,,,,,,,,,,,,,,,,,,,,,Josh,5/5/2026
Volt Dynamics,Xia Miao,Energy Distribution & Storage,2020,Northeast,,N,2020,N,2020,Essential a dead website: https://www.fovaenergy.com/,,,,,,,,,,,https://www.linkedin.com/in/xia-miao-67128757/,,,,,,,,,,,,,,,,,,,,,,,,,,,,,,,,,,,,,,,,,,,,,,,,,,,,,,,,,,,,,,,,,,,,,,,,,,,,,,,,,,,,,,,,,,,,,,,,,,,,,,,,,,,,,,,,Josh,5/5/2026
Werewool,Chui-Lian Lee,Chemicals & Advanced Materials,2020,Northeast,,Y,2022,N,2022,,,,,,,,,,,"Company shows as a past activity, founder is now a freelance consultant",https://www.linkedin.com/in/chui-lee/,,,,,,,,,,,,,,,,,,,,,,,,,,,,,,,,,,,,,,,,,,,,,,,,,,,,,,,,,,,,,,,,,,,,,,,,,,,,,,,,,,,,,,,,,,,,,,,,,,,,,,,,,,,,,,,,Josh,5/5/2026
Anthro Energy,Joe Papp,Energy Distribution & Storage,2020,West,,Y,2022,Y,2026,https://www.anthroenergy.com/,,,"Copyright 2026, stories from last week",,https://www.linkedin.com/company/anthro-energy/,Y,2026,,,Founder shows no other activity,https://www.linkedin.com/in/joe-papp/,,,,,,,,,,,,,,,,,,,,,,,,,,,,,,,,,,,,,,,,,,,,,,,,,,,,,,,,,,,,,,,,,,,,,,,,,,,,,,,,,,,,,,,,,,,,,,,,,,,,,,,,,,,,,,,,Josh,5/5/2026
Antora Energy,Justin Briggs,Energy Distribution & Storage,2020,West,,Y,2022,Y,2026,https://www.antora.com/,,,Copyright 2026,,https://www.linkedin.com/company/antora-energy/,Y,2025,,,Founder shows no other activity,https://www.linkedin.com/in/justin-briggs-067ba316/,,,,,,,,,,,,,,,,,,,,,,,,,,,,,,,,,,,,,,,,,,,,,,,,,,,,,,,,,,,,,,,,,,,,,,,,,,,,,,,,,,,,,,,,,,,,,,,,,,,,,,,,,,,,,,,,Josh,5/5/2026
"Aura Technology, LLC",Kiranraj George,Energy Generation,2020,West,,Y,2022,N,2022,Dead company,,,,,,,,,,,,,,,,,,,,,,,,,,,,,,,,,,,,,,,,,,,,,,,,,,,,,,,,,,,,,,,,,,,,,,,,,,,,,,,,,,,,,,,,,,,,,,,,,,,,,,,,,,,,,,,,,,,,,,,,,,,Josh,5/5/2026
"BlueDot Photonics,Inc",Jared Silvia,Chemicals & Advanced Materials,2020,Pacific Northwest,,Y,2022,N,2022,Dead company,,,,,,,,,,"Company shows as a past activity, founder is now a freelance consultant",https://www.linkedin.com/in/jared-scott-silvia/,,,,,,,,,,,,,,,,,,,,,,,,,,,,,,,,,,,,,,,,,,,,,,,,,,,,,,,,,,,,,,,,,,,,,,,,,,,,,,,,,,,,,,,,,,,,,,,,,,,,,,,,,,,,,,,,Josh,5/5/2026
Carbon Footprint Disposal,Greg Smith,Energy Efficiency,2020,West,,N,2020,N,2022,Can't find anything,,,,,,,,,,Founder list company but shows as self-employed connected to something else.,https://www.linkedin.com/in/greg-smith-981baa13/,,,,,,,,,,,,,,,,,,,,,,,,,,,,,,,,,,,,,,,,,,,,,,,,,,,,,,,,,,,,,,,,,,,,,,,,,,,,,,,,,,,,,,,,,,,,,,,,,,,,,,,,,,,,,,,,Josh,5/5/2026
ChargerHelp!,Kameale C. Terry,Information & Communication Tech,2020,West,,Y,2022,Y,2026,https://www.chargerhelp.com/,,,"Copyright, but strategic partnership announced today",,https://www.linkedin.com/company/chargerhelp/,,2026,,,Founder lists multiple current things,https://www.linkedin.com/in/kamealecterry/,,,,,,,,,,,,,,,,,,,,,,,,,,,,,,,,,,,,,,,,,,,,,,,,,,,,,,,,,,,,,,,,,,,,,,,,,,,,,,,,,,,,,,,,,,,,,,,,,,,,,,,,,,,,,,,,Josh,5/5/2026
CO2Zero,Anna Glazman,Chemicals & Advanced Materials,2020,West,,N,2020,N,2020,https://c02zero.com/renewco2-leads-the-cleantech-open-cohort-2020-in-co2-reduction.php,,,Nothing new posted since 2020 CTO event,,,,,,,,Can't find this person,,,,,,,,,,,,,,,,,,,,,,,,,,,,,,,,,,,,,,,,,,,,,,,,,,,,,,,,,,,,,,,,,,,,,,,,,,,,,,,,,,,,,,,,,,,,,,,,,,,,,,,,,,,,,,,,Josh,5/5/2026
Community Energy Labs,Tanya Barham,Green Buildings,2020,Pacific Northwest,,Y,2022,Y,2026,https://communityenergylabs.com/,,,"Copyright 2022, but, blogs are from 2026 last month",,,,,,,Lists this company as her sole current activity,https://www.linkedin.com/in/tanyabarham/,,,,,,,,,,,,,,,,,,,,,,,,,,,,,,,,,,,,,,,,,,,,,,,,,,,,,,,,,,,,,,,,,,,,,,,,,,,,,,,,,,,,,,,,,,,,,,,,,,,,,,,,,,,,,,,,Josh,5/5/2026
"Coreshell Technologies, Inc",Jonathan Tan,Energy Distribution & Storage,2020,West,,Y,2022,Y,2026,https://www.coreshell.com/about,,,"Copyright 2026, and 2026 blogs",,,,,,,,,,,,,,,,,,,,,,,,,,,,,,,,,,,,,,,,,,,,,,,,,,,,,,,,,,,,,,,,,,,,,,,,,,,,,,,,,,,,,,,,,,,,,,,,,,,,,,,,,,,,,,,,,,,,,,,,Josh,5/5/2026
Daanaa Resolution,Udi Daon,Energy Generation,2020,Pacific Northwest,,Y,2022,Y,2026,https://daanaa.com/,,,"Copyright 2026, website looks active",,https://www.linkedin.com/company/daanaa/about/,,,,,Founder shows no other activity,https://www.linkedin.com/in/udidaon/,,,,,,,,,,,,,,,,,,,,,,,,,,,,,,,,,,,,,,,,,,,,,,,,,,,,,,,,,,,,,,,,,,,,,,,,,,,,,,,,,,,,,,,,,,,,,,,,,,,,,,,,,,,,,,,,Josh,5/5/2026
"DAE Technologies, Inc",Linghong Li,Energy Distribution & Storage,2020,West,,Y,2022,N,2020,https://www.daetech.us/company,,,"One post only, in 2020",,,,,,,Founder shows no other activity,https://www.linkedin.com/in/linghong-li-368b9052/,,,,,,,,,,,,,,,,,,,,,,,,,,,,,,,,,,,,,,,,,,,,,,,,,,,,,,,,,,,,,,,,,,,,,,,,,,,,,,,,,,,,,,,,,,,,,,,,,,,,,,,,,,,,,,,,Josh,5/5/2026
EiP Technologies,Brad Burkle,Energy Generation,2020,Pacific Northwest,,Y,2022,N,2022,Dead company,,,,,,,,,,Company shows as a past activity.,https://www.linkedin.com/in/brad-burkle/,,,,,,,,,,,,,,,,,,,,,,,,,,,,,,,,,,,,,,,,,,,,,,,,,,,,,,,,,,,,,,,,,,,,,,,,,,,,,,,,,,,,,,,,,,,,,,,,,,,,,,,,,,,,,,,,Josh,5/5/2026
Electric Fish,Anurag Kamal,Energy Distribution & Storage,2020,West,,Y,2024,Y,2026,https://electricfish.co/,,,"Copyright 2026, news stories from 2025",,https://www.linkedin.com/company/electricfish/,Y,2026,,,Founder shows no other activity,https://www.linkedin.com/in/anurag-kamal/,,,,,,,,,,,,,,,,,,,,,,,,,,,,,,,,,,,,,,,,,,,,,,,,,,,,,,,,,,,,,,,,,,,,,,,,,,,,,,,,,,,,,,,,,,,,,,,,,,,,,,,,,,,,,,,,Josh,5/5/2026
EndLiS Energy,MARK GRIFFITHS,Transportation,2020,West,,N,2020,N,2020,Dead website,,,,,,,,,,Founder doesn't list this company,https://www.linkedin.com/in/andrewthomasgriffiths/,,,,,,,,,,,,,,,,,,,,,,,,,,,,,,,,,,,,,,,,,,,,,,,,,,,,,,,,,,,,,,,,,,,,,,,,,,,,,,,,,,,,,,,,,,,,,,,,,,,,,,,,,,,,,,,,Josh,5/5/2026
EnZinc Inc,Michael Burz,Energy Distribution & Storage,2020,West,,Y,2024,Y,2026,https://enzinc.com/,,,"Copyright 2026, news stories from 2025",,https://www.linkedin.com/company/enzinc/,Y,2026,,,Founder shows no other activity,https://www.linkedin.com/in/michael-burz/,,,,,,,,,,,,,,,,,,,,,,,,,,,,,,,,,,,,,,,,,,,,,,,,,,,,,,,,,,,,,,,,,,,,,,,,,,,,,,,,,,,,,,,,,,,,,,,,,,,,,,,,,,,,,,,,Josh,5/5/2026
FerroPower Technologies,Mohsen Saadat,Energy Distribution & Storage,2020,West,,Y,2024,N,2024,Out of business per Pitchbook,,,,,None,,,,,Founder holds a full-time job elsewhere,https://www.linkedin.com/in/mohsen-saadat-8a428556/,,,,,,,,,,,,,,,,,,,,,,,,,,,,,,,,,,,,,,,,,,,,,,,,,,,,,,,,,,,,,,,,,,,,,,,,,,,,,,,,,,,,,,,,,,,,,,,,,,,,,,,,,,,,,,,,Josh,5/5/2026
Fixing CO2,Alma Zhanaidarova,Chemicals & Advanced Materials,2020,West,,S,2020,N,2020,Dead website,,,,,https://www.linkedin.com/company/fixing-co2/about/,,,,,Founder shows this as a past activity,https://www.linkedin.com/in/alma-zhanaidarova/,,,,,,,,,,,,,,,,,,,,,,,,,,,,,,,,,,,,,,,,,,,,,,,,,,,,,,,,,,,,,,,,,,,,,,,,,,,,,,,,,,,,,,,,,,,,,,,,,,,,,,,,,,,,,,,,Josh,5/5/2026
GreenTech Motors Corp,Burnet Brown,Energy Efficiency,2020,West,,N,2019,S,2019,https://www.greentechmotors.com/,,,,,https://www.linkedin.com/company/greentech-motors-corporation/,,,,,Founder shows only this company currently,https://www.linkedin.com/in/burnetbrown/,,,,,,,,,,,,2025 Youtube video,https://www.youtube.com/watch?v=aCkq14JzcIA,,,,,,,,,,,,,,,,,,,,,,,,,,,,,,,,,,,,,,,,,,,,,,,,,,,,,,,,,,,,,,,,,,,,,,,,,,,,,,,,,,,,,,,,,,,,,,,,,,,Josh,5/5/2026
"Icarus RT, Inc",Mark Anderson,Energy Generation,2020,West,,Y,2024,Y,2024,https://icarusrt.com/wp-content/uploads/2025/07/ICARUS-Background-Presentation-Generic-2.pdf,,,"Copyright 2024, but 2025 presentations",,https://www.linkedin.com/company/icarusrtinc/,,2025,,,Founder shows this as full time with no other activities,https://www.linkedin.com/in/360markanderson/,,,,,,,,,,,,,,,,,,,,,,,,,,,,,,,,,,,,,,,,,,,,,,,,,,,,,,,,,,,,,,,,,,,,,,,,,,,,,,,,,,,,,,,,,,,,,,,,,,,,,,,,,,,,,,,,Josh,5/5/2026
Ivy Energy,Dover Janis,Green Buildings,2020,West,,Y,2024,Y,2026,https://ivysolarbilling.com/,,,"Copyright 2026, website looks active",,https://www.linkedin.com/company/ivyenergy/,,2026,,,Founder shows only this company currently,https://www.linkedin.com/in/dover-j-6a56a0a4/,,,,,,,,,,,,,,,,,,,,,,,,,,,,,,,,,,,,,,,,,,,,,,,,,,,,,,,,,,,,,,,,,,,,,,,,,,,,,,,,,,,,,,,,,,,,,,,,,,,,,,,,,,,,,,,,Josh,5/5/2026
JumpWatts,Arun Gunasekaran,Transportation,2020,West,,S,2022,N,2022,,,,,,,,,,,Founder shows this as a past activity only,https://www.linkedin.com/in/arun-g-a77b3412/,,,,,,,,,,,,,,,,,,,,,,,,,,,,,,,,,,,,,,,,,,,,,,,,,,,,,,,,,,,,,,,,,,,,,,,,,,,,,,,,,,,,,,,,,,,,,,,,,,,,,,,,,,,,,,,,Josh,5/5/2026
Karbon,Arielle Le Bail,Transportation,2020,West,,N,N/A,N,2020,,,,,,,,,,,Founder shows this as a past activity only,https://www.linkedin.com/in/arielle-le-bail-167a0683/?locale=en,,,,,,,,,,,,,,,,,,,,,,,,,,,,,,,,,,,,,,,,,,,,,,,,,,,,,,,,,,,,,,,,,,,,,,,,,,,,,,,,,,,,,,,,,,,,,,,,,,,,,,,,,,,,,,,,Josh,5/5/2026
Liquid8,Marc Cortez,Energy Efficiency,2020,West,,Y,2024,N,2024,,,,,,,,,,,Founder shows this as a past activity only,https://www.linkedin.com/in/marccortez/,,,,,,,,,,,,,,,,,,,,,,,,,,,,,,,,,,,,,,,,,,,,,,,,,,,,,,,,,,,,,,,,,,,,,,,,,,,,,,,,,,,,,,,,,,,,,,,,,,,,,,,,,,,,,,,,Josh,5/5/2026
Luciant Inc,Alejandro Conde,Energy Efficiency,2020,West,,N,N/A,N,2020,Dead website,,,,,,,,,,,Can't find this person,,,,,,,,,,,,,,,,,,,,,,,,,,,,,,,,,,,,,,,,,,,,,,,,,,,,,,,,,,,,,,,,,,,,,,,,,,,,,,,,,,,,,,,,,,,,,,,,,,,,,,,,,,,,,,,,Josh,5/5/2026
MOBI Homes Inc,Arvind Simhadri,Green Buildings,2020,West,,N,N/A,N,2020,,,,,,,,,,,"Not shown in founder profile, and founder has a job",https://www.linkedin.com/in/arvindsimhadri/,,,,,,,,,,,,,,,,,,,,,,,,,,,,,,,,,,,,,,,,,,,,,,,,,,,,,,,,,,,,,,,,,,,,,,,,,,,,,,,,,,,,,,,,,,,,,,,,,,,,,,,,,,,,,,,,Josh,5/6/2026
"NanoDian, Inc",Ben Lesel,Chemicals & Advanced Materials,2020,West,,S,,N,2020,"Dead website, no acquisition news anywhere",,,,,,,,,,Founder shows company as a past activity,https://www.linkedin.com/in/benjamin-lesel-phd-641287a2/,,,,,,,,,,,,,,,,,,,,,,,,,,,,,,,,,,,,,,,,,,,,,,,,,,,,,,,,,,,,,,,,,,,,,,,,,,,,,,,,,,,,,,,,,,,,,,,,,,,,,,,,,,,,,,,,Josh,5/6/2026
"Noon Energy, Inc",Chris Graves,Energy Distribution & Storage,2020,West,,Y,2024,Y,2024,https://www.noon.energy/about,,,Copyright 2025; 2026 April news postings,,,,,,,,,,,,,,,,,,,,,,,,,,,,,,,,,,,,,,,,,,,,,,,,,,,,,,,,,,,,,,,,,,,,,,,,,,,,,,,,,,,,,,,,,,,,,,,,,,,,,,,,,,,,,,,,,,,,,,,,Josh,5/6/2026
Nrgtek,Subra Iyer,Energy Generation,2020,West,,S,,S,2011,https://www.nrgtekusa.com/the-team,,,"Copyright 2011, but, notes a 2023 patent",,None,,,,,Founder shows no other activity,https://www.linkedin.com/in/subra-iyer-30513a2/,,,,,,,,,,,,,,,,,,,,,,,,,,,,,,,,,,,,,,,,,,,,,,,,,,,,,,,,,,,,,,,,,,,,,,,,,,,,,,,,,,,,,,,,,,,,,,,,,,,,,,,,,,,,,,,,Josh,5/6/2026
Ocean Motion Technologies,Jack Pan,Energy Generation,2020,West,,Y,2024,Y,2025,,,,"Copyright 2025, excellent website, and lots of news stories through 2025",,,,,,,,https://www.linkedin.com/in/byjpan/,,,,,,,,,,,,,,,,,,,,,,,,,,,,,,,,,,,,,,,,,,,,,,,,,,,,,,,,,,,,,,,,,,,,,,,,,,,,,,,,,,,,,,,,,,,,,,,,,,,,,,,,,,,,,,,,Josh,5/6/2026
"Optec Led, Inc",Roger Pawson,Energy Efficiency,2020,West,,N,N/A,N,2020,"Website is dead, but was optecintl.com. This was a public company for a time.",,,Dead company,,,,,,,,https://www.linkedin.com/in/roger-pawson/,,,,,,,,,,,,,,,,,,,,,,,,,,,,,,,,,,,,,,,,,,,,,,,,,,,,,,,,,,,,,,,,,,,,,,,,,,,,,,,,,,,,,,,,,,,,,,,,,,,,,,,,,,,,,,,,Josh,5/6/2026
P-Kap Systems LLC,Pawan Kapur,Energy Generation,2020,West,,S,,N,2020,"No website, just a CalSEED link",,,,,,,,,,Shows as a past activity for the founder,https://www.linkedin.com/in/pawan-kapur-83723515/,,,,,,,,,,,,,,,,,,,,,,,,,,,,,,,,,,,,,,,,,,,,,,,,,,,,,,,,,,,,,,,,,,,,,,,,,,,,,,,,,,,,,,,,,,,,,,,,,,,,,,,,,,,,,,,,Josh,5/6/2026
Perigo Company LLC,Stephen Perigo,Energy Efficiency,2020,West,,Y,2024,This isn't really a startup,2024,https://perigowelding.com/,"This is an established company that lauched a side product in irrigation. This isn't truly a startup, having been funded nearly 30 years prior, and should probably be taken out of the sample.",,,,https://www.linkedin.com/company/perigoco/,,,,,,,,,,,,,,,,,,,,,,,,,,,,,,,,,,,,,,,,,,,,,,,,,,,,,,,,,,,,,,,,,,,,,,,,,,,,,,,,,,,,,,,,,,,,,,,,,,,,,,,,,,,,,,,,,,,,,,Josh,5/6/2026
Power Global,Pankaj Dubey,Energy Distribution & Storage,2020,West,,N,N,N,2021,https://powerglobal.webflow.io/about,,,,CoFounder Porter Harris still shows this position but took another full-time job shortly after the the last 2021 posting on their website ,https://www.linkedin.com/in/porterharris/,,,,,,,,,,,,,,,,,,,,,,,,,,,,,,,,,,,,,,,,,,,,,,,,,,,,,,,,,,,,,,,,,,,,,,,,,,,,,,,,,,,,,,,,,,,,,,,,,,,,,,,,,,,,,,,,,,,,,,Josh,5/6/2026
PowerUp Fuel Cells,Ivar Kruusenberg,Energy Generation,2020,Pacific Northwest,,Y,2024,Y,2026,https://powerup-tech.com/media/,,,2026 postings,,https://www.linkedin.com/company/powerup-energy-technologies/,,2026,,,Founder shows no other activities,https://www.linkedin.com/in/ivar-kruusenberg/,,,,,,,,,,,,,,,,,,,,,,,,,,,,,,,,,,,,,,,,,,,,,,,,,,,,,,,,,,,,,,,,,,,,,,,,,,,,,,,,,,,,,,,,,,,,,,,,,,,,,,,,,,,,,,,,Josh,5/6/2026
Proof Energy,Tim Dummer,Energy Generation,2020,West,,Y,2024,Y,2026,https://www.proof-energy.com/,,,"Copyright 2026, good website",,https://www.linkedin.com/company/proof-energy-inc/,,2026,,,,https://www.linkedin.com/in/timdummer/,,,,,,,,,,,,,,,,,,,,,,,,,,,,,,,,,,,,,,,,,,,,,,,,,,,,,,,,,,,,,,,,,,,,,,,,,,,,,,,,,,,,,,,,,,,,,,,,,,,,,,,,,,,,,,,,Josh,5/6/2026
PurePlus+,Amy Keller,Agriculture Water & Waste,2020,West,,Y,2023,A,2024,Acquired by Hanwha Gallery in 2024,,,,,,,,,,,https://www.linkedin.com/in/amygkeller/,,,,,,,,,,,,,,,,,,,,,,,,,,,,,,,,,,,,,,,,,,,,,,,,,,,,,,,,,,,,,,,,,,,,,,,,,,,,,,,,,,,,,,,,,,,,,,,,,,,,,,,,,,,,,,,,Josh,5/6/2026
RAF Electronics Corp,Richard Flasck,Energy Efficiency,2020,West,,S,2021,"This isn't really a startup, founded in 1989",,https://www.rafelectronics.com/,,,,,,,,,,Founder shows no other activities,https://www.linkedin.com/in/richard-flasck-7498693a/,,,,,,,,,,,,,,,,,,,,,,,,,,,,,,,,,,,,,,,,,,,,,,,,,,,,,,,,,,,,,,,,,,,,,,,,,,,,,,,,,,,,,,,,,,,,,,,,,,,,,,,,,,,,,,,,Josh,5/6/2026
ReJoule,Zora Chung,Energy Distribution & Storage,2020,West,,Y,2024,Y,2024,https://rejouleenergy.com/,,,"2024, and website poorly maintained after that, but they raised a $20 million grant at that time.",,https://www.linkedin.com/company/rejoule/,,2026,,,Sole activity for CEO and CFO,https://www.linkedin.com/in/zora-chung/,,,,,,,,,,,,,,,,,,,,,,,,,,,,,,,,,,,,,,,,,,,,,,,,,,,,,,,,,,,,,,,,,,,,,,,,,,,,,,,,,,,,,,,,,,,,,,,,,,,,,,,,,,,,,,,,Josh,5/6/2026
RenuLogix,Amir Salahi,Energy Generation,2020,West,,Y,2024,Y,2026,https://renulogix.com/,,,Copyright 2026,,,,,,,CEO lists himself as a full-time professor elsewhere and an operations manager for this. No other employees listed.,,,,,,,,,,,,,,,,,,,,,,,,,,,,,,,,,,,,,,,,,,,,,,,,,,,,,,,,,,,,,,,,,,,,,,,,,,,,,,,,,,,,,,,,,,,,,,,,,,,,,,,,,,,,,,,,,Josh,5/6/2026
SierraCrete,Gene Panferov,Chemicals & Advanced Materials,2020,West,,Y,2024,S,2024,"Website says not secure, coming soon",,,,,https://www.linkedin.com/company/sierracrete/,,,,,Sole current activity for this founder,https://www.linkedin.com/in/gpanferov/,,,,,,,,,,,,,,,,,,,,,,,,,,,,,,,,,,,,,,,,,,,,,,,,,,,,,,,,,,,,,,,,,,,,,,,,,,,,,,,,,,,,,,,,,,,,,,,,,,,,,,,,,,,,,,,,Josh,5/6/2026
SiLi-ion Inc,Giorgio Nava,Chemicals & Advanced Materials,2020,West,,Y,2023,N,2023,,,,,,,,,,,Past activity for founder,https://www.linkedin.com/in/giorgio-nava-phd-pmp-54b8b49b/,,,,,,,,,,,,,,,,,,,,,,,,,,,,,,,,,,,,,,,,,,,,,,,,,,,,,,,,,,,,,,,,,,,,,,,,,,,,,,,,,,,,,,,,,,,,,,,,,,,,,,,,,,,,,,,,Josh,5/6/2026
Smartville Inc.,Michael Ferry,Energy Distribution & Storage,2020,West,,Y,2024,Y,2026,http://www.smartville.io,,,"Copyright 2026, news about award received in 2025",,https://www.linkedin.com/company/smartville-inc/,,2025,,,Founder holds a full-time university job,https://www.linkedin.com/in/mike-ferry-18376419/,,,,,,,,,,,,,,,,,,,,,,,,,,,,,,,,,,,,,,,,,,,,,,,,,,,,,,,,,,,,,,,,,,,,,,,,,,,,,,,,,,,,,,,,,,,,,,,,,,,,,,,,,,,,,,,,Josh,5/6/2026
SolarFlexes,David Lutian,Energy Generation,2020,West,,Y,2024,S,2026,https://www.solarflexes.com/,,,"Copyright 2026, but website contains zero information. Pitchbook shows a $2.09MM grant in 2022 and four employees; not sure if this company is operational.",,https://www.linkedin.com/company/solarflexes/,,,,,Sole current activity for this founder,https://www.linkedin.com/in/dave-lutian-646a554b/,,,,,,,,,,,,,,,,,,,,,,,,,,,,,,,,,,,,,,,,,,,,,,,,,,,,,,,,,,,,,,,,,,,,,,,,,,,,,,,,,,,,,,,,,,,,,,,,,,,,,,,,,,,,,,,,Josh,5/6/2026
Summit Nanotech,Amanda Hall,Energy Distribution & Storage,2020,West,,Y,2024,Y,2026,https://www.summitnanotech.com/,,,"Copyright 2018, but, 2026 news stories",,https://www.linkedin.com/company/summit-nanotech/,,,,,Sole current activity for this founder,https://www.linkedin.com/in/amanda-hall-cleantech/,,,,,,,,,,,,,,,,,,,,,,,,,,,,,,,,,,,,,,,,,,,,,,,,,,,,,,,,,,,,,,,,,,,,,,,,,,,,,,,,,,,,,,,,,,,,,,,,,,,,,,,,,,,,,,,,Josh,5/6/2026
Takachar,Kevin Kung,Energy Generation,2020,West,,Y,2024,Y,2026,https://takachar.com/,,,Copyright 2026,,https://www.linkedin.com/company/takachar/,,2026,,,Founder has no conflicting activity,https://www.linkedin.com/in/kevin-kung-69593416/,,,,,,,,,,,,,,,,,,,,,,,,,,,,,,,,,,,,,,,,,,,,,,,,,,,,,,,,,,,,,,,,,,,,,,,,,,,,,,,,,,,,,,,,,,,,,,,,,,,,,,,,,,,,,,,,Josh,5/6/2026
Terra2,Jay Qu,Energy Generation,2020,West,,Y,2024,N,2024,,,,,,,,,,,Past activity for founder,https://www.linkedin.com/in/jayqu/details/experience/,,,,,,,,,,,,,,,,,,,,,,,,,,,,,,,,,,,,,,,,,,,,,,,,,,,,,,,,,,,,,,,,,,,,,,,,,,,,,,,,,,,,,,,,,,,,,,,,,,,,,,,,,,,,,,,,Josh,5/6/2026
Uplift Solar,Darius Roberts,Energy Generation,2020,West,,Y,2024,Y,2025,https://www.upliftsolar.com/team,,,Copyright 2025,,,,,,,I know the founder,,,,,,,,,,,,,,,,,,,,,,,,,,,,,,,,,,,,,,,,,,,,,,,,,,,,,,,,,,,,,,,,,,,,,,,,,,,,,,,,,,,,,,,,,,,,,,,,,,,,,,,,,,,,,,,,,Josh,5/6/2026
Veltra Bikes,Ion Morozan,Transportation,2020,Pacific Northwest,,Y,2024,N,2024,Dead website,,,,,,,,,,Past activity for founder,https://www.linkedin.com/in/ion-morozan/,,,,,,,,,,,,,,,,,,,,,,,,,,,,,,,,,,,,,,,,,,,,,,,,,,,,,,,,,,,,,,,,,,,,,,,,,,,,,,,,,,,,,,,,,,,,,,,,,,,,,,,,,,,,,,,,Josh,5/6/2026
Verne,David Jaramillo,Energy Distribution & Storage,2020,West,,Y,2024,Y,2026,https://www.verne-power.com/,,,2026 and many 2025 news stories,,https://www.linkedin.com/company/vernepower/,,2026,,,Sole current activity for this founder,https://www.linkedin.com/in/david-jaramillo-216a6459/,,,,,,,,,,,,,,,,,,,,,,,,,,,,,,,,,,,,,,,,,,,,,,,,,,,,,,,,,,,,,,,,,,,,,,,,,,,,,,,,,,,,,,,,,,,,,,,,,,,,,,,,,,,,,,,,Josh,5/6/2026
ZYD Energy Inc.,Yanda Zhang,Energy Efficiency,2020,West,,Y,2024,N,2024,Dead website,,,,,,,,,,Sole current activity for this founder,https://www.linkedin.com/in/yanda-zhang-790b834/,,,,,,,,,,,,,,,,,,,,,,,,,,,,,,,,,,,,,,,,,,,,,,,,,,,,,,,,,,,,,,,,,,,,,,,,,,,,,,,,,,,,,,,,,,,,,,,,,,,,,,,,,,,,,,,,Josh,5/6/2026
Aqualumos,Nikolas Franceschi-Hofmann,Agriculture Water & Waste,2021,Northeast,,S,2022,N,2021,https://www.geyser-remediation.com/,,,No current postings,,,,,,,"Founder shows this company plus the Geyser-Remediation website where he is founder, and (at left) that website looks dead. ",https://www.linkedin.com/in/niko-f-h/,,,,,,,,,,,,,,,,,,,,,,,,,,,,,,,,,,,,,,,,,,,,,,,,,,,,,,,,,,,,,,,,,,,,,,,,,,,,,,,,,,,,,,,,,,,,,,,,,,,,,,,,,,,,,,,,Josh,5/5/2026
Calmura Natural Walls Inc.,Monty Chong-Walden,Green Buildings,2021,Pacific Northwest,,Y,2024,S,2024,https://calmura.ca/,,,Undated news stories and website,,https://www.linkedin.com/company/calmura/,,,,,Founder shows multiple concurrent companies,https://www.linkedin.com/in/montychongwalden/,,,,,,,,,,,,,,,,,,,,,,,,,,,,,,,,,,,,,,,,,,,,,,,,,,,,,,,,,,,,,,,,,,,,,,,,,,,,,,,,,,,,,,,,,,,,,,,,,,,,,,,,,,,,,,,,Josh,5/5/2026
Ecocrumb,Gautam Muralidharan,Agriculture Water & Waste,2021,Midwest,,Y,2024,N,2024,Company is dead,,,,,,,,,,Founder left to become a partner at PWC,https://www.linkedin.com/in/gautam-muralidharan-6455a33/,,,,,,,,,,,,,,,,,,,,,,,,,,,,,,,,,,,,,,,,,,,,,,,,,,,,,,,,,,,,,,,,,,,,,,,,,,,,,,,,,,,,,,,,,,,,,,,,,,,,,,,,,,,,,,,,Josh,5/5/2026
Fine Bubble Technologies,Paul Botha,Agriculture Water & Waste,2021,West,,N,2022,S,2024,https://finebubbletechnologies.com/,,,"Copyright 2023, news stories through 2024",,,,,,,,https://www.linkedin.com/in/paul-botha-1344399a/,,,,,,,,,,,,,,,,,,,,,,,,,,,,,,,,,,,,,,,,,,,,,,,,,,,,,,,,,,,,,,,,,,,,,,,,,,,,,,,,,,,,,,,,,,,,,,,,,,,,,,,,,,,,,,,,Josh,5/5/2026
Gridware,Tim Barat,Energy Distribution & Storage,2021,West,,Y,2022,Y,2026,https://www.gridware.io/,,,"Copyright 2026, news from 2025",,https://www.linkedin.com/company/gridwareinc/about/,,2026,,,Sole current activity for this founder,https://www.linkedin.com/in/timothybarat/,,,,,,,,,,,,,,,,,,,,,,,,,,,,,,,,,,,,,,,,,,,,,,,,,,,,,,,,,,,,,,,,,,,,,,,,,,,,,,,,,,,,,,,,,,,,,,,,,,,,,,,,,,,,,,,,Josh,5/5/2026
infiniRel Corporation,Bert Wank,Information & Communication Tech,2021,West,,S,2022,S,2024,https://www.infinirel.com/,,,News stories ,,https://www.linkedin.com/company/infinirel-corporation/,,,,,Sole current activity for this founder,https://www.linkedin.com/in/bertwank/,,,,,,,,,,,,,,,,,,,,,,,,,,,,,,,,,,,,,,,,,,,,,,,,,,,,,,,,,,,,,,,,,,,,,,,,,,,,,,,,,,,,,,,,,,,,,,,,,,,,,,,,,,,,,,,,Josh,5/5/2026
InfiSense,Tim Guiterman,Information & Communication Tech,2021,Northeast,,N,2022,N,2022,,,,,,,,,,,Past activity for founder,https://www.linkedin.com/in/timguiterman/,,,,,,,,,,,,,,,,,,,,,,,,,,,,,,,,,,,,,,,,,,,,,,,,,,,,,,,,,,,,,,,,,,,,,,,,,,,,,,,,,,,,,,,,,,,,,,,,,,,,,,,,,,,,,,,,Josh,5/5/2026
Innovia GEO Corp.,Andrew Lee,Green Buildings,2021,Northeast,,Y,2022,Y,2026,https://www.innoviageo.com/,,,News story,,https://www.linkedin.com/company/innovia-geo/,,2026,,,,,,,,,,,,,,,,,,,,,,,,,,,,,,,,,,,,,,,,,,,,,,,,,,,,,,,,,,,,,,,,,,,,,,,,,,,,,,,,,,,,,,,,,,,,,,,,,,,,,,,,,,,,,,,,,,,,Josh,5/5/2026
Julius Education,Daniel Goldsmith,Energy Efficiency,2021,Northeast,,S,2022,Y,2026,https://www.juliusedu.com/,,,"Copyright 2026, news from 2025",,https://www.linkedin.com/company/juliusedu/,,2026,,,Sole current activity for this founder,https://www.linkedin.com/in/daniel-goldsmith-224978/,,,,,,,,,,,,,,,,,,,,,,,,,,,,,,,,,,,,,,,,,,,,,,,,,,,,,,,,,,,,,,,,,,,,,,,,,,,,,,,,,,,,,,,,,,,,,,,,,,,,,,,,,,,,,,,,Josh,5/5/2026
Leap Photovoltaics,David Berney Needleman,Energy Generation,2021,West,,S,2022,S,2023,https://www.leap-pv.com/,,,"Copyright 2023, active newsroom until 2023",,https://www.linkedin.com/company/leap-photovoltaics/about/,,2026,,,"Sole current activity for one founder, but cofounder is an investor with another job",https://www.linkedin.com/in/david-berney-needleman-8aa36123/,,,,,,,,,,,,,,,,,,,,,,,,,,,,,,,,,,,,,,,,,,,,,,,,,,,,,,,,,,,,,,,,,,,,,,,,,,,,,,,,,,,,,,,,,,,,,,,,,,,,,,,,,,,,,,,,Josh,5/5/2026
LuftCar,Santh Sathya,Transportation,2021,Southeast,,Y,2022,Y,2026,https://www.luftcar.com/#/,,,2026 log entry,,,,,,,"Founder only engaged in this company, and he is hiring",https://www.linkedin.com/in/santhsathya/,,,,,,,,,,,,,,,,,,,,,,,,,,,,,,,,,,,,,,,,,,,,,,,,,,,,,,,,,,,,,,,,,,,,,,,,,,,,,,,,,,,,,,,,,,,,,,,,,,,,,,,,,,,,,,,,Josh,5/5/2026
Measured Air Performance,Steven Graves,Energy Efficiency,2021,Northeast,,Y,2022,Y,2026,https://measuredap.com/,,,Copyright 2026,,https://www.linkedin.com/company/measured-air-performance-llc/,,2025,,,Sole current activity for this founder,https://www.linkedin.com/in/steven-graves-b14439/,,,,,,,,,,,,,,,,,,,,,,,,,,,,,,,,,,,,,,,,,,,,,,,,,,,,,,,,,,,,,,,,,,,,,,,,,,,,,,,,,,,,,,,,,,,,,,,,,,,,,,,,,,,,,,,,Josh,5/5/2026
Neuterra,Fatimah Walee,Energy Efficiency,2021,Northeast,,S,2022,N,2022,Dead website,,,,,https://www.linkedin.com/company/neuterra/,,,,,Sole current activity for this founder,https://www.linkedin.com/in/fatimahwalee/,,,,,,,,,,,,,,,,,,,,,,,,,,,,,,,,,,,,,,,,,,,,,,,,,,,,,,,,,,,,,,,,,,,,,,,,,,,,,,,,,,,,,,,,,,,,,,,,,,,,,,,,,,,,,,,,Josh,5/5/2026
"Noble Thermodynamic Systems, Inc.",Miguel Sierra Aznar,Energy Generation,2021,West,,S,2022,S,2022,https://noblethermo.com/,,,Copyright 2020,,https://www.linkedin.com/company/noble-thermodynamic-systems-inc/,,,,,Sole current activity for this founder,https://www.linkedin.com/in/miguelsaznar/,,,,,,,,,,,,2023,https://www.youtube.com/watch?v=vJJi_baM5nU,,,,,,,,,,,,,,,,,,,,,,,,,,,,,,,,,,,,,,,,,,,,,,,,,,,,,,,,,,,,,,,,,,,,,,,,,,,,,,,,,,,,,,,,,,,,,,,,,,,Josh,5/5/2026
"Nucleic Sensing Systems, LLC",Edgar Rudberg,Agriculture Water & Waste,2021,Midwest,,Y,2022,Y,2022,https://www.ns2co.com/,,,Postings,,https://www.linkedin.com/company/ns2co/,,2026,,,Sole current activity for this founder,https://www.linkedin.com/in/edrudberg/,,,,,,,,,,,,,,,,,,,,,,,,,,,,,,,,,,,,,,,,,,,,,,,,,,,,,,,,,,,,,,,,,,,,,,,,,,,,,,,,,,,,,,,,,,,,,,,,,,,,,,,,,,,,,,,,Josh,5/5/2026
Osmoses,Francesco Maria Benedetti,Chemicals & Advanced Materials,2021,Northeast,,Y,2022,Y,2026,https://osmoses.com/team/,,,"Copyright 2026, large team, links to LinkedIn for all team members",,,,,,,,,,,,,,,,,,,,,,,,,,,,,,,,,,,,,,,,,,,,,,,,,,,,,,,,,,,,,,,,,,,,,,,,,,,,,,,,,,,,,,,,,,,,,,,,,,,,,,,,,,,,,,,,,,,,,,,,Josh,5/5/2026
"OXbyEL Technologies, Inc.",Edward Ricci,Chemicals & Advanced Materials,2021,Rocky Mountain,,Y,2022,Y,2026,https://oxbyel.com/,,,,,https://www.linkedin.com/company/oxbyel-technologies/,,,,,"This is the only activity for for the chief engineer, and it's the sole current activity for this founder",https://www.linkedin.com/in/edward-d-ricci-6247447/,,,,,,,,,,,,,,,,,,,,,,,,,,,,,,,,,,,,,,,,,,,,,,,,,,,,,,,,,,,,,,,,,,,,,,,,,,,,,,,,,,,,,,,,,,,,,,,,,,,,,,,,,,,,,,,,Josh,5/5/2026
Princeton NuEnergy,Chao Yan,Energy Generation,2021,Northeast,,Y,2022,Y,2026,https://pnecycle.com/,,,2025 news stories,,https://www.linkedin.com/company/princeton-nuenergy/,,2026,,,Sole current activity for this founder,https://www.linkedin.com/in/chao-yan-pne/,,,,,,,,,,,,,,,,,,,,,,,,,,,,,,,,,,,,,,,,,,,,,,,,,,,,,,,,,,,,,,,,,,,,,,,,,,,,,,,,,,,,,,,,,,,,,,,,,,,,,,,,,,,,,,,,Josh,5/5/2026
STAC Technology,Robert Svenning,Energy Efficiency,2021,Northeast,,Y,2022,N,2022,Dead company,,,,,https://www.linkedin.com/company/whisperenergy/,,,,,Past activity for founder,https://www.linkedin.com/in/robertsvenning/,,,,,,,,,,,,,,,,,,,,,,,,,,,,,,,,,,,,,,,,,,,,,,,,,,,,,,,,,,,,,,,,,,,,,,,,,,,,,,,,,,,,,,,,,,,,,,,,,,,,,,,,,,,,,,,,Josh,5/5/2026
"Whisper Energy Systems, Inc.",Michael Gould,Energy Distribution & Storage,2021,West,,S,2022,N,2021,https://www.whisperenergysystems.com/,,,This looks dead. Zero activity since posting about 2021 CEO regional win.,,https://www.linkedin.com/company/whisperenergy/about/,,,,,Sole current activity for this founder,https://www.linkedin.com/in/michael-gould-66842219/,,,,,,,,,,,,,,,,,,,,,,,,,,,,,,,,,,,,,,,,,,,,,,,,,,,,,,,,,,,,,,,,,,,,,,,,,,,,,,,,,,,,,,,,,,,,,,,,,,,,,,,,,,,,,,,,Josh,5/5/2026
13 Mari Ltd,Krassi Fotev,Energy Efficiency,2021,Northeast,,S,2022,Y,2026,https://www.13mari.com/,,,Copyright 2026,,https://www.linkedin.com/company/13mari/,,2025,,,"Advisors has this on website for four years through the present, and this is the sole current activity for this founder",https://www.linkedin.com/in/kfotev/,,,,,,,,,,,,,,,,,,,,,,,,,,,,,,,,,,,,,,,,,,,,,,,,,,,,,,,,,,,,,,,,,,,,,,,,,,,,,,,,,,,,,,,,,,,,,,,,,,,,,,,,,,,,,,,,Josh,5/5/2026
2040 Energy,Joseph Strommen,Green Buildings,2021,Midwest,,S,2022,Y,2025,https://www.2040energy.com/,,,"Copyright 2025, but last news story was 2022",,https://www.linkedin.com/company/2040-energy/,,2025,,,"This is all the founders are doing, and several employees show this as their current sole recent activity",https://www.linkedin.com/in/joestrommen/,,,,,,,,,,,,,,,,,,,,,,,,,,,,,,,,,,,,,,,,,,,,,,,,,,,,,,,,,,,,,,,,,,,,,,,,,,,,,,,,,,,,,,,,,,,,,,,,,,,,,,,,,,,,,,,,Josh,5/5/2026
ACUA Ocean,Mike Tinmouth,Transportation,2021,Northeast,,Y,2022,Y,2025,https://www.ocean.tech/,,,"Copyright 2025, news in 2024",,,,,,,,,,,,,,,,,,,,,,,,,,,,,,,,,,,,,,,,,,,,,,,,,,,,,,,,,,,,,,,,,,,,,,,,,,,,,,,,,,,,,,,,,,,,,,,,,,,,,,,,,,,,,,,,,,,,,,,,Josh,5/5/2026
Agrivolution LLC,Richard Fu,Agriculture Water & Waste,2021,Northeast,,Y,2024,N,2024,Dead website,,,,,https://www.linkedin.com/company/agrivolution-llc/about/,,,,,The founder has a full-time job elsewhere plus another startup,,,,,,,,,,,,,,,,,,,,,,,,,,,,,,,,,,,,,,,,,,,,,,,,,,,,,,,,,,,,,,,,,,,,,,,,,,,,,,,,,,,,,,,,,,,,,,,,,,,,,,,,,,,,,,,,,Josh,5/5/2026
ALD Technical Solutions,Davoud Zamani,Chemicals & Advanced Materials,2021,West,,S,2018,N,2021,,,,,,,,,,,Past activity for founder,https://www.linkedin.com/in/davoud-zamani/,,,,,,,,,,,,,,,,,,,,,,,,,,,,,,,,,,,,,,,,,,,,,,,,,,,,,,,,,,,,,,,,,,,,,,,,,,,,,,,,,,,,,,,,,,,,,,,,,,,,,,,,,,,,,,,,Josh,5/5/2026
"Alonetics, LLC",Lance Ahearn,Energy Distribution & Storage,2021,Northeast,,N,2021,N,2021,Can't find a website or references more recent than 2021 CTO activity,,,,,Can't find this founder,,,,,,,,,,,,,,,,,,,,,,,,,,,,,,,,,,,,,,,,,,,,,,,,,,,,,,,,,,,,,,,,,,,,,,,,,,,,,,,,,,,,,,,,,,,,,,,,,,,,,,,,,,,,,,,,,,,,,,Josh,5/5/2026
Ashipa Electric,Olugbenga Ajala,Energy Efficiency,2021,Northeast,,Y,2024,Y,2026,https://www.ashipaelectric.com/,,,2024 news stories,,https://www.linkedin.com/company/ashipaelectric/,,2026,,,Founder has no conflicting activity,https://www.linkedin.com/in/olugbenga-ajala-p-e-02033165/,,,,,,,,,,,,,,,,,,,,,,,,,,,,,,,,,,,,,,,,,,,,,,,,,,,,,,,,,,,,,,,,,,,,,,,,,,,,,,,,,,,,,,,,,,,,,,,,,,,,,,,,,,,,,,,,Josh,5/5/2026
Barrio Eléctrico,Lauren Rosenblatt,Energy Generation,2021,Northeast,,Y,2024,N,2024,Shut down - I know the founder,,,,,,,,,,,,,,,,,,,,,,,,,,,,,,,,,,,,,,,,,,,,,,,,,,,,,,,,,,,,,,,,,,,,,,,,,,,,,,,,,,,,,,,,,,,,,,,,,,,,,,,,,,,,,,,,,,,,,,,,,,,Josh,5/5/2026
"Biovert Protein Co.,Ltd","Biovert Protein Co.,Ltd",Agriculture Water & Waste,2021,Northeast,,S,2022,N,2022,"Website doesn't work, no recent activity",,,,,https://www.linkedin.com/company/biovert-protein/,,,,,Can't find original founder showing in LinkedIn,,,,,,,,,,,,,,,,,,,,,,,,,,,,,,,,,,,,,,,,,,,,,,,,,,,,,,,,,,,,,,,,,,,,,,,,,,,,,,,,,,,,,,,,,,,,,,,,,,,,,,,,,,,,,,,,,Josh,5/5/2026
Blip Energy,Sophia Wennstedt,Energy Distribution & Storage,2021,Midwest,,A,N/A,Y,2026,https://www.blipenergy.com/,,,,,https://www.linkedin.com/company/blip-energy/,,2026,,,"One founder has a full-time job elsewhere, while the other has this as fill time",https://www.linkedin.com/in/sophia-wennstedt/,,,,,,,,,,,,,,,,,,,,,,,,,,,,,,,,,,,,,,,,,,,,,,,,,,,,,,,,,,,,,,,,,,,,,,,,,,,,,,,,,,,,,,,,,,,,,,,,,,,,,,,,,,,,,,,,Josh,5/5/2026
Bonzer Inc,Ivan Li Huang,Transportation,2021,Northeast,,N,2019,N,2021,Dead website,,,,,https://www.linkedin.com/company/bonzer-inc/,,,,,,,,,,,,,,,,,,,,,,,,,,,,,,,,,,,,,,,,,,,,,,,,,,,,,,,,,,,,,,,,,,,,,,,,,,,,,,,,,,,,,,,,,,,,,,,,,,,,,,,,,,,,,,,,,,,,,,Josh,5/5/2026
Brayfoil Technologies,Matthew Bray,Energy Generation,2021,Pacific Northwest,,N,2019,N,2021,Out of business per Pitchbook,,,,,,,,,,,,,,,,,,,,,,,,,,,,,,,,,,,,,,,,,,,,,,,,,,,,,,,,,,,,,,,,,,,,,,,,,,,,,,,,,,,,,,,,,,,,,,,,,,,,,,,,,,,,,,,,,,,,,,,,,,,Josh,5/5/2026
Carbonii,Francis Grahner,Information & Communication Tech,2021,Midwest,,S,2023,N,2023,Dead website,,,,,,,,,,This company is not listed on the founder's LinkedIn profile,https://www.linkedin.com/in/francis-grahner-cpa-ca-aa351b40/,,,,,,,,,,,,,,,,,,,,,,,,,,,,,,,,,,,,,,,,,,,,,,,,,,,,,,,,,,,,,,,,,,,,,,,,,,,,,,,,,,,,,,,,,,,,,,,,,,,,,,,,,,,,,,,,Josh,5/5/2026
"Clean Earth Rovers, LLC",Michael Arens,Agriculture Water & Waste,2021,Midwest,,Y,2024,Y,2026,https://www.cleanearthrovers.com/,,,Copyright 2026,,https://www.linkedin.com/company/clean-earth-rovers/,,,,,Sole current activity for this founder,https://www.linkedin.com/in/michael-arens-cer/,,,,,,,,,,,,,,,,,,,,,,,,,,,,,,,,,,,,,,,,,,,,,,,,,,,,,,,,,,,,,,,,,,,,,,,,,,,,,,,,,,,,,,,,,,,,,,,,,,,,,,,,,,,,,,,,Josh,5/5/2026
Climate Companion,Cindi Thompson,Information & Communication Tech,2021,West,,N,2022,N,2022,I know the founder,,,,,,,,,,,,,,,,,,,,,,,,,,,,,,,,,,,,,,,,,,,,,,,,,,,,,,,,,,,,,,,,,,,,,,,,,,,,,,,,,,,,,,,,,,,,,,,,,,,,,,,,,,,,,,,,,,,,,,,,,,,Josh,5/5/2026
CUPOD,Wayne Osterholm,Chemicals & Advanced Materials,2021,Northeast,,N,2022,N,2022,Can't find a website,,,,,Can't find a LinkedIn company profile,,,,,Sole current activity for this founder,https://www.linkedin.com/in/wayne-osterholm-759a412a3/,,,,,,,,,,,,,,,,,,,,,,,,,,,,,,,,,,,,,,,,,,,,,,,,,,,,,,,,,,,,,,,,,,,,,,,,,,,,,,,,,,,,,,,,,,,,,,,,,,,,,,,,,,,,,,,,Josh,5/5/2026
Curbhub,Amir Khaleghi,Transportation,2021,Northeast,,Y,2024,Y,2024,https://curbinity.com/,,,,,https://www.linkedin.com/company/curbinity/,,2025,,,Sole current activity for this founder,https://www.linkedin.com/in/amirjkh/,,,,,,,,,,,,,,,,,,,,,,,,,,,,,,,,,,,,,,,,,,,,,,,,,,,,,,,,,,,,,,,,,,,,,,,,,,,,,,,,,,,,,,,,,,,,,,,,,,,,,,,,,,,,,,,,Josh,5/5/2026
"Cyclonatix, Inc. ",Jae Young Lim,Energy Efficiency,2021,West,,A,2022,N,2021,https://www.cyclonatix.com/,,,"Nothing current. Lots of people listed, but all are elsewhere.",,,,,,,Sole current activity for this founder,https://www.linkedin.com/in/jae-lim-71802570/,,,,,,,,,,,,,,,,,,,,,,,,,,,,,,,,,,,,,,,,,,,,,,,,,,,,,,,,,,,,,,,,,,,,,,,,,,,,,,,,,,,,,,,,,,,,,,,,,,,,,,,,,,,,,,,,Josh,5/5/2026
DND Biotech,cosimo masini,Agriculture Water & Waste,2021,West,,Y,2024,S,2024,https://www.dndbiotech.it/,,,2024 latest news,,https://www.linkedin.com/company/dndbiotech/,,,,,,https://www.linkedin.com/in/cmasini/,,,,,,,,,,,,,,,,,,,,,,,,,,,,,,,,,,,,,,,,,,,,,,,,,,,,,,,,,,,,,,,,,,,,,,,,,,,,,,,,,,,,,,,,,,,,,,,,,,,,,,,,,,,,,,,,Josh,5/5/2026
EasyEV,Anish Sinha,Transportation,2021,West,,N,2020,N,2021,,,,,,,,,,,Past activity for founder,https://www.linkedin.com/in/anishkumarsinha/,,,,,,,,,,,,,,,,,,,,,,,,,,,,,,,,,,,,,,,,,,,,,,,,,,,,,,,,,,,,,,,,,,,,,,,,,,,,,,,,,,,,,,,,,,,,,,,,,,,,,,,,,,,,,,,,Josh,5/5/2026
Ecotone Renewables,Kyle Wyche,Agriculture Water & Waste,2021,Northeast,,Y,2024,Y,2026,https://www.ecotonerenewables.com/,,,Copyright 2026,,https://www.linkedin.com/company/ecotonerenewables/,,2026,,,Founder has another older business,https://www.linkedin.com/in/kyle-wyche/,,,,,,,,,,,,,,,,,,,,,,,,,,,,,,,,,,,,,,,,,,,,,,,,,,,,,,,,,,,,,,,,,,,,,,,,,,,,,,,,,,,,,,,,,,,,,,,,,,,,,,,,,,,,,,,,Josh,5/5/2026
EH Group Technologies Inc.,Sven Dybdahl,Energy Generation,2021,West,,Y,2024,Y,2025,https://www.ehgroup.ch/,Y,2025,product launch/news,,https://www.linkedin.com/company/eh-group-engineering/,Y,2025,,,Sven Dybdahl,https://www.linkedin.com/in/sveinung-sven-dybdahl-1aab8870/,N,N,N,N,N,N,N,N,N,N,Y,2024,https://hydrogenwire.com/2024/10/28/eh-group-launches-eh-trace-250kw-fuel-cell-system/,N,N,N,N,,N,N,N,N,N,N,N,N,Y,Cleantech Open 2021; AP Ventures,N,N,N,N,N,N,N,N,,,,https://www.crunchbase.com/organization/eh-group-engineering#overview,,,,7,,,"$8,312,642",,,"Grant, Venture",10M,,2022,Swiss Franc,Jan 13,,,CHF5M,Swiss Franc,Jan 13,,,,Seed,Swiss Franc,Jan 13,,,2018,USD,Feb 22,,,Seed,Swiss Franc,,,,2022,Swiss Franc,Jan 13,,,Y,https://fuelcellsworks.com/2024/11/25/clean-hydrogen/eh-group-revolutionizing-fuel-cell-technology-for-a-decarbonized-future,2024,"CHF 5M Seed (AP Ventures, Jan 2022)",N,Y,Third Derivative,2022,,Y,2025,Y,2025,N,N,N,Y,https://www.ehgroup.ch/ (Switzerland HQ; MOU with NIM Japan Nov 2024; H2MARINE EU project),Y,2024,https://hydrogenwire.com/2024/10/28/eh-group-launches-eh-trace-250kw-fuel-cell-system/,Y,2025,https://www.ehgroup.ch/,N,N,Y,https://www.ehgroup.ch/ (PEM fuel cells for heavy-duty/maritime; DNV Approval in Principle 2024; EH-TRACE 250kW system launched Oct 2024),Haoran,5/6/2026
eHempHouse,Peter Miles,Agriculture Water & Waste,2021,Northeast,,Y,2024,Y,2024,Dead website,Y,2024,product/info page,,https://www.linkedin.com/company/ehemphouse-zambia-limited/,Y,2024,,2026,Peter Miles,https://www.linkedin.com/in/milespeter/,N,N,N,N,N,N,N,N,N,N,Y,2024,https://www.hempbuildmag.com/,N,N,N,N,,N,N,N,N,N,N,N,N,Y,Cleantech Open 2021,N,N,N,N,N,N,N,N,,,,https://www.crunchbase.com/organization/ehemphouse#overview,,,,,,,$0,,,,-,,,,,,,,,,,,,,,,,,,,,,,,,,,,,,,,,N,N,N,N,N,N,,,,N,N,N,N,N,N,N,N,N,N,N,N,N,N,N,N,N,Y,https://www.ehemphouse.com/ (hemp-based sustainable construction; carbon-negative building material),Haoran,5/6/2026
Energos Inc.,Rajesh Solanki,Energy Distribution & Storage,2021,West,,Y,2022,Y,2025,https://www.energos.ai/,Y,2025,product/service page,,https://www.linkedin.com/company/energos-ai/,Y,2025,,,Rajesh Solanki,https://www.linkedin.com/in/rajesh-solanki/,N,N,N,N,N,N,N,N,N,N,Y,2021,https://yourstory.com/2019/10/tech30-ai-startup-energos-renewable-energy,N,N,N,N,,N,N,N,N,N,N,N,N,Y,Cleantech Open 2021; Shell E4 program,N,N,N,N,N,N,N,N,$237K (2022 est),,,https://www.crunchbase.com/organization/envault#overview,,,,,,,$0,,,,-,,,,,,,,,,,,,,,,,,,,,,,,,,,,,,,,,N,N,N,N,N,N,,,,N,N,N,N,N,N,N,Y,"https://energos.ai/ (operations in US, South East Asia, India)",N,N,N,Y,2025,https://energos.ai/,N,N,Y,https://energos.ai/ (AI/IoT edge platform reduces energy costs 40% for C&I customers; integrates renewables/storage/EVs),Haoran,5/6/2026
EnVault,Matthis Herrera,Transportation,2021,South Central,,S,2020,S,2023,https://www.envault.tech/,N,N,N,,https://www.linkedin.com/company/envault/about/,N,N,,,Matthis Herrera,https://www.linkedin.com/in/matthis-herrera-93103224/,N,N,N,N,N,N,N,N,N,N,N,N,N,N,N,N,N,,N,N,N,N,N,N,N,N,Y,Cleantech Open 2021,N,N,N,N,N,N,N,N,,,,https://www.crunchbase.com/organization/envault,,,,,,,$0,,,,0.04M,,,,,,,,,,,,,,,,,,,,,,,,,,,,,,,,,N,N,N,N,N,N,,,,N,N,N,N,N,N,N,N,N,N,N,N,N,N,N,N,N,N,N,Haoran,5/6/2026
Equilibrium,Paolo Ronchetti,Green Buildings,2021,Northeast,,N,2021,N,2021,https://www.equilibrium-bioedilizia.it/,N,N,N,,N,N,N,,,Paolo Ronchetti,https://it.linkedin.com/in/equilibriumcanapaecalce/en/,N,N,N,N,N,N,N,N,N,N,N,N,N,N,N,N,N,,N,N,N,N,N,N,N,N,Y,Cleantech Open 2021,N,N,N,N,N,N,N,N,,,,https://www.crunchbase.com/organization/equilibrium-cf3a#overview,,,,,,,$0,,,,-,,,,,,,,,,,,,,,,,,,,,,,,,,,,,,,,,N,N,N,N,N,N,,,,N,N,N,N,N,N,N,N,N,N,N,N,N,N,N,N,N,N,N,Haoran,5/6/2026
EV Life,Peter Glenn,Transportation,2021,West,,Y,2022,Y,2025,https://evlife.co/,Y,2025,blog/newsroom,,https://www.linkedin.com/company/ev-life,Y,2025,,,Peter Glenn,https://www.linkedin.com/in/peterjglenn/,N,N,N,N,N,N,N,N,N,N,Y,2025,https://evlife.co/blog/category/newsroom,N,N,N,N,,N,N,N,N,N,N,N,N,Y,Cleantech Open 2021; Gaingels; Growthfactory,N,N,N,N,N,N,N,N,,,,https://www.crunchbase.com/organization/ev-life,,,,4,,,"$8,000,000",,,Venture,9.45M,,2023,USD ,Oct 6,,,$8M,USD,Oct 6,,,,Debt Financing,USD,Oct 6,,,2023,USD,Oct 6,,,Debt Financing,USD,Oct 6,,,2023,USD,Oct 6,,,Y,https://evlife.co/blog/category/newsroom,2023,"$8M debt (Trisolaris, Oct 2023); $1.3M equity total (Gaingels, Growthfactory)",N,Y,LACI,2020,,Y,2025,Y,2025,N,N,N,N,N,N,N,N,Y,2025,https://evlife.co/,N,N,Y,"https://evlife.co/ (EV Climate Loan rolls tax credits into financing; customers save $200/mo; partners include Mercedes, Nissan, Hyundai; Auto Finance Summit 2025 speaker)",Haoran,5/6/2026
Evtek,Martin Naro,Agriculture Water & Waste,2021,Northeast,,Y,2022,Y,2024,https://recycletek.co/,Y,2024,product/service page,,https://www.linkedin.com/company/recycletekofficial/,N,N,,,Martin Naro,https://www.linkedin.com/in/evtek-martin/,N,N,N,N,N,N,N,N,N,N,N,N,N,N,N,N,N,,N,N,N,N,N,N,N,N,Y,Cleantech Open 2021,N,N,N,N,N,N,N,N,,,,https://www.crunchbase.com/organization/recycletek#overview,,,,,,,$0,,,,-,,,,,,,,,,,,,,,,,,,,,,,,,,,,,,,,,N,N,N,N,N,N,,,,N,N,N,N,N,N,N,N,N,N,N,N,N,N,N,N,N,Y,https://www.evtekwaste.com/ (organic waste recycling/vermicomposting; reduces landfill),Haoran,5/6/2026
ExoCell Power,Matthew Mayer,Energy Distribution & Storage,2021,Northeast,,N,2021,N,2021,Dead website,N,N,N,,N,N,N,,,Matthew Mayer,https://www.linkedin.com/in/matthewmayer4/,N,N,N,N,N,N,N,N,N,N,N,N,N,N,N,N,N,,N,N,N,N,N,N,N,N,Y,Cleantech Open 2021,N,N,N,N,N,N,N,N,,,,https://www.crunchbase.com/organization/exocell-power-corporation#overview,,,,,,,$0,,,,-,,,,,,,,,,,,,,,,,,,,,,,,,,,,,,,,,N,N,N,N,N,N,,,,N,N,N,N,N,N,N,N,N,N,N,N,N,N,N,N,N,N,N,Haoran,5/6/2026
Facil.ai,Peter Willette,Energy Efficiency,2021,West,,Y,2022,Y,2025,https://www.facil.ai/,Y,2025,product/blog,,https://www.linkedin.com/company/facilai/,Y,2024,,,Peter Willette,https://www.linkedin.com/in/chuckdanner/,N,N,N,N,N,N,N,N,N,N,Y,2024,https://www.linkedin.com/company/facilai/,N,N,N,N,,N,N,N,N,N,N,N,N,Y,Cleantech Open 2021,N,N,N,N,N,N,N,N,,,,https://www.crunchbase.com/organization/facil-ai#overview,,,,,,,$0,,,,-,,,,,,,,,,,,,,,,,,,,,,,,,,,,,,,,,N,N,N,N,N,Y,LACI,2022,,Y,2024,Y,2024,N,N,N,N,N,N,N,N,N,N,N,N,N,Y,https://facil.ai/ (AI-based energy efficiency platform for commercial buildings),Haoran,5/6/2026
farmernet.org,Lucy Low,Agriculture Water & Waste,2021,West,,S,2021,S,2023,https://www.farmernet.org/,Y,2023,blog/info,,https://www.linkedin.com/company/farmernetorg/,N,N,N,,N,N,N,N,N,N,N,N,N,N,N,N,N,N,N,N,N,N,N,,N,N,N,N,N,N,N,N,Y,Cleantech Open 2021,N,N,N,N,N,N,N,N,,,,https://www.crunchbase.com/organization/farmernet-org#overview,,,,,,,$0,,,,-,,,,,,,,,,,,,,,,,,,,,,,,,,,,,,,,,N,N,N,N,N,N,,,,N,N,N,N,N,N,N,N,N,N,N,N,N,N,N,N,N,N,N,Haoran,5/6/2026
FINSULATE,Bernard Hidier,Chemicals & Advanced Materials,2021,Northeast,,Y,2022,Y,2025,https://www.finsulate.com/en/,Y,2025,news/product page,,https://www.linkedin.com/company/finsulate-by-ocean-innov-maine,Y,2024,,,Bernard Hidier,https://www.linkedin.com/in/bernard-hidier-674b2a106/,N,N,N,N,N,N,N,N,N,N,Y,2025,https://www.workboat.com/netherlands-based-sustainable-startup-headquarters-in-portland-me,N,N,N,N,,N,N,N,N,N,N,Y,Green Marine; New England Ocean Cluster; E2Tech; NEOC,Y,Cleantech Open 2021; Dirigo Labs Accelerator 2024; Maine Center for Entrepreneurs; MTI (Maine Technology Institute),N,N,N,N,N,N,N,N,,,,https://www.crunchbase.com/organization/finsulate#overview,,,,,,,$0,,,,0.22M,,,,,,,,,,,,,,,,,,,,,,,,,,,,,,,,,Y,https://www.centralmaine.org/2024/06/04/finsulate-triumphs-at-dirigo-labs-pitch-competition-with-ecological-boating-solution/,2024,"$25,000 Dirigo Labs prize (2024); $25,000 Maine TopGun prize (2022); MTI grants",N,N,,,,Y,2024,Y,2024,N,N,N,Y,https://www.finsulate.com/ (Netherlands parent; US HQ Maine; 800+ boats worldwide; training in Shanghai),Y,2025,https://www.workboat.com/netherlands-based-sustainable-startup-headquarters-in-portland-me,Y,2024,https://www.finsulate.com/,N,N,Y,https://www.finsulate.com/ (non-toxic antifouling wrap; replaces toxic biocide paints; ECO Excellence 2024 Award; EU Inventor of the Year 2019; 800+ boats; commercializing for large ships 2025),Haoran,5/6/2026
Forest Founders Rewards,Ford Seeman,Agriculture Water & Waste,2021,Northeast,,S,2021,S,2022,https://www.forestfounders.org/about/,N,N,N,,N,N,N,,,Ford Seeman,https://www.linkedin.com/in/fordseeman/,N,N,N,N,N,N,N,N,N,N,N,N,N,N,N,N,N,,N,N,N,N,N,N,N,N,Y,Cleantech Open 2021,N,N,N,N,N,N,N,N,,,,https://www.crunchbase.com/organization/forest-founders,,,,,,,$0,,,,-,,,,,,,,,,,,,,,,,,,,,,,,,,,,,,,,,N,N,N,N,N,N,,,,N,N,N,N,N,N,N,N,N,N,N,N,N,N,N,N,N,N,N,Haoran,5/6/2026
frakktal,Jhana porter,Chemicals & Advanced Materials,2021,South Central,,Y,2022,S,2024,https://www.frakktal.com/,Y,2024,product/about,,https://www.linkedin.com/company/frakktal/,N,2023,,,Founder took a full time job elsewhere two years ago,https://www.linkedin.com/in/jhanaporter/,N,N,N,N,N,N,N,N,N,N,N,N,N,N,N,N,N,,N,N,N,N,N,N,N,N,Y,Cleantech Open 2021,N,N,N,N,N,N,N,N,,,,https://www.crunchbase.com/organization/frakktal#overview,,,,2,,,"$25,000",,,Grant,0.23M,,2023,USD,Feb 21,,,$25K,USD,Feb 21,,,,Grant,USD,Feb 21,,,2023,USD,Feb 21,,,Grant,USD,Feb 21,,,2023,USD,Feb 21,,,N,N,N,N,N,N,,,,N,N,N,N,N,N,N,N,N,N,N,N,N,N,N,N,N,Y,https://frakktal.com/ (sustainable biobased materials/chemicals from agricultural waste),Haoran,5/6/2026
Gaia AI,Peter McHale,Agriculture Water & Waste,2021,Northeast,,Y,2022,Y,2025,https://www.gaia-ai.eco/,Y,2025,product/blog,,https://www.linkedin.com/company/gaiaai/,Y,2025,,,Peter McHale,https://www.linkedin.com/in/peter-mchale-a80441102/,N,N,N,N,N,N,N,N,N,N,Y,2025,https://gaia.ai/,N,N,N,N,,N,N,N,N,N,N,N,N,Y,Cleantech Open 2021,N,N,N,N,N,N,N,N,,,,https://www.crunchbase.com/organization/gaia-ai#overview,,,,4,,,"$8,000,000",,,Venture,3.25M,,2024,USD,Aug 1,,,$5M,USD,Aug 1,,,,Seed,USD,Aug 1,,,2022,USD,Dec 7,,,Seed,USD,Aug 1,,,2024,USD,Aug1,,,N,N,N,N,N,N,,,,Y,2025,Y,2025,N,N,N,N,N,N,N,N,N,N,N,N,N,Y,https://gaia.ai/ (AI for sustainable food/agriculture),Haoran,5/6/2026
GOLeafe,Arsheen Allam,Chemicals & Advanced Materials,2021,Southeast,,S,2022,S,2023,https://goleafe.com/,N,N,N,,https://www.linkedin.com/company/goleafe/,N,N,,,Arsheen Allam,https://www.linkedin.com/in/arsheen-allam-793b2933/,N,N,N,N,N,N,N,N,N,N,N,N,N,N,N,N,N,,N,N,N,N,N,N,N,N,Y,Cleantech Open 2021,N,N,N,N,N,N,N,N,,,,https://www.crunchbase.com/organization/goleafe#overview,,,,,,,$0,,,,-,,,,,,,,,,,,,,,,,,,,,,,,,,,,,,,,,N,N,N,N,N,N,,,,N,N,N,N,N,N,N,N,N,N,N,N,N,N,N,N,N,N,N,Haoran,5/6/2026
Good4Earth,Payal Shah,Information & Communication Tech,2021,West,,Y,2022,Y,2025,https://www.good4earth.co/,Y,2025,product/blog,,https://www.linkedin.com/company/good4earth/,Y,2025,,,Payal Shah,https://uk.linkedin.com/in/payalviralshah/,N,N,N,N,N,N,N,N,N,N,Y,2025,https://good4earth.com/,N,N,N,N,,N,N,N,N,N,N,N,N,Y,Cleantech Open 2021,N,N,N,N,N,N,N,N,,,,https://www.crunchbase.com/organization/good4earth#overview,,,,,,,$0,,,,-,,,,,,,,,,,,,,,,,,,,,,,,,,,,,,,,,N,N,N,N,N,N,,,,Y,2024,Y,2024,N,N,N,N,N,N,N,N,N,N,N,N,N,Y,https://good4earth.com/ (climate action IT/communications platform),Haoran,5/6/2026
Hago Energetics,Wilson Hago,Chemicals & Advanced Materials,2021,West,,Y,2021,Y,2025,https://hagoenergetics.com/,Y,2025,blog/news,,N,Y,2025,,,Wilson Hago,https://www.linkedin.com/in/wilson-hago-a168366/,N,N,N,N,N,N,N,N,N,N,Y,2025,https://hagoenergetics.com/2023/10/31/hago-energetics-benefit-corporation-wins-carbon-development-initiative-grant-award/,N,N,N,N,,N,N,N,N,N,N,N,N,Y,Cleantech Open 2021; Larta Institute Venture Fellows; CalTestBed; NYSERDA; Tampa Bay Innovation Center; New Energy Nexus,N,N,N,N,N,N,N,N,,,,https://www.crunchbase.com/organization/hago-energetics-9828,,,,6,,,"$350,000",,,"Grant, Venture",0.425,,2022,USD,Oct 14,,,$50K,USD,Dec 7,,,,Venture - Series Unknown,USD,Dec 7,,,2022,USD,Oct 14,,,Grant ,USD,Oct 14,,,2022,USD,Oct 14,,,Y,https://hagoenergetics.com/2023/10/31/hago-energetics-benefit-corporation-wins-carbon-development-initiative-grant-award/,2024,$350K NYSERDA CDI Grant,N,N,,,,Y,2025,Y,2025,N,N,N,N,N,N,N,N,Y,2025,https://hagoenergetics.com/,N,N,Y,https://hagoenergetics.com/ (carbon-negative hydrogen+biochar from agricultural waste; reduces GHG),Haoran,5/6/2026
Hexas Biomass Inc.,Wendy Owens,Agriculture Water & Waste,2021,Pacific Northwest,,Y,2022,A,2025,https://hexas.com/,Y,2025,news/product,,https://www.linkedin.com/company/hexas-biomass,Y,2024,,,Wendy Owens,https://www.linkedin.com/in/eric-singsaas-30801740/,N,N,N,N,N,N,N,N,N,N,Y,2025,https://www.globenewswire.com/news-release/2025/12/08/3201359/0/en/Bioleum-Corporation-Acquires-Hexas-Biomass-Inc.html,N,N,N,N,,N,N,N,N,N,N,N,N,Y,Cleantech Open 2021; DOE SBIR Phase II; Cartier Womens Initiative 2023; Shell GameChanger; Larta; Comstock/Bioleum,N,N,N,N,"Y - Acquired by Bioleum Corporation (Dec 8, 2025)",N,N,N,,,,https://www.crunchbase.com/organization/hexas-biomass#overview,,,,,,,$0,,,,-,,,,,,,,,,,,,,,,,,,,,,,,,,,,,,,,,Y,https://comstock.inc/press-release/bioleum-corporation-acquires-hexas-biomass-inc/,2025,Undisclosed acquisition by Bioleum (Dec 2025); DOE SBIR Phase II grant,N,N,,,,N,N,N,N,N,N,N,Y,"https://hexas.com/ (global customers in energy, biofuels, structural)",Y,2025,https://comstock.inc/press-release/bioleum-corporation-acquires-hexas-biomass-inc/,Y,2025,https://hexas.com/,N,N,Y,https://hexas.com/ (XanoGrass replaces wood/fossil feedstocks; carbon-negative; SAF production; #11 hottest company in Advanced Bioeconomy 2024; acquired Bioleum Dec 2025),Haoran,5/6/2026
Hoopoe Energy,Ali Karimian,Energy Distribution & Storage,2021,Northeast,,N,2021,N,2021,Dead website,N,N,N,,N,N,N,,,Ali Karimian,https://www.linkedin.com/in/ali-karimian123/,N,N,N,N,N,N,N,N,N,N,N,N,N,N,N,N,N,,N,N,N,N,N,N,N,N,Y,Cleantech Open 2021,N,N,N,N,N,N,N,N,,,,Not in Crunchbase,,,,,,,$0,,,,-,,,,,,,,,,,,,,,,,,,,,,,,,,,,,,,,,N,N,N,N,N,N,,,,N,N,N,N,N,N,N,N,N,N,N,N,N,N,N,N,N,N,N,Haoran,5/6/2026
Hydragas Energy Limited,Philip Morkel,Energy Generation,2021,Pacific Northwest,,S,2021,S,2022,https://hydragas.net/,N,N,N,,N,N,N,,,Philip Morkel,https://ca.linkedin.com/in/philipmmorkel/,N,N,N,N,N,N,N,N,N,N,N,N,N,N,N,N,N,,N,N,N,N,N,N,N,N,Y,Cleantech Open 2021,N,N,N,N,N,N,N,N,,,,https://www.crunchbase.com/organization/hydragas-energy#overview,,,,,,,$0,,,,-,,,,,,,,,,,,,,,,,,,,,,,,,,,,,,,,,N,N,N,N,N,N,,,,N,N,N,N,N,N,N,N,N,N,N,N,N,N,N,N,N,N,N,Haoran,5/6/2026
Hydronic Shell Technologies,David Goldstein,Green Buildings,2021,Northeast,,Y,2022,Y,2025,https://www.hydronicshell.com/,Y,2025,product/news,,https://www.linkedin.com/company/hydronic-shell-technologies/,Y,2024,,,David Goldstein,https://www.linkedin.com/in/david-goldstein-pe-11b0a612/,N,N,N,N,N,N,N,N,N,N,Y,2024,https://hydronicshelltechnologies.com/,N,N,N,N,,N,N,N,N,N,N,N,N,Y,Cleantech Open 2021,N,N,N,N,N,N,N,N,,,,https://www.crunchbase.com/organization/hydronic-shell-technologies#overview,,,,,,,$0,,,,-,,,,,,,,,,,,,,,,,,,,,,,,,,,,,,,,,N,N,N,N,N,N,,,,N,N,N,N,N,N,N,N,N,N,N,N,N,N,N,N,N,Y,https://hydronicshelltechnologies.com/ (energy efficient green building retrofit technology),Haoran,5/6/2026
Hydrova,Julian Davis,Energy Distribution & Storage,2021,West,,S,2022,S,2023,https://www.hydrovatech.com/,N,N,N,,https://www.linkedin.com/company/hydrovatech/,N,N,,2024,Julian Davis,https://www.linkedin.com/in/juliandavis25/,N,N,N,N,N,N,N,N,N,N,N,N,N,N,N,N,N,,N,N,N,N,N,N,N,N,Y,Cleantech Open 2021,N,N,N,N,N,N,N,N,,,,https://www.crunchbase.com/organization/hydrova#overview,,,,,,,$0,,,,-,,,,,,,,,,,,,,,,,,,,,,,,,,,,,,,,,N,N,N,N,N,N,,,,N,N,N,N,N,N,N,N,N,N,N,N,N,N,N,N,N,N,N,Haoran,5/6/2026
HYFOIL Marine,Kyra Goldsmith,Transportation,2021,Northeast,,Y,2022,Y,2025,https://hyfoilmarine.com/,Y,2025,product/news,,https://www.linkedin.com/company/hyfoilmarine/,Y,2025,,,Kyra Goldsmith,https://www.linkedin.com/in/kyra-goldsmith-660955a/,N,N,N,N,N,N,N,N,N,N,Y,2025,https://www.hyfoil.com/,N,N,N,N,,N,N,N,N,N,N,N,N,Y,Cleantech Open 2021,N,N,N,N,N,N,N,N,,,,https://www.crunchbase.com/organization/hyfoil-marine,,,,,,,$0,,,,-,,,,,,,,,,,,,,,,,,,,,,,,,,,,,,,,,N,N,N,N,N,N,,,,N,N,N,N,N,N,N,N,N,N,N,N,N,N,N,N,N,Y,https://www.hyfoil.com/ (hydrogen-powered foiling vessel for zero-emission marine transport),Haoran,5/6/2026
Innovasion Labs PINC Inc,Inanc Ortac,Energy Distribution & Storage,2021,West,,Y,2022,Y,2025,https://innovasionlabspinc.com/,Y,2025,product/news,,https://www.linkedin.com/company/pincbv/,Y,2025,,,Inanc Ortac,https://www.linkedin.com/in/inanc-ortac-49412b13/,N,N,N,N,N,N,N,N,N,N,Y,2025,https://www.pinc.com/,N,N,N,N,,N,N,N,N,N,N,N,N,Y,Cleantech Open 2021,N,N,N,N,N,N,N,N,,,,https://www.crunchbase.com/organization/innovasion-labs-pinc#overview,,,,2,,,"$2,000,000",,,Venture,4.85M,,2023,USD,Dec 1,,,$2M,USD,Dec 1,,,,Seed,USD,Dec 1,,,2023,USD,Dec 1,,,Seed ,USD,Dec 1,,,2023,USD,Dec 1,,,N,N,N,N,N,N,,,,Y,2025,Y,2025,N,N,N,Y,https://www.pinc.com/ (US + Netherlands),N,N,N,Y,2025,https://www.pinc.com/,N,N,Y,https://www.pinc.com/ (IoT/AI platform for supply chain energy efficiency tracking),Haoran,5/6/2026
"inRG Solutions, LLC",Kerry McBee,Energy Distribution & Storage,2021,West,,Y,2022,Y,2025,Dead website,Y,2025,product/news,,https://www.linkedin.com/company/inrg-solutions/,Y,2024,,,Kerry McBee,https://www.linkedin.com/in/kerry-mcbee-ph-d-p-e-0278771b/,N,N,N,N,N,N,N,N,N,N,Y,2024,https://inrg.energy/,N,N,N,N,,N,N,N,N,N,N,N,N,Y,Cleantech Open 2021,N,N,N,N,N,N,N,N,,,,Not in Crunchbase,,,,,,,$0,,,,-,,,,,,,,,,,,,,,,,,,,,,,,,,,,,,,,,N,N,N,N,N,N,,,,N,N,N,N,N,N,N,N,N,N,N,N,N,N,N,N,N,Y,https://inrg.energy/ (distributed energy resource management; grid optimization),Haoran,5/6/2026
iWaterTech,Connor Payne,Green Buildings,2021,West,,Y,2022,Y,2025,Dead website,Y,2025,product/news,,https://www.linkedin.com/company/iwatertech/,Y,2025,,,Connor Payne,https://www.linkedin.com/in/connor-payne-aaa26184/,N,N,N,N,N,N,N,N,N,N,Y,2025,https://iwatertech.com/,N,N,N,N,,N,N,N,N,N,N,N,N,Y,Cleantech Open 2021,N,N,N,N,N,N,N,N,,,,https://www.crunchbase.com/organization/iwatertech#overview,,,,,,,$0,,,,-,,,,,,,,,,,,,,,,,,,,,,,,,,,,,,,,,N,N,N,N,N,N,,,,N,N,N,N,N,N,N,N,N,N,N,N,N,N,N,N,N,Y,https://iwatertech.com/ (water efficiency technology for green buildings),Haoran,5/6/2026
"Joule, Inc",Barry Isaac,Energy Generation,2021,West,,Y,2022,Y,2025,https://www.joulegen.com/,Y,2025,product/news,,https://www.linkedin.com/company/joinjoule/,Y,2025,,,Barry Isaac,https://www.linkedin.com/in/barry-isaac-64397b7/,N,N,N,N,N,N,N,N,N,N,Y,2025,https://joinjoule.com/,N,N,N,N,,N,N,N,N,N,N,N,N,Y,Cleantech Open 2021,N,N,N,N,N,N,N,N,,,,https://www.crunchbase.com/organization/joule-48fa#overview,,,,,,,$0,,,,-,,,,,,,,,,,,,,,,,,,,,,,,,,,,,,,,,N,N,N,N,N,Y,LACI,2022,,Y,2025,Y,2025,N,N,N,N,N,N,N,N,N,N,N,N,N,Y,https://joinjoule.com/ (clean energy marketplace for households),Haoran,5/6/2026
KAI Systems,Michael Mason,Transportation,2021,West,,N,2021,N,2021,https://kaisystems.com/,N,N,N,,N,N,N,,,Michael Mason,https://www.linkedin.com/in/bill-haywood-1722b834/,N,N,N,N,N,N,N,N,N,N,N,N,N,N,N,N,N,,N,N,N,N,N,N,N,N,Y,Cleantech Open 2021,N,N,N,N,N,N,N,N,,,,https://www.crunchbase.com/organization/kai-systems#overview,,,,,,,$0,,,,-,,,,,,,,,,,,,,,,,,,,,,,,,,,,,,,,,N,N,N,N,N,N,,,,N,N,N,N,N,N,N,N,N,N,N,N,N,N,N,N,N,N,N,Haoran,5/6/2026
Kairospace Technologies,Juan Bravin,Agriculture Water & Waste,2021,West,,Y,2024,Y,2025,https://kairospacetech.com/,Y,2025,product/news,,https://www.linkedin.com/company/kairospace/,Y,2024,,,Juan Bravin,https://www.linkedin.com/in/juanignaciobravin/,N,N,N,N,N,N,N,N,N,N,Y,2024,https://kairospace.com/,N,N,N,N,,N,N,N,N,N,N,N,N,Y,Cleantech Open 2021,N,N,N,N,N,N,N,N,,,,https://www.crunchbase.com/organization/kairospace-technologies#overview,,,,3,,,"$300,000",,,Venture,-,,2020,USD,Sep 1,,,$300K,USD,Sep 1,,,,Pre- Seed ,USD,Sep 1,,,2020,USD,Sep 1,,,Pre-seed,USD,Sep 1,,,2020,USD,Sep 1,,,N,N,N,N,N,N,,,,N,N,N,N,N,N,N,N,N,N,N,N,N,N,N,N,N,Y,https://kairospace.com/ (agriculture drone tech for water/food sustainability),Haoran,5/6/2026
"Long Island Clean Water Technology, Inc.",Bud Dunbar,Agriculture Water & Waste,2021,Northeast,,Y,2022,Y,2025,https://licleanwater.com/,Y,2025,product/news,,https://www.linkedin.com/company/long-island-clean-water/,N,N,,,Bud Dunbar,https://www.linkedin.com/in/bud-dunbar-661534/,N,N,N,N,N,N,N,N,N,N,N,N,N,N,N,N,N,,N,N,N,N,N,N,N,N,Y,Cleantech Open 2021,N,N,N,N,N,N,N,N,,,,https://www.crunchbase.com/organization/long-island-clean-water-service,,,,,,,$0,,,,-,,,,,,,,,,,,,,,,,,,,,,,,,,,,,,,,,N,N,N,N,N,N,,,,N,N,N,N,N,N,N,N,N,N,N,N,N,N,N,N,N,Y,https://licleantechnology.com/ (clean water technology solutions for Long Island waterways),Haoran,5/6/2026
Meltek,Frank Bruckner,Energy Distribution & Storage,2021,Northeast,,Y,2024,Y,2025,https://meltek.com/,Y,2025,product/news,,https://www.linkedin.com/company/meltek-inc/,Y,2025,,,Frank Bruckner,https://www.linkedin.com/in/frankbruckner/,N,N,N,N,N,N,N,N,N,N,Y,2025,https://meltekenergy.com/,N,N,N,N,,N,N,N,N,N,N,N,N,Y,Cleantech Open 2021; NYSERDA; DOE,N,N,N,N,N,N,N,N,,,,https://www.crunchbase.com/organization/meltek-inc#overview,,,,,,,$0,,,,-,,,,,,,,,,,,,,,,,,,,,,,,,,,,,,,,,N,N,N,N,N,N,,,,Y,2025,Y,2025,N,N,N,N,N,N,N,N,N,N,N,N,N,Y,https://meltekenergy.com/ (battery energy storage solutions),Haoran,5/6/2026
MESPAC,Andrea Gulisano,Energy Generation,2021,West,,Y,2024,Y,2025,https://mespac.space/,Y,2025,product/news,,https://www.linkedin.com/company/mespac/,Y,2024,,,Andrea Gulisano,https://it.linkedin.com/in/andreagulisano/en/,N,N,N,N,N,N,N,N,N,N,N,N,N,N,N,N,N,,N,N,N,N,N,N,N,N,Y,Cleantech Open 2021,N,N,N,N,N,N,N,N,,,,https://www.crunchbase.com/organization/marine-energy-space-control,,,,3,,,"$1,869,431",,,Venture,-,,2025,Euro,Feb 3,,,€1.5M,Euro,Feb 3,,,,Seed,Euro,Feb 3,,,2023,Euro,Mar 28,,,Seed,Euro,Feb 3,,,2025,Euro,Feb 3,,,N,N,N,N,N,N,,,,N,N,N,N,N,N,N,N,N,N,N,N,N,N,N,N,N,Y,https://mespac.com/ (modular energy systems for off-grid solar),Haoran,5/6/2026
Middle East Well Services,Heather Brooks,Energy Efficiency,2021,Midwest,,Y,2024,Y,2025,https://me-ws.com/,Y,2026,copyright,,https://www.linkedin.com/company/middle-east-well-services-me-ws/,N,N,,,Ismet Yucetas,https://www.linkedin.com/in/ismet-yucetas-6005b24a/,N,N,N,N,N,N,N,N,N,N,N,N,N,N,N,N,N,,N,N,N,N,N,N,N,N,Y,Cleantech Open 2021,N,N,N,N,N,N,N,N,,,,https://www.crunchbase.com/organization/middle-east-well-services#overview,,,,,,,$0,,,,-,,,,,,,,,,,,,,,,,,,,,,,,,,,,,,,,,N,N,N,N,N,N,,,,N,N,N,N,N,N,N,Y,https://mewsco.com/ (operations in Middle East),N,N,N,Y,2025,https://mewsco.com/,N,N,Y,https://mewsco.com/ (energy efficiency services for oil/gas well operations; reducing emissions),Haoran,5/6/2026
Moduly,Jonathan Lamer,Energy Distribution & Storage,2021,Northeast,,Y,2024,N,2025,Dead website,N,2025,product/news,,https://www.linkedin.com/company/m0duly/,N,2025,,2025,Jonathan Lamer,https://www.linkedin.com/in/jonathanlamer/,N,N,N,N,N,N,N,N,N,N,Y,2025,https://moduly.energy/,N,N,N,N,,N,N,N,N,N,N,N,N,Y,Cleantech Open 2021,N,N,N,N,N,N,N,N,,,,https://www.crunchbase.com/organization/thirdco#financials,,,,4,,,"$250,000",,,Venture,-,,2019,USD,Jun 1,,,$250K,USD,Jun 1,,,,Pre-seed ,USD,Jun 1,,,2019,USD,Jun 1,,,Pre-seed ,USD,Jun 1,,,2019,USD,Jun 1,,,N,N,N,N,N,Y,Founder Institute,2021,,Y,2025,Y,2025,N,N,N,N,N,N,N,N,N,N,N,N,N,Y,https://moduly.energy/ (modular distributed energy storage),Haoran,5/6/2026
Mold Srl,Nicola Rubini,Agriculture Water & Waste,2021,West,,S,2024,N,2024,,,,,,,,,,,,,N,N,N,N,N,N,N,N,N,N,N,N,N,N,N,N,N,,N,N,N,N,N,N,N,N,Y,Cleantech Open 2021,N,N,N,N,N,N,N,N,,,,,,,,,,,,,,,-,,,,,,,,,,,,,,,,,,,,,,,,,,,,,,,,,N,N,N,N,N,N,,,,N,N,N,N,N,N,N,N,N,N,N,N,N,N,N,N,N,N,N,Haoran,5/6/2026
Nanolyx Inc.,Jakob Farnham,Chemicals & Advanced Materials,2021,Northeast,,Y,2024,Y,2025,https://nanolyx.com/,Y,2025,product/news,,https://www.linkedin.com/company/nanolyx/,Y,2024,,,Jakob Farnham,https://www.linkedin.com/in/jakob-farnham-62aa84143/,N,N,N,N,N,N,N,N,N,N,Y,2024,https://nanolyx.com/,N,N,N,N,,N,N,N,N,N,N,N,N,Y,Cleantech Open 2021,N,N,N,N,N,N,N,N,,,,https://www.crunchbase.com/organization/nanolyx#overview,,,,,,,$0,,,,-,,,,,,,,,,,,,,,,,,,,,,,,,,,,,,,,,N,N,N,N,N,N,,,,N,N,N,N,N,N,N,N,N,N,N,N,N,N,N,N,N,Y,https://nanolyx.com/ (advanced materials/chemicals for clean energy applications),Haoran,5/6/2026
Nordee Enterprise,Chiderah Okoye,Energy Distribution & Storage,2021,Northeast,,Y,2024,Y,2025,https://tps-energy.com/,Y,2025,product/news,,https://www.linkedin.com/company/transformpowersystems/,Y,2025,,,Chiderah Okoye,https://www.linkedin.com/in/chiderahokoye/,N,N,N,N,N,N,N,N,N,N,Y,2025,https://nordeeenterprise.com/,N,N,N,N,,N,N,N,N,N,N,N,N,Y,Cleantech Open 2021,N,N,N,N,N,N,N,N,,,,https://www.crunchbase.com/organization/transform-power-systems,,,,,,,$0,,,,-,,,,,,,,,,,,,,,,,,,,,,,,,,,,,,,,,N,N,N,N,N,N,,,,N,N,N,N,N,N,N,N,N,N,N,N,N,N,N,N,N,Y,https://nordeeenterprise.com/ (energy distribution technology),Haoran,5/6/2026
Nosetsa,Pontsho Moletsane,Agriculture Water & Waste,2021,West,,N,2019,N,2021,https://nosetsafrica.wixsite.com/nosetsafricateaser,N,N,N,,N,N,N,,,Pontsho Moletsane,https://za.linkedin.com/in/tp-mabele-8669b2a1/,N,N,N,N,N,N,N,N,N,N,N,N,N,N,N,N,N,,N,N,N,N,N,N,N,N,Y,Cleantech Open 2021,N,N,N,N,N,N,N,N,,,,Not in Crunchbase,,,,,,,$0,,,,-,,,,,,,,,,,,,,,,,,,,,,,,,,,,,,,,,N,N,N,N,N,N,,,,N,N,N,N,N,N,N,N,N,N,N,N,N,N,N,N,N,N,N,Haoran,5/6/2026
OffGridBox USA,Troy Billett,Agriculture Water & Waste,2021,South Central,,Y,2024,Y,2025,https://www.offgridbox.com/,Y,2025,news/product,,https://www.linkedin.com/company/offgridbox/,Y,2025,,,Troy Billett,https://www.linkedin.com/in/troybillett/,N,N,N,N,N,N,N,N,N,N,Y,2025,https://offgridbox.com/,N,N,N,N,,N,N,N,N,N,N,N,N,Y,Cleantech Open 2021,N,N,N,N,N,N,N,N,,,,https://www.crunchbase.com/organization/offgridbox,,,,8,,,"$2,618,100",,,"Grant, Venture",-,,2024,USD,Apr 26,,,$13.1K,USD,Apr 26,,,,Equity Crowdfunding,USD,Apr 26,,,2017,USD,Feb 1,,,Seed,USD,Oct 1,,,2018,USD,Oct 1,,,N,N,N,N,N,Y,Techstars,2017,,Y,2025,Y,2025,N,N,N,Y,"https://offgridbox.com/ (deployed in Africa, Caribbean, South America, Southeast Asia)",Y,2025,https://offgridbox.com/,Y,2025,https://offgridbox.com/,N,N,Y,https://offgridbox.com/ (solar+water treatment off-grid containers for underserved communities globally; provides clean water+electricity),Haoran,5/6/2026
"Ogive Technology, Inc.",Durham Giles,Agriculture Water & Waste,2021,West,,Y,2024,Y,2025,https://www.ogivetechnology.com/,Y,2025,product/news,,N,,,,,Durham Giles,https://www.linkedin.com/in/ken-durham-giles-1227683/,N,N,N,N,N,N,N,N,N,N,Y,2024,https://ogivetechnology.com/,N,N,N,N,,N,N,N,N,N,N,N,N,Y,Cleantech Open 2021,N,N,N,N,N,N,N,N,,,,https://www.crunchbase.com/organization/ogive-technology#overview,,,,,,,$0,,,,-,,,,,,,,,,,,,,,,,,,,,,,,,,,,,,,,,N,N,N,N,N,N,,,,N,N,N,N,N,N,N,N,N,N,N,N,N,N,N,N,N,Y,https://ogivetechnology.com/ (precision agriculture water tech),Haoran,5/6/2026
Parthian Energy,Farshid Roumi,Energy Distribution & Storage,2021,West,,Y,2021,Y,2025,https://www.parthianenergy.com/,Y,2025,product/research,,https://www.linkedin.com/company/parthianenergy/,N,N,,,Farshid Roumi,https://www.linkedin.com/in/farshidroumi/,N,N,N,N,N,N,N,N,N,N,N,N,N,N,N,N,N,,N,N,N,N,N,N,N,N,Y,Cleantech Open 2021; Third Derivative; UCI Beall Applied Innovation; DOE; CalSEED,N,N,N,N,N,N,N,N,,,,https://www.crunchbase.com/organization/parthian-energy#overview,,,,3,,,"$1,200,000",,,Venture,1.15M,,2024,USD,Aug 26,,,$1.2M,USD,Aug 26,,,,Grant,USD,Aug 26,,,2024,USD,Aug 26,,,Grant,USD,Aug 26,,,2024,USD,Aug 26,,,N,N,N,N,N,N,,,,N,N,N,N,N,N,N,N,N,N,N,N,N,N,N,N,N,Y,https://www.parthianenergy.com/ (advanced battery technology; S-cell rechargeable battery; DOE funded),Haoran,5/6/2026
"Paulsson, Inc.",Bjorn Paulsson,Energy Generation,2021,West,,Y,2023,Y,2025,https://www.paulsson.com/,Y,2025,product/news,,https://www.linkedin.com/company/paulsson-inc/,N,N,,,Bjorn Paulsson,https://www.linkedin.com/in/bj%C3%B6rn-paulsson-17533110/,N,N,N,N,N,N,N,N,N,N,N,N,N,N,N,N,N,,N,N,N,N,N,N,N,N,Y,Cleantech Open 2021,N,N,N,N,N,N,N,N,,,,https://www.crunchbase.com/organization/paulsson#overview,,,,2,,,"$206,500",,,Grant,0.15M,,2023,USD,Dec 12,,,$206.5K,USD,Dec 12,,,,Grant,USD,Dec 12,,,2023,USD,Dec 12,,,Grant ,USD,Dec12,,,2023,USD,Dec 12,,,N,N,N,N,N,N,,,,N,N,N,N,N,N,N,N,N,N,N,N,N,N,N,N,N,Y,https://paulsson.com/ (seismic monitoring/energy generation technology),Haoran,5/6/2026
Pharos Group,Christopher Bassett,Agriculture Water & Waste,2021,North East,,N,2021,N,2021,Dead website,N,N,N,,N,N,N,,,Christopher Bassett,,N,N,N,N,N,N,N,N,N,N,N,N,N,N,N,N,N,,N,N,N,N,N,N,N,N,Y,Cleantech Open 2021,N,N,N,N,N,N,N,N,,,,https://www.crunchbase.com/organization/pharos-seafood#overview,,,,,,,$0,,,,-,,,,,,,,,,,,,,,,,,,,,,,,,,,,,,,,,N,N,N,N,N,N,,,,N,N,N,N,N,N,N,N,N,N,N,N,N,N,N,N,N,N,N,Haoran,5/6/2026
Photia,Joseph Geddes,Agriculture Water & Waste,2021,West,,N,,N,2021,https://photiatech.com/wp/,N,N,N,,N,N,N,,,Joseph Geddes,https://www.linkedin.com/in/jbgeddes3/,N,N,N,N,N,N,N,N,N,N,N,N,N,N,N,N,N,,N,N,N,N,N,N,N,N,Y,Cleantech Open 2021,N,N,N,N,N,N,N,N,,,,https://www.crunchbase.com/organization/photia#overview,,,,,,,$0,,,,-,,,,,,,,,,,,,,,,,,,,,,,,,,,,,,,,,N,N,N,N,N,N,,,,N,N,N,N,N,N,N,N,N,N,N,N,N,N,N,N,N,N,N,Haoran,5/6/2026
Planet A Energy,Brad Hines,Energy Distribution & Storage,2021,West,,S,,S,2023,https://www.planeta.energy/,N,N,N,,https://www.linkedin.com/company/planet-a-energy/,N,N,,,Brad Hines,https://www.linkedin.com/in/bradenhines/,N,N,N,N,N,N,N,N,N,N,N,N,N,N,N,N,N,,N,N,N,N,N,N,N,N,Y,Cleantech Open 2021,N,N,N,N,N,N,N,N,,,,https://www.crunchbase.com/organization/planet-a-energy,,,,,,,$0,,,,-,,,,,,,,,,,,,,,,,,,,,,,,,,,,,,,,,N,N,N,N,N,Y,Third Derivtive,2022,,N,N,N,N,N,N,N,N,N,N,N,N,N,N,N,N,N,N,N,Haoran,5/6/2026
Popion Mobility,Hadi Hajimiri,Transportation,2021,West,,S,2022,N,2023,https://www.popionmobility.com/,N,N,N,,N,N,N,,,Hadi Hajimiri,,N,N,N,N,N,N,N,N,N,N,N,N,N,N,N,N,N,,N,N,N,N,N,N,N,N,Y,Cleantech Open 2021,N,N,N,N,N,N,N,N,,,,https://www.crunchbase.com/organization/popion-mobility#overview,,,,,,,$0,,,,-,,,,,,,,,,,,,,,,,,,,,,,,,,,,,,,,,N,N,N,N,N,Y,LACI,2023,,N,N,N,N,N,N,N,N,N,N,N,N,N,N,N,N,N,N,N,Haoran,5/6/2026
Portable Solar Inc.,Dennis Nickerson,Energy Generation,2021,West,,Y,2024,Y,2025,https://www.powersilo.energy/,Y,2025,product/news,,https://www.linkedin.com/company/portable-solar/,Y,2025,,,Dennis Nickerson,https://www.linkedin.com/in/dennis-nickerson/,N,N,N,N,N,N,N,N,N,N,Y,2025,https://portablesolar.com/,N,N,N,N,,N,N,N,N,N,N,N,N,Y,Cleantech Open 2021,N,N,N,N,N,N,N,N,,,,https://www.crunchbase.com/organization/portable-solar,,,,2,,,"$200,000",,,Grant,-,,2023,USD,May 15,,,$200K,USD,May 15,,,,Grant,USD,May 15,,,2023,USD,May 15,,,Grant,USD,May 15,,,2023,USD,May 15,,,N,N,N,N,N,Y,LACI,2022,,Y,2025,Y,2025,N,N,N,N,N,N,N,N,N,N,N,N,N,Y,https://portablesolar.com/ (portable solar power solutions for off-grid and mobile applications),Haoran,5/6/2026
Powersilo Inc,Rod Nash,Energy Efficiency,2021,West,,S,,S,2023,https://www.powersilo.energy/,N,N,N,,https://www.linkedin.com/company/powersiloenergy/,N,N,,,Rod Nash,https://www.linkedin.com/in/rodnash/,N,N,N,N,N,N,N,N,N,N,N,N,N,N,N,N,N,,N,N,N,N,N,N,N,N,Y,Cleantech Open 2021,N,N,N,N,N,N,N,N,,,,https://www.crunchbase.com/organization/powersilo#overview,,,,,,,$0,,,,-,,,,,,,,,,,,,,,,,,,,,,,,,,,,,,,,,N,N,N,N,N,N,,,,N,N,N,N,N,N,N,N,N,N,N,N,N,N,N,N,N,N,N,Haoran,5/6/2026
"Rhyze, Inc.",Rick Kjellberg,Agriculture Water & Waste,2021,West,,N,2019,N,2021,Can't find a URL,N,N,N,,N,N,N,,,Rick Kjellberg,https://www.linkedin.com/in/rickkjellberg/,N,N,N,N,N,N,N,N,N,N,N,N,N,N,N,N,N,,N,N,N,N,N,N,N,N,Y,Cleantech Open 2021,N,N,N,N,N,N,N,N,,,,Not in Crunchbase,,,,,,,$0,,,,-,,,,,,,,,,,,,,,,,,,,,,,,,,,,,,,,,N,N,N,N,N,N,,,,N,N,N,N,N,N,N,N,N,N,N,N,N,N,N,N,N,N,N,Haoran,5/6/2026
rStream Recycling,Ethan Walko,Agriculture Water & Waste,2021,North East,,Y,2024,Y,2025,https://www.rstreamrecycling.com/,Y,2025,product/news,,https://www.linkedin.com/company/rstream-recycling/,Y,2025,,,Ethan Walko,https://www.linkedin.com/in/ethan-walko/,N,N,N,N,N,N,N,N,N,N,Y,2025,https://rstreamrecycling.com/,N,N,N,N,,N,N,N,N,N,N,N,N,Y,Cleantech Open 2021,N,N,N,N,N,N,N,N,,,,https://www.crunchbase.com/organization/rstream-recycling#overview,,,,2,,,"$100,000",,,Grant,-,,2024,USD,Feb 8,,,$100K,USD,Feb 8,,,,Grant,USD,Feb 8,,,2024,USD,Feb 8,,,Grant,USD,Feb 8,,,2024,USD,Feb 8,,,N,N,N,N,N,N,,,,Y,2025,Y,2025,N,N,N,N,N,N,N,N,N,N,N,N,N,Y,https://rstreamrecycling.com/ (commercial organics/food waste recycling),Haoran,5/6/2026
SEUNwater by Blockheads Development INC.,Jennifer Kim,Energy Distribution & Storage,2021,West,,S,2023,S,2023,https://seunwater.io/,N,N,N,,N,N,N,,,Jennifer Kim,https://www.linkedin.com/in/jennifer-kim-b3719b144/,N,N,N,N,N,N,N,N,N,N,N,N,N,N,N,N,N,,N,N,N,N,N,N,N,N,Y,Cleantech Open 2021,N,N,N,N,N,N,N,N,,,,https://www.crunchbase.com/organization/seunwater,,,,,,,$0,,,,-,,,,,,,,,,,,,,,,,,,,,,,,,,,,,,,,,N,N,N,N,N,N,,,,N,N,N,N,N,N,N,N,N,N,N,N,N,N,N,N,N,N,N,Haoran,5/6/2026
Sinergy Flow,Alessandra Accogli,Energy Distribution & Storage,2021,West,,Y,,Y,2025,https://www.sinergyflow.com/,Y,2025,product/news,,https://www.linkedin.com/company/sinergyflow/,Y,2025,,,Alessandra Accogli,https://it.linkedin.com/in/alessandra-accogli-139b6a116/,N,N,N,N,N,N,N,N,N,N,Y,2025,https://sinergyflow.com/,N,N,N,N,,N,N,N,N,N,N,N,N,Y,Cleantech Open 2021,N,N,N,N,N,N,N,N,,,,https://www.crunchbase.com/organization/sinergy-flow#overview,,,,3,,,"$10,000,946",,,Venture,10.06M,,2026,Euro,Feb 25,,,€7M,Euro,Feb 25,,,,Seed,Euro,Feb 25,,,2022,Euro,Nov 16,,,Seed,Euro,Feb 25,,,2026,Euro,Feb 25,,,N,N,N,N,N,N,,,,Y,2025,Y,2025,N,N,N,Y,https://sinergyflow.com/ (Italy HQ + US),N,N,N,Y,2025,https://sinergyflow.com/,N,N,Y,https://sinergyflow.com/ (organic flow battery for long-duration energy storage; no rare earths),Haoran,5/6/2026
Sonocharge,An Huang,Energy Distribution & Storage,2021,West,,Y,2024,Y,2025,https://www.sonochargeenergy.com/,Y,2025,product/news,,https://www.linkedin.com/company/sonocharge-energy/,Y,2025,,,An Huang,https://www.linkedin.com/in/ucsdanhuang/,N,N,N,N,N,N,N,N,N,N,Y,2025,https://sonocharge.com/,N,N,N,N,,N,N,N,N,N,N,N,N,Y,Cleantech Open 2021,N,N,N,N,N,N,N,N,,,,https://www.crunchbase.com/organization/sonocharge-energy#overview,,,,5,,,"$38,600,000",,,"Grant, Venture",29.5M,,2025,USD,Jan 22,,,$23.5M,USD,Jan 22,,,,Venture - Series Unknown,USD,Jan 22,,,2023,USD,Jan 25,,,Venture - Series Unknown,USD,Jan 22,,,2025,USD,Jan 22,,,N,N,N,N,N,N,,,,Y,2025,Y,2025,N,N,N,N,N,N,N,N,N,N,N,N,N,Y,https://sonocharge.com/ (ultrasonic battery charging technology for EVs/energy storage),Haoran,5/6/2026
SustainLoop,Terence Ciavarra,Information & Communication Tech,2021,North East,,N,2021,N,2021,Can't find a URL,,,,,,,,,,Founder does not list this startup,https://www.linkedin.com/in/terenceciavarra/,,,,,,,,,,,,,,,,,,,,,,,,,,,,,,,,,,,,,,,,,,,,,,,,,,,,,,,,,,,,,,,,,,,,,,,,,,,,,,,,,,,,,,,,,,,,,,,,,,,,,,,,,,,,,,,,Josh,5/10/2026
TAINR,Katherine Silva,Information & Communication Tech,2021,West,,Y,2024,S,2024,https://gotainr.com/,,2023,No recent news about company or links from either founder,,https://www.linkedin.com/company/gotainr/,,,,,This is the sole current activity for both founders. One mentions Techstars in 2024 but not this company.,https://www.linkedin.com/in/kathy-silva-9b6a1172/,,,,,,,,,,,,,,,,,,,,,,,,,,,,,,,,,,,,,,,,,,,,,,,,,,,,,,,,,,,,,,,,,,,,,,,,,,,,,,,,,,,,,,,,,,,,,,,,,,,,,,,,,,,,,,,,Josh,5/10/2026
Taka Solar Corporation (NOW SUNSPAN),Christopher Barnes,Energy Generation,2021,West,,Y,,Y,2026,https://sunspansolar.com/,,,,,https://www.linkedin.com/company/sunspan/,,,,,Sole activity for the founder/CEO,https://www.linkedin.com/in/christopher-dwight-barnes/,,,,,,,,,,,,,,,,,,,,,,,,,,,,,,,,,,,,,,,,,,,,,,,,,,,,,,,,,,,,,,,,,,,,,,,,,,,,,,,,,,,,,,,,,,,,,,,,,,,,,,,,,,,,,,,,Josh,5/10/2026
TechnoCarbon,Stephan Savarese,Chemicals & Advanced Materials,2021,North East,,Y,2024,Y,2024,https://technocarbon.tech/en/,,2024,"Copyright 2024, news 2024",,https://www.linkedin.com/company/technocarbon/,,2026,,,Sole activity for the founder/CEO,https://www.linkedin.com/in/stephansavarese/,,,,,,,,,,,,,,,,,,,,,,,,,,,,,,,,,,,,,,,,,,,,,,,,,,,,,,,,,,,,,,,,,,,,,,,,,,,,,,,,,,,,,,,,,,,,,,,,,,,,,,,,,,,,,,,,Josh,5/10/2026
The Lichen Lab Co.,William Landry,Energy Efficiency,2021,West,,Y,2022,N,2022,,,,,,,,,,,Founder shows this as a past activity,https://www.linkedin.com/in/landrywill/,,,,,,,,,,,,,,,,,,,,,,,,,,,,,,,,,,,,,,,,,,,,,,,,,,,,,,,,,,,,,,,,,,,,,,,,,,,,,,,,,,,,,,,,,,,,,,,,,,,,,,,,,,,,,,,,Josh,5/10/2026
"Tolo, Inc",Thomas Karagianes,Energy Distribution & Storage,2021,West,,Y,2022,N,2022,http://tolophoto.com/,,2020,"Copyright 2020, and website shows as not secure, doesn't name the founder",,None,,,,,Sole activity for the founder/CEO,https://www.linkedin.com/in/thomaskaragianes/,,,,,,,,,,,,2024,https://cleanstart.org/blog/tolophotos-bumpy-startup-journey/,,,,,,,,,,,,,,,,,,,,,,,,,,,,,,,,,,,,,,,,,,,,,,,,,,,,,,,,,,,,,,,,,,,,,,,,,,,,,,,,,,,,,,,,,,,,,,,,,,,Josh,5/10/2026
Topolonet Corporation,Reza Sabzehgar,Energy Distribution & Storage,2021,West,,Y,2024,S,2024,https://topolonet.com/news-and-events/,,2024,,,https://www.linkedin.com/company/topolonet-corporation/,,,,,Founder holds a full-time professorship in addition to this,https://www.linkedin.com/in/reza-sabzehgar-6849a824/,,,,,,,,,,,,,,,,,,,,,,,,,,,,,,,,,,,,,,,,,,,,,,,,,,,,,,,,,,,,,,,,,,,,,,,,,,,,,,,,,,,,,,,,,,,,,,,,,,,,,,,,,,,,,,,,Josh,5/10/2026
TORO Water Air Thermal Technologies Corp.,Tiger Aster,Green Buildings,2021,North East,,Y,2022,Y,2026,ambiator.com,,2026,"Copyright 2026, active web presence",,https://www.linkedin.com/company/ambiator/,,2026,,,Sole activity for the founder/CEO,https://www.linkedin.com/in/tigeraster/,,,,,,,,,,,,,,,,,,,,,,,,,,,,,,,,,,,,,,,,,,,,,,,,,,,,,,,,,,,,,,,,,,,,,,,,,,,,,,,,,,,,,,,,,,,,,,,,,,,,,,,,,,,,,,,,Josh,5/10/2026
Trace,Matthew Keller,Green Buildings,2021,Southeast,,N,2020,N,2020,Dead website,,,,,,,,,,,,,,,,,,,,,,,,,,,,,,,,,,,,,,,,,,,,,,,,,,,,,,,,,,,,,,,,,,,,,,,,,,,,,,,,,,,,,,,,,,,,,,,,,,,,,,,,,,,,,,,,,,,,,,,,,,,Josh,5/10/2026
Transfoam,Kobe Rogers,Chemicals & Advanced Materials,2021,North East,,Y,2022,N,2022,Can't find a URL,,,,,,,,,,"This is the guy, and a lot of web digging connects him to Transfoam, but there is no website for the company or product and this guy is doing something else.",https://www.linkedin.com/in/kobe-rogers-618a31153/,,,,,,,,,,,,,,,,,,,,,,,,,,,,,,,,,,,,,,,,,,,,,,,,,,,,,,,,,,,,,,,,,,,,,,,,,,,,,,,,,,,,,,,,,,,,,,,,,,,,,,,,,,,,,,,,Josh,5/10/2026
TransforMAX,Chijioke Ejimuda,Transportation,2021,West,,N,2022,N,2022,A URL exists but has no connection to transportation or to the founder,,,,,,,,,,Founder does not list this startup,https://www.linkedin.com/in/chijioke-cj-ejimuda-8273a55a/,,,,,,,,,,,,,,,,,,,,,,,,,,,,,,,,,,,,,,,,,,,,,,,,,,,,,,,,,,,,,,,,,,,,,,,,,,,,,,,,,,,,,,,,,,,,,,,,,,,,,,,,,,,,,,,,Josh,5/10/2026
"Trianon Renewable Grid Stability, LLC",William Golove,Energy Generation,2021,West,,S,2021,N,2021,Can't find a URL,,,,,None,,,,,Founder lists this as part time,https://www.linkedin.com/in/williamgolove/,,,,,,,,,,,,,,,,,,,,,,,,,,,,,,,,,,,,,,,,,,,,,,,,,,,,,,,,,,,,,,,,,,,,,,,,,,,,,,,,,,,,,,,,,,,,,,,,,,,,,,,,,,,,,,,,Josh,5/10/2026
UNIGRID LLC,Erik Wu,Energy Distribution & Storage,2021,West,,Y,2022,Y,2026,https://unigridbattery.com/,,2026,"Copyright 2026, 2026 news",,https://www.linkedin.com/company/unigrid-inc/,,2026,,,Sole activity for the founder/CEO,https://www.linkedin.com/in/erik-wu-4897aa48/,,,,,,,,,,,,,,,,,,,,,,,,,,,,,,,,,,,,,,,,,,,,,,,,,,,,,,,,,,,,,,,,,,,,,,,,,,,,,,,,,,,,,,,,,,,,,,,,,,,,,,,,,,,,,,,,Josh,5/10/2026
Voltpost Inc.,Jeffrey Prosserman,Transportation,2021,North East,,Y,2024,Y,2026,https://www.voltpost.com/,,2026,Copyright 2026,,https://www.linkedin.com/company/voltpost/,,2026,,,,,,,,,,,,,,,,,,,,,,,,,,,,,,,,,,,,,,,,,,,,,,,,,,,,,,,,,,,,,,,,,,,,,,,,,,,,,,,,,,,,,,,,,,,,,,,,,,,,,,,,,,,,,,,,,,,,Josh,5/10/2026
Waterhound California,Tony Jones,Agriculture Water & Waste,2021,West,,N,,N,2021,Can't find a URL,,,,,,,,,,Founder shows this as a past activity,https://www.linkedin.com/in/drtonyjones/,,,,,,,,,,,,,,,,,,,,,,,,,,,,,,,,,,,,,,,,,,,,,,,,,,,,,,,,,,,,,,,,,,,,,,,,,,,,,,,,,,,,,,,,,,,,,,,,,,,,,,,,,,,,,,,,Josh,5/10/2026
XIZAN Energy,Luis Casla,Energy Generation,2021,North East,,Y,2024,Y,2026,https://www.xizanenergy.com/,,2026,Copyright 2026,,None,,,,,Sole activity for the founder/CEO,https://www.linkedin.com/in/luis-casla-388645214/?locale=en,,,,,,,,,,,,,,,,,,,,,,,,,,,,,,,,,,,,,,,,,,,,,,,,,,,,,,,,,,,,,,,,,,,,,,,,,,,,,,,,,,,,,,,,,,,,,,,,,,,,,,,,,,,,,,,,Josh,5/10/2026
ZERO,Grant Gunnison,Green Buildings,2021,North East,,Y,2024,Y,2026,https://www.zerohomes.com/,,2026,Copyright 2025; 2026 news,,https://www.linkedin.com/company/zerohomes/,,2026,,,Sole activity for the founder/CEO,https://www.linkedin.com/in/grantgunnison/,,,,,,,,,,,,,,,,,,,,,,,,,,,,,,,,,,,,,,,,,,,,,,,,,,,,,,,,,,,,,,,,,,,,,,,,,,,,,,,,,,,,,,,,,,,,,,,,,,,,,,,,,,,,,,,,Josh,5/10/2026
"108dlt, Inc.",Bhaskar Mukhopadhyay,Information & Communication Tech,2021,North East,,S,2021,N,2021,https://www.108dlt.com/,,2021,,,None,,,,,Sole activity for the founder/CEO,https://www.linkedin.com/in/bhaskar-mukhopadhyay-4618814/,,,,,,,,,,,,,,,,,,,,,,,,,,,,,,,,,,,,,,,,,,,,,,,,,,,,,,,,,,,,,,,,,,,,,,,,,,,,,,,,,,,,,,,,,,,,,,,,,,,,,,,,,,,,,,,,Josh,5/10/2026
AAA Academy For Children Inc,*,Green Buildings,2021,North East,,S,2020,Y,2026,http://aaaacademyforchildren.org/about,,2026,Copyright 2026,,,,,,,,,,,,,,,,,,,,,,,,,,,,,,,,,,,,,,,,,,,,,,,,,,,,,,,,,,,,,,,,,,,,,,,,,,,,,,,,,,,,,,,,,,,,,,,,,,,,,,,,,,,,,,,,,,,,,,,,Josh,5/10/2026
"Acadian Composite Materials, Inc- OPBOX",Benjamin Davis,Green Buildings,2021,North East,,Y,2023,Y,2025,https://www.theopbox.com/,,2023,2023 news postings,,None,,,,,Can't fund the founder,,,,,,,,,,,,,2025,https://mainebiz.biz/honoree/a-born-entrepreneur-ben-davis-runs-two-midcoast-companies-whose-products-dovetail/,,,,,,,,,,,,,,,,,,,,,,,,,,,,,,,,,,,,,,,,,,,,,,,,,,,,,,,,,,,,,,,,,,,,,,,,,,,,,,,,,,,,,,,,,,,,,,,,,,,Josh,5/10/2026
ActiveMEMS,Erkan Aktakka,Information & Communication Tech,2021,West,,N,,N,2021,Dead website,,,,,https://www.linkedin.com/company/activemems/,,,,,Founder works full time for Apple,https://www.linkedin.com/in/aktakka/,,,,,,,,,,,,,,,,,,,,,,,,,,,,,,,,,,,,,,,,,,,,,,,,,,,,,,,,,,,,,,,,,,,,,,,,,,,,,,,,,,,,,,,,,,,,,,,,,,,,,,,,,,,,,,,,Josh,5/10/2026
Ageto Energy,Anthony Johnson,Energy Distribution & Storage,2021,Rocky Mountain,,A,2024,Y,2026,https://agetoenergy.com/,,2026,Copyright 2026; 2026 blog postings,,,,,,,,,,,,,,,,,,,,,,,,,,,,,,,,,,,,,,,,,,,,,,,,,,,,,,,,,,,,,,,,,,,,,,,,,,,,,,,,,,,,,,,,,,,,,,,,,,,,,,,,,,,,,,,,,,,,,,,,Josh,5/10/2026
Air & Earth LLC,Tom Kryzak,Energy Generation,2021,North East,Cannot find correct company. No result on CTO alumni website either. And possible company website says not secure,S,2024,N,2026,http://www.airearthworks.com/,,2026,"Copyright 2026, but latest news stories are from 2015, ditto for a whole page on patents.",,None,,,,,Sole activity for the founder/CEO,https://www.linkedin.com/in/tom-kryzak-2b922125/,,,,,,,,,,,,,,,,,,,,,,,,,,,,,,,,,,,,,,,,,,,,,,,,,,,,,,,,,,,,,,,,,,,,,,,,,,,,,,,,,,,,,,,,,,,,,,,,,,,,,,,,,,,,,,,,Josh,5/10/2026
Alim Innovations,Abuanthony Alim,Energy Generation,2021,Southeast,,S,,N,2026,https://aliminnovations.com/,,2026,"Making a subjective call here...a website exists, but communicates nothing about any business, or any connection to cleantech.",,,,,,,,https://www.linkedin.com/in/abuanthony-alim-b3776017/,,,,,,,,,,,,,,,,,,,,,,,,,,,,,,,,,,,,,,,,,,,,,,,,,,,,,,,,,,,,,,,,,,,,,,,,,,,,,,,,,,,,,,,,,,,,,,,,,,,,,,,,,,,,,,,,Josh,5/10/2026
AmpUp,Thomas Sun,Information & Communication Tech,2021,West,,Y,2024,Y,2026,https://www.ampup.io/,,2026,"Copyright 2026, 2026 blog entries",,,,,,,,,,,,,,,,,,,,,,,,,,,,,,,,,,,,,,,,,,,,,,,,,,,,,,,,,,,,,,,,,,,,,,,,,,,,,,,,,,,,,,,,,,,,,,,,,,,,,,,,,,,,,,,,,,,,,,,,Josh,5/10/2026
AROM R,Rim debbich,Green Buildings,2021,West,Cannot find correct company or website. No result on CTO alumni website or SEC either.,S,2019,S   ,2025,https://www.arom-air.com/,,2025,,,https://www.linkedin.com/company/arom-r-sarl/,,,,,Founder has other activities,https://www.linkedin.com/in/rim-debbich-07365a103/,,,,,,,,,,,,,,,,,,,,,,,,,,,,,,,,,,,,,,,,,,,,,,,,,,,,,,,,,,,,,,,,,,,,,,,,,,,,,,,,,,,,,,,,,,,,,,,,,,,,,,,,,,,,,,,,Josh,5/10/2026
Ascentool Inc,George Guo,Energy Generation,2021,West,,Y,2022,S,2022,http://www.ascentool.net/,,,"Poor website, no postings or dates, no evidence of life",,https://www.linkedin.com/company/ascentool/about/,,,,,Founder has no conflicting activities,https://www.linkedin.com/in/george-guo-b09a7a4/,,,,,,,,,,,,,,,,,,,,,,,,,,,,,,,,,,,,,,,,,,,,,,,,,,,,,,,,,,,,,,,,,,,,,,,,,,,,,,,,,,,,,,,,,,,,,,,,,,,,,,,,,,,,,,,,Josh,5/10/2026
"Aura Technology, LLC",Kiran George,Energy Generation,2021,West,,N,,N,2021,I know the founder,,,,,,,,,,,,,,,,,,,,,,,,,,,,,,,,,,,,,,,,,,,,,,,,,,,,,,,,,,,,,,,,,,,,,,,,,,,,,,,,,,,,,,,,,,,,,,,,,,,,,,,,,,,,,,,,,,,,,,,,,,,Josh,5/10/2026
BuildingPulse,Vishnu Kumar Rudrabhatla,Energy Efficiency,2021,North East,,S,2024,S,2024,buildingpulse.org,,,"Website is terrible, but there's an actual app you can download",,,,,,,,None,,,,,,,,,,,,,,,,,,,,,,,,,,,,,,,,,,,,,,,,,,,,,,,,,,,,,,,,,,,,,,,,,,,,,,,,,,,,,,,,,,,,,,,,,,,,,,,,,,,,,,,,,,,,,,,,Josh,5/10/2026
C.E. CENTURY ENTERPRISES,*,Energy Generation,2021,West,,N,2021,N,2021,Can't find a URL,,,,,,,,,,,No founder named even in the CTO application we received,,,,,,,,,,,,,,,,,,,,,,,,,,,,,,,,,,,,,,,,,,,,,,,,,,,,,,,,,,,,,,,,,,,,,,,,,,,,,,,,,,,,,,,,,,,,,,,,,,,,,,,,,,,,,,,,Josh,5/10/2026
CounterFlow Technologies Inc.,Sara Charvat,Agriculture Water & Waste,2021,Midwest,,Y,2024,N,2021,https://www.counterflowtechnologies.com/,,,"Website is terrible, last dated to 2021, and the people on the website don't match our listed founder and either aren't findable or don't show this company in their links.",,,,,,,,,,,,,,,,,,,,,,,,,,,,,,,,,,,,,,,,,,,,,,,,,,,,,,,,,,,,,,,,,,,,,,,,,,,,,,,,,,,,,,,,,,,,,,,,,,,,,,,,,,,,,,,,,,,,,,,,Josh,5/10/2026
EcoShip,Jonny Miyagi,Information & Communication Tech,2021,West,,Y,2024,N,2024,Can't find a URL,,,,,,,,,,`,None,,,,,,,,,,,,,,,,,,,,,,,,,,,,,,,,,,,,,,,,,,,,,,,,,,,,,,,,,,,,,,,,,,,,,,,,,,,,,,,,,,,,,,,,,,,,,,,,,,,,,,,,,,,,,,,,Josh,5/10/2026
Enerpaper srl,Davide Contu ,Green Buildings,2021,North East,,Y,2024,Y,2026,https://enerpaper.com/,,2026,Copyright 2026; 2026 blog postings,,https://www.linkedin.com/company/enerpaper-s-r-l/,,,,,Sole activity for the founder/CEO,https://www.linkedin.com/in/davideenerpaper/,,,,,,,,,,,,,,,,,,,,,,,,,,,,,,,,,,,,,,,,,,,,,,,,,,,,,,,,,,,,,,,,,,,,,,,,,,,,,,,,,,,,,,,,,,,,,,,,,,,,,,,,,,,,,,,,Josh,5/10/2026
Fine.tech,*,Information & Communication Tech,2021,North East,,S,,N,2026,fine.tech,,Copyright 2026,Not sure this is the same company; no connections to Africa,,,,,,,,Founders not listed in the original CTO materials,,,,,,,,,,,,,,,,,,,,,,,,,,,,,,,,,,,,,,,,,,,,,,,,,,,,,,,,,,,,,,,,,,,,,,,,,,,,,,,,,,,,,,,,,,,,,,,,,,,,,,,,,,,,,,,,Josh,5/10/2026
FlyWire Cameras,Jacob Isaac-Lowry,Agriculture Water & Waste,2021,Southeast,,Y,2022,Y,2025,https://www.flywirecameras.com/,,2025,"Copyright 2025, 2025 media postings",,https://www.linkedin.com/company/flywirecameras/,,,,,Sole activity for the founder/CEO,https://www.linkedin.com/in/jacobisaaclowry/,,,,,,,,,,,,,,,,,,,,,,,,,,,,,,,,,,,,,,,,,,,,,,,,,,,,,,,,,,,,,,,,,,,,,,,,,,,,,,,,,,,,,,,,,,,,,,,,,,,,,,,,,,,,,,,,Josh,5/10/2026
FuelGems Inc.,Kirill Gichunts,Energy Efficiency,2021,South Central,,Y,2024,Y,2026,https://fuelgems.com/,,2026,This company is strong,,https://www.linkedin.com/company/fuelgems-inc/,,,,,Sole activity for the founder/CEO,https://www.linkedin.com/in/kirillgichunts/,,,,,,,,,,,,,,,,,,,,,,,,,,,,,,,,,,,,,,,,,,,,,,,,,,,,,,,,,,,,,,,,,,,,,,,,,,,,,,,,,,,,,,,,,,,,,,,,,,,,,,,,,,,,,,,,Josh,5/10/2026
Grade for Good,Jordan Taylor Sloan,Information & Communication Tech,2021,North East,,N,,N,2021,,,,,,,,,,,This is a past activity for the founder,https://www.linkedin.com/in/jordantaylorsloan/,,,,,,,,,,,,,,,,,,,,,,,,,,,,,,,,,,,,,,,,,,,,,,,,,,,,,,,,,,,,,,,,,,,,,,,,,,,,,,,,,,,,,,,,,,,,,,,,,,,,,,,,,,,,,,,,Josh,5/10/2026
Granular,Toby Ferenczi,Information & Communication Tech,2021,North East,,Y,2024,Y,2026,https://www.granular-energy.com/insights,,2026,"2026 postings, lots",,https://www.linkedin.com/company/granular-energy/,,2026,,,Sole activity for the founder/CEO,https://www.linkedin.com/in/toby-ferenczi-119b325/,,,,,,,,,,,,,,,,,,,,,,,,,,,,,,,,,,,,,,,,,,,,,,,,,,,,,,,,,,,,,,,,,,,,,,,,,,,,,,,,,,,,,,,,,,,,,,,,,,,,,,,,,,,,,,,,Josh,5/10/2026
Green Deeds,Anthony Dutra,Agriculture Water & Waste,2021,North East,,S,,N,2021,Dead website,,,,,,,,,,,"Possibly found the founder, but no mention of this startup",,,,,,,,,,,,,,,,,,,,,,,,,,,,,,,,,,,,,,,,,,,,,,,,,,,,,,,,,,,,,,,,,,,,,,,,,,,,,,,,,,,,,,,,,,,,,,,,,,,,,,,,,,,,,,,,Josh,5/10/2026
Hawaii Solar and Wind LLC,Robert Gates,Energy Generation,2021,West,,S,2023,N,2023,Dead website,,,,,Can't find,,,,,,Can't find,,,,,,,,,,,,,,,,,,,,,,,,,,,,,,,,,,,,,,,,,,,,,,,,,,,,,,,,,,,,,,,,,,,,,,,,,,,,,,,,,,,,,,,,,,,,,,,,,,,,,,,,,,,,,,,,Josh,5/10/2026
Hydro Gen Tech LLC,Shannon Scott,Energy Generation,2021,North East,,Y,2024,N,2024,https://hydrogen-technologies.com/,,2022,"No current news or postings, with links to things as far back as 2016 ",,,,,,,,,,,,,,,,,,,,,,,,,,,,,,,,,,,,,,,,,,,,,,,,,,,,,,,,,,,,,,,,,,,,,,,,,,,,,,,,,,,,,,,,,,,,,,,,,,,,,,,,,,,,,,,,,,,,,,,,Josh,5/10/2026
Hydropore,Eric Detsi,Energy Distribution & Storage,2021,North East,"This company is listed twice. Second listing is in 2023. According to company's founding date (2023) and CTO participation year (2023), the second listing in the 2023 group might be the correct one.",Y,2024,Y,2026,https://hydropore.com/our-team/,,"Copyright 2023, 2023 news stories, ""founded in 2023"" while original co-founder (the PhD student) is now looking for work",,,,,,,,This is a past activity for the founder,https://www.linkedin.com/in/john-corsi-06414b89/,,,,,,,,,,,,,,,,,,,,,,,,,,,,,,,,,,,,,,,,,,,,,,,,,,,,,,,,,,,,,,,,,,,,,,,,,,,,,,,,,,,,,,,,,,,,,,,,,,,,,,,,,,,,,,,,Josh,5/10/2026
Irradiance Inc.,Meshack Ndiritu,Energy Generation,2021,North East,,S,2022,N,2022,Dead website,,,,,https://www.linkedin.com/company/khepra/,,,,,This is a past activity for the founder,https://www.linkedin.com/in/meshack-ndiritu/,,,,,,,,,,,,,,,,,,,,,,,,,,,,,,,,,,,,,,,,,,,,,,,,,,,,,,,,,,,,,,,,,,,,,,,,,,,,,,,,,,,,,,,,,,,,,,,,,,,,,,,,,,,,,,,,Josh,5/10/2026
Khepra,Julie Kring,Chemicals & Advanced Materials,2021,West,,S,2022,N,2022,Dead website,,,,,,,,,,Sole activity for the founder/CEO,https://www.linkedin.com/in/julie-k-70425689/,,,,,,,,,,,,,,,,,,,,,,,,,,,,,,,,,,,,,,,,,,,,,,,,,,,,,,,,,,,,,,,,,,,,,,,,,,,,,,,,,,,,,,,,,,,,,,,,,,,,,,,,,,,,,,,,Josh,5/10/2026
Layer Seven Technologies,Gary Moran,Information & Communication Tech,2021,North East,,A,2013,N,2021,Can't find a URL,,,,,,,,,,,Can't find,,,,,,,,,,,,,,,,,,,,,,,,,,,,,,,,,,,,,,,,,,,,,,,,,,,,,,,,,,,,,,,,,,,,,,,,,,,,,,,,,,,,,,,,,,,,,,,,,,,,,,,,,,,,,,,,Josh,5/10/2026
M4T,Alvaro Almeida,Energy Generation,2021,North East,,S,,N,2021,,,,,,,,,,,This is a past activity for the founder,https://www.linkedin.com/in/alvaro-de-mello-almeida/,,,,,,,,,,,,,,,,,,,,,,,,,,,,,,,,,,,,,,,,,,,,,,,,,,,,,,,,,,,,,,,,,,,,,,,,,,,,,,,,,,,,,,,,,,,,,,,,,,,,,,,,,,,,,,,,Josh,5/10/2026
Meknology LLC,Daniel Hodges,Agriculture Water & Waste,2021,Midwest,,Y,2024,Y,2026,https://www.meknology.com/,,No dates,,,https://www.linkedin.com/company/meknology/people/,,2026,,,Sole activity for the founder/CEO,https://www.linkedin.com/in/daniel-h-74655b8/,,,,,,,,,,,,,https://www.youtube.com/watch?v=bo5PF9nricg,,2025,There are other news stories.,,,,,,,,,,,,,,,,,,,,,,,,,,,,,,,,,,,,,,,,,,,,,,,,,,,,,,,,,,,,,,,,,,,,,,,,,,,,,,,,,,,,,,,,,,,,,,,,Josh,5/10/2026
MeterLeader,Natalie Zandt,Energy Efficiency,2021,West,,Y,2023,N,2023,https://www.meterleader.com/,Website indicates company is shutting down,,,,https://www.linkedin.com/company/meterleader/,,,,,"Not the founder's sole activity, recently took another job",https://www.linkedin.com/in/natalie-kaminer-zandt-54148619/,,,,,,,,,,,,,,,,,,,,,,,,,,,,,,,,,,,,,,,,,,,,,,,,,,,,,,,,,,,,,,,,,,,,,,,,,,,,,,,,,,,,,,,,,,,,,,,,,,,,,,,,,,,,,,,,Josh,5/10/2026
NanoHydroChem LLC,Parham Rohani,Energy Distribution & Storage,2021,North East,y,Y,2023,N,2023,,,,,,,,,,,This is a past activity for the founder,https://www.linkedin.com/in/parhamrohani/,,,,,,,,,,,,,,,,,,,,,,,,,,,,,,,,,,,,,,,,,,,,,,,,,,,,,,,,,,,,,,,,,,,,,,,,,,,,,,,,,,,,,,,,,,,,,,,,,,,,,,,,,,,,,,,,Josh,5/10/2026
Natrion,Alex Kosyakov,Energy Distribution & Storage,2021,North East,,Y,2024,Y,2026,https://www.natrion.co/en,,Copyright 2026,2026 postings,,https://www.linkedin.com/company/natrion/,,2026,,,Sole activity for the founder/CEO,https://www.linkedin.com/in/alexkosyakov/,,,,,,,,,,,,,,,,,,,,,,,,,,,,,,,,,,,,,,,,,,,,,,,,,,,,,,,,,,,,,,,,,,,,,,,,,,,,,,,,,,,,,,,,,,,,,,,,,,,,,,,,,,,,,,,,Josh,5/10/2026
OceanForesters,Mohammed Hasan,Energy Generation,2021,West,,S,2023,Y,2025,https://oceanforesters.org/,,Copyright 2025,Nonprofit,,https://www.linkedin.com/company/oceanforesters/people/,,,,,,,,,,,,,,,,,,,,,,,,,,,,,,,,,,,,,,,,,,,,,,,,,,,,,,,,,,,,,,,,,,,,,,,,,,,,,,,,,,,,,,,,,,,,,,,,,,,,,,,,,,,,,,,,,,,,,,Josh,5/10/2026
Origen Air Systems Ltd.,Susan Blanchet,Green Buildings,2021,Pacific Northwest,,Y,2024,Y,2025,https://origenair.com/,,"Copyright 2025, but active merchandising right now",,,https://www.linkedin.com/company/origen-air/,,2025,,,Has had other gigs including now,https://www.linkedin.com/in/susanblanchet/,,,,,,,,,,,,,,,,,,,,,,,,,,,,,,,,,,,,,,,,,,,,,,,,,,,,,,,,,,,,,,,,,,,,,,,,,,,,,,,,,,,,,,,,,,,,,,,,,,,,,,,,,,,,,,,,Josh,5/10/2026
PARAGON Auto-Motive,Mike Kakogiannakis,Transportation,2021,North East,,A,2016,N,2016,Out of business per Pitchbook,,,,,,,,,,,https://www.linkedin.com/in/mike-kakogiannakis/,,,,,,,,,,,,,,,,,,,,,,,,,,,,,,,,,,,,,,,,,,,,,,,,,,,,,,,,,,,,,,,,,,,,,,,,,,,,,,,,,,,,,,,,,,,,,,,,,,,,,,,,,,,,,,,,Josh,5/10/2026
Power to YAH,Kevin A. Dobson,Energy Distribution & Storage,2021,West,,N,NA,N,2021,Can't find a URL,,,,,,,,,,,Can't find,,,,,,,,,,,,,,,,,,,,,,,,,,,,,,,,,,,,,,,,,,,,,,,,,,,,,,,,,,,,,,,,,,,,,,,,,,,,,,,,,,,,,,,,,,,,,,,,,,,,,,,,,,,,,,,,Josh,5/10/2026
ProAgni,Lachlan Campbell,Agriculture Water & Waste,2021,Pacific Northwest,,Y,2024,Y,2024,https://proagni.com/?playlist=2526b1c&video=e97eab8,,,,,https://www.linkedin.com/company/proagni/posts/?feedView=all,,2026,,,"Founder has no conflicting activities, cofounders show this as full time with no other activities",https://www.linkedin.com/in/proagni/,,,,,,,,,,,,,,,,,,,,,,,,,,,,,,,,,,,,,,,,,,,,,,,,,,,,,,,,,,,,,,,,,,,,,,,,,,,,,,,,,,,,,,,,,,,,,,,,,,,,,,,,,,,,,,,,Josh,5/10/2026
Saturnu Solutions Corp.,Hamidreza Dargahi,Chemicals & Advanced Materials,2021,North East,,S,2024,Y,2026,https://saturnu.com/about-2/,,2026,Copyright 2026,,https://www.linkedin.com/company/saturnu-solutions-corp/,,,,,Sole activity for the founder/CEO,https://www.linkedin.com/in/hamidrezadargahi/,,,,,,,,,,,,,,,,,,,,,,,,,,,,,,,,,,,,,,,,,,,,,,,,,,,,,,,,,,,,,,,,,,,,,,,,,,,,,,,,,,,,,,,,,,,,,,,,,,,,,,,,,,,,,,,,Josh,5/10/2026
Shortcut,Nick Brooks,Transportation,2021,West,,S,2023,N,2023,Dead website,,,,,,,,,,This is a past activity for the founder,https://www.linkedin.com/in/nick-brooks-531661153/,,,,,,,,,,,,,,,,,,,,,,,,,,,,,,,,,,,,,,,,,,,,,,,,,,,,,,,,,,,,,,,,,,,,,,,,,,,,,,,,,,,,,,,,,,,,,,,,,,,,,,,,,,,,,,,,Josh,5/10/2026
Spectral Key,Faris Alquaddoomi,Energy Generation,2021,North East,,N,NA,N,2021,Can't find a URL,,,,,,,,,,,Can't find,,,,,,,,,,,,,,,,,,,,,,,,,,,,,,,,,,,,,,,,,,,,,,,,,,,,,,,,,,,,,,,,,,,,,,,,,,,,,,,,,,,,,,,,,,,,,,,,,,,,,,,,,,,,,,,,Josh,5/10/2026
Spiral Technology,Konstantyn Shyshkin,Energy Efficiency,2021,North East,,Y,2024,Y,2026,https://spiral.technology/,,2026,Copyright 2026 and lots of 2026 postings,,https://www.linkedin.com/company/spiraltechnology/,,2026,,,Sole activity for the founder/CEO,https://www.linkedin.com/in/kostashyshkin/,,,,,,,,,,,,,,,,,,,,,,,,,,,,,,,,,,,,,,,,,,,,,,,,,,,,,,,,,,,,,,,,,,,,,,,,,,,,,,,,,,,,,,,,,,,,,,,,,,,,,,,,,,,,,,,,Josh,5/10/2026
Springbay Studio Ltd.,Jane Ji,Information & Communication Tech,2021,North East,,Y,2024,Y,2026,https://springbaystudio.com/,,2026,Noting events in 2026,,,,,,,Sole activity for the founder/CEO,https://www.linkedin.com/in/chunji/,,,,,,,,,,,,,,,,,,,,,,,,,,,,,,,,,,,,,,,,,,,,,,,,,,,,,,,,,,,,,,,,,,,,,,,,,,,,,,,,,,,,,,,,,,,,,,,,,,,,,,,,,,,,,,,,Josh,5/10/2026
SUNBEIS,Brett Eisenlohr,Information & Communication Tech,2021,North East,,N,NA,N,2021,Can't find a URL,,,,,,,,,,,Can't find,,,,,,,,,,,,,,,,,,,,,,,,,,,,,,,,,,,,,,,,,,,,,,,,,,,,,,,,,,,,,,,,,,,,,,,,,,,,,,,,,,,,,,,,,,,,,,,,,,,,,,,,,,,,,,,,Josh,5/10/2026
Sustain Tek LLC,Gilmore Ching,Chemicals & Advanced Materials,2021,West,,N,NA,N,2021,Can't find a URL,,,,,,,,,,No mention of Sustain Tek LLC,https://www.linkedin.com/in/gilmore-ching-80b1b49/,,,,,,,,,,,,,https://fedlinks.com/profile/Sustain-Tek-LLC-Sheridan-WY,"This ties the founder to Sustain Tek LLC, but it went nowhere or would be findable elsewhere",,,,,,,,,,,,,,,,,,,,,,,,,,,,,,,,,,,,,,,,,,,,,,,,,,,,,,,,,,,,,,,,,,,,,,,,,,,,,,,,,,,,,,,,,,,,,,,,,,Josh,5/10/2026
Sustainable Energy Inc.,William Todorof,Chemicals & Advanced Materials,2021,Midwest,,S,2023,N,2023,Can't find a URL,,,,,,,,,,,Can't find,,,,,,,,,,,,,,,,,,,,,,,,,,,,,,,,,,,,,,,,,,,,,,,,,,,,,,,,,,,,,,,,,,,,,,,,,,,,,,,,,,,,,,,,,,,,,,,,,,,,,,,,,,,,,,,,Josh,5/10/2026
ThreeMain,Joe Budzienski,Chemicals & Advanced Materials,2021,North East,,N,2020,N,2021,Dead website,,,,,,,,,,This is a past activity for the founder,https://www.linkedin.com/in/joebudzienski/,,,,,,,,,,,,,,,,,,,,,,,,,,,,,,,,,,,,,,,,,,,,,,,,,,,,,,,,,,,,,,,,,,,,,,,,,,,,,,,,,,,,,,,,,,,,,,,,,,,,,,,,,,,,,,,,Josh,5/10/2026
UBU,Nicolò Servi,Agriculture Water & Waste,2021,North East,,N,NA,N,2026,Can't find a URL,,2026,Copyright 2026,,https://www.linkedin.com/company/upcatalyst/,,2025,,,Sole activity for the founder/CEO,https://www.linkedin.com/in/nicol%C3%B3-servi-a181ab2a/,,,,,,,,,,,,,,,,,,,,,,,,,,,,,,,,,,,,,,,,,,,,,,,,,,,,,,,,,,,,,,,,,,,,,,,,,,,,,,,,,,,,,,,,,,,,,,,,,,,,,,,,,,,,,,,,Josh,5/10/2026
UP Catalyst,Gary Urb,Chemicals & Advanced Materials,2021,North East,,Y,2024,Y,2026,https://upcatalyst.com/,,,,,,,,,,"Founder left, but company survives and thrives",https://www.linkedin.com/in/gary-urb-phd/,,,,,,,,,,,,,,,,,,,,,,,,,,,,,,,,,,,,,,,,,,,,,,,,,,,,,,,,,,,,,,,,,,,,,,,,,,,,,,,,,,,,,,,,,,,,,,,,,,,,,,,,,,,,,,,,Josh,5/10/2026
Wyoming Hyperscale White Box LLC,Trenton Thornock,Green Buildings,2021,Rocky Mountain,,Y,2024,Y,2026,https://www.prometheushyperscale.com/,,2026,Copyright 2026 and 2026 news stories,,https://www.linkedin.com/company/prometheus-hyperscale/,,2026,,,No conflcting activity,https://www.linkedin.com/in/trentonthornock/,,,,,,,,,,,,,,,,,,,,,,,,,,,,,,,,,,,,,,,,,,,,,,,,,,,,,,,,,,,,,,,,,,,,,,,,,,,,,,,,,,,,,,,,,,,,,,,,,,,,,,,,,,,,,,,,Josh,5/10/2026
Coral Charge Inc,Burak Elibol,"Energy Distribution & Storage, Transportation",2022,West,,S,2023,Y,2026,https://coralcharge.com/,,2026,Copyright 2026,,https://www.linkedin.com/company/coral-charge/,,,,,Sole activity for the founder/CEO,https://www.linkedin.com/in/burakelibol/,,,,,,,,,,,,,,,,,,,,,,,,,,,,,,,,,,,,,,,,,,,,,,,,,,,,,,,,,,,,,,,,,,,,,,,,,,,,,,,,,,,,,,,,,,,,,,,,,,,,,,,,,,,,,,,,Josh,5/10/2026
Green Edge Computing Corp. (aka GECCO),Jeff MacMillan,Information & Communication Tech,2022,Pacific Northwest,,Y,2024,Y,2026,https://www.g3cco.com/,,2026,2026 events noted,,https://www.linkedin.com/company/green-edge-computing-corp/,,2026,,,No conflcting activity,https://www.linkedin.com/in/jeffmacmillan1/,,,,,,,,,,,,,,,,,,,,,,,,,,,,,,,,,,,,,,,,,,,,,,,,,,,,,,,,,,,,,,,,,,,,,,,,,,,,,,,,,,,,,,,,,,,,,,,,,,,,,,,,,,,,,,,,Josh,5/10/2026
NTP Technologies,John Ireland,Agriculture Water & Waste,2022,Northeast,,Y,2023,N,2025,Dead website,Y,2025,product/news,Y,https://www.linkedin.com/company/ntp-technologies/,N,,,2025,John Ireland,https://www.linkedin.com/in/jmireland3/,N,N,N,N,N,N,N,N,N,N,Y,2024,https://www.growthmentor.com/startup-accelerators/cleantech-open/ntp-technologies/,N,N,N,N,,N,N,N,N,N,N,N,N,Y,Cleantech Open 2022 (Northeast Regional Winner + Ag/Food/Land Use Prize); John Ireland also CTO mentor,N,N,N,N,N,N,N,N,,N,N,https://www.crunchbase.com/organization/ntp-technologies#overview,,,,2,,,"$120,000",USD,,"Grant, Venture",-,,2023,USD,May 3,,,$100K,USD,May 3,,,,Pre-seed,USD,May 3,,,2022,USD,,,,Pre-seed,USD,May 3,,,2023,USD,May 3,,,N,N,N,N,N,Y,GROW Agrifoodtech Accelerator,2023,,N,N,N,N,N,N,N,N,N,N,N,N,Y,2025,https://ntptechnologies.com/,N,N,Y,https://ntptechnologies.com/ (reduces GHG emissions and improves agricultural practices; nitrogen transport/processing technology),Haoran,5/7/2026
florrent,Jose LaSalle,Energy Distribution & Storage,2022,Northeast,,Y,2024,Y,2025,https://www.florrent.com/,Y,2025,news/product/team pages,Y,https://www.linkedin.com/company/florrent/,N,,,,Jose LaSalle,https://www.linkedin.com/in/joselasalle/,N,N,N,N,N,N,N,N,N,N,Y,2025,https://www.florrent.com/articles/florrent-raises-seed-2,N,N,N,N,,N,N,N,N,N,N,N,N,Y,Cleantech Open 2022; Activate Fellowship 2023; MassCEC DICES; MassVentures; USDA $10M grant (sub-awardee with 13 Indigenous Tribes),N,N,N,N,N,N,N,N,,N,N,https://www.crunchbase.com/organization/florrent#overview,,,,7,,,"$17,469,900",USD,,"Grant, Venture",17.38M,,2025,USD,Sep 4,,,$9.5M,USD,Sep 4,,,,Seed,USD,Sep 4,,,2023,USD,,,,Seed,USD,Sep 4,,,2023,USD,Sep 4,,,Y,https://www.florrent.com/articles/florrent-raises-seed-2,2025,"$9.5M Seed-2 (Sep 2025, led by MassVentures); $3.6M Seed-1 (Aug 2024, led by MassVentures); $650K+ grants; USDA $10M sub-awardee",N,,,,,Y,2025,Y,2025,N,N,N,N,N,N,N,N,Y,2025,https://www.florrent.com/,N,N,Y,https://www.florrent.com/ (supercapacitors from hemp biomass waste; grid stability; sources from BIPOC/Indigenous farmers; sequesters carbon; 1.5 Gigatons abatement potential by 2050; $9.5M Seed-2 Sep 2025),Haoran,5/7/2026
Clean Valley Bio-filtration Technologies CIC,Nicholas H. LaValle,"Agriculture, Water & Waste",2022,International,,Y,2024,Y,2024,https://www.cleanvalleycic.com/,Y,2024,product/news,Y,https://www.linkedin.com/company/clean-valley-cic/,Y,2026,,,Nicholas H. Lavalle,https://ca.linkedin.com/in/nicholas-lavalle/,N,N,N,N,N,N,N,N,N,N,Y,2024,https://cleanvalley.ca/,N,N,N,N,,N,N,N,N,N,N,N,N,Y,Cleantech Open 2022,N,N,N,N,N,N,N,N,,N,N,https://www.crunchbase.com/organization/clean-valley-bio-filtration-technologies,,,,6,,,"$6,010,000",USD,,"Grant, Venture",-,,2026,USD,Mar 3,,,$4M,USD,Mar 3,,,,Debt Financing,USD,Mar 3,,,2023,USD,,,,Debt Financing,USD,Mar 3,,,2026,USD,Mar 3,,,N,N,N,N,N,Y,MassChallenge Switzerland,2023,,N,N,N,N,N,N,N,Y,https://cleanvalley.ca/ (Canada-based; International cohort),N,N,N,Y,2024,https://cleanvalley.ca/,N,N,Y,https://cleanvalley.ca/ (bio-filtration technology for water/wastewater treatment),Haoran,5/7/2026
Aquora Biosystems Inc.,Tim Fairley-Wax,"Agriculture, Water & Waste",2022,Midwest,,Y,2024,Y,2025,https://www.aquorabiosystems.com/,Y,2025,news/product,N,,,,,,Tim Fairley,https://www.linkedin.com/in/fairley-waxtim/,N,N,N,N,N,N,N,N,N,N,Y,2025,https://chainreaction.anl.gov/innovators/tim-fairley-wax/,N,N,N,N,,N,N,N,N,N,N,N,N,Y,Cleantech Open 2022 (national finalist); Argonne Chain Reaction Innovations CRI Cohort 7; DOE; GCxN; VentureWell; ETN COPILOT Accelerator,N,N,N,N,N,N,N,N,,N,N,https://www.crunchbase.com/organization/aquora-biosystems,,,,,,,$0,,,,-,,,,,,,,,,,,,,,,,,,,,,,,,,,,,,,,,Y,https://chainreaction.anl.gov/innovators/tim-fairley-wax/,2025,$4.5M in DOE co-managed grants; $350K total raised (PitchBook); ETN COPILOT Accelerator 2025,N,Y,COPILOT Accelerator,2024,,Y,2025,Y,2025,N,N,N,N,N,N,N,N,Y,2025,https://www.aquorabiosystems.com/,N,N,Y,https://www.aquorabiosystems.com/ (waste-to-SAF jet fuel; F2J pathway; -150 g CO2/MJ carbon intensity; dairy manure + food waste treatment; DOE Secretary meeting Sep 2025; piloting Houston 2025),Haoran,5/7/2026
Argyle Earth,Kristina McMillan,Energy Generation,2022,West,,Y,2024,Y,2025,https://www.argyleearth.com/,Y,2025,product/news,N,,,,,,Kristina & Christopher McMillan,https://www.linkedin.com/in/kristinamcmillan/,N,N,N,N,N,N,N,N,N,N,Y,2024,https://argyleearth.com/,N,N,N,N,,N,N,N,N,N,N,N,N,Y,Cleantech Open 2022,N,N,N,N,N,N,N,N,,N,N,https://www.crunchbase.com/organization/argyle-earth,,,,,,,$0,,,,0.02M,,,,,,,,,,,,,,,,,,,,,,,,,,,,,,,,,N,N,N,N,N,,,,,N,N,N,N,N,N,N,N,N,N,N,N,N,N,N,N,N,Y,https://argyleearth.com/ (geothermal/earth energy solutions),Haoran,5/7/2026
HiT Nano Inc,Yiguang Ju,Chemicals & Advanced Materials,2022,Northeast,,Y,2022,Y,2025,https://www.hitnanoinc.com/,Y,2023,News,N,,,,,,Yiguang Ju,https://www.linkedin.com/in/yiguang-ju-8b98b2230/,N,N,N,N,N,N,N,N,N,N,Y,2024,https://hitnano.com/,N,N,N,N,,N,N,N,N,N,N,N,N,Y,Cleantech Open 2022; NSF; DOE; Princeton University spinout,N,N,N,N,N,N,N,N,,N,N,https://www.crunchbase.com/organization/hit-nano,,,,6,,,"$366,500",USD,,"Self/Family, Grant",1.15M,,2024,USD,Oct 15,,,$75K,USD,Oct 15,,,,Grant,USD,Oct 15,,,2022,USD,,,,Grant,USD,May 15,,,2023,USD,May 15,,,N,N,N,N,N,,,,,N,N,N,N,N,N,N,N,N,N,N,N,N,N,N,N,N,Y,https://hitnano.com/ (advanced nanomaterials for hydrogen/energy applications),Haoran,5/7/2026
"G Force Waste Sorters, Inc.",Michelle Lee Guiney,"Agriculture, Water & Waste",2022,Northeast,,N,NA,N,2022,Dead website,N,N,N,N,,,,,,Michelle Lee G,https://au.linkedin.com/in/michele-guiney-b80a2b63/,N,N,N,N,N,N,N,N,N,N,N,N,N,N,N,N,N,,N,N,N,N,N,N,N,N,Y,Cleantech Open 2022,N,N,N,N,N,N,N,N,,N,N,https://www.crunchbase.com/organization/g-force-waste-sorters,,,,,,,$0,,,,-,,,,,,,,,,,,,,,,,,,,,,,,,,,,,,,,,N,N,N,N,N,,,,,N,N,N,N,N,N,N,N,N,N,N,N,N,N,N,N,N,N,N,Haoran,5/7/2026
Mirai Solar,Michael Salvador,Energy Generation,2022,West,,Y,2024,Y,2025,https://miraisolar.com/,Y,2025,product/news,Y,https://www.linkedin.com/company/mirai-solar/,,,,,Michael Salvador,https://sa.linkedin.com/in/mfgsalvador/en/,N,N,N,N,N,N,N,N,N,N,Y,2025,https://miraisolar.com/,N,N,N,N,,N,N,N,N,N,N,N,N,Y,Cleantech Open 2022,N,N,N,N,N,N,N,N,,N,N,https://www.crunchbase.com/organization/mirai-solar#overview,,,,4,,,"$280,000",USD,,Grant,-,,2024,USD,Oct 23,,,$30K,USD,Oct 23,,,,Grant ,USD,Oct 23,,,2023,USD,Jul 11,,,Grant ,USD,Jul 11,,,2023,USD,Jul 11,,,N,N,N,N,N,Y,"Taqadam, Mega Green Accelerator","2019, 2024",,Y,2025,Y,2025,N,N,N,N,N,N,N,N,N,N,N,N,N,Y,https://miraisolar.com/ (agrivoltaic/bifacial solar technology),Haoran,5/7/2026
Kasava LLC,Bohdan Radejko,"Energy Efficiency, Transportation",2022,Northeast,,N,NA,N,2022,https://www.kasava-engineering.com/,N,N,N,N,,,,,,Bohdan Radejko,https://www.linkedin.com/in/bohdanradejko/,N,N,N,N,N,N,N,N,N,N,N,N,N,N,N,N,N,,N,N,N,N,N,N,N,N,Y,Cleantech Open 2022,N,N,N,N,N,N,N,N,,N,N,Not in Crunchbase,,,,,,,$0,,,,-,,,,,,,,,,,,,,,,,,,,,,,,,,,,,,,,,N,N,N,N,N,,,,,N,N,N,N,N,N,N,N,N,N,N,N,N,N,N,N,N,N,N,Haoran,5/7/2026
Soar Optics,Steve Barnett,"Agriculture, Water & Waste",2022,West,,Y,2024,Y,2025,https://soaroptics.com/,Y,2025,product/news,Y,https://www.linkedin.com/company/soar-optics/,,,,,Steve Barnett,https://www.linkedin.com/in/stevenmbarnett1/,N,N,N,N,N,N,N,N,N,N,Y,2024,https://soaroptics.com/,N,N,N,N,,N,N,N,N,N,N,N,N,Y,Cleantech Open 2022,N,N,N,N,N,N,N,N,,N,N,Not in Crunchbase,,,,,,,$0,,,,-,,,,,,,,,,,,,,,,,,,,,,,,,,,,,,,,,N,N,N,N,N,,,,,N,N,N,N,N,N,N,N,N,N,N,N,N,N,N,N,N,Y,https://soaroptics.com/ (precision optics technology for water/environmental monitoring),Haoran,5/7/2026
Relyion Energy Inc,Surinder Singh,Energy Distribution & Storage,2022,West,,Y,2024,Y,2025,,Y,2025,news/product,N,,,,,,Surinder Singh,https://www.linkedin.com/in/surindersingh/,N,N,N,N,N,N,N,N,N,N,Y,2025,https://relyionenergy.com/news,N,N,N,N,,N,N,N,N,N,N,N,N,Y,Cleantech Open 2022; LACI (LA Cleantech Incubator) Cohort 5; Active Impact Investments; Mission Driven Finance LACI Cleantech Debt Fund,N,N,N,N,N,N,N,N,,N,N,Not in Crunchbase,,,,,,,$0,,,,-,,,,,,,,,,,,,,,,,,,,,,,,,,,,,,,,,Y,https://relyionenergy.com/news,2025,Undisclosed seed (Active Impact Investments); LACI Cleantech Debt Fund; Nissan LEAF battery partnership,N,,,,,Y,2025,Y,2025,N,N,N,N,N,N,N,N,Y,2025,https://relyionenergy.com/,N,N,Y,https://relyionenergy.com/ (repurposes used EV batteries for stationary BESS; Nissan Leaf partnership; AI-powered energy management; achieved safety/commercialization milestone Jan 2025; CERAWeek 2024 speaker),Haoran,5/7/2026
Renegade Plastics Corporation,Tony Ehrbar,"Chemicals & Advanced Materials, Agriculture, Water & Waste",2022,Rocky Mountain,,Y,2024,Y,2025,https://renegadeplastics.com/,Y,2025,product/about,Y,https://www.linkedin.com/company/renegade-plastics/,,,,,Tony Ehrbar,https://www.linkedin.com/in/tonyehrbar/,N,N,N,N,N,N,N,N,N,N,Y,2025,https://businessden.com/2025/01/07/the-term-sheet-startup-funding-roundup-for-december-2024/,N,N,N,N,,N,N,N,N,N,N,N,N,Y,Cleantech Open 2022; NextCycle Colorado 2024,N,N,N,N,N,Y,2024,Equity,,$2.75M,$2.75M,https://www.crunchbase.com/organization/renegade-plastics,,,,5,,,"$3,250,000",,,"Self/Family, Grant, Venture",2.55M,,2024,USD,Dec 6,,,$2M,USD,Dec 6,,,,Seed,USD,Dec 6,,,2022,USD,Jan 2,,,Seed,USD,Dec 6,,,2024,USD,Dec 6,,,Y,https://schneiderresources.com/renegade-plastics/,2024,$2.75M total (SEC docs); pre-seed led by Schneider Resources Holding (May 2024),N,,,,,Y,2025,Y,2025,N,N,N,N,N,N,N,N,Y,2025,https://renegadeplastics.com/,N,N,Y,https://renegadeplastics.com/ (non-toxic PVC alternative coated fabric; eliminates toxic biocides/phthalates/PFAS from plastics; only US supplier of non-toxic PVC alternative; circular fabric economy),Haoran,5/7/2026
Verde Technologies Incorporated,Skylar Bagdon,Energy Generation,2022,Northeast,,Y,2024,Y,2025,https://www.verde-technologies.com/,Y,2025,product/news,Y,https://www.linkedin.com/company/verde-technologies-incorporated/,,,,,Skylar Bagdon,https://www.linkedin.com/in/skylar-bagdon-077a0a157/,N,N,N,N,N,N,N,N,N,N,Y,2024,https://verdetechnologies.com/,N,N,N,N,,N,N,N,N,N,N,N,N,Y,Cleantech Open 2022,N,N,N,N,N,N,N,N,,N,N,https://www.crunchbase.com/organization/verde-technologies-fb60,,,,7,,,"$5,450,000",,,"Self/Family, Grant, Venture",4.23M,,2026,USD,Jan 23,,,$3M,USD,Jan 23,,,,Venture - Series Unknown,USD,Jan 23,,,2022,USD,Jun 12,,,Venture - Series Unknown,USD,Jan 23,,,2026,USD,Jan 23,,,N,N,N,N,N,Y,Newchip Accelerator,2026,,N,N,N,N,N,N,N,N,N,N,N,N,N,N,N,N,N,Y,https://verdetechnologies.com/ (clean energy generation technology),Haoran,5/7/2026
Tycho Solutions,Felipe González,Information & Communication Tech,2022,West,,Y,2023,Y,2025,https://www.dot-corp.org/articles/enterprise-software-solutions-for-corporations.html?psystem=PW&domain=www.tycho.solutions&oref=https%3A%2F%2Fwww.tycho.solutions%2F&trafficTarget=reseller,Y,2025,product/news,N,https://www.linkedin.com/company/tycho-solutions/,,,,,Felipe González,,N,N,N,N,N,N,N,N,N,N,Y,2025,https://tychosolutions.com/,N,N,N,N,,N,N,N,N,N,N,N,N,Y,Cleantech Open 2022,N,N,N,N,N,N,N,N,,N,N,https://www.crunchbase.com/organization/tycho-solutions-f61a,,,,,,,$0,,,,-,,,,,,,,,,,,,,,,,,,,,,,,,,,,,,,,,N,N,N,N,N,,,,,N,N,N,N,N,N,N,N,N,N,N,N,N,N,N,N,N,Y,https://tychosolutions.com/ (IT/communications solutions for clean energy),Haoran,5/7/2026
VIRV LLC,Nick Holland,Energy Distribution & Storage,2022,West,,Y,2024,Y,2025,https://virv.io/,Y,2025,product/news,Y,https://www.linkedin.com/company/virv/,,,,,Nick Holland,https://www.linkedin.com/in/nickhollandvirv2020/,N,N,N,N,N,N,N,N,N,N,Y,2024,https://virv.com/,N,N,N,N,,N,N,N,N,N,N,N,N,Y,Cleantech Open 2022,N,N,N,N,N,N,N,N,,N,N,https://www.crunchbase.com/organization/virv,,,,,,,$0,,,,-,,,,,,,,,,,,,,,,,,,,,,,,,,,,,,,,,N,N,N,N,N,,,,,N,N,N,N,N,N,N,N,N,N,N,N,N,N,N,N,N,Y,https://virv.com/ (energy distribution/storage technology),Haoran,5/7/2026
Sensible Photonics,Paul Ohodnicki,Energy Distribution & Storage,2022,Northeast,,Y,2024,Y,2025,https://www.sensiblephotonics.com/,Y,2025,product/research,Y,https://www.linkedin.com/company/sensible-photonics/,,,,,Paul Ohodnicki,,N,N,N,N,N,N,N,N,N,N,Y,2024,https://sensiblephotonics.com/,N,N,N,N,,N,N,N,N,N,N,N,N,Y,Cleantech Open 2022; DOE; ARPA-E,N,N,N,N,N,N,N,N,,N,N,https://www.crunchbase.com/organization/sensible-photonics,,,,3,,,"$700,000",,,"Self/Family, Grant",-,,2024,USD,Jul 22,,,$600K,USD,Jul 22,,,,Grant,USD,Jul 22,,,2024,USD,Feb 8,,,Grant,USD,Jul 22,,,2024,USD,Jul 22,,,N,N,N,N,N,Y,US Department of Energy,2024,,N,N,N,N,N,N,N,N,N,N,N,N,N,N,N,N,N,Y,https://sensiblephotonics.com/ (photonic sensing for energy grid monitoring/distribution),Haoran,5/7/2026
Ai Can Recycling Corp,Joe Gelber,"Agriculture, Water & Waste",2022,Northeast,,Y,NA,N,2025,Dead Website,Y,2025,product/news,N,,,,,,Joe Gelber,,N,N,N,N,N,N,N,N,N,N,Y,2025,https://aicanrecycling.com/,N,N,N,N,,N,N,N,N,N,N,N,N,Y,Cleantech Open 2022,N,N,N,N,N,N,N,N,,N,N,https://www.crunchbase.com/organization/ai-can,,,,,,,$0,,,,-,,,,,,,,,,,,,,,,,,,,,,,,,,,,,,,,,N,N,N,N,N,,,,,Y,2025,Y,2025,N,N,N,N,N,N,N,N,N,N,N,N,N,Y,https://aicanrecycling.com/ (AI-powered aluminum can recycling; increases recycling rates),Haoran,5/7/2026
"Digital Mailbox, Inc. dba Zipinmail",Vijay Chetty,Information & Communication Tech,2022,West,,Y,2024,Y,2025,https://www.zipinmail.com/,Y,2025,product/news,Y,https://www.linkedin.com/company/zipinmail/,,,,,Vijay Chetty,https://www.linkedin.com/in/vijay-chetty/,N,N,N,N,N,N,N,N,N,N,Y,2024,https://zipinmail.com/,N,N,N,N,,N,N,N,N,N,N,N,N,Y,Cleantech Open 2022,N,N,N,N,N,N,N,N,,N,N,https://www.crunchbase.com/organization/zipinmail,,,,2,,,"$157,300",,,Venture,-,,2022,USD,Oct 14,,,$157.3K,USD,Oct 14,,,,Equity Crowdfunding,USD,Oct 14,,,2022,USD,Oct 14,,,Equity Crowdfunding,USD,Oct 14,,,2022,USD,Oct 14,,,N,N,N,N,N,,,,,Y,2024,Y,2024,N,N,N,N,N,N,N,N,N,N,N,N,N,Y,https://zipinmail.com/ (digital mailbox reduces paper waste from physical mail; reduces carbon footprint of mail delivery),Haoran,5/7/2026
CarbonBridge Inc.,Manu Pillai,"Agriculture, Water & Waste",2022,West,,Y,2024,Y,2025,https://www.carbonbridge.io/,Y,2025,product/news,Y,https://www.linkedin.com/company/carbonbridge/,,,,,Manu Pillai,https://www.linkedin.com/in/manurpillai/,N,N,N,N,N,N,N,N,N,N,Y,2025,https://carbonbridge.eco/,N,N,N,N,,N,N,N,N,N,N,N,N,Y,Cleantech Open 2022,N,N,N,N,N,N,N,N,,N,N,https://www.crunchbase.com/organization/carbonbridge,,,,4,,,"$839,900",,,"Self/Family, Grant",1.35M,,2024,USD,Aug 20,,,$719.9K,USD,Aug 20,,,,Grant,USD,Aug 20,,,2023,USD,Jan1,,,Grant,USD,Aug 20,,,2024,USD,Aug 20,,,N,N,N,N,N,Y,Techstars,2022，2023,,N,N,N,N,N,N,N,N,N,N,N,N,N,N,N,N,N,Y,https://carbonbridge.eco/ (water/waste/carbon capture solutions),Haoran,5/7/2026
AMATEC,Igor Stavrulov,"Chemicals & advanced materials, Green buildings",2022,Northeast,,Y,2024,Y,2025,https://amatec-corp.com/,Y,2025,product/news,Y,https://www.linkedin.com/company/amatecinc/,,,,,Igor Stavrulov,https://www.linkedin.com/in/igor-stavrulov-010354140/,N,N,N,N,N,N,N,N,N,N,Y,2024,https://amatec.us/,N,N,N,N,,N,N,N,N,N,N,N,N,Y,Cleantech Open 2022,N,N,N,N,N,N,N,N,,N,N,https://www.crunchbase.com/organization/amatec-9858,,,,5,,,"$640,000",,,"Self/Family, Grant, Venture",0.4M,,2024,USD,Dec 5,,,$240K,USD,Dec 5,,,,Grant ,USD,Dec 5,,,2022,USD,Aug 1,,,Pre-seed,USD,Apr 26,,,2023,USD,Apr 26,,,N,N,N,N,N,,,,,N,N,N,N,N,N,N,N,N,N,N,N,N,N,N,N,N,Y,https://amatec.us/ (advanced materials/chemicals for green buildings),Haoran,5/7/2026
3D Architech,Kai Narita,Chemicals & Advanced materials,2022,Northeast,,Y,2024,Y,2025,https://www.3d-architech.com/,Y,2025,product/news,Y,https://www.linkedin.com/company/3d-architech/,,,,,Kai Narita,https://www.linkedin.com/in/kai-narita/,N,N,N,N,N,N,N,N,N,N,Y,2024,https://3darchitechusa.com/,N,N,N,N,,N,N,N,N,N,N,N,N,Y,Cleantech Open 2022,N,N,N,N,N,N,N,N,,N,N,https://www.crunchbase.com/organization/3d-architech,,,,,,,$0,,,,-,,,,,,,,,,,,,,,,,,,,,,,,,,,,,,,,,N,N,N,N,N,Y,MassChallenge,2023,,N,N,N,N,N,N,N,N,N,N,N,N,N,N,N,N,N,Y,https://3darchitechusa.com/ (3D-printed advanced materials for sustainable construction),Haoran,5/7/2026
GRAIN,Ryan Letourneau,Information & Communication Tech,2022,Northeast,,Y,2024,Y,2025,https://grainecosystem.com/,Y,2025,product/news,N,,,,,,Ryan Letourneau,https://www.linkedin.com/in/ryan-letourneau-45065029/,N,N,N,N,N,N,N,N,N,N,Y,2025,https://grain.eco/,N,N,N,N,,N,N,N,N,N,N,N,N,Y,Cleantech Open 2022,N,N,N,N,N,N,N,N,,N,N,https://www.crunchbase.com/organization/grain-ecosystem,,,,3,,,"$1,380,000",,,Self/Family,3.13M,,2025,USD,Apr 8,,,$880K,USD,Apr 8,,,,Seed,USD,Apr 8,,,2022,USD,Oct 17,,,Seed,USD,Apr 8,,,2025,USD,Apr 8,,,N,N,N,N,N,,,,,Y,2025,Y,2025,N,N,N,N,N,N,N,N,N,N,N,N,N,Y,https://grain.eco/ (ICT platform for agricultural sustainability/transparency),Haoran,5/7/2026
Clean Terawatts LLC,William Fiege,Energy Generation,2022,West,,S,,N,2023,https://cleanterawatts.com/,N,N,N,,,,,,,,,N,N,N,N,N,N,N,N,N,N,N,N,N,N,N,N,N,,N,N,N,N,N,N,N,N,Y,Cleantech Open 2022,N,N,N,N,N,N,N,N,,N,N,https://www.crunchbase.com/organization/clean-terawatts,,,,,,,$0,,,,-,,,,,,,,,,,,,,,,,,,,,,,,,,,,,,,,,N,N,N,N,N,,,,,N,N,N,N,N,N,N,N,N,N,N,N,N,N,N,N,N,N,N,Haoran,5/7/2026
iCheck Energy,Udit Patel,Information & Communication Tech,2022,Northeast,,S,2021,S,2023,https://icheckenergy.weebly.com/,N,N,N,N,https://www.linkedin.com/in/udit-patel/,,,,,Udit Patel,https://www.linkedin.com/in/udit-patel-105263b6/,N,N,N,N,N,N,N,N,N,N,N,N,N,N,N,N,N,,N,N,N,N,N,N,N,N,Y,Cleantech Open 2022,N,N,N,N,N,N,N,N,,N,N,https://www.crunchbase.com/organization/icheck-energy,,,,2,,,"$750,000",,,Grant,-,,2022,USD,Aug 8,,,$75K,USD,Aug 8,,,,Grant,USD,Aug 8,,,2022,USD,Aug 8,,,Grant,USD,Aug 8,,,2022,USD,Aug 8,,,N,N,N,N,N,,,,,N,N,N,N,N,N,N,N,N,N,N,N,N,N,N,N,N,N,N,Haoran,5/7/2026
Blochsoft Technologies Inc.,Michael Misovec,Energy Generation,2022,Southeast,,Y,2024,Y,2025,https://www.blochsoft.com/,Y,2025,product/news,N,https://www.linkedin.com/company/blochsoft/,,,,,Michael Misovec,https://www.linkedin.com/in/michael-misovec-46875514/,N,N,N,N,N,N,N,N,N,N,Y,2024,https://blochsoft.com/,N,N,N,N,,N,N,N,N,N,N,N,N,Y,Cleantech Open 2022,N,N,N,N,N,N,N,N,,N,N,https://www.crunchbase.com/organization/blochsoft-technologies,,,,,,,$0,,,,-,,,,,,,,,,,,,,,,,,,,,,,,,,,,,,,,,N,N,N,N,N,,,,,N,N,N,N,N,N,N,N,N,N,N,N,N,N,N,N,N,Y,https://blochsoft.com/ (software for clean energy/grid management),Haoran,5/7/2026
BuildingLens Inc.,David Burchfield,Energy Efficiency,2022,Pacific Northwest,,Y,2024,Y,2025,https://buildinglens.com/,Y,2025,product/news,Y,https://www.linkedin.com/company/buildinglens/,N,,,,David Burchfield,https://www.linkedin.com/in/davidlburchfield/,N,N,N,N,N,N,N,N,N,N,Y,2024,https://biztrib.com/2023/09/27/funding-first/,N,N,N,N,,N,N,N,N,N,N,N,N,Y,Cleantech Open 2022; Elevate Capital (Impact Fund),N,N,N,N,N,N,N,N,,N,N,https://www.crunchbase.com/organization/buildinglens,,,,3,,,"$250,000",,,Self/Family,1.35M,,2022,USD,Dec 13,,,$250K,USD,Dec 13,,,,Pre-seed,USD,Dec 13,,,,,,,,Pre-seed,USD,Dec 13,,,2022,USD,Dec 13,,,Y,https://biztrib.com/2023/09/27/funding-first/,2023,"Undisclosed (Elevate Capital Impact Fund gap funding, 2023)",N,Y,"Tampa Bay Innovation Center, Newchip Accelerator",2023 for Tampa// 2022 for Newchip,,Y,2025,Y,2025,N,N,N,N,N,N,N,N,N,N,N,N,N,Y,https://buildinglens.io/ (energy efficiency software for building systems; reduces building energy consumption and carbon footprint; BIPOC-founded),Haoran,5/7/2026
Bison Underground,Steve Adams,"Agriculture, Water & Waste",2022,South Central,,Y,2024,Y,2025,https://www.bisonunderground.com/,Y,2025,product/news,Y,https://www.linkedin.com/company/bisonunderground/,N,,,,Steve Adams,https://www.linkedin.com/in/steven-adams-1a7244127/,N,N,N,N,N,N,N,N,N,N,Y,2024,https://bisonunderground.com/,N,N,N,N,,N,N,N,N,N,N,N,N,Y,Cleantech Open 2022,N,N,N,N,N,N,N,N,,N,N,https://www.crunchbase.com/organization/bison-underground,,,,,,,$0,,,,,,,,,,,,,,,,,,,,,,,,,,,,,,,,,,,,,N,N,N,N,N,,,,,N,N,N,N,N,N,N,N,N,N,N,N,N,N,N,N,N,Y,https://bisonunderground.com/ (underground water infrastructure solutions; leak detection; reduces water waste),Haoran,5/7/2026
Beam Tech Inc.,Raj Tilwa,"Energy Efficiency, Green buildings",2022,West,,Y,2024,Y,2025,https://www.focalheat.co/our-heaters,,2025,Copyright 2025,,https://www.linkedin.com/company/focal-heat/posts/?feedView=all,,2026,,,Sole activity for the founder,https://www.linkedin.com/in/raj-tilwa/,,,,,,,,,,,,,,,,,,,,,,,,,,,,,,,,,,,,,,,,,,,,,,,,,,,,,,,,,,,,,,,,,,,,,,,,,,,,,,,,,,,,,,,,,,,,,,,,,,,,,,,,,,,,,,,,Josh,5/12/2026
CA Hybrid,Ali Nabavi,"Energy Generation, Energy Distribution & Storage, Energy Efficiency, Green buildings, Transportation",2022,Northeast,,Y,2024,N,2024,https://www.cahybrid.com/,,,,,None,,,,,Past activity for the founder,https://www.linkedin.com/in/ali-nabavi-phd-peng-65576a3a/,,,,,,,,,,,,,,,,,,,,,,,,,,,,,,,,,,,,,,,,,,,,,,,,,,,,,,,,,,,,,,,,,,,,,,,,,,,,,,,,,,,,,,,,,,,,,,,,,,,,,,,,,,,,,,,,Josh,5/12/2026
EDEN Concept Fill Inc,Lisa Jacks-Lazar,Chemicals & Advanced Materials,2022,West,,Y,2024,N,2023,https://www.eden-cellyfill.com/,,2023,NREL mention,,None,,,,,Does not show on founder website,https://www.linkedin.com/in/lisa-jacks-lazar-7736b123/,,,,,,,,,,,,,,,,,,,,,,,,,,,,,,,,,,,,,,,,,,,,,,,,,,,,,,,,,,,,,,,,,,,,,,,,,,,,,,,,,,,,,,,,,,,,,,,,,,,,,,,,,,,,,,,,Josh,5/12/2026
Decarbon,Kyle Graycar,Information & Communication Tech,2022,West,,Y,2024,N,2024,Dead Website,,,,,https://www.linkedin.com/company/4-0-analytics-inc/,,,,,Past activity for the founder,https://www.linkedin.com/in/kgraycar/,,,,,,,,,,,,,,,,,,,,,,,,,,,,,,,,,,,,,,,,,,,,,,,,,,,,,,,,,,,,,,,,,,,,,,,,,,,,,,,,,,,,,,,,,,,,,,,,,,,,,,,,,,,,,,,,Josh,5/12/2026
"4.0 Analytics, Inc.",Mark L. Scotland,Energy Efficiency,2022,Northeast,,Y,2023,N,2020,https://www.4-0analytics.com/,,2020,News stories and postings from 2016 through 2020,,,,,,,Sole activity for the founder,https://www.linkedin.com/in/markscotland/,,,,,,,,,,,,,,,,,,,,,,,,,,,,,,,,,,,,,,,,,,,,,,,,,,,,,,,,,,,,,,,,,,,,,,,,,,,,,,,,,,,,,,,,,,,,,,,,,,,,,,,,,,,,,,,,Josh,5/12/2026
EVbuddy,Suresh Arya,Transportation,2022,Northeast,,Y,2024,Y,2026,https://www.evbuddy.net/,,2026,2026 postings regarding an exposition,,,,,,,,https://www.linkedin.com/in/sarya/,,,,,,,,,,,,,,,,,,,,,,,,,,,,,,,,,,,,,,,,,,,,,,,,,,,,,,,,,,,,,,,,,,,,,,,,,,,,,,,,,,,,,,,,,,,,,,,,,,,,,,,,,,,,,,,,Josh,5/12/2026
Hygge Energy,Prateek Saxena,Energy Efficiency,2022,West,,Y,2024,Y,2026,hygge.energy,,2026,2026 blog posting,,https://www.linkedin.com/company/hyggeenergy/,,2026,,,No conflicting activity for this founder,https://www.linkedin.com/in/prateek-saxena-hygge-energy/,,,,,,,,,,,,,,,,,,,,,,,,,,,,,,,,,,,,,,,,,,,,,,,,,,,,,,,,,,,,,,,,,,,,,,,,,,,,,,,,,,,,,,,,,,,,,,,,,,,,,,,,,,,,,,,,Josh,5/12/2026
Influent,Matt Livesay,Energy Efficiency,2022,Northeast,,N,2024,N,2024,Dead Website,,,,,,,,,,Not listed on the founder's LinkedIn profile,https://www.linkedin.com/in/matthew-livesay1/,,,,,,,,,,,,,,,,,,,,,,,,,,,,,,,,,,,,,,,,,,,,,,,,,,,,,,,,,,,,,,,,,,,,,,,,,,,,,,,,,,,,,,,,,,,,,,,,,,,,,,,,,,,,,,,,Josh,5/12/2026
EarthEn Inc,Manas Pathak,Energy Distribution & Storage,2022,West,,Y,2024,Y,2026,https://www.earthen.energy/,,2026,"2026 postings, lots",,https://www.linkedin.com/company/eartheninfo/,,,,,"This is one of two current startups for the founder, although it ties to his current startup",https://www.linkedin.com/in/pathakmanas/,,,,,,,,,,,,,,,,,,,,,,,,,,,,,,,,,,,,,,,,,,,,,,,,,,,,,,,,,,,,,,,,,,,,,,,,,,,,,,,,,,,,,,,,,,,,,,,,,,,,,,,,,,,,,,,,Josh,5/12/2026
Amellea,Danlyn L. Brennan,"Agriculture, Water & Waste",2022,Pacific Northwest,N,Y,2023,N,2023,Dead Website,,,,,,,,,,"Not listed on the founder's LinkedIn profile, and founder has a job",https://www.linkedin.com/in/danlynbrennan/,,,,,,,,,,,,,,,,,,,,,,,,,,,,,,,,,,,,,,,,,,,,,,,,,,,,,,,,,,,,,,,,,,,,,,,,,,,,,,,,,,,,,,,,,,,,,,,,,,,,,,,,,,,,,,,,Josh,5/12/2026
Ai Can Recycling Corp,Joe Gelber,Energy Generation,2022,Northeast,,Y,2024,N,2024,Dead Website,,,,,,,,,,"Not listed on the founder's LinkedIn profile, and founder has a job",https://www.linkedin.com/in/joseph-gelber-b8341878/?skipRedirect=true,,,,,,,,,,,,,,,,,,,,,,,,,,,,,,,,,,,,,,,,,,,,,,,,,,,,,,,,,,,,,,,,,,,,,,,,,,,,,,,,,,,,,,,,,,,,,,,,,,,,,,,,,,,,,,,,Josh,5/12/2026
"Dynamic WPT, LLC",Dave Cook,Transportation,2022,West,,Y,2024,N,2026,https://dynamicwpt.com/,,2026,"Copyright 2026, but zero additional evidence of life past 2021",,,,,,,,Can't find the founders,,,,,,,,,,,,,,,,,,,,,,,,,,,,,,,,,,,,,,,,,,,,,,,,,,,,,,,,,,,,,,,,,,,,,,,,,,,,,,,,,,,,,,,,,,,,,,,,,,,,,,,,,,,,,,,,Josh,5/12/2026
nectar,Ari Lesniak,Energy Distribution & Storage,2022,Northeast,,Y,2024,N,2024,https://getnectar.io/team,,Nothing,Website was poor at it's best and now barely works,,,,,,,Past activity for the founder,https://www.linkedin.com/in/ari-lesniak/,,,,,,,,,,,,,,,,,,,,,,,,,,,,,,,,,,,,,,,,,,,,,,,,,,,,,,,,,,,,,,,,,,,,,,,,,,,,,,,,,,,,,,,,,,,,,,,,,,,,,,,,,,,,,,,,Josh,5/12/2026
Linebird,Michael Beiro,Energy Distribution & Storage,2022,Southeast,,Y,2024,Y,2026,https://linebird.net/,,2025,Copyright 2025,,https://www.linkedin.com/company/linebird/,,2026,,,Sole activity for the founder,https://www.linkedin.com/in/michael-beiro/,,,,,,,,,,,,,,,,,,,,,,,,,,,,,,,,,,,,,,,,,,,,,,,,,,,,,,,,,,,,,,,,,,,,,,,,,,,,,,,,,,,,,,,,,,,,,,,,,,,,,,,,,,,,,,,,Josh,5/12/2026
One World Clean Energy,Bill Bivins,"Agriculture, Water & Waste",2022,Southeast,,S,2022,S,2022,http://www.oneworldcleanenergy.com/,,No dates,Unclear if this has legs beyond his consultancy,,https://www.linkedin.com/company/one-world-clean-energy/,,,,,"CEO for 20 years, but also a consultant for 14 years",https://www.linkedin.com/in/billbivins/,,,,,,,,,,,,,,,,,,,,,,,,,,,,,,,,,,,,,,,,,,,,,,,,,,,,,,,,,,,,,,,,,,,,,,,,,,,,,,,,,,,,,,,,,,,,,,,,,,,,,,,,,,,,,,,,Josh,5/12/2026
LeVanta Tech LLC,Kelly Echols,Transportation,2022,Midwest,,Y,2024,Y,2026,https://www.levantatech.com/#team,,2026,Copyright 2026,,https://www.linkedin.com/company/levantatech1/,,2026,,,,https://www.linkedin.com/in/kellyechols/,,,,,,,,,,,,,,,,,,,,,,,,,,,,,,,,,,,,,,,,,,,,,,,,,,,,,,,,,,,,,,,,,,,,,,,,,,,,,,,,,,,,,,,,,,,,,,,,,,,,,,,,,,,,,,,,Josh,5/12/2026
"Navfeas, Inc.",Sam Malagon,Information & Communication Tech,2022,West,,S,2023,N,2022,https://www.navfeas.com/,,2022,,,https://www.linkedin.com/company/navfeas/,,,,,"Sole activity for the founder, but others have jobs",https://www.linkedin.com/in/sam-malagon-3bbb0599/,,,,,,,,,,,,,,,,,,,,,,,,,,,,,,,,,,,,,,,,,,,,,,,,,,,,,,,,,,,,,,,,,,,,,,,,,,,,,,,,,,,,,,,,,,,,,,,,,,,,,,,,,,,,,,,,Josh,5/12/2026
Softly Incorporated,Mollie Hughes,Information & Communication Tech,2022,Midwest,,Y,2024,Y,2025,https://www.softlysolutions.com/about-us/,,2024,,,https://www.linkedin.com/company/softly-solutions/,,2025,,,Key people have other activities,,,,,,,,,,,,,,,,,,,,,,,,,,,,,,,,,,,,,,,,,,,,,,,,,,,,,,,,,,,,,,,,,,,,,,,,,,,,,,,,,,,,,,,,,,,,,,,,,,,,,,,,,,,,,,,,,Josh,5/12/2026
Planete GreenLeaves,Ali Katal,Information & Communication Tech,2022,Northeast,,Y,2024,Y,2026,https://www.greenleaves.app/,,,,,https://www.linkedin.com/company/planete-greenleaves/,,2026,,,Sole activity for the founder,https://www.linkedin.com/in/ali-katal-8a410746/,,,,,,,,,,,,,,,,,,,,,,,,,,,,,,,,,,,,,,,,,,,,,,,,,,,,,,,,,,,,,,,,,,,,,,,,,,,,,,,,,,,,,,,,,,,,,,,,,,,,,,,,,,,,,,,,Josh,5/12/2026
Prime Lightworks Inc.,Kyle Flanagan,Transportation,2022,Northeast,,Y,2022,N,2022,Dead Website,,,,,,,,,,Past activity for the founder,https://www.linkedin.com/in/kyleflanagan/,,,,,,,,,,,,,,,,,,,,,,,,,,,,,,,,,,,,,,,,,,,,,,,,,,,,,,,,,,,,,,,,,,,,,,,,,,,,,,,,,,,,,,,,,,,,,,,,,,,,,,,,,,,,,,,,Josh,5/12/2026
MOBY,Yoni Ronn,"Agriculture, Water & Waste",2022,Northeast,,Y,2024,Y,2026,https://mobyfilter.com/,,2026,Copyright 2026,,https://www.linkedin.com/company/mobyfilters/,,2025,,,Sole activity for the founder,https://www.linkedin.com/in/yonironn/,,,,,,,,,,,,,,,,,,,,,,,,,,,,,,,,,,,,,,,,,,,,,,,,,,,,,,,,,,,,,,,,,,,,,,,,,,,,,,,,,,,,,,,,,,,,,,,,,,,,,,,,,,,,,,,,Josh,5/12/2026
SPElements,Saravana Perumal Shanmukham,"Agriculture, Water & Waste",2022,Northeast,,N,,N,2024,Unable to find URL,,,,,,,,,,Sole activity for the founder,https://www.linkedin.com/in/saravanashanmukham/,,,,,,,,,,,,,https://www.zaubacorp.com/S-P-ELEMENTS-LLP-AAQ-7850,,2024,,,,,,,,,,,,,,,,,,,,,,,,,,,,,,,,,,,,,,,,,,,,,,,,,,,,,,,,,,,,,,,,,,,,,,,,,,,,,,,,,,,,,,,,,,,,,,,,,Josh,5/12/2026
Relastics Company,Marco Ma,"Green Buildings, Chemical & Advanced Materials, Water & Waste",2022,Northeast,,N,2021,N,2021,,,,,,,,,,,Past activity for the founder,https://www.linkedin.com/in/marcoma17/,,,,,,,,,,,,,,,,,,,,,,,,,,,,,,,,,,,,,,,,,,,,,,,,,,,,,,,,,,,,,,,,,,,,,,,,,,,,,,,,,,,,,,,,,,,,,,,,,,,,,,,,,,,,,,,,Josh,5/12/2026
Avocet Wind (formerly OBVIA),Scott Keeley,Energy Generation/Efficiency,2022,Northeast,,Y,2023,N,2023,https://www.avocetwind.com/,,2023,"Copyright 2023, poor website, this looks dead",,https://www.linkedin.com/company/avocet-wind/,,,,,Founder list this as full time but has another company. There was a CEO from 2023-24.,https://www.linkedin.com/in/scott-keeley-7a1a4089/,,,,,,,,,,,,,,,,,,,,,,,,,,,,,,,,,,,,,,,,,,,,,,,,,,,,,,,,,,,,,,,,,,,,,,,,,,,,,,,,,,,,,,,,,,,,,,,,,,,,,,,,,,,,,,,,Josh,5/12/2026
Plexflo,Sayonsom Chanda,Information & Communication Tech,2022,Rocky Mountain,,Y,2022,N,2022,Dead website,,,,,,,,,,Founder doesn't list this,https://www.linkedin.com/in/sayonsom/,,,,,,,,,,,,,,,,,,,,,,,,,,,,,,,,,,,,,,,,,,,,,,,,,,,,,,,,,,,,,,,,,,,,,,,,,,,,,,,,,,,,,,,,,,,,,,,,,,,,,,,,,,,,,,,,Josh,5/12/2026
OGA Street Tech,"Chimadika O.
 ","Transportation, Chemical & Advamnced materials",2022,Northeast,,Y,2024,N,2024,Dead website,,,,,https://www.linkedin.com/company/oga-street-tech/,,,,,Sole activity for the founder,https://www.linkedin.com/in/chimadikaokoye/,,,,,,,,,,,,,,,,,,,,,,,,,,,,,,,,,,,,,,,,,,,,,,,,,,,,,,,,,,,,,,,,,,,,,,,,,,,,,,,,,,,,,,,,,,,,,,,,,,,,,,,,,,,,,,,,Josh,5/12/2026
Smart Cocoon,"Andrew Bowen, MBA",Information & Communication Tech,2022,Northeast,,Y,2024,Y,2026,https://mysmartcocoon.com/,,2026,"Copyright 2025, 2025 blog entries",,https://www.linkedin.com/company/smartcocoon/,,2023,,,Sole activity for the CEO,https://www.linkedin.com/in/andrewcbowen/,,,,,,,,,,,,,,,,,,,,,,,,,,,,,,,,,,,,,,,,,,,,,,,,,,,,,,,,,,,,,,,,,,,,,,,,,,,,,,,,,,,,,,,,,,,,,,,,,,,,,,,,,,,,,,,,Josh,5/12/2026
ReusaBowl LLC,Virginia Head,"Agriculture, Water & Waste",2022,Midwest,,N,2023,N,2023,,,,,,,,,,,Past activity for the founder,https://www.linkedin.com/in/virginiahead/,,,,,,,,,,,,,,,,,,,,,,,,,,,,,,,,,,,,,,,,,,,,,,,,,,,,,,,,,,,,,,,,,,,,,,,,,,,,,,,,,,,,,,,,,,,,,,,,,,,,,,,,,,,,,,,,Josh,5/12/2026
re:Charge-e,Julien Bouget,Transportation,2022,Northeast,,Y,2024,N,2024,Dead website,,,,,https://www.linkedin.com/company/re-charge-e-inc/,,,,,Founder has another job,https://www.linkedin.com/in/julien-bouget-ab2a7015/,,,,,,,,,,,,,,,,,,,,,,,,,,,,,,,,,,,,,,,,,,,,,,,,,,,,,,,,,,,,,,,,,,,,,,,,,,,,,,,,,,,,,,,,,,,,,,,,,,,,,,,,,,,,,,,,Josh,5/12/2026
Seah4 pty ltd,Johannes Bochdalofsky,Energy Generation,2022,Northeast,,Y,2024,Y,2024,https://seah4.com ,Y,2024,Website/company updates,Y,https://www.linkedin.com/company/seah4/,Y,2024,Y,N,Johannes Bochdalofsky,https://www.linkedin.com/in/johannes-bochdalofsky/ ,N,N,LinkedIn,2024,https://www.linkedin.com/company/seah4/ ,N,N,N,N,N,Y,2024,Maritime hydrogen announcements,N,N,N,,N/A,Y,2024,N,N,Y,2024,Y,Hydrogen/Maritime Energy Organizations,Y,Hydrogen/Maritime Energy Organizations,N,Y,N,N,N,N,N,N,N,N,N,https://www.crunchbase.com/organization/seah4 ,N,N,N,N,N,N,N,N,N,N,N,N,N,N,N,N,N,N,N,N,N,N,N,N,N,N,N,N,N,N,N,N,N,N,N,N,N,N,N,N,N,N,N,N,N,N,N,N,N,N,N,N,Y,2024,Y,2024,N,N,N,Y,https://seah4.com ,Y,2024,https://seah4.com ,Y,2024,https://seah4.com ,Y,2024,Y,https://seah4.com ,Samarth,5/13/2026
Kineticurrents Company,Mark Clemens,Energy Generation,2022,West,,S,2022,N,2022,N,N,2022,Limited online presence,N,N,N,N,N,2022,N,N,N,N,N,N,N,N,N,N,N,N,N,N,N,N,N,N,,N/A,N,N,N,N,N,N,N,N,N,N,N,N,N,N,N,N,N,N,N,N,N,N,N,N,N,N,N,N,N,N,N,N,N,N,N,N,N,N,N,N,N,N,N,N,N,N,N,N,N,N,N,N,N,N,N,N,N,N,N,N,N,N,N,N,N,N,N,N,N,N,N,N,N,N,N,N,N,N,N,N,N,N,N,N,N,N,N,N,N,N,N,N,N,Samarth,5/13/2026
Sheru,Ankit Mittal ,Energy Distribution & Storage,2022,West,,Y,2022,Y,2024,https://www.sheru.com.au ,Y,2024,Product/company updates,Y,https://www.linkedin.com/company/sheru-energy/ ,Y,2024,Y,N,Sheru founders,https://www.linkedin.com/company/sheru-energy/ ,2024,https://x.com/ ,LinkedIn/Website ,2024,https://www.linkedin.com/company/sheru-energy/ ,N,N,N,N,N,Y,2024,Battery storage announcements,N,N,N,,N/A,Y,2024,N,N,Y,2024,Y,Energy Storage Organizations,Y,Energy Storage Organizations,N,Y,N,N,N,N,N,N,N,N,N,https://www.crunchbase.com/organization/sheru ,N,N,N,N,N,N,N,N,N,N,N,N,N,N,N,N,N,N,N,N,N,N,N,N,N,N,Grant,N,N,N,N,2024,N,N,N,N,Y,https://www.crunchbase.com/organization/sheru ,2024,AUD 0 disclosed,N,N,N,N,N,N,N,N,N,N,N,N,Y,2024,Y,2024,N,N,N,Y,https://www.sheru.com.au ,Y,2024,https://www.sheru.com.au ,Y,2024,https://www.sheru.com.au ,Y,2024,Y,https://www.sheru.com.au ,Samarth,5/13/2026
MIplus Solar Inc.,Alfredo A. Martinez-Morales,"Energy Generation, Energy Distribution & Storage",2022,West,,Y,2022,N,2022,N,Y,2022,Copyright/company info,Y,N,N,N,Y,N,MIplus Solar founders,N,N,N,N,N,N,N,N,N,N,N,Y,2022,Solar company references,N,N,N,,N/A,Y,2022,N,N,Y,2022,Y,Solar Industry Groups,Y,Solar Industry Groups,N,Y,N,N,N,N,N,N,N,N,N,N,N,N,N,N,N,N,N,N,N,N,N,N,N,N,N,N,N,N,N,N,N,N,N,N,N,N,N,N,N,N,N,2022,N,N,N,N,N,N,N,N,N,N,N,N,N,N,N,N,N,N,N,N,N,N,Y,2022,N,N,N,N,N,Y,2022,N,N,N,N,N,N,N,N,Samarth,5/13/2026
lemonGRAFT,Zach Correa,"Energy Generation, Energy Distribution & Storage",2022,Southeast,,Y,2022,N,2022,N,Y,2022,Website/company info,Y,N,N,N,S,N,lemonGRAFT founders,N,N,N,N,N,N,N,N,N,N,N,Y,2022,Sustainability references,N,N,N,,N/A,N,N,N,N,N,N,N,N,N,N,N,N,N,N,N,N,N,N,N,N,N,N,N,N,N,N,N,N,N,N,N,N,N,N,N,N,N,N,N,N,N,N,N,N,N,N,N,N,N,N,N,N,N,2022,N,N,N,N,N,N,N,N,N,N,N,N,N,N,N,N,N,N,N,N,N,N,N,N,N,N,N,N,N,Y,2022,N,N,N,N,N,N,N,N,Samarth,5/13/2026
Positive Energy,Sam Ibrahim,"Information & Communication Tech, Energy Distribution & Storage",2022,Northeast,,Y,2024,S,2024,N,Y,2024,Company updates,Y,N,Y,2024,Y,N,Positive Energy founders,N,2024,N,LinkedIn,2024,N,N,N,N,N,N,Y,2024,Clean energy updates,N,N,N,,N/A,Y,2024,N,N,Y,2024,Y,Renewable Energy Organizations,Y,Renewable Energy Organizations,N,Y,N,N,N,N,N,N,N,N,N,N,N,N,N,N,N,N,N,N,N,N,N,N,N,N,N,N,N,N,N,N,N,N,N,N,N,N,Grant,N,N,N,N,2024,N,N,N,N,N,N,N,N,N,N,N,N,N,N,N,N,N,N,N,N,Y,2024,Y,2024,N,N,N,N,N,Y,2024,N,Y,2024,N,Y,2024,Y,N,Samarth,5/13/2026
M4T,Alvaro Almeida,"Agriculture, Water & Waste, Energy Generation",2022,West,,S,2022,N,2022,N,N,2022,Minimal online presence,N,N,N,N,N,2022,N,N,N,N,N,2024,N,N,N,N,N,N,N,N,N,N,N,N,,N/A,N,N,N,N,N,N,N,N,N,N,N,N,N,N,N,N,N,N,N,N,N,N,N,N,N,N,N,N,N,N,N,N,N,N,N,N,N,N,N,N,N,N,N,N,N,N,N,N,N,N,N,N,N,2022,N,N,N,N,N,N,N,N,N,N,N,N,N,N,N,N,N,N,N,N,N,N,N,N,N,N,N,N,N,N,N,N,N,N,N,N,N,N,N,Samarth,5/13/2026
Little Bob Technologies,Garrison Davis,"Information & Communication Tech, Energy Distribution & Storage",2022,West,,Y,2024,N,2024,N,Y,2024,Website/company activity,Y,N,Y,2024,Y,N,Little Bob founders,N,N,N,LinkedIn,,N,N,N,N,N,N,Y,2024,Technology announcements,N,N,N,,N/A,Y,2024,N,N,Y,2024,Y,Technology Organizations,Y,Technology Organizations,N,Y,N,N,N,N,N,N,N,N,N,N,N,N,N,N,N,N,N,N,N,N,N,N,N,N,N,N,N,N,N,N,N,N,N,N,N,N,Seed,N,N,N,N,2024,N,N,N,N,N,N,N,N,N,N,N,N,N,N,N,N,N,N,N,N,Y,2024,Y,2024,N,N,N,N,N,Y,2024,N,Y,2024,N,Y,2024,Y,N,Samarth,5/13/2026
Kite Magnetics,Richard Parsons,"Energy Efficiency, Transportation, Chemical & Advanced Materials",2022,International,,Y,2024,Y,2024,https://www.kitemagnetics.com ,Y,2024,Press/news updates,Y,https://www.linkedin.com/company/kite-magnetics/ ,Y,2024,Y, ,Kite Magnetics founders,https://www.linkedin.com/company/kite-magnetics/ ,2024,https://x.com/ ,LinkedIn/Website,2024,https://www.linkedin.com/company/kite-magnetics/ ,N,N,N,N,N,Y,2024,Deep-tech motor efficiency news,N,N,N,,N/A,Y,2024,N,N,Y,2024,Y,Electric Motor / Deep-Tech Organizations,Y,Electric Motor / Deep-Tech Organizations,N,Y,N,N,N,N,N,N,N,N,N,https://www.crunchbase.com/organization/kite-magnetics ,N,N,N,Y,Y,N,490000,AUD,2024,Seed,490000,https://www.crunchbase.com/organization/kite-magnetics ,2024,AUD,2024,490000,N,490000,AUD,2024,N,2024,AUD,2024,490000,N,Seed,AUD,2024,490000,https://www.crunchbase.com/organization/kite-magnetics  ,2024,AUD,2024,490000,Y,https://www.crunchbase.com/organization/kite-magnetics ,2024,AUD 490000,Y,Y,Breakthrough Victoria Accelerator,2024,https://www.crunchbase.com/organization/kite-magnetics ,N,N,N,N,N,N,N,N,Y,2024,Y,2024,N,N,N,Y,https://www.kitemagnetics.com ,Y,2024,https://www.kitemagnetics.com ,Y,2024,https://www.kitemagnetics.com ,Y,2024,Y,https://www.kitemagnetics.com ,Samarth,5/13/2026
Solais Ventures LLC,Kamal Deep,"Energy Generation, Chemicals & Advanced Materials, Agriculture, Water & Waste",2022,Northeast,,S,2024,N,2024,N,S,2024,Limited web activity,N,N,N,N,N,2022,N,N,N,N,N,N,N,N,N,N,N,N,Y,2024,Limited sustainability references,N,N,N,,N/A,N,N,N,N,N,N,N,N,N,N,N,N,N,N,N,N,N,N,N,N,N,N,N,N,N,N,N,N,N,N,N,N,N,N,N,N,N,N,N,N,N,N,N,N,N,N,N,N,N,N,N,N,N,2024,N,N,N,N,N,N,N,N,N,N,N,N,N,N,N,N,N,N,N,N,N,N,N,N,N,N,N,N,N,N,N,N,N,N,N,N,N,N,N,Samarth,5/13/2026
Think Air (might be Arom air),ILYES CHAKROUN,Green Buildings,2022,Pacific Northwest,,S,2024,N,2024,N,S,2024,Possible rebrand/mismatch,N,N,N,N,N,2022,N,N,N,N,N,N,N,N,N,N,N,N,Y,2024,Air/climate references,N,N,N,,N/A,N,N,N,N,N,N,N,N,N,N,N,N,N,N,N,N,N,N,N,N,N,N,N,N,N,N,N,N,N,N,N,N,N,N,N,N,N,N,N,N,N,N,N,N,N,N,N,N,N,N,N,N,N,2024,N,N,N,N,N,N,N,N,N,N,N,N,N,N,N,N,N,N,N,N,N,N,N,N,N,N,N,N,N,Y,2024,N,N,N,N,N,N,N,N,Samarth,5/13/2026
"WASHLOFT, INC.",William Vivas,Information & Communication Tech,2022,West,,Y,2024,Y,2024,https://washloft.com ,Y,2024,Website/company updates,Y,https://www.linkedin.com/company/washloft/ ,Y,2024,Y,N,WASHLOFT founders,https://www.linkedin.com/company/washloft/ ,2024,N,LinkedIn,2024,N,N,N,N,N,N,Y,2024,Smart laundry announcements,N,N,N,,N/A,Y,2024,N,N,Y,2024,Y,Smart Operations / Laundry Associations,Y,Smart Operations / Laundry Associations,N,Y,N,N,N,N,N,N,N,N,N,https://www.crunchbase.com/organization/washloft ,N,N,N,N,N,N,N,N,N,N,N,N,N,N,N,N,N,N,N,N,N,N,N,N,N,N,Grant,N,N,N,N,2024,N,N,N,N,N,N,N,N,N,N,N,N,N,N,N,N,N,N,N,N,Y,2024,Y,2024,N,N,N,N,N,Y,2024,https://washloft.com ,Y,2024,https://washloft.com ,Y,2024,Y,https://washloft.com ,Samarth,5/13/2026
"Vortrex, LLC",Mike Hermel,Transportation,2022,Midwest,,Y,2024,N,2024,N,Y,2024,Operational/company updates,Y,N,Y,2024,Y,N,Vortrex founders,N,N,N,LinkedIn,2024,N,N,N,N,N,N,Y,2024,Industrial efficiency references,N,N,N,,N/A,Y,2024,N,N,Y,2024,Y,Industrial Technology Organizations,Y,Industrial Technology Organizations,N,Y,N,N,N,N,N,N,N,N,N,N,N,N,N,N,N,N,N,N,N,N,N,N,N,N,N,N,N,N,N,N,N,N,N,N,N,N,Seed,N,N,N,N,2024,N,N,N,N,N,N,N,N,N,N,N,N,N,N,N,N,N,N,N,N,Y,2024,Y,2024,N,N,N,N,N,Y,2024,N,Y,2024,N,Y,2024,Y,N,Samarth,5/13/2026
Vermillion Power Technologies Inc.,Kelly Hall,"Energy Generation, Energy Distribution & Storage",2022,Northeast,,Y,2024,N,2024,N,Y,2024,Website/company activity,Y,N,Y,2024,Y,N,Vermillion founders,N,N,N,LinkedIn,2024,N,N,N,N,N,N,Y,2024,Energy technology references,N,N,N,,N/A,Y,2024,N,N,Y,2024,Y,Energy Technology Organizations,Y,Energy Technology Organizations,N,Y,N,N,N,N,N,N,N,N,N,N,N,N,N,N,N,N,N,N,N,N,N,N,N,N,N,N,N,N,N,N,N,N,N,N,N,N,Grant,N,N,N,N,2024,N,N,N,N,N,N,N,N,N,N,N,N,N,N,N,N,N,N,N,N,Y,2024,Y,2024,N,N,N,Y,N,Y,2024,N,Y,2024,N,Y,2024,Y,N,Samarth,5/13/2026
Sustainafy,Juanita Garcia,Information & Communication Tech,2022,Midwest,,S,2022,N,2022,N,S,2022,Limited online traces,N,N,N,N,N,2022,N,N,N,N,N,N,N,N,N,N,N,N,N,N,N,N,N,N,,N/A,N,N,N,N,N,N,N,N,N,N,N,N,N,N,N,N,N,N,N,N,N,N,N,N,N,N,N,N,N,N,N,N,N,N,N,N,N,N,N,N,N,N,N,N,N,N,N,N,N,N,N,N,N,2022,N,N,N,N,N,N,N,N,N,N,N,N,N,N,N,N,N,N,N,N,N,N,N,N,N,N,N,N,N,N,N,N,N,N,N,N,N,N,N,Samarth,5/13/2026
Solo Solar,Daniel Duerto,"Energy Generation, Energy Distribution & Storage",2022,South Central,,N,NA,Y,2024,https://solosolar.io ,Y,2024,Website updates,Y,https://linkedin.com/company/solo-solar ,Y,2024,Y,N,Solo Solar,https://linkedin.com/in/solo-solar ,2024,https://twitter.com/solosolar ,YouTube,2024,https://youtube.com ,N,N,N,,2024,Y,2024,https://solosolar.io ,N,N,N,N,Y,Y,2024,N,N,Y,2024,N,N,N,N,N,N,N,N,N,N,N,N,N,N,N,N,N,N,N,N,N,N,N,N,N,N,N,N,N,N,N,N,N,N,N,N,N,N,N,N,N,N,N,N,N,N,N,N,N,N,N,N,N,N,N,N,N,N,N,N,N,N,N,N,N,N,N,N,N,N,N,N,N,N,N,N,N,N,N,N,N,N,N,N,N,N,N,Samarth,5/13/2026
Stranded Solutions,Harley Luplow,Chemicals & Advanced Materials,2022,Midwest,,S,2022,N,2022,N,N,N,N,N,N,N,N,N,N,,N,N,N,N,N,N,N,N,N,,N,N,N,N,N,N,N,N,N,N,N,N,N,N,N,N,N,N,N,N,N,N,N,N,N,N,N,N,N,N,N,N,N,N,N,N,N,N,N,N,N,N,N,N,N,N,N,N,N,N,N,N,N,N,N,N,N,N,N,N,N,N,N,N,N,N,N,N,N,N,N,N,N,N,N,N,N,N,N,N,N,N,N,N,N,N,N,N,N,N,N,N,N,N,N,N,N,N,N,N,N,N,Samarth,5/13/2026
Waste Exploration Technologies (Rebranded to WasteX),Shamir Hyman,Information & Communication Tech,2022,West,,Y,2024,Y,2024,https://wastex.co ,Y,2024,Rebrand updates,Y,https://linkedin.com/company/wastex ,Y,2024,Y,N,WasteX,https://linkedin.com/company/wastex ,2024,https://twitter.com/wastex ,LinkedIn,2024,https://linkedin.com/company/wastex ,N,N,N,,2024,Y,2024,https://wastex.co ,N,N,N,N,Y,Y,2024,N,N,Y,2024,N,N,N,N,N,N,N,N,N,N,N,N,N,N,N,N,N,N,N,N,N,N,N,N,N,N,N,N,N,N,N,N,N,N,N,N,N,N,N,N,N,N,N,N,N,N,N,N,N,N,N,N,N,N,N,N,N,N,N,N,N,N,N,N,N,N,N,N,N,N,N,N,N,N,N,N,N,N,N,N,N,N,N,N,N,N,N,Samarth,5/13/2026
TEKMARA,Todd Kleperis,Energy Generation,2022,Southeast,,Y,2024,N,2024,N,N,N,N,N,N,N,N,N,N,,N,N,N,N,N,N,N,N,N,,N,N,N,N,N,N,N,N,N,N,N,N,N,N,N,N,N,N,N,N,N,N,N,N,N,N,N,N,N,N,N,N,N,N,N,N,N,N,N,N,N,N,N,N,N,N,N,N,N,N,N,N,N,N,N,N,N,N,N,N,N,N,N,N,N,N,N,N,N,N,N,N,N,N,N,N,N,N,N,N,N,N,N,N,N,N,N,N,N,N,N,N,N,N,N,N,N,N,N,N,N,N,Samarth,5/13/2026
Cool Cats Tech,John Boumstein ,Information & Communication Tech,2023,West,,Y,2024,Y,2024,https://coolcatstech.com ,Y,2024,Website updates,Y,N,Y,2024,Y,N,John Boumstein,https://linkedin.com/in/johnboumstein ,2024,N,LinkedIn,2024,N,N,N,N,,2024,Y,2024,https://coolcatstech.com ,N,N,N,N,Y,Y,2024,N,N,Y,2024,N,N,N,N,N,N,N,N,N,N,N,N,N,N,N,N,N,N,N,N,N,N,N,N,N,N,N,N,N,N,N,N,N,N,N,N,N,N,N,N,N,N,N,N,N,N,N,N,N,N,N,N,N,N,N,N,N,N,N,N,N,N,N,N,N,N,N,N,N,N,N,N,N,N,N,N,N,N,N,N,N,N,N,N,N,N,N,Samarth,5/13/2026
Rushnu,Matin Hanifzadeh,Chemicals & Advanced Materials,2023,West,,Y,2024,Y,2024,https://rushnu.com ,Y,2024,Website updates,Y,N,Y,2024,Y,N,Matin Hanifzadeh,https://linkedin.com/in/matinhanifzadeh ,2024,N,LinkedIn,2024,N,N,N,N,,2024,Y,2024,https://rushnu.com ,N,N,N,N,Y,Y,2024,N,N,Y,2024,N,N,N,N,N,N,N,N,N,N,N,N,N,N,N,N,N,N,N,N,N,N,N,N,N,N,N,N,N,N,N,N,N,N,N,N,N,N,N,N,N,N,N,N,N,N,N,N,N,N,N,N,N,N,N,N,N,N,N,N,N,N,N,N,N,N,N,N,N,N,N,N,N,N,N,N,N,N,N,N,N,N,N,N,N,N,N,Samarth,5/13/2026
Nulyzer Inc,Fengping Wu,Energy Efficiency,2023,West,,N,2023,Y,2024,https://nulyzer.com ,Y,2024,Website updates,Y,N,Y,2024,Y,N,Fengping Wu,https://linkedin.com/in/fengpingwu ,2024,N,LinkedIn,2024,N,N,N,N,,2024,Y,2024,https://nulyzer.com ,N,N,N,N,Y,Y,2024,N,N,Y,2024,N,N,N,N,N,N,N,N,N,N,N,N,N,N,N,N,N,N,N,N,N,N,N,N,N,N,N,N,N,N,N,N,N,N,N,N,N,N,N,N,N,N,N,N,N,N,N,N,N,N,N,N,N,N,N,N,N,N,N,N,N,N,N,N,N,N,N,N,N,N,N,N,N,N,N,N,N,N,N,N,N,N,N,N,N,N,N,Samarth,5/13/2026
Zero House Co,Sam Ausden,Green buildings / Transportation,2023,West,,N,2022,Y,2024,https://zerohouse.co ,Y,2024,Website updates,Y,N,Y,2024,Y,N,Sam Ausden,https://linkedin.com/in/samausden ,2024,N,LinkedIn,2024,N,N,N,N,,2024,Y,2024,https://zerohouse.co ,N,N,N,N,Y,Y,2024,N,N,Y,2024,N,N,N,N,N,N,N,N,N,N,N,N,N,N,N,N,N,N,N,N,N,N,N,N,N,N,N,N,N,N,N,N,N,N,N,N,N,N,N,N,N,N,N,N,N,N,N,N,N,N,N,N,N,N,N,N,N,N,N,N,N,N,N,N,N,N,N,N,N,N,N,N,N,N,N,N,N,N,N,N,N,N,N,N,N,N,N,Samarth,5/13/2026
Ridio,Darin Smith,Transportation,2023,West,,N,2024,Y,2024,https://ridio.ai ,Y,2024,Website updates,Y,N,Y,2024,Y,N,Darin Smith,https://linkedin.com/in/darinsmith ,2024,N,LinkedIn,2024,N,N,N,N,,2024,Y,2024,https://ridio.ai ,N,N,N,N,Y,Y,2024,N,N,Y,2024,N,N,N,N,N,N,N,N,N,N,N,N,N,N,N,N,N,N,N,N,N,N,N,N,N,N,N,N,N,N,N,N,N,N,N,N,N,N,N,N,N,N,N,N,N,N,N,N,N,N,N,N,N,N,N,N,N,N,N,N,N,N,N,N,N,N,N,N,N,N,N,N,N,N,N,N,N,N,N,N,N,N,N,N,N,N,N,Samarth,5/13/2026
Cyclei,Cher Lei,"Agriculture, Water & Waste",2023,West,,N,2021,Y,2024,https://cyclei.com ,Y,2024,Website updates,Y,N,Y,2024,Y,N,Cher Lei,https://linkedin.com/in/cherlei ,2024,N,LinkedIn,2024,N,N,N,N,,2024,Y,2024,https://cyclei.com ,N,N,N,N,Y,Y,2024,N,N,Y,2024,N,N,N,N,N,N,N,N,N,N,N,N,N,N,N,N,N,N,N,N,N,N,N,N,N,N,N,N,N,N,N,N,N,N,N,N,N,N,N,N,N,N,N,N,N,N,N,N,N,N,N,N,N,N,N,N,N,N,N,N,N,N,N,N,N,N,N,N,N,N,N,N,N,N,N,N,N,N,N,N,N,N,N,N,N,N,N,Samarth,5/13/2026
FoodWare,Ignas Bolsakobas,"Agriculture, Water & Waste",2023,West,,N,N,Y,2024,https://foodware.vision ,Y,2024,Website updates,Y,https://linkedin.com/company/foodware ,Y,2024,Y,N,Ignas Bolsakobas,https://linkedin.com/in/ignasbolsakobas ,2024,N,LinkedIn,2024,N,N,N,Y,Crunchbase,2024,Y,2024,https://foodware.vision ,N,N,N,N,Y,Y,2024,N,N,Y,2024,Y,CleanTech Open,N,N,N,N,N,N,N,N,N,N,N,N,N,https://www.crunchbase.com/organization/korganotech ,N,N,N,Y,Y,N,490000,USD,2024,Grant,490000,N,2024,USD,2024,N,N,490000,USD,2024,N,N,N,Grant,USD,2024,0,N,2024,USD,2024,N,Grant,2024,USD,2024,N,2024,USD,2024,N,N,N,Y,https://www.crunchbase.com/organization/korganotech ,2024,AUD 490000,N,N,N,N,Y,2024,N,N,N,N,N,N,N,N,Y,2024,https://foodware.vision ,Y,2024,https://foodware.vision ,Y,2024,Y,https://foodware.vision ,Samarth,5/13/2026
Korganotech Inc,Tim Leong,Energy Efficiency / Chemicals & Advance Materials,2023,West,,N,2022,Y,2024,https://korganotech.com ,Y,2024,Website updates,Y,N,Y,2024,Y,N,Tim Leong,https://linkedin.com/in/timleong ,2024,N,LinkedIn,2024,N,N,N,N,,2024,Y,2024,https://korganotech.com ,N,N,N,N,Y,Y,2024,N,N,Y,2024,N,N,N,N,N,N,N,N,N,N,N,N,N,N,N,N,N,N,N,N,N,N,N,N,N,N,N,N,N,N,N,N,N,N,N,N,N,N,N,N,N,N,N,N,N,N,N,N,N,N,N,N,N,N,N,N,N,N,N,N,N,N,N,N,N,N,N,N,N,N,N,N,N,N,N,N,N,Y,2024,https://korganotech.com ,Y,2024,https://korganotech.com ,Y,2024,Y,https://korganotech.com ,Samarth,5/13/2026
HyVerde,Kimberly de Castro,"Energy Generation, Energy Distribution & Storage, Energy Efficiency, Green Buildings, Transportation.",2023,West,,Y,2023,Y,2023,https://www.hyverde.com/,,2023,CTO participation is the last thing mentioned,,https://www.linkedin.com/company/hyverde/,,,,,Founder shows this as sole current activity,https://www.linkedin.com/in/kimberly-de-castro-00a985b1/,,,,,,,,,,,,Article notes participation in LACI accelerator in 2025,https://laincubator.org/laci-welcomes-16-new-startups-to-incubation-cohort-10-spring-2025/,,2025,,,,,,,,,,,,,,,,,,,,,,,,,,,,,,,,,,,,,,,,,,,,,,,,,,,,,,,,,,,,,,,,,,,,,,,,,,,,,,,,,,,,,,,,,,,,,,,,,Josh,5/13/2026
DarmokTech,Deepak Upadhyaya,Distribution & Storage and Energy Efficiency,2023,West,,N,2023,N,2023,https://darmoktech.com/,,2023,"Copyright 2023, but latest new story was 2019",,None,,,,,,Unable to find the founder,,,,,,,,,,,,,,,,,,,,,,,,,,,,,,,,,,,,,,,,,,,,,,,,,,,,,,,,,,,,,,,,,,,,,,,,,,,,,,,,,,,,,,,,,,,,,,,,,,,,,,,,,,,,,,,,Josh,5/13/2026
RCAM Technologies,Jason Cotrell,"Energy Generation, Energy Distribution & Storage",2023,West,,Y,2026,Y,2026,https://sperra.com/,,2026,2026 news stories,,https://www.linkedin.com/company/sperra/,,2026,,,Sole current actiivty for this founder,https://www.linkedin.com/in/jason-cotrell/,,,,,,,,,,,,,,,,,,,,,,,,,,,,,,,,,,,,,,,,,,,,,,,,,,,,,,,,,,,,,,,,,,,,,,,,,,,,,,,,,,,,,,,,,,,,,,,,,,,,,,,,,,,,,,,,Josh,5/13/2026
"Benchmark Labs, Inc.",Carlos Gaitan,Information & communication,2023,West ,,Y,2026,Y,2026,https://www.benchmarklabs.com/,,2026,2026 news stories,,https://www.linkedin.com/company/benchmark-labs-inc/,,2026,,,Has a climate risk consultancy in addition to this job,https://www.linkedin.com/in/carlos-felipe-gaitan-ospina-3765808/,,,,,,,,,,,,,,,,,,,,,,,,,,,,,,,,,,,,,,,,,,,,,,,,,,,,,,,,,,,,,,,,,,,,,,,,,,,,,,,,,,,,,,,,,,,,,,,,,,,,,,,,,,,,,,,,Josh,5/13/2026
OmniFlow,Jun Zhu,"Agriculture, Water & Waste",2023,West ,,N,,N,2023,Dead website,,,,,,,,,,,Can't find any founders connected to this company,,,,,,,,,,,,,,,,,,,,,,,,,,,,,,,,,,,,,,,,,,,,,,,,,,,,,,,,,,,,,,,,,,,,,,,,,,,,,,,,,,,,,,,,,,,,,,,,,,,,,,,,,,,,,,,,Josh,5/13/2026
Climformatics Inc.,Subarna Bhattacharyya,"Energy Generation, Energy Distribution & Storage, Agriculture, Water & Waste",2023,West ,,Y,2026,Y,2026,https://climformatics.com/,,2026,"Copyright 2026, news stories from 2025",,https://www.linkedin.com/company/climformatics-inc/posts/?feedView=all,,2026,,,Sole current actiivty for this founder,https://www.linkedin.com/in/subarna-bhattacharyya/,,,,,,,,,,,,,,,,,,,,,,,,,,,,,,,,,,,,,,,,,,,,,,,,,,,,,,,,,,,,,,,,,,,,,,,,,,,,,,,,,,,,,,,,,,,,,,,,,,,,,,,,,,,,,,,,Josh,5/13/2026
Metavoxel,Benjamin Jenett,Green Buildings,2023,West ,,N,,N,2023,https://www.metavoxel.tech/,,,The entire website is one unmoving picture.,,https://www.linkedin.com/company/metavoxel-technologies/,,,,,Founder has another startup in addition to a fellowship,https://www.linkedin.com/in/benjamin-jenett/,,,,,,,,,,,,,,,,,,,,,,,,,,,,,,,,,,,,,,,,,,,,,,,,,,,,,,,,,,,,,,,,,,,,,,,,,,,,,,,,,,,,,,,,,,,,,,,,,,,,,,,,,,,,,,,,Josh,5/13/2026
Community Energy Labs,Tanya Barham,"Energy Efficiency, Green Buildings",2023,West ,,Y,2026,Y,2026,https://communityenergylabs.com/,,2026,"Copyright 2022, but 2026 news stories",,https://www.linkedin.com/company/community-energy-labs/,,2026,,,Sole current actiivty for this founder,https://www.linkedin.com/in/tanyabarham/,,,,,,,,,,,,,,,,,,,,,,,,,,,,,,,,,,,,,,,,,,,,,,,,,,,,,,,,,,,,,,,,,,,,,,,,,,,,,,,,,,,,,,,,,,,,,,,,,,,,,,,,,,,,,,,,Josh,5/13/2026
Perch Sensing Inc.,Dominic Gaiero,Information & communication,2023,West ,,Y,,S,2025,https://perchsensing.com/,,2025,Copyright 2025,Y,https://www.linkedin.com/company/perchsensing/,Y,2025,,,"This was the sole activity for the co-founder for six years, but from January 2026 he lists a stealth startup. The other co-founder lists this as part time while holding a full-time job at Cisco.",https://www.linkedin.com/in/dgaiero/,,,,,,,,,,,,,,,,,,,,,,,,,,,,,,,,,,,,,,,,,,,,,,,,,,,,,,,,,,,,,,,,,,,,,,,,,,,,,,,,,,,,,,,,,,,,,,,,,,,,,,,,,,,,,,,,Josh,5/13/2026
Ariya Energy,Arthur Kariya,Energy Distribution & Storage,2023,West ,,Y,,Y,2026,https://ariya-eng.com/,,2026,"Copyright 2026, with a ""for investors"" section as the only sign of life. Web URL matches what's in the CTO pitch deck although there was no web link in the exec summary - a little obtuse, but that's just my opinion. Borderline, but I'm callng this a living company for now.",,,,,,,"Founder lists this as an energy startup which he does not name, and separately lists that he is a consultant",https://www.linkedin.com/in/arthur-kariya-117b9192/,,,,,,,,,,,,,,,,,,,,,,,,,,,,,,,,,,,,,,,,,,,,,,,,,,,,,,,,,,,,,,,,,,,,,,,,,,,,,,,,,,,,,,,,,,,,,,,,,,,,,,,,,,,,,,,,Josh,5/13/2026
TECSI Solar Inc.,Samuel Truthseeker,"Energy Generation, Energy Distribution & Storage",2023,West ,,,,N,2023,https://tecsisolar.com/Services/,,,,,,,,,,This was a past activity for the founder,https://www.linkedin.com/in/samuel-truthseeker/,,,,,,,,,,,,,,,,,,,,,,,,,,,,,,,,,,,,,,,,,,,,,,,,,,,,,,,,,,,,,,,,,,,,,,,,,,,,,,,,,,,,,,,,,,,,,,,,,,,,,,,,,,,,,,,,Josh,5/13/2026
Hawk Spider Energy Corp.,Matt Higgins,Energy Distribution & Storage,2023,Rocky Mountain,,,,N,2023,Dead website,,,,,,,,,,This was a past activity for the founder,https://www.linkedin.com/in/mhiggins-nm/,,,,,,,,,,,,,,,,,,,,,,,,,,,,,,,,,,,,,,,,,,,,,,,,,,,,,,,,,,,,,,,,,,,,,,,,,,,,,,,,,,,,,,,,,,,,,,,,,,,,,,,,,,,,,,,,Josh,5/14/2026
Maelstrom Water Technologies,Jamie Cox,"Agriculture, Water & Waste",2023,West ,,,,Y,2026,https://maelstromwater.com/advantage/,,,,,https://www.linkedin.com/company/maelstrom-water-technologies/,,2026,,,Sole current actiivty for this founder,https://www.linkedin.com/in/jamie-cox-b740ab76/,,,,,,,,,,,,,,,,,,,,,,,,,,,,,,,,,,,,,,,,,,,,,,,,,,,,,,,,,,,,,,,,,,,,,,,,,,,,,,,,,,,,,,,,,,,,,,,,,,,,,,,,,,,,,,,,Josh,5/14/2026
Active Surfaces,Shiv Bhakta,Energy Generation & Green Buildings,2023,Northeast ,,,,Y,2025,https://www.activesurfaces.xyz/,,2025,"Copyright 2025, 2025 news posting",,https://www.linkedin.com/company/activesurfaces/,,,,,Sole current actiivty for this founder,https://www.linkedin.com/in/shivambhakta/,,,,,,,,,,,,,,,,,,,,,,,,,,,,,,,,,,,,,,,,,,,,,,,,,,,,,,,,,,,,,,,,,,,,,,,,,,,,,,,,,,,,,,,,,,,,,,,,,,,,,,,,,,,,,,,,Josh,5/14/2026
Electromaim,Dylan Kassin,"Energy Generation, Energy Efficiency, Green Buildings",2023,Northeast ,,,,S,2026,https://www.electromaim.com/,,,"Not definitely dead, but not showing progress, no postings anywhere. Website is limited.",,https://www.linkedin.com/company/electromaim/,,,,,Founder has engaged in mutiple internships and a Fulbright during his tenure at the company,https://www.linkedin.com/in/dylan-kassin/,,,,,,,,,,,,,,,,,,,,,,,,,,,,,,,,,,,,,,,,,,,,,,,,,,,,,,,,,,,,,,,,,,,,,,,,,,,,,,,,,,,,,,,,,,,,,,,,,,,,,,,,,,,,,,,,Josh,5/14/2026
Shred Electric,Nick Planson,"Energy Generation, Energy Distribution & Storage",2023,Northeast ,,,,Y,2026,https://www.shredelectric.com/,,2026,"2026 new story, multiple stories for 2025 and prior years",,None,,,,,"Founder runs a boatyard building custom docks and such, in addition to having this founder role",https://www.linkedin.com/in/nickplanson/,,,,,,,,,,,,,https://www.youtube.com/watch?v=HG0bA7oOZzc,,2025,,,,,,,,,,,,,,,,,,,,,,,,,,,,,,,,,,,,,,,,,,,,,,,,,,,,,,,,,,,,,,,,,,,,,,,,,,,,,,,,,,,,,,,,,,,,,,,,,Josh,5/14/2026
SilisiumTech Inc.,Randy Eager,Energy Efficiency,2023,Northeast ,,,,N,2026,Dead website,,,,,Dead link,,,,,,Can't find,,,,,,,,,,,,,https://innovationspace.org/press-releases/innovation-space-launches-spring-accelerator-program-with-9-new-startups/,,2024,,,,,,,,,,,,,,,,,,,,,,,,,,,,,,,,,,,,,,,,,,,,,,,,,,,,,,,,,,,,,,,,,,,,,,,,,,,,,,,,,,,,,,,,,,,,,,,,,Josh,5/14/2026
Power 3D,Peter Scott,Energy Distribution & Storage,2023,Northeast ,,,,S,2025,"No website, but announced a grant 11 months ago on LinkedIn",,,,,https://www.linkedin.com/company/power-3d/,,2025,,,Founder lists this while having an enrrepreneur in residence role,https://www.linkedin.com/in/peternscott/,,,,,,,,,,,,,,,,,,,,,,,,,,,,,,,,,,,,,,,,,,,,,,,,,,,,,,,,,,,,,,,,,,,,,,,,,,,,,,,,,,,,,,,,,,,,,,,,,,,,,,,,,,,,,,,,Josh,5/14/2026
Rivieh,Mustafa Homsi,Green Buildings,2023,West,,,,S,2026,https://rivieh.com/,,2026,"No news, no clear way to buy the project, just a reference to an older NSF grant",,None,,,,,Founder list nothing on his website after 2015,https://www.linkedin.com/in/mustafahomsi/,,,,,,,,,,,,,,,,,,,,,,,,,,,,,,,,,,,,,,,,,,,,,,,,,,,,,,,,,,,,,,,,,,,,,,,,,,,,,,,,,,,,,,,,,,,,,,,,,,,,,,,,,,,,,,,,Josh,5/14/2026
Tyfast,GJ la O’,"Chemicals & Advanced Materials, Energy Distribution & Storage",2023,West,,,,Y,2026,https://www.tyfast.energy/,,2026,Many news stories in 2026,,https://www.linkedin.com/company/tyfast/,,2026,,,"Founder list this as his only activity, noting it as full time",https://www.linkedin.com/in/gjlao/,,,,,,,,,,,,,,,,,,,,,,,,,,,,,,,,,,,,,,,,,,,,,,,,,,,,,,,,,,,,,,,,,,,,,,,,,,,,,,,,,,,,,,,,,,,,,,,,,,,,,,,,,,,,,,,,Josh,5/14/2026
Ohm Charging,Omar Zhan,"Energy Generation, Energy Efficiency, Green Buildings",2023,West ,,,,N,2023,Dead website,,,,,https://www.linkedin.com/company/ohm-charging/,,,,,,Can't find,,,,,,,,,,,,,,,,,,,,,,,,,,,,,,,,,,,,,,,,,,,,,,,,,,,,,,,,,,,,,,,,,,,,,,,,,,,,,,,,,,,,,,,,,,,,,,,,,,,,,,,,,,,,,,,,Josh,5/14/2026
The Hopeware Center,Madeline Tyson,Information & Communication Tech,2023,West ,,Y,2021,N,2023,Can't find the URL,,,,,None,,,,,"Founder lists as sole current activity, but no other independent evidence exists for this being an existing thing.",https://www.linkedin.com/in/madeline-mady-tyson-phd-44a77715/,,,,,,,,,,,,,,,,,,,,,,,,,,,,,,,,,,,,,,,,,,,,,,,,,,,,,,,,,,,,,,,,,,,,,,,,,,,,,,,,,,,,,,,,,,,,,,,,,,,,,,,,,,,,,,,,Josh,5/14/2026
ExPost Technology,Weikang Li,Chemicals & Advanced Materials,2023,West ,,Y,2024,Y,2026,https://www.exposttechnology.com/,,2026,"Copyright 2026, 2024 news stories",,https://www.linkedin.com/company/exposttechnology/,,,,,Current full-time role,https://www.linkedin.com/in/weikang-li-61047294/,,,,,,,,,,,,,,,,,,,,,,,,,,,,,,,,,,,,,,,,,,,,,,,,,,,,,,,,,,,,,,,,,,,,,,,,,,,,,,,,,,,,,,,,,,,,,,,,,,,,,,,,,,,,,,,,Josh,5/14/2026
"ALGAL TECH, INC.",Armando A Leon,Agriculture Water & Waste,2023,West ,,,,S,2023,https://algal.tech/,,2023,"Copyright 2023, no other dates",,https://www.linkedin.com/company/algaltech/,,,,,"Sole current actiivty for one founder, while another lists this as a part time advisory role",https://www.linkedin.com/in/armando-leon-69853b7/,,,,,,,,,,,,,,,,,,,,,,,,,,,,,,,,,,,,,,,,,,,,,,,,,,,,,,,,,,,,,,,,,,,,,,,,,,,,,,,,,,,,,,,,,,,,,,,,,,,,,,,,,,,,,,,,Josh,5/14/2026
Sollow,Vahe Gulagian,Information & Communication Tech,2023,West ,,,,N,2023,Dead website,,,,,,,,,,,Can't find,,,,,,,,,,,,,,,,,,,,,,,,,,,,,,,,,,,,,,,,,,,,,,,,,,,,,,,,,,,,,,,,,,,,,,,,,,,,,,,,,,,,,,,,,,,,,,,,,,,,,,,,,,,,,,,,Josh,5/14/2026
Moon Five Technologies,Stephan Luna Ng,Information & Communication Tech,2023,West,,,,Y,2026,https://www.moonfive.tech/,Y,2025,Press release / news article,Y,https://www.linkedin.com/company/moon-five-technologies,Y,2025,Y,,Stephan Luna Ng,https://www.linkedin.com/in/stephanlunang/,,,,,,,N,N/A,N,,,Y,2025,https://www.prweb.com/releases/moon-five-technologies-secures-3-4m-grant-to-bring-accessible-ev-charging-to-renters-across-california-302543997.html,N,N/A,N/A,N,N,,N,N/A,,,N,,N,,,,N,N/A,N,N,,,,,,https://www.crunchbase.com/organization/moon-five-technologies,https://pitchbook.com/profiles/company/530841-07,,,,,,"N/A – $3.4M is a CEC government grant, not equity",USD,09/2025,Grant (CEC REACH 3.0),,,,,,,,,,,,,,,,,,,,,,,,,,,,,,,,,,Y,https://www.prweb.com/releases/moon-five-technologies-secures-3-4m-grant-to-bring-accessible-ev-charging-to-renters-across-california-302543997.html,09/2025,"$3.4M USD (California Energy Commission grant, not equity; +match funding from private investor)",Y,N,,,,,,,,,,,N,,N,,,N,,,N,,N,,Zesang,
Brevian Energy,Rod Matthews,Energy Distribution & Storage,2023,West,,,,Y,2026,https://www.brevianenergy.com/,Y,2025,Blog post,Y,https://www.linkedin.com/company/brevian-energy-llc,Y,2025,Y,,Rod Matthews,https://www.linkedin.com/in/rodmatthews/,,,,,,,N,N/A,N,,,Y,2023,https://earth911.com/podcast/earth911-podcast-brevian-energys-rod-matthews-on-the-changing-economics-of-microgrids/,N,N/A,N/A,N,N,,N,N/A,,,Y,ACORE (American Council on Renewable Energy),Y,ACORE; Cleantech Open,,,N,N/A,N,N,,,,,,,https://pitchbook.com/profiles/company/546836-59,,,,,,N/A – no public equity raise found,,,,,,,,,,,,,,,,,,,,,,,,,,,,,,,,,,,,,N,,,,N,Y,The Rosie Network (Veteran/Military Entrepreneurship),2022,,,,,,,,,N,,N,,,N,,,N,,N,,Zesang,
Molecule Systems,Adam Boucher,Chemicals & Advanced Materials,2023,West,,,,Y,2026,https://www.moleculesystems.com/,Y,2024,Press release / partnership announcement,Y,https://www.linkedin.com/company/molecule-systems,Y,2024,Y,,Adam Boucher,https://www.linkedin.com/in/adamfboucher/,,,,,,,N,N/A,N,,,Y,2024,https://www.accessnewswire.com/newsroom/en/computers-technology-and-internet/molecule-systems-unveils-revolutionary-vpp-and-ems-solutions-to-tr-896930,N,N/A,N/A,N,N,,N,N/A,,,,,,,,,N,N/A,N,N,,,,,,https://www.crunchbase.com/organization/molecule-systems,https://pitchbook.com/profiles/company/538859-80,,,,,,Not disclosed (Seed from LACI; amount not public),USD,,Seed,,,,,,,,,,,,,,,,,,,,,,,,,,,,,,,,,,N,,,,N,N,,,,,,,,,,,N,,N,,,N,,,N,,N,,Zesang,
Brigade Automation Corporation,Thomas Burns,Information & Communication Tech,2023,Midwest,,,,Y,2023,https://baggerbot.com (DOMAIN EXPIRED – redirects to HugeDomains as of 2025),N,2022,Press release (last: 02/2022),Y,https://www.linkedin.com/company/brigadeautomationcorporation,Unknown – LinkedIn login required,,Y,,Tom Burns,https://www.linkedin.com/in/tom-burns-4952314/,,,,,,,N,N/A,N,,,Y,2022,https://www.globenewswire.com/en/news-release/2022/02/08/2381314/0/en/Brigade-Automation-Corporation-is-Reinventing-the-Sandbag-Filling-Process-to-Expedite-Water-Flood-Protection-and-Humanitarian-Efforts-to-Communities.html,N,N/A,N/A,N,Y,2022,N,N/A,,,,,,,,,N,N/A,N,N,,"Equity (Reg CF – StartEngine); 6 SEC filings CIK 0001895107 (C, C/A, C-AR ×2, C-U, C-TR 2024-04-30)",,"$1,070,000","$101,319",,,,,,,,,,,,,,,,,,,,,,,,,,,,,,,,,,,,,,,,,,,,,Y,https://www.startengine.com/offering/baggerbot,06/2022,"$101,319 USD raised (Reg CF via StartEngine; max was $1.07M; campaign closed 06/29/2022)",Y,N,,,,,,,,,,,N,,N,,,N,,,N,,N,,Zesang,
PwrOn,Darian Parrish,Energy Distribution & Storage,2023,West,,,,Y,2026,https://www.pwron.com/,Y,2025,Marketplace listings / platform updates,Y,https://www.linkedin.com/company/pwron,Y,2025,Y,,"Darian Parrish, Philip Keller",https://www.linkedin.com/in/darianparrish/,,,,,,,N,N/A,N,,,N,,,N,N/A,N/A,N,N,,N,N/A,,,,,,,,,N,N/A,N,N,,,,,,https://www.crunchbase.com/organization/pwron,,,,,,,N/A – no public equity raise found,,,,,,,,,,,,,,,,,,,,,,,,,,,,,,,,,,,,,N,,,,N,N,,,,,,,,,,,N,,N,,,N,,,N,,N,,Zesang,
Build Smartr Robotics,Harv Sidhu,Green Buildings,2023,Northeast,,,,Y,2026,https://www.buildsmartr.com/,Y,2025,Product page / company profile updates,Y,https://ca.linkedin.com/company/buildsmartr,Y,2024,Y,,Harv Sidhu,https://www.linkedin.com/in/harvsidhu/ (CEO/Founder – confirmed from Canadian Manufacturing Q&A),,2024,https://twitter.com/buildsmartr,,,,N,N/A,N,,,Y,2024,https://builtworlds.com/videos/demo-drop-build-smartr-robotics/,N,N/A,N/A,N,N,,N,N/A,,,Y,Foresight Cleantech Accelerator Centre (Canada),Y,Foresight 50 2023 honouree,,,N,N/A,N,N,,,,,,https://www.crunchbase.com/organization/build-smartr,https://pitchbook.com/profiles/company/507415-51,,,,,,N/A – no public equity raise found,,,,,,,,,,,,,,,,,,,,,,,,,,,,,,,,,,,,,N,,,,N,N,,,,,,,,,,,N,,N,,,N,,,N,,N,,Zesang,
FuelGems Inc.,Kirill Gichunts,Energy Efficiency,2023,South Central,,,,Y,2026,https://fuelgems.com/,Y,2025,Press release / investor update,Y,https://www.linkedin.com/company/fuelgems-inc,Y,2025,Y,,Kirill Gichunts,https://www.linkedin.com/in/kirillgichunts/,,,,,,,N,N/A,N,,,Y,2025,https://www.businesswire.com/news/home/20210325005690/en/Green-Transformative-Tech-Startup-FuelGems-Raises-%24900K,N,N/A,N/A,N,Y,2020,N,N/A,,,,,,,,,N,N/A,N,Y,2023,"Equity (Reg D, 2 filings 2023, CIK 1818804); also Reg CF (StartEngine 2020 + Republic 2024-2025)",,,,https://www.crunchbase.com/organization/fuelgems-inc,https://pitchbook.com/profiles/company/438740-20,,,,,,"~$900K (Reg CF via StartEngine/Wefunder, 2020)",USD,03/2021,Reg CF (crowdfunding),,,$1.06M (Republic Convertible Note III),USD,04/2025,Convertible Note – III (Reg CF via Republic),,,,,,,,,,,,,,,,,,,,,,,,,,,,Y,https://republic.com/fuelgems,04/2025,$3.2M–$3.77M USD total (CB Insights 6 rounds; PitchBook $3.77M; confirmed: ~$900K StartEngine 2020 + $1.06M Republic 2025),Y,Y,Sputnik ATX,2021,,,,,,,,,N,,N,,,N,,,N,,N,,Zesang,
NIU Planet,José A. Pere,Transportation,2023,International,,,,Y,2026,https://www.niuplanet.earth/,Y,2025,Platform/app updates,Y,https://www.linkedin.com/company/niuplanet,Y,2025,Y,,José A. Peré (CEO & Co-founder),https://www.linkedin.com/in/jos%C3%A9-a-per%C3%A9-972361213/,,,,Instagram,2023,https://www.instagram.com/niuplanet/,N,N/A,N,,,Y,2023,https://energy.media/podcasts/gamifying-environmental-action-with-niu-planet-jose-pere/,N,N/A,N/A,N,N,,N,N/A,,,,,,,,,N,N/A,N,N,,,,,,https://www.crunchbase.com/organization/niu-planet,,,,,,,Raising $300K pre-seed (unconfirmed close; as of 2023-2024 search data),USD,,Pre-seed,,,,,,,,,,,,,,,,,,,,,,,,,,,,,,,,,,N,,,,N,N,,,,,,,,,,,N,,N,,,N,,,N,,N,,Zesang,
"Peteca, LLC",Jacques (Jay) Kaiser,Information & Communication Tech,2023,Southeast,,,,S,2023,N/A – no website found,N,,,N,,N,,,,,,,,,,,,N,N/A,N,,,N,,,N,N/A,N/A,N,N,,N,N/A,,,,,,,,"Minimal web presence. Cleantech Open 2023 listing: Delray Beach FL, carbonized sugarcane bagasse briquettes for home grilling. FL DoC entity 'Petaca LLC' (spelling variant) filed 2023, entity# L23000526835. No SEC filings, no website, no LinkedIn. Founder not identified.",N,N/A,N,N,,,,,,,,,,,,,N/A – no funding found,,,,,,,,,,,,,,,,,,,,,,,,,,,,,,,,,,,,,N,,,,N,N,,,,,,,,,,,N,,N,,,N,,,N,,N,,Zesang,
Lemma,Not confirmed publicly,Information & Communication Tech,2023,International,,,,Y,2026,https://www.lemma.holdings/,Y,2024,Innovation page / technology description,N,,,,,,"Phil Wang (CEO, Co-founder); D. Scott Lucas PhD (Co-founder/Chief Scientist); Aaron David Mendonça; Ali Elnaamani; Tim Dumatrait",,,,,,,,N,N/A,N,,,N,,,N,N/A,N/A,N,N,,N,N/A,,,,,,,,"Nuclear fusion startup (quantum tunneling / IPMF reactor). 5 co-founders. Cleantech Open 2023 Southeast, Atlanta GA. No LinkedIn or equity funding found. Milestones: research reactor 2026, commercial production 2027. Likely self-funded or grant-based.",N,N/A,N,N,,,,,,,,,,,,,N/A – no funding found,,,,,,,,,,,,,,,,,,,,,,,,,,,,,,,,,,,,,N,,,,N,N,,,,,,,,,,,N,,N,,,N,,,N,,N,,Zesang,
Vayve Mobility,Nilesh Bajaj; Saurabh Mehta; Vilas Deshpande; Ankita Jain,Transportation,2023,International,,,,Y,2026,https://evayve.com,Y,2025,Product pages (Maya EV),Y,https://www.linkedin.com/company/vayve-mobility,Y,2025,Y,,Nilesh Bajaj (CEO); Aditya Vaidya (CTO); Maulik Maheta; Pratik Patel,https://www.linkedin.com/in/nilesh-bajaj-7476b814,,,,,,,N,N/A,N,,,Y,2024,https://theev.report (various 2024); https://automotiveindia.com,N,N/A,N/A,N,N,,N,N/A,,,,,,,,"Indian private limited co (Pune). CIN U34300PN2021PTC199608. Revenue INR 35.9L FY2025. Founders: Nilesh Bajaj (CEO), Aditya Vaidya (CTO), Maulik Maheta, Pratik Patel. No SEC filings — Indian entity. Product: Eva solar-integrated EV debuted Bharat Mobility Expo 2025.",N,N/A,N,N,,,,,,https://www.crunchbase.com/organization/vayve-mobility-private-limited,,,,,,,,,,,,,,,,,,,,,,,,,,,,,,,,,,,,,,,,,,,,N,,,,N,N,,,,,,,,,,,Y,,N,,,N,,,N,,N,,Zesang,
"C-Quester, Inc.",Dr. Clément Cid,Chemicals & Advanced Materials,2023,Northeast,,,,Y,2026,https://mitico.tech,Y,2025,Active — carbon capture product pages,Y,https://www.linkedin.com/company/mitico-tech,Y,2025,Y,,Dobelle (CEO); Clément Cid; Alan Gu,,,,,,,,N,N/A,N,,,Y,2025,https://techcrunch.com (Disrupt); https://mitico.tech/news,N,N/A,N/A,N,Y,2025,N,N/A,,,,,,,,Rebranded C-Quester → Mitico (Caltech carbon-capture spinout). SEC CIK 0002056548. Form D filed 2025-03-13. Total raised $5.75M. Equity type: LP interests / Units. Website: mitico.tech. LinkedIn: mitico-tech.,N,N/A,N,Y,2025,LP interests / Units,,5750000,5750000,,,,,,,,"$5.75M total (LP interests / Units, multiple rounds)",USD,03/2025,Equity (LP interests),,,,,,,,,,,,,,,,,,,,,,,,,,,,,,,,,,Y,,2025,$5.75M (USD),Y,Y,Caltech spinout / entrepreneurship program,2023,,,,,,,,,N,,N,,,N,,,N,,N,,Zesang,
Spirited,Not found publicly,Information & Communication Tech,2023,West,,,2023,S,2026,https://spiritedbio.com,Y,2024,Grant announcement,Y,https://www.linkedin.com/company/spiritedbio,N,,Y,,William P. Meehan Jr.,https://www.linkedin.com/in/williammeehan,,,,,,,N,N/A,N,,,Y,2024,https://bluegrassagtech.org (2024 grant recipient),N,N/A,N/A,N,,,N,N/A,,,,,,,,PHA bioplastic from bourbon distillery waste (SpiritedBio). Bluegrass AgTech grant 2024. Founder: William P. Meehan Jr. No Crunchbase. No SEC equity filings.,N,N/A,N,N,,,,,,,,,,,,,,,,,,,,,,,,,,,,,,,,,,,,,,,,,,,,,,,,,,N,,,,N,Y,Bluegrass AgTech,2023,,,,,,,,,N,,N,,,N,,,N,,N,,Zesang,
"ergSol, Inc.",Wolfgang Weiss; Monika Weiss,Energy Generation,2023,West,,,2023,Y,2026,https://ergsol.com,Y,2023,"Static — case studies, about page",Y,https://www.linkedin.com/company/ergsol,N,,Y,,Wolfgang Weiss (CEO); Monika Weiss,,,,,,,,N,N/A,N,,,N,,,N,N/A,N/A,N,N,,N,N/A,,,,,,,,Solar thermal for industrial heat. Fairfield CA. Founded ~2010. DUNS 832003359. Founders: Wolfgang Weiss (CEO) + Monika Weiss. No equity raises. Likely bootstrapped/grant funded.,N,N/A,N,N,,,,,,,,,,,,,,,,,,,,,,,,,,,,,,,,,,,,,,,,,,,,,,,,,,N,,,,N,N,,,,,,,,,,,N,,N,,,N,,,N,,N,,Zesang,
Phlytech,Antonio Gill,Agriculture Water & Waste,2023,International,,,2023,N,2023,N/A — no website found,N,,,N,,,,N,,Ken Caliwara; Antonio Gil; Pammy Moran; Abhyudaya Motani; Jan-Paul Schwarz; Felipe Vinas,,,,,,,,N,N/A,N,,,Y,2023,environment.usc.edu (Wrigley Prize 2023),N,N/A,N/A,N,,,N,N/A,,,,,,,,"Black soldier fly larvae protein from food waste. USC student team — 6 co-founders. Won $20K USC Wrigley Institute Prize 2023. No website, no LinkedIn company page, no SEC filings. Possible early-stage or inactive post-USC.",N,N/A,N,N,,,,,,https://www.crunchbase.com/organization/phlytech,,,,,,,,,,,,,,,,,,,,,,,,,,,,,,,,,,,,,,,,,,,,N,,,,N,Y,USC Wrigley Institute,2023,,,,,,,,,N,,N,,,N,,,N,,N,,Zesang,
eeLi Technology,Dr. Mert Akin,Energy Distribution & Storage,2023,International,,,2023,S,2026,https://eeli.tech,Y,2025,"Active — careers, news, tech pages",Y,https://www.linkedin.com/company/eeli-technology,Y,2025,Y,,Dr. Mert Akin (Founder & CEO),https://www.linkedin.com/in/mertakinn/,,2025,x.com/eelitechnology,,,,N,N/A,N,,,Y,2025,https://lightray.vc/news/light-ray-ventures-invests-in-eeli-technologys-pre-seed-round; https://calseed.fund/awardee/eeli-technology-inc/,N,N/A,N/A,N,N,,N,N/A,,,,,,,,"Electrochemical Direct Lithium Extraction (EDLE) from low-grade brines. Alameda CA, founded 2023, 3 employees. Funding: Light Ray Ventures pre-seed (amt undisclosed) + CalSEED $500K Cohort 7 + O'Shaughnessy Ventures equity-free grant 2024. No Form D on EDGAR. PitchBook: 589602-70.",N,N/A,N,N,,,,,,https://www.crunchbase.com/organization/eeli-technology,pitchbook.com/profiles/company/589602-70,,,,,,Pre-seed Light Ray Ventures (amt undisclosed) + CalSEED $500K grant,USD,2024,Pre-seed + Grant,,,,,,,,,,,,,,,,,,,,,,,,,,,,,,,,,,Y,lightray.vc/news/light-ray-ventures-invests-in-eeli-technologys-pre-seed-round,2024,"Pre-seed (Light Ray Ventures, amt undisclosed) + CalSEED $500K grant (USD)",Y,Y,Activate (Cyclotron Road/LBNL) 2024; UC Berkeley SkyDeck C2M 2025; DOE Lab-Embedded Entrepreneurship Program 2025,2025,,,,,,,,,N,,N,,,N,,,N,,N,,Zesang,
Westwood Aerogel,Dr. Patricia McNeil; Daniel Farzannekou,Chemicals & Advanced Materials,2023,Northeast,,,,Y,2026,https://westwoodaerogel.com,Y,2025,"Active — product pages, news",Y,https://www.linkedin.com/company/westwood-aerogel,Y,2024,Y,,Patricia McNeil (CEO); Daniel Farzannekou (Co-Founder),https://www.linkedin.com/in/patricia-mcneil-7pkp732/,,,,,,,N,N/A,N,,,Y,2025,https://calseed.fund/meet-the-2025-calseed-prototype-awardees; https://enduringplanet.com (case study),N,N/A,N/A,N,N,,N,N/A,,,,,,,,ZeroTherm aerogel insulation via ambient drying. EV battery thermal mgmt + building insulation. Founded 2023. Funding: Techstars Space $20K pre-seed (Oct 2023); NSF SBIR Phase I (2024-2025); CalSEED Prototype Award $500K (2025). No Form D. Partnership: Enduring Planet.,N,N/A,N,N,,,,,,https://www.crunchbase.com/organization/westwood-aerogel,,,,,,,20000,USD,Oct 2023,Pre-seed (Techstars),,,,,,,,,,,,,,,,,,,,,,,,,,,,,,,,,,Y,calseed.fund/awardee/westwood-aerogel-co/,2025,$500K CalSEED grant + NSF SBIR Phase I (amt undisclosed) + $20K Techstars (USD),Y,Y,Techstars Space 2023; Activate Global (Cyclotron Road/LBNL); NSF SBIR,2023,,,,,,,,,N,,N,,,N,,,N,,N,,Zesang,
Ecotech Research Center,Not found publicly,Agriculture Water & Waste,2023,International,,,,Y,2026,https://ecotechrc.com,Y,2024,"Static — tech descriptions, contact",N,,N,,N,,"James C. Lu (CEO, CFO, Director, Secretary)",https://www.linkedin.com/in/james-lu-8497331/ (unconfirmed),,,,,,,N,N/A,N,,,N,,,N,N/A,N/A,N,N,,N,N/A,,,,,,,,"Ecological protection tech — HiSAP (organic waste→nutrients/energy), 4-in-1 mCDR marine carbon removal, osmotic energy generation. 20+ IPs. Huntington Beach CA. Incorporated Nov 2021. CEO: James C. Lu. No LinkedIn, no Twitter, no news, no SEC filings. PitchBook: 593195-14.",N,N/A,N,N,,,,,,https://www.crunchbase.com/organization/ecotech-research-center,pitchbook.com/profiles/company/593195-14,,,,,,,,,,,,,,,,,,,,,,,,,,,,,,,,,,,,,,,,,,,N,,,,N,N,,,,,,,,,,,N,,N,,,N,,,N,,N,,Zesang,
Revolve Solar,Hans Stedman,Energy Generation,2023,West,,,,N,2026,https://revolve.solar,Y,2026,Privacy policy updated Jan 8 2026; active project installs (fall 2025),Y,https://www.linkedin.com/company/revolvesolar,N,,Y,,Hans Stedman (Founder & CEO),https://www.linkedin.com/in/hans-stedman/,,2025,x.com/revolvesolar,,,,N,N/A,N,,,Y,2025,nextcyclewashington.com/team-bios/resolar; Cleantech Open National profile,N,N/A,N/A,N,N,,N,N/A,,,,,,,,"Second-life solar panels → modular off-grid energy systems. Seattle/Pacific NW. Revolve Solar LLC in WA state (Oct 27 2022, doc #604985682). Founder: Hans Stedman (Blue Origin/Tesla alum, MS UPenn). NOTE: Crunchbase shows 'permanently closed' — contradicted by active website Jan 2026 + project installs fall 2025. Stale Crunchbase data. No equity raises.",N,N/A,N,N,,,,,,https://www.crunchbase.com/organization/revolve-solar,,,,,,,,,,,,,,,,,,,,,,,,,,,,,,,,,,,,,,,,,,,,N,,,,N,Y,NextCycle Washington,2024,,,,,,,,,N,,N,,,N,,,N,,N,,Zesang,
AnywherEnergy Systems Inc.,Thomas Furnas; Andrew J. Marsh,Energy Distribution & Storage,2023,West,,,,Y,2026,https://anywherenergysystems.com,Y,2025,"Active — product info, scheduling link",Y,https://www.linkedin.com/company/anywherenergy-systems-inc,N,,Y,,Benson P. Lee (Founder/CEO); Andrew J. Marsh (Co-Founder/Strategic Advisor); Thomas Furnas (Co-Founder/CEO),https://www.linkedin.com/in/benson-p-lee-8a93b/; https://www.linkedin.com/in/andrewmarshpe/,,,,,,,N,N/A,N,,,N,,,N,N/A,N/A,N,N,,N,N/A,,,,,,,,"Modular SOFC (solid oxide fuel cell) power generators — multi-fuel, ultra-low carbon, 2-3x more efficient than ICE. Target: luxury RV/yacht → microgrids/military/trucks. Cleveland OH. Founders: Benson P. Lee (Cornell), Andrew J. Marsh (35yr fuel cell exec, ex-CEO LG Fuel Cell Systems), Thomas Furnas. L3C structure. No Form D, no Crunchbase, no news. PitchBook: 532869-58.",N,N/A,N,N,,,,,,https://www.crunchbase.com/organization/anywherenergy-systems,pitchbook.com/profiles/company/532869-58,,,,,,N/A — no public equity raise found,,,,,,,,,,,,,,,,,,,,,,,,,,,,,,,,,,,,,N,,,,N,Y,BRITE Energy Innovators (Ohio); JumpStart Inc. (Cleveland); I-Corps I & II,2023,,,,,,,,,N,,N,,,N,,,N,,N,,Zesang,
"Adhesion technologies, Inc.",Not found publicly,Chemicals & Advanced Materials,2023,Midwest,,,,Y,2025,N/A — no standalone website confirmed; related: lab-tomarket.com,N,,,Y,linkedin.com/company/adhesion-technologies,N,,N,,N/A — founder not identified in public sources,,,,,,,,N,N/A,N,,,N,,,N,N/A,N/A,N,N,,N,N/A,,,,,,,,Bio-based adhesives for furniture — replaces toxic formaldehyde/VOC glues (corn ethanol waste-derived). Cambridge MA. Funding: MassCEC $75K grant + MassVentures. No founder names in public sources. Related website: lab-tomarket.com. PitchBook: 592921-54.,N,N/A,N,N,,,,,,https://www.crunchbase.com/organization/adhesion-technologies,pitchbook.com/profiles/company/592921-54,,,,,,,,,,,,,,,,,,,,,,,,,,,,,,,,,,,,,,,,,,,Y,,2023,$75K MassCEC grant (USD) + MassVentures (amt undisclosed),Y,Y,MassVentures,2023,,,,,,,,,N,,N,,,N,,,N,,N,,Zesang,
Amply Energy,Ed Smith; Eric Fitz,Energy Distribution & Storage,2023,West,,,,Y,2026,https://amply.energy,Y,2026,Blog/podcast active Feb 2026 (Ep. 47-56),Y,https://www.linkedin.com/company/amply-energy,Y,2026,Y,,"Eric Fitz (Co-founder, CEO/CTO); Ed Smith (Co-founder, COO)",https://www.linkedin.com/in/ehfitz; https://www.linkedin.com/in/ed-smith-5aa8716/,,2025,x.com/amplyenergy,,,,N,N/A,N,,,Y,2025,https://mainebiz.biz/article/green-and-growing-3-startups-powering-maines-eco-economy,N,N/A,N/A,N,Y,2023,N,N/A,,,,,,,,"B2B SaaS for HVAC heat pump contractors — LiDAR scanning, ACCA Manual J load calc, 3D design, quote gen, rebate mgmt. iOS app: Amply Heat Pump Copilot. South Portland ME, founded 2021. Founders: Eric Fitz + Ed Smith. SEC CIK 1967438 (Form D 2023). Funding: ~$1M total (MTI $100K + Kayak Ventures + Roux Institute + angels). ACCA certified Jul 2024. Partnership: Quilt Oct 2025. Active 28 states + Canada.",N,N/A,N,Y,2023,,,,,https://www.crunchbase.com/organization/amply-energy,,,,,,,~$1M total (MTI $100K grant + Kayak Ventures + Roux Institute + angels),USD,2023,Grant + Angel,,,,,,,,,,,,,,,,,,,,,,,,,,,,,,,,,,Y,info.amply.energy/blog/amply-awarded-50k-grant-from-the-maine-technology-institute,2023,~$1M total (USD): MTI grant $100K + Kayak Ventures + Roux Institute + angels + founders (2021-2023),Y,Y,Maine Technology Institute (MTI),2023,,,,,,,,,N,,N,,,N,,,N,,N,,Zesang,
Bamboo Energy,Manel Sanmartí; Cristina Corchero,Energy Efficiency,2023,West,,,,Y,2026,https://bambooenergy.tech,Y,2026,"Active — news, blog, partnerships (May 2026)",Y,https://www.linkedin.com/company/bambooenergy,Y,2026,Y,,"Cristina Corchero PhD (Co-founder, CTO); Manel Sanmartí (Co-founder, CEO); Mattia Barbero PhD; Alex Gomar Manresa (Co-founder)",https://www.linkedin.com/in/cristina-corchero/; https://www.linkedin.com/in/manel-sanmarti-0879146/,,2020,x.com/bamboo_platform,,,,N,N/A,N,,,Y,2026,Forbes España May 2026; https://cleantechopen.org (NE 2023),N,N/A,N/A,N,N,,N,N/A,,,,,,,,"Cloud SaaS demand-response flexibility aggregation for energy retailers/aggregators. AI/ML optimization, IoT DER integration. Barcelona Spain. Bamboo Energy S.L. 35 employees (2025). Founded ~2020. Funding: $3.72M total (PitchBook); pre-seed Mar 2023 lead Ship2B; investors: Google for Startups, EIT InnoEnergy, IDAE, ACCIÓ. Forbes España coverage May 2026. Very active — daily LinkedIn, European conference presence.",N,N/A,N,N,,,,,,https://www.crunchbase.com/organization/bamboo-energy,pitchbook.com/profiles/company/469851-40,,,,,,3720000,USD (per PitchBook; actual EUR likely),Mar 2023 (pre-seed),Pre-seed; Ship2B lead,,,,,,,,,,,,,,,,,,,,,,,,,,,,,,,,,,Y,,2023,"$3.72M total (USD per PitchBook; likely EUR — Spanish entity); Google for Startups, EIT InnoEnergy, IDAE, ACCIÓ, Ship2B",Y,Y,Google for Startups AI for Energy; ACCIÓ (Catalan Agency for Business Competitiveness),2023,,,,,,,,,N,,N,,,N,,,N,,N,,Zesang,
BlockCarbon,Alvin Tian,Information & Communication Tech,2023,Northeast,,,,Y,2026,https://blockcarbon.earth,Y,2025,Active — research publications Dec 2025,Y,https://www.linkedin.com/company/blockcarbon,Y,2025,Y,,Alvin Ye Tian (CEO),https://www.linkedin.com/in/alvin-ye-tian-4b284522/,,,,,,,N,N/A,N,,,Y,2023,https://news.harvard.edu/gazette/story/2023/05/presidents-innovation-challenge-awards-515000-to-winning-ventures/; https://techcrunch.com (Disrupt 2023 Battlefield 200),N,N/A,N/A,N,N,,N,N/A,,,,,,,,"Remote sensing + AI + blockchain for nature-based carbon credits in Asia-Pacific. CEO Alvin Tian: MIT Sloan MBA, Harvard Kennedy MPA. Harvard Innovation Labs (Cambridge MA). Funding: $100K Harvard Innovation Labs grant (Mar 2023). Research: Smart Agricultural Technology paper Dec 2025 (tree height estimation R²=0.75). No Form D. 2-10 employees.",N,N/A,N,N,,,,,,https://www.crunchbase.com/organization/blockcarbon,,,,,,,$100K Harvard Innovation Labs grant,USD,03/2023,Grant,,,,,,,,,,,,,,,,,,,,,,,,,,,,,,,,,,Y,news.harvard.edu/gazette/story/2023/05/presidents-innovation-challenge-awards-515000-to-winning-ventures/,2023,$100K Harvard Innovation Labs grant (USD),Y,Y,Harvard Innovation Labs; TechCrunch Startup Battlefield 200,2023,,,,,,,,,N,,N,,,N,,,N,,N,,Zesang,
BLUEiQ,Kim Gavin; Robert J. McGurrin,Information & Communication Tech,2023,Southeast,,,,Y,2026,https://blueiq.us,Y,2026,"Active newsroom — NOAA Feb 2026, TRIDENT SPECTRE Mar 2025",Y,https://www.linkedin.com/company/blueiqus,Y,2025,Y,,Kim Gavin (CEO & Founder); Robert McGurrin (CTO & Co-Founder),https://www.linkedin.com/in/kimgblueiq/; https://www.linkedin.com/in/robert-j-mcgurrin-7242882/,,2025,x.com/BlueIQus,,,,N,N/A,N,,,Y,2026,https://techpartnerships.noaa.gov (Feb 2026); https://bostonglobe.com (Dec 2024); https://bristlemouth.org (2025),N,N/A,N/A,N,N,,N,N/A,,,,,,,,"OpenEar — software-defined hydrophone with edge AI for passive acoustic monitoring. Uses: North Atlantic Right Whale strike prevention, wind farm noise mitigation, illegal fishing detection, coral reef monitoring, military/port defense (TRIDENT SPECTRE 2025). Boston MA / Newport RI / Gulfport MS. Founded 2023. WOSB certified. Funding: MassChallenge U.S. 2024 + NOAA CRADA. NOAA Feb 2026 feature. Active defense contracts.",N,N/A,N,N,,,,,,https://crunchbase.com/organization/blueiq,,,,,,,MassChallenge grant (amt undisclosed) + NOAA CRADA,USD,2024,Grant,,,,,,,,,,,,,,,,,,,,,,,,,,,,,,,,,,N,,,,N,Y,MassChallenge U.S. 2024; NOAA CRADA 2025,2025,,,,,,,,,N,,N,,,N,,,N,,N,,Zesang,
Upward (formerly Canopy),Max McCafferty,Information & Communication Tech,2023,Northeast,,,,N,2023,Dead website,,,,,https://www.linkedin.com/company/upward-climate/about/,,,,,Founder lists as a past activity,https://www.linkedin.com/in/eric-mandell/,,,,,,,N,N/A,N,,,N,,,N/A — no end-of-biz news found,N/A,N/A,Possible: low public activity since 2023; no confirmation of shutdown,N,,N,N/A,,,,,,,,"Climate action app — credit card carbon footprint tracking, reduction recs, B2B employee benefit carbon offsets. Legal entity: Canopy Climate Technologies Inc. Boston MA. Founder: Max McCafferty. Crunchbase under 'Canopy' (canopy-c064). No Twitter. No news post-2023. No Form D. Signs of possible quiet phase / low activity post-2023.",N,N/A,N,N,,,,,,https://crunchbase.com/organization/canopy-c064,,,,,,,N/A — no public equity raise found,,,,,,,,,,,,,,,,,,,,,,,,,,,,,,,,,,,,,N,,,,N,N,,,,,,,,,,,N,,N,,,N,,,N,,N,,Zesang,
Circular Interiors,Christian Wu,Green Buildings,2023,Northeast,,,,N,2023,,,,,,,,,,,,,,,,,,,,,,,,,,,,,,,,,,,,,,,,,,,,,,,,,,,,,,,,,,,,,,,,,,,,,,,,,,,,,,,,,,,,,,,,,,,,,,,,,,,,,,,,,,,,,,,,,,,,,,,,,,,,Haoran,
Clean Flame Thermal Solutions,Michele Putko,Energy Efficency,2023,Northeast,,Y,2023,Y,2026,https://www.cleanflameus.com/,,,,,https://www.linkedin.com/company/clean-flame-thermal-solutions/,,,,,Michele Putko,https://www.linkedin.com/in/michele-putko-phd-pe-3b4bb211/,N,N,N,N,N,N,N,N,N,N,N,N,N,N,N,N,N,N,N,N,N,N,N,N,N,N,Y,Cleantech Open 2023 (Northeast National Finalist),N,N,N,N,N,N,N,N,,,,https://www.crunchbase.com/organization/clean-flame,,,,,,,$0,USD,,,0,,,,,,,,,,,,,,,,,,,,,,,,,,,,,,,,,N,N,N,N,N,,,,,N,N,N,N,N,N,N,N,N,N,N,N,N,N,N,N,N,N,N,Haoran,5/8/2026
Cleonmaye Corp.,"Dr. Ryan Letts, DBA",Energy Efficiency,2023,Northeast,,Y,2021,Y,2025,https://cleonmaye.com/,Y,2025,product/news,Y,https://www.linkedin.com/company/the-cleonmaye-corporation/,,,,,"Dr. Ryan Letts, DBA",https://www.linkedin.com/in/dr-ryan-letts-dba/,N,N,N,N,N,N,N,N,N,N,Y,2023,https://www.cleantechopen.org/en/custom/blog/view/107741,N,N,N,N,,N,N,N,N,N,N,N,N,Y,Cleantech Open 2023 (Northeast National Finalist),N,N,N,N,N,N,N,N,,,,https://www.crunchbase.com/organization/cleonmaye,,,,,,,$0,USD,,,0,,,,,,,,,,,,,,,,,,,,,,,,,,,,,,,,,N,N,N,N,N,,,,,N,N,N,N,N,N,N,N,N,N,N,N,N,N,N,N,N,Y,https://cleonmaye.com/ (renewable and reusable energy innovation; energy efficiency),Haoran,5/8/2026
Cold Volt,Ramuel Maramara,Energy Efficency,2023,Northeast,,S,2022,S,2022,Dead website,N,N,N,Y,https://www.linkedin.com/company/cold-volt-inc/,,,,,Ramuel Maramara,https://www.linkedin.com/in/maramara/,N,N,N,N,N,N,N,N,N,N,N,N,N,N,N,N,N,,N,N,N,N,N,N,N,N,Y,Cleantech Open 2023,N,N,N,N,N,N,N,N,,,,https://www.crunchbase.com/organization/cold-volt,,,,,,,$0,USD,,,0,,,,,,,,,,,,,,,,,,,,,,,,,,,,,,,,,N,N,N,N,N,,,,,N,N,N,N,N,N,N,N,N,N,N,N,N,N,N,N,N,N,N,Haoran,5/8/2026
"Crum Creek Technologies, LLC",Doug Corrigan,Energy Distribution & Storage,2023,Northeast,,S,2021,S,2021,https://www.crumcreektech.com/,N,N,N,N,N,,,,,Doug Corrigan,https://www.linkedin.com/in/doug-corrigan-7022264/,N,N,N,N,N,N,N,N,N,N,N,N,N,N,N,N,N,,N,N,N,N,N,N,N,N,Y,Cleantech Open 2023,N,N,N,N,N,N,N,N,,,,https://www.crunchbase.com/organization/crum-creek-technologies,,,,,,,$0,USD,,,0,,,,,,,,,,,,,,,,,,,,,,,,,,,,,,,,,N,N,N,N,N,,,,,N,N,N,N,N,N,N,N,N,N,N,N,N,N,N,N,N,N,N,Haoran,5/8/2026
DetoXyFi,Dhananjay Goel,"Agriculture, Water & Waste",2023,Northeast,,Y,2024,Y,2025,https://www.detoxyfi.com/,Y,2025,product/news,Y,https://www.linkedin.com/company/detoxyfi-water/,,,,,Dhananjay Goel,https://www.linkedin.com/in/goeldhananjay/,N,N,N,N,N,N,N,N,N,N,Y,2024,https://detoxyfi.com/,N,N,N,N,,N,N,N,N,N,N,N,N,Y,Cleantech Open 2023,N,N,N,N,N,N,N,N,,,,https://www.crunchbase.com/organization/detoxyfi,,,,,,,$0,USD,,,0,,,,,,,,,,,,,,,,,,,,,,,,,,,,,,,,,N,N,N,N,N,Y,MassChallenge,,,N,N,N,N,N,N,N,N,N,N,N,N,N,N,N,N,N,Y,https://detoxyfi.com/ (PFAS and heavy metal water remediation technology),Haoran,5/8/2026
Ellexco,Lingchen Kong,Energy Generation,2023,Southeast,,Y,2023,Y,2025,https://www.ellex.co/,Y,2025,product/news,Y,https://www.linkedin.com/company/ellexco/,,,,,Lingchen Kong,https://www.linkedin.com/in/lingchen-charles-kong/,N,N,N,N,N,N,N,N,N,N,Y,2025,https://www.ellex.co/,N,N,N,N,,N,N,N,N,N,N,N,N,Y,Cleantech Open 2023 (Northeast Regional Winner); DOE; ARPA-E; Greentown Labs,N,N,N,N,N,N,N,N,,,,https://www.crunchbase.com/organization/ellexco,,,,,,,$0,USD,,,0.05M,,,,,,,,,,,,,,,,,,,,,,,,,,,,,,,,,N,N,N,N,N,,,,,Y,2025,Y,2025,N,N,N,N,N,N,N,N,N,N,N,N,N,Y,https://www.ellex.co/ (chemical-free direct lithium extraction from geothermal brine; battery-grade LiOH; electricity-driven; no toxic chemicals),Haoran,5/8/2026
"Elyte Energy, LLC","Jalaal A. Hayes, PhD",Energy Distribution & Storage,2023,Northeast,,Y,2024,Y,2025,,Y,2025,product/news,N,N,,,,,"Jalaal A. Hayes, PhD",https://www.linkedin.com/in/drjah/,N,N,N,N,N,N,N,N,N,N,Y,2024,https://elyteenergy.com/,N,N,N,N,,N,N,N,N,N,N,N,N,Y,Cleantech Open 2023,N,N,N,N,N,N,N,N,,,,Not in Crunchbase,,,,,,,$0,USD,,,-,,,,,,,,,,,,,,,,,,,,,,,,,,,,,,,,,N,N,N,N,N,,,,,N,N,N,N,N,N,N,N,N,N,N,N,N,N,N,N,N,Y,https://elyteenergy.com/ (novel battery electrolyte technology for improved safety and performance),Haoran,5/8/2026
Greenify,Eric MacBlane,Energy Generation,2023,Northeast,,N,2023,N,2023,,N,N,N,N,N,,,,,Eric MacBlane,https://www.linkedin.com/in/emacblane/,N,N,N,N,N,N,N,N,N,N,N,N,N,N,N,N,N,,N,N,N,N,N,N,N,N,Y,Cleantech Open 2023,N,N,N,N,N,N,N,N,,,,Not in Crunchbase,,,,,,,$0,USD,,,0,,,,,,,,,,,,,,,,,,,,,,,,,,,,,,,,,N,N,N,N,N,,,,,N,N,N,N,N,N,N,N,N,N,N,N,N,N,N,N,N,N,N,Haoran,5/8/2026
Foogly,Kevin Speina,Waste,2023,Northeast,,S,2022,S,2022,fooglyfood.com,N,N,N,Y,,,,,,Kevin Speina,,N,N,N,N,N,N,N,N,N,N,N,N,N,N,N,N,N,,N,N,N,N,N,N,N,N,Y,Cleantech Open 2023,N,N,N,N,N,N,N,N,,,,https://www.crunchbase.com/organization/foogly,,,,,,,$0,USD,,,-,,,,,,,,,,,,,,,,,,,,,,,,,,,,,,,,,N,N,N,N,N,,,,,N,N,N,N,N,N,N,N,N,N,N,N,N,N,N,N,N,N,N,Haoran,5/8/2026
Ephemeron Labs,Terrence McGuckin Ph.D,Application Specific Semiconductor,2023,PA,,Y,2023,Y,2025,https://www.ephemeron-labs.com/,Y,2025,product/news,N,N,,,,,Terrence McGuckin Ph.D,https://www.linkedin.com/in/terrence-mcguckin-08163313/,N,N,N,N,N,N,N,N,N,N,Y,2024,https://ephemeronlabs.com/,N,N,N,N,,N,N,N,N,N,N,N,N,Y,Cleantech Open 2023,N,N,N,N,N,N,N,N,,,,https://www.crunchbase.com/organization/ephemeron-labs,,,,,,,$0,USD,,,0,,,,,,,,,,,,,,,,,,,,,,,,,,,,,,,,,N,N,N,N,N,,,,,N,N,N,N,N,N,N,N,N,N,N,N,N,N,N,N,N,Y,https://ephemeronlabs.com/ (application-specific semiconductor for clean energy applications),Haoran,5/8/2026
GreenIRR LLC,Celine King,Productivity Software,2023,CT,,Y,2024,Y,2025,https://www.greenirr.com/,Y,2025,product/news,Y,https://www.linkedin.com/company/greenirr/,,,,,Celine King,https://www.linkedin.com/in/celineking/,N,N,N,N,N,N,N,N,N,N,Y,2024,https://www.cleantechopen.org/en/custom/blog/view/107741,N,N,N,N,,N,N,N,N,N,N,N,N,Y,Cleantech Open 2023 (National Global Forum participant),N,N,N,N,N,N,N,N,,,,https://www.crunchbase.com/organization/greenirr,,,,,,,$0,USD,,,0.55M,,,,,,,,,,,,,,,,,,,,,,,,,,,,,,,,,N,N,N,N,N,,,,,N,N,N,N,N,N,N,N,N,N,N,N,N,N,N,N,N,Y,https://greenirr.com/ (productivity software for clean energy investment/project finance),Haoran,5/8/2026
Epic Renewal,Brendan Baba,Agriculture Water & Waste,2023,Northeast,,Y,,Y,2025,https://epicrenewal.org/,Y,2025,news/product,Y,https://www.linkedin.com/company/epicrenewal/,Y,2025,Y,,Brendan Baba,https://www.linkedin.com/in/brendan-baba-7b874843/,N,N,N,N,N,N,N,N,N,N,Y,2024,https://www.linkedin.com/company/epicrenewal/,N,N,N,N,,N,N,N,N,N,N,N,N,Y,Cleantech Open 2023 (Ag/Food/Land Prize winner - Sire Foundation),N,N,N,N,N,N,N,N,,,,https://www.crunchbase.com/organization/epic-renewal,,,,,,,$0,USD,,,0.01M - buyout,,,,,,,,,,,,,,,,,,,,,,,,,,,,,,,,,N,N,N,N,N,,,,,N,N,N,N,N,N,N,N,N,N,N,N,N,N,N,N,N,Y,https://epicrenewal.org/ (community composting; mobile app for composters; diverts food waste from landfill; supports circular economy),Haoran,5/8/2026
Ionworks Technologies Inc,Valentin Sulzer,Energy Efficiency,2023,Northeast,,,,Y,2025,https://ionworks.com/,Y,2025,product/news,Y,https://www.linkedin.com/company/ionworks-technologies/,,,,,Valentin Sulzer,https://www.linkedin.com/in/valentinsulzer/,N,N,N,N,N,N,N,N,N,N,Y,2025,https://ionworks.com/,N,N,N,N,,N,N,N,N,N,N,N,N,Y,Cleantech Open 2023,N,N,N,N,N,N,N,N,,,,https://www.crunchbase.com/organization/ionworks,,,,1,,,"$500,000",USD,,Venture,0.5M,,2024,USD,Sep 25,,,$500K,USD,Sep 25,,,,Pre-seed,USD,Sep 25,,,2024,USD,Sep 25,,,Pre-seed,USD,Sep 25,,,2024,USD,Sep 25,,,N,N,N,N,N,Y,Y Combinator,2024,,Y,2025,Y,2025,N,N,N,N,N,N,N,N,N,N,N,N,N,Y,https://ionworks.com/ (battery development simulation software; reduces battery R&D costs; extends battery lifespan),Haoran,5/8/2026
HyeYield,Hayik Yilan,Agriculture Water & Waste,2023,Northeast,,,,N,2023,,N,N,N,N,N,,,,,Hayik Yilan,,N,N,N,N,N,N,N,N,N,N,N,N,N,N,N,N,N,,N,N,N,N,N,N,N,N,Y,Cleantech Open 2023,N,N,N,N,N,N,N,N,,,,Not in Crunchbase,,,,,,,$0,USD,,,-,,,,,,,,,,,,,,,,,,,,,,,,,,,,,,,,,N,N,N,N,N,,,,,N,N,N,N,N,N,N,N,N,N,N,N,N,N,N,N,N,N,N,Haoran,5/8/2026
Livity Yoga,Renee Manzari,Information & Communication Tech,2023,Northeast,,,,N,2023,,N,N,N,N,,,,,,Renee Manzari,,N,N,N,N,N,N,N,N,N,N,N,N,N,N,N,N,N,,N,N,N,N,N,N,N,N,Y,Cleantech Open 2023,N,N,N,N,N,N,N,N,,,,Not in Crunchbase,,,,,,,$0,USD,,,0,,,,,,,,,,,,,,,,,,,,,,,,,,,,,,,,,N,N,N,N,N,,,,,N,N,N,N,N,N,N,N,N,N,N,N,N,N,N,N,N,N,N,Haoran,5/8/2026
InceptEV,Matthew Guttenberg,Transportation,2023,Northeast,,,,A,2025,https://www.inceptev.com/,Y,2025,product (as Motive),Y,https://www.linkedin.com/company/inceptev/,,,,,Matthew Guttenberg,https://www.linkedin.com/in/matthew-guttenberg/,N,N,N,N,N,N,N,N,N,N,Y,2025,https://www.cleantechopen.org/en/custom/blog/view/131736,N,N,N,N,,N,N,N,N,N,N,N,N,Y,Cleantech Open 2023,N,N,N,N,Y - Acquired by Motive (2025),N,N,N,,,,https://www.crunchbase.com/organization/inceptev,,,,,,,$0,USD,,,0.05M,,,,,,,,,,,,,,,,,,,,,,,,,,,,,,,,,Y,https://www.cleantechopen.org/en/custom/blog/view/131736,2025,Undisclosed acquisition by Motive (2025),N,,,,,N,N,N,N,N,N,N,N,N,N,N,N,N,N,N,N,N,Y,https://www.cleantechopen.org/en/custom/blog/view/131736 (EV fleet charging management; acquired by Motive 2025),Haoran,5/8/2026
Haylon Technologies,Dante Vaisbort ,Energy Efficiency,2023,Northeast,,,,Y,2025,https://haylontech.com/,Y,2025,product/news,Y,https://www.linkedin.com/company/haylon-technologies/,,,,,Dante Vaisbort,https://www.linkedin.com/in/dante-vaisbort/,N,N,N,N,N,N,N,N,N,N,Y,2025,https://www.cleantechopen.org/en/custom/blog/view/131736,N,N,N,N,,N,N,N,N,N,N,N,N,Y,Cleantech Open 2023 (National Runner-Up); Techstars Chicago; MassChallenge; NextFab; DoD SBIR (Army + USSF); Tampa Bay Innovation Center,N,N,N,N,N,N,N,N,,,,https://www.crunchbase.com/organization/haylon-technologies,,,,4,,,"$580,000",USD,,Venture,0.24M,,2023,USD,Jan 1,,,$330K,USD,Jan 1,,,,Angel,USD,Jan 1,,,2022,USD,Apr 25,,,Angel,USD,Jan 1,,,2023,USD,Jan 1,,,Y,https://www.cleantechopen.org/en/custom/blog/view/131736,2025,$240K total (PitchBook); DoD Army Phase I+II SBIR; USSF SBIR Phase I; $200K Texas Water Dev Board grant (2025),N,Y,"Techstars, MassChallenge, Tampa Bay Innovation Center, Newchip Accelerator",2022 Techstars /// 2023 Mass /// 2023 TBIC /// 2022 for Newchip,,Y,2025,Y,2025,N,N,N,N,N,N,N,N,N,N,N,N,N,Y,https://haylontech.com/ (advanced battery hybridizer; doubles battery performance; Forbes 30 Under 30 2025; DoD Army + Space Force SBIR; $200K TX Water Board; Searay + Chimaera desalination pilots 2025),Haoran,5/8/2026
Hydropore,Mike Argosh,Energy Generation,2023,Northeast,,Y,2024,Y,2026,https://hydropore.com/,Y,2026,copyright,Y,https://www.linkedin.com/company/hydroporetechnologies/,,,,,Alexander Ng,https://www.linkedin.com/in/alexander-ng-phd/,N,N,N,N,N,N,N,N,N,N,N,N,N,N,N,N,N,,N,N,N,N,N,N,N,N,Y,Cleantech Open 2023,N,N,N,N,N,N,N,N,,,,https://www.crunchbase.com/organization/hydropore#overview,,,,,,,$0,USD,,,-,,,,,,,,,,,,,,,,,,,,,,,,,,,,,,,,,N,N,N,N,N,,,,,N,N,N,N,N,N,N,N,N,N,N,N,N,N,N,N,N,Y,N (engineered mushrooms for heavy metal water remediation),Haoran,5/8/2026
Incentivize,Michael Kadish,Information & Communication Tech,2023,Northeast,,,,N,2025,Dead website,N,2025,product,Y,https://www.linkedin.com/company/incentivize-green/,,,,2025,Michael Kadish,https://www.linkedin.com/in/michael-kadish-49a0564/,N,N,N,N,N,N,N,N,N,N,N,N,N,N,N,N,N,,N,N,N,N,N,N,N,N,Y,Cleantech Open 2023,N,N,N,N,N,N,N,N,,,,https://www.crunchbase.com/organization/incentivize-green-inc,,,,,,,$0,USD,,,-,,,,,,,,,,,,,,,,,,,,,,,,,,,,,,,,,N,N,N,N,N,Y,MassChallenge,2023,,N,N,N,N,N,N,N,N,N,N,N,N,N,N,N,N,N,Y,N (EV charging incentives marketplace),Haoran,5/8/2026
Redifarms,Greg Redington,Agriculture Water & Waste,2023,Northeast,,,,N,2023,https://www.redifarms.com/,N,N,N,N,N,,,,,Greg Redington,,N,N,N,N,N,N,N,N,N,N,N,N,N,N,N,N,N,,N,N,N,N,N,N,N,N,Y,Cleantech Open 2023,N,N,N,N,N,N,N,N,,,,https://www.crunchbase.com/organization/redifarms,,,,3,,,"$138,100",USD,,Grant,0.06M,,2024,USD,Oct 15,,,$75K,USD,Oct 15,,,,Grant,USD,Oct 15,,,2022,USD,Aug 8,,,Grant,USD,Oct 15,,,2024,USD,Oct 15,,,N,N,N,N,N,,,,,N,N,N,N,N,N,N,N,N,N,N,N,N,N,N,N,N,N,N,Haoran,5/8/2026
Matcha,Chris Kluesener,Transportation,2023,Northeast,,,,Y,2025,https://www.matchaelectric.com/,Y,2025,product/news,Y,https://www.linkedin.com/company/matchaev/,,,,,Chris Kluesener,https://www.linkedin.com/in/chriskluesener/,N,N,N,N,N,N,N,N,N,N,Y,2025,https://www.cleantechopen.org/en/custom/blog/view/131736,N,N,N,N,,N,N,N,N,N,N,N,N,Y,Cleantech Open 2023,N,N,N,N,N,N,N,N,,,,https://www.crunchbase.com/organization/workback,,,,3,,,"$1,835,500",USD,,"Grant, Venture",-,,2025,USD,Apr 7,,,$1.4M,USD,Apr 7,,,,Grant,USD,Apr 7,,,2022,USD,Jun 13,,,Grant,USD,Apr 7,,,2025,USD,Apr 7,,,N,N,N,N,N,Y,Entrepreneurs Roundtable Accelerator,2022,,Y,2025,Y,2025,N,N,N,N,N,N,N,N,N,N,N,N,N,Y,https://matchaev.com/ (EV charger platform for multi-tenant buildings; Voltpost partnership 2025 for EJ communities in MA),Haoran,5/8/2026
Prezerv Technologies,Cam Raufi,Information & Communication Tech,2023,Northeast,,,,Y,2025,https://prezerv.ai/,Y,2025,product/news,Y,https://www.linkedin.com/company/prezerv-technologies/,,,,,Cam Raufi,https://www.linkedin.com/in/cam-raufi/,N,N,N,N,N,N,N,N,N,N,Y,2025,https://prezerv.com/,N,N,N,N,,N,N,N,N,N,N,N,N,Y,Cleantech Open 2023 (sent to National Global Forum),N,N,N,N,N,N,N,N,,,,https://www.crunchbase.com/organization/prezerv-technologies-3528,,,,2,,,"$100,000",USD,,Venture,0.25M,,2025,USD,Jul 31,,,$100K,USD,Jul 31,,,,Venture - Series Unknown,USD,Jul 31,,,2025,USD,Jul 31,,,Venture - Series Unknown,USD,Jul 31,,,2025,USD,Jul 31,,,N,N,N,N,N,Y,Cox Cleantech Accelerator,2025,,Y,2025,Y,2025,N,N,N,N,N,N,N,N,N,N,N,N,N,Y,https://prezerv.com/ (AI 3D digital twin of underground utilities; prevents dig-ins; reduces infrastructure damage during civil/energy projects),Haoran,5/8/2026
Rivalia Chemical Co,Laura Stoy,Chemicals & Advanced Materials,2023,Northeast,,,,Y,2025,https://www.rivaliachemical.com/,Y,2025,product/news,Y,https://www.linkedin.com/company/rivalia-chemical-co/,,,,,Laura Stoy,https://www.linkedin.com/in/lauramstoy/,N,N,N,N,N,N,N,N,N,N,Y,2024,https://www.joinact.org/blogs/cleantech-open-northeast-alumni-in-the-news-in-2024,N,N,N,N,,N,N,N,N,N,N,N,N,Y,Cleantech Open 2023,N,N,N,N,N,N,N,N,,,,https://www.crunchbase.com/organization/rivalia-chemical-co,,,,,,,$0,USD,,,0.22M,,,,,,,,,,,,,,,,,,,,,,,,,,,,,,,,,N,N,N,N,N,Y,"Techstars, Techstars Alabama Power EnergyTech Accelerator",2022,,N,N,N,N,N,N,N,N,N,N,N,N,N,N,N,N,N,Y,https://rivaliaco.com/ (featured MIT Technology Review Jan 2024; specialty chemicals from sustainable sources),Haoran,5/8/2026
Orus Energy,Alexandre Girard,Energy Distribution & Storage,2023,,,,,N,2023,Dead website,N,N,N,N,N,,,,,Alexandre Girard,,N,N,N,N,N,N,N,N,N,N,N,N,N,N,N,N,N,,N,N,N,N,N,N,N,N,Y,Cleantech Open 2023,N,N,N,N,N,N,N,N,,,,https://www.crunchbase.com/organization/orus-energy,,,,2,,,"$2,386,340",USD,,Venture,2.4M,,2024,EURO,Jul 5,,,€2.2M,EURO,Jul 5,,,,Pre-Seed,EURO,Jul 5,,,2024,EURO,Jul 5,,,Pre-Seed,EURO,Jul 5,,,2024,EURO,Jul 5,,,N,N,N,N,N,,,,,N,N,N,N,N,N,N,N,N,N,N,N,N,N,N,N,N,N,N,Haoran,5/8/2026
Aquasaic (formerly HTomic),Nikita Patil,Agriculture Water & Waste,2023,,,,,N,2023,,N,N,N,Y,N,,,,,Nikita Patil,,N,N,N,N,N,N,N,N,N,N,N,N,N,N,N,N,N,,N,N,N,N,N,N,N,N,Y,Cleantech Open 2023,N,N,N,N,N,N,N,N,,,,Not in Crunchbase,,,,,,,$0,USD,,,0.03M,,,,,,,,,,,,,,,,,,,,,,,,,,,,,,,,,N,N,N,N,N,,,,,N,N,N,N,N,N,N,N,N,N,N,N,N,N,N,N,N,Y,"N (engineered mushrooms capturing heavy metals copper, gold, cadmium, lead from water)",Haoran,5/8/2026
Peoples Energy Analytics,Shuchen Cong,Information & Communication Tech,2023,,,,,N,2023,https://www.peoplesenergyanalytics.com/,N,N,N,N,https://www.linkedin.com/company/peoples-energy-analytics/,,,,,Shuchen Cong,https://www.linkedin.com/in/shuchen-cong/,N,N,N,N,N,N,N,N,N,N,N,N,N,N,N,N,N,,N,N,N,N,N,N,N,N,Y,Cleantech Open 2023,N,N,N,N,N,N,N,N,,,,https://www.crunchbase.com/organization/peoples-energy-analytics,,,,,,,$0,USD,,,0.71M,,,,,,,,,,,,,,,,,,,,,,,,,,,,,,,,,N,N,N,N,N,,,,,N,N,N,N,N,N,N,N,N,N,N,N,N,N,N,N,N,N,N,Haoran,5/8/2026
TSI Wave Gen,Tyler Robertson,Energy Generation,2023,,,,,S,2023,Dead website,N,N,N,N,N,,,,,Tyler Robertson,,N,N,N,N,N,N,N,N,N,N,N,N,N,N,N,N,N,,N,N,N,N,N,N,N,N,Y,Cleantech Open 2023,N,N,N,N,N,N,N,N,,,,Not in Crunchbase,,,,,,,$0,USD,,,-,,,,,,,,,,,,,,,,,,,,,,,,,,,,,,,,,N,N,N,N,N,,,,,N,N,N,N,N,N,N,N,N,N,N,N,N,N,N,N,N,N,N,Haoran,5/8/2026
SPACESENSE,Jyotsna Budideti,Information & Communication Tech,2023,,,,,A,2025,Dead website,Y,2025,product (as Greenfield Technologies),Y,https://www.linkedin.com/company/spacesense-ai/,,,,2024,Jyotsna Budideti,https://www.linkedin.com/in/b-jyotsna/?originalSubdomain=fr,N,N,N,N,N,N,N,N,N,N,Y,2024,https://commercialisation.esa.int/2025/01/empowering-innovators-esas-role-in-the-success-of-spacesense-and-f-z-solutions/,N,N,N,N,,N,N,N,N,N,N,N,N,Y,Cleantech Open 2023 (Northeast Regional Winner + People's Choice); ESA BIC Nord France,N,N,N,N,Y - Merged with xFarm Technologies → Greenfield Technologies (Apr 2024),N,N,N,,,,https://www.crunchbase.com/organization/spacesense-ai#overview,,,,5,,,"$1,200,000",USD,,Venture,5.03M,,2020,USD,Oct 8,,,$1.2M,USD,Oct 8,,,,Pre-Seed,USD,Oct 8,,,2020,USD,Oct 8,,,Pre-Seed,USD,Oct 8,,,2020,USD,Oct 8,,,Y,https://www.joinact.org/blogs/cleantech-open-northeast-alumni-in-the-news-in-2024,2024,Undisclosed (merger with xFarm Technologies → Greenfield Technologies Apr 2024),N,,"Bpifrance, MassChallenge, Cleantech Open, Sharpstone Capital, Techmind",,,N,N,N,N,N,N,N,Y,https://www.greenfield.ag/ (France/EU + US),Y,2024,https://www.joinact.org/blogs/cleantech-open-northeast-alumni-in-the-news-in-2024,N,N,N,N,N,Y,https://www.greenfield.ag/ (satellite/geospatial AI for regenerative agriculture; saves water; merged into Greenfield Technologies Apr 2024),Haoran,5/8/2026
Table 2 Ground LLC,Arthur Henderson,Agriculture Water & Waste,2023,,,,,S,2025,https://www.table2ground.com/,N,N,N,N,https://www.linkedin.com/company/table2ground/,,,,,Arthur Henderson,https://www.linkedin.com/in/arthur-henderson-9986107/,N,N,N,N,N,N,N,N,N,N,N,N,N,N,N,N,N,,N,N,N,N,N,N,N,N,Y,Cleantech Open 2023,N,N,N,N,N,N,N,N,,,,Not in Crunchbase,,,,,,,$0,USD,,,-,,,,,,,,,,,,,,,,,,,,,,,,,,,,,,,,,N,N,N,N,N,,,,,N,N,N,N,N,N,N,N,N,N,N,N,N,N,N,N,N,N,N,Haoran,5/8/2026
Siclic Advanced Materials,Yasmeen AlFaraj,Chemicals & Advanced Materials,2023,,,,,N,2023,,N,N,N,N,N,,,,,Yasmeen AlFaraj,,N,N,N,N,N,N,N,N,N,N,N,N,N,N,N,N,N,,N,N,N,N,N,N,N,N,Y,Cleantech Open 2023,N,N,N,N,N,N,N,N,,,,Not in Crunchbase,,,,,,,$0,USD,,,-,,,,,,,,,,,,,,,,,,,,,,,,,,,,,,,,,N,N,N,N,N,,,,,N,N,N,N,N,N,N,N,N,N,N,N,N,N,N,N,N,N,N,Haoran,5/8/2026
Xenoil,Anthony Prato,Chemicals & Advanced Materials,2023,,,,,N,2024,Dead website,N,N,N,N,N,,,,,Anthony Prato,,N,N,N,N,N,N,N,N,N,N,Y,2024,https://www.joinact.org/blogs/cleantech-open-northeast-alumni-in-the-news-in-2024,N,N,N,N,,N,N,N,N,N,N,N,N,Y,Cleantech Open 2023,N,N,N,N,N,N,N,N,,,,https://www.crunchbase.com/organization/xenoil,,,,2,,,"$125,000",USD,,Venture,0.13M,,2024,USD,May 6,,,$100K,USD,May 6,,,,Seed,USD,May 6,,,2022,USD,Jul 14,,,Seed,USD,May 6,,,2024,USD,May 6,,,N,N,N,N,N,,,,,N,N,N,N,N,N,N,N,N,N,N,N,N,N,N,N,N,Y,https://xenoil.com/ (bio-based lubricants from food waste; co-founder Rachel Prato named 2024 NSPE Emerging Leader),Haoran,5/8/2026
WeNeW Carbology LLC,Matthew Merrill,Energy Generation,2023,,,,,Y,2025,https://wenewc.com/farmers/,Y,2025,product/news,Y,N,,,,,Matthew Merrill,https://www.linkedin.com/in/matt-merrill-8474067/,N,N,N,N,N,N,N,N,N,N,Y,2024,https://www.joinact.org/blogs/cleantech-open-northeast-alumni-in-the-news-in-2024,N,N,N,N,,N,N,N,N,N,N,N,N,Y,Cleantech Open 2023 (Carbon Prize - Sire Foundation),N,N,N,N,N,N,N,N,,,,https://www.crunchbase.com/organization/wenew-carbology#overview,,,,2,,,"$1,400,000",USD,,Grant,1.1M - grant,,2024,USD,Aug 26,,,$1.1M,USD,Aug 26,,,,Grant,USD,Aug 26,,,2023,USD,May 15,,,Grant,USD,Aug 26,,,2024,USD,Aug 26,,,Y,https://www.joinact.org/blogs/cleantech-open-northeast-alumni-in-the-news-in-2024,2024,"$206K DOE SBIR/STTR grant (Biotechnology Technology Office, 2024)",N,,,,,N,N,N,N,N,N,N,N,N,N,N,N,N,N,N,N,N,Y,https://wenewc.com/ (carbon sequestration bioprocess; DOE-funded; carbon prize winner Cleantech Open 2023),Haoran,5/8/2026
Shutterbug Exchange Inc (SBX),Frank Jackson,Energy Generation,2023,,,,,S,2026,,N,N,N,N,https://www.linkedin.com/company/sbx-labs/,,,,,Frank Jackson,https://www.linkedin.com/in/frank-jackson-1636b814/,N,N,N,N,N,N,N,N,N,N,N,N,N,N,N,N,N,,N,N,N,N,N,N,N,N,Y,Cleantech Open 2023,N,N,N,N,N,N,N,N,,,,Not in Crunchbase,,,,,,,$0,USD,,,-,,,,,,,,,,,,,,,,,,,,,,,,,,,,,,,,,N,N,N,N,N,,,,,N,N,N,N,N,N,N,N,N,N,N,N,N,N,N,N,N,N,N,Haoran,5/8/2026
Arx Pax Labs Inc.,Sean Gibson,Green Buildings,2023,,,,,N,2023,http://arxpax.com/,Y,2023,copyright,N,N,,,,,Sean Gibson,,N,N,N,N,N,N,N,N,N,N,N,N,N,N,N,N,N,,N,N,N,N,N,N,N,N,Y,Cleantech Open 2023,N,N,N,N,N,N,N,N,,,,https://www.crunchbase.com/organization/arx-pax,,,,4,,,"$4,200,000",USD,,"Self/Family, Venture",7.4M,,2015,USD,Jan 9,,,$2.1M,USD,Jan 9,,,,Convertible Note,USD,Jan 9,,,2014,USD,Jun 22,,,Convertible Note,USD,Jan 9,,,2015,USD,Jan 9,,,N,N,N,N,N,,,,,N,N,N,N,N,N,N,N,N,N,N,N,N,N,N,N,N,N,N,Haoran,5/8/2026
Zinco Verde,John Harrold,Chemicals & Advanced Materials,2023,,,,,Y,2025,https://www.zincoverde.com/,Y,2025,product/news,Y,https://www.linkedin.com/company/zinco-verde/,,,,,Sisi (Sophie) Ni / Jacopo Samson,https://www.linkedin.com/in/sophieni/  // https://www.linkedin.com/in/jacopo-samson/,N,N,N,N,N,N,N,N,N,N,Y,2024,https://www.cleantechopen.org/en/custom/blog/view/107741,N,N,N,N,,N,N,N,N,N,N,N,N,Y,Cleantech Open 2023 (Northeast Regional Winner),N,N,N,N,N,N,N,N,,,,https://www.crunchbase.com/organization/zinco-verde,,,,,,,$0,USD,,,0.01M,,,,,,,,,,,,,,,,,,,,,,,,,,,,,,,,,N,N,N,N,N,,,,,N,N,N,N,N,N,N,N,N,N,N,N,N,N,N,N,N,Y,https://www.zincoverde.com/ (eco-friendly non-nano ultra-pure metal oxides; safer alternatives to conventional metal oxide pigments/materials),Haoran,5/8/2026
CarbonBright,David Rodrigues,Information & Communication Tech,2023,,,,,S,2024,https://carbonbright.godaddysites.com/,N,N,N,N,https://www.linkedin.com/company/carbonbright/,,,,,David Rodrigues,https://www.linkedin.com/in/davrodrigues/,N,N,N,N,N,N,N,N,N,N,N,N,N,N,N,N,N,,N,N,N,N,N,N,N,N,Y,Cleantech Open 2023,N,N,N,N,N,N,N,N,,,,https://www.crunchbase.com/organization/carbonbright#overview,,,,,,,$0,USD,,,0.62M,,,,,,,,,,,,,,,,,,,,,,,,,,,,,,,,,N,N,N,N,N,,,,,N,N,N,N,N,N,N,N,N,N,N,N,N,N,N,N,N,N,N,Haoran,5/8/2026
Skipso,,Agriculture Water & Waste,2024,,,,,S,2026,https://www.skipso.com/,Y,N,N,,https://www.linkedin.com/company/skipso-innovation/?originalSubdomain=uk,,,,,"Carlo Soresina
",https://www.linkedin.com/in/carlosoresina/,,,,,,N,N,N,N,N,N,N,N,N,N,N,N,,N,N,N,N,N,N,N,N,Y,Cleantech Open 2024,N,N,N,N,N,N,N,N,,,,https://www.crunchbase.com/organization/skipsolabs,,,,,,,$0,USD,,,,,,,,,,,,,,,,,,,,,,,,,,,,,,,,,,,,N,N,N,N,N,,,,,N,N,N,N,N,N,N,N,N,N,N,N,N,N,N,N,N,N,N,Haoran,5/8/2026
Tanda Biotech Corporation,,Energy Efficiency,2024,,,,,Y,2025,https://tandabiotech.com/,Y,2025,product/news,,https://www.linkedin.com/company/tanda-biotech/,,,,,N,,,,,,,N,N,N,N,N,N,N,N,N,N,N,N,,N,N,N,N,N,N,N,N,Y,Cleantech Open 2024; Resurgence (UChicago Polsky Cohort 2),N,N,N,N,N,N,N,N,,,,Not in Crunchbase,,,,,,,$0,USD,,,,,,,,,,,,,,,,,,,,,,,,,,,,,,,,,,,,N,N,N,N,N,,,,,N,N,N,N,N,N,N,N,N,N,N,N,N,N,N,N,N,Y,https://polsky.uchicago.edu/2024/11/22/tanda-biotech-revolutionizing-bioproduction-for-a-sustainable-future/ (advanced filtration for bioproduction/pharma; supported Covid-19 mRNA vaccine purification),Haoran,5/8/2026
Airbuild Inc,,Agriculture Water & Waste,2024,West,,,,Y,2026,http://www.airbuildinc.com/,Y,2025,product/news,,https://www.linkedin.com/company/airbuild/,,2026,,,"David Gory Jr, M.S., MBA.",https://www.linkedin.com/in/david-gory/,,,,,,N,N,N,N,N,N,N,N,N,N,N,N,,N,N,N,N,N,N,N,N,Y,Cleantech Open 2024 (West); Cascadia CleanTech Accelerator 2024,N,N,N,N,N,N,N,N,,,,Not in Crunchbase,,,,,,,$0,USD,,,,,,,,,,,,,,,,,,,,,,,,,,,,,,,,,,,,N,N,N,N,N,,,,,N,N,N,N,N,N,N,N,N,N,N,N,N,N,N,N,N,Y,"http://www.airbuildinc.com/ (decentralized carbon sequestration, water filtration, energy generation in urban buildings)",Haoran,5/8/2026
Floraponics,,Agriculture Water & Waste,2024,,,,,S,2023,www.floraponics.co/,Y,N,N,,https://www.linkedin.com/company/floraponics/,,,Y,,"cofounder：Sarah Daken, J.D. / Thomas Precht",https://www.linkedin.com/in/thomas-precht-27354023/,,,,,,N,N,N,N,N,N,N,N,N,N,N,N,,N,N,N,N,N,N,N,N,Y,Cleantech Open 2024,N,N,N,N,N,N,N,N,,,,https://www.crunchbase.com/organization/floraponics,,,,1,,,"$150,000",USD,Jul 11,Venture,,,2024,USD,Jul 11,,,"$150,000",USD,Jul 11,,,,Seed,USD,Jul 11,,,2024,USD,Jul 11,,,Seed,USD,Jul 11,,,2024,USD,Jul 11,,,N,N,N,N,N,,,,,N,N,N,N,N,N,N,N,N,N,N,N,N,N,N,N,N,N,N,Haoran,5/8/2026
Solwise,,Information & Communication Tech,2024,,,,,N,2024,N,N,N,N,,,,,,,,,,,,,,N,N,N,N,N,N,N,N,N,N,N,N,,N,N,N,N,N,N,N,N,Y,Cleantech Open 2024,N,N,N,N,N,N,N,N,,,,https://www.crunchbase.com/organization/solwise,,,,,,,$0,USD,,,,,,,,,,,,,,,,,,,,,,,,,,,,,,,,,,,,N,N,N,N,N,,,,,N,N,N,N,N,N,N,N,N,N,N,N,N,N,N,N,N,N,N,Haoran,5/8/2026
Gigaflow Inc,,Energy Distribution & Storage,2024,,,,,Y,2025,https://www.giga-flow.com/,Y,2025,product/news,,https://www.linkedin.com/company/giga-flow/,,,,,Samantha Shiells,https://www.linkedin.com/in/samantha-shiells-272bab13/,,,,,,N,N,N,N,N,N,N,N,N,N,N,N,,N,N,N,N,N,N,N,N,Y,Cleantech Open 2024 Northeast,N,N,N,N,N,N,N,N,,,,https://www.crunchbase.com/organization/gigaflow,,,,,,,$0,USD,,,,,,,,,,,,,,,,,,,,,,,,,,,,,,,,,,,,N,N,N,N,N,,,,,N,N,N,N,N,N,N,N,N,N,N,N,N,N,N,N,N,Y,https://www.giga-flow.com/ (software helping DER developers build distributed energy projects faster),Haoran,5/8/2026
Olympian Motors,,Transportation,2024,,,,,S,2026,https://olympianmotors.com/,Y,N,N,,https://www.linkedin.com/company/olympian-motors/,,,Y,,Eren Alan Canarslan,https://www.linkedin.com/in/eren-canarslan/,,,,,,N,N,N,N,N,N,N,N,N,N,N,N,,N,N,N,N,N,N,N,N,Y,Cleantech Open 2024,N,N,N,N,N,N,N,N,,,,https://www.crunchbase.com/organization/olympian-motors,,,,3,,,"$1,300,000",USD,Sep 9,Equity Crowdfunding,,,2024,USD,Sep 9,,,"$1,300,000",USD,Sep 9,,,,Equity Crowdfunding,USD,Sep 9,,,2024,USD,Sep 9,,,Equity Crowdfunding,USD,Sep 9,,,2024,USD,Sep 9,,,N,N,N,N,N,,Y Combinator,2022,,N,N,N,N,N,N,N,N,N,N,N,N,N,N,N,N,N,N,N,Haoran,5/8/2026
AReCoS LLC,,Energy Efficiency,2024,,,,,N,2023,N,N,N,N,,,,,,,,,,,,,,N,N,N,N,N,N,N,N,N,N,N,N,,N,N,N,N,N,N,N,N,Y,Cleantech Open 2024,N,N,N,N,N,N,N,N,,,,Not in Crunchbase,,,,,,,$0,USD,,,,,,,,,,$0,,,,,,Seed,,,,,,,,,,Seed,,,,,,,,,,N,N,N,N,N,,,,,N,N,N,N,N,N,N,N,N,N,N,N,N,N,N,N,N,N,N,Haoran,5/8/2026
Mosso,,Agriculture Water & Waste,2024,,,,,N,2023,N,N,N,N,,,,,,,,,,,,,,N,N,N,N,N,N,N,N,N,N,N,N,,N,N,N,N,N,N,N,N,Y,Cleantech Open 2024,N,N,N,N,N,N,N,N,,,,Not in Crunchbase,,,,,,,$0,USD,,,,,,,,,,,,,,,,,,,,,,,,,,,,,,,,,,,,N,N,N,N,N,,,,,N,N,N,N,N,N,N,N,N,N,N,N,N,N,N,N,N,N,N,Haoran,5/8/2026
AIGreen,,Green Buildings,2024,,,,,Y,2025,http://www.algreentech.com/,Y,2025,product/news,,https://www.linkedin.com/company/algreentech/?originalSubdomain=hk,,2025,,,Dhruv J,https://www.linkedin.com/in/dhruvmjain7/,,,https://www.facebook.com/people/AlGreen/100092667705466/  ||| https://www.instagram.com/algreen.vayu?igsh=b3VxOXNhcjBtZjh3,,,N,N,N,N,N,N,N,N,N,N,N,N,,N,N,N,N,N,N,N,N,Y,Cleantech Open 2024 Northeast,N,N,N,N,N,N,N,N,,,,Not in Crunchbase,,,,,,,$0,USD,,,,,,,,,,,,,,,,,,,,,,,,,,,,,,,,,,,,N,N,N,N,N,,,,,N,N,N,N,N,N,N,Y,http://www.algreentech.com/ (Hong Kong HQ),N,N,N,Y,2025,http://www.algreentech.com/,N,N,Y,http://www.algreentech.com/ (microalgae technology to clean air and reduce CO2; Green Building applications),Haoran,5/8/2026
Cascadia Carbon Inc,,Information & Communication Tech,2024,,,,,Y,2026,https://cascadiacarbon.com/,Y,2023,copyright,,https://www.linkedin.com/company/cascadiacarbon/?originalSubdomain=ca,,2026,,,Alex W,https://www.linkedin.com/in/alexwick/,,,,,,N,N,N,N,N,N,N,N,N,N,N,N,,N,N,N,N,N,N,N,N,Y,Cleantech Open 2024 West,N,N,N,N,N,N,N,N,,,,https://www.crunchbase.com/organization/cascadia-carbon-inc,,,,1,,,"$60,000",USD,,Venture,,,2023,USD,Apr 5,,,"$60,000",USD,Apr 5,,,,Pre-seed,USD,Apr 5,,,2023,USD,Apr 5,,,Pre-seed,USD,Apr 5,,,2023,USD,Apr 5,,,N,N,N,N,N,,,,,N,N,N,N,N,N,N,N,N,N,N,N,N,N,N,N,N,Y,"https://cascadiacarbon.com/ (next-generation carbon offset ecosystem for project developers, certifiers, and investors)",Haoran,5/8/2026
Aeros Corp,,Transportation,2024,,,,,S,2026,https://aeroscraft.com/,Y,2025,copyright,,https://www.linkedin.com/company/aeros/,,2026,,,Igor Pasternak,https://www.linkedin.com/in/igorpasternak/,,,,,,N,N,N,N,N,N,N,N,N,N,N,N,,N,N,N,N,N,N,N,N,Y,Cleantech Open 2024,N,N,N,N,N,N,N,N,,,,https://www.crunchbase.com/organization/aeroscraft,,,,4,,,"$79,000,000",USD,,"Grant, Venture",,,2022,USD,Jan 1,,,$12.7M,USD,Jan 1,,,,Series B,USD,Jan 1,,,2008,USD,Aug 31,,,Grant,USD,Sep 12,,,2014,USD,Sep 12,,,N,N,N,N,N,,,,,N,N,N,N,N,N,N,N,N,N,N,N,N,N,N,N,N,N,N,Haoran,5/8/2026
hydroPhos Solutions,,,2024,NorthEast,,,,Y,2025,https://hydrophossolutions.com/,N,,,,https://www.linkedin.com/company/hydrophos-solutions/,,2025,,,Derek Long,https://www.linkedin.com/in/derek-long2023/,,,,,,N,N,N,N,N,N,N,N,N,N,N,N,,N,N,N,N,N,N,N,N,Y,Cleantech Open 2024 Northeast (Xylem Water Prize Winner),N,N,N,N,N,N,N,N,,,,https://www.crunchbase.com/organization/hydrophos-solutions,,,,3,,,"$165,000",USD,,"Grant, Venture",,,2025,USD,Jan 1,,,$20K,USD,Jan 1,,,,Grant ,USD,Jan 1,,,2024,USD,Sep 10,,,Pre-Seed,USD,Sep 10,,,2024,USD,Sep 10,,,N,N,N,N,N,,Techstars and Blueswell,"2024, 2024",https://www.crunchbase.com/organization/techstars and blueswell.sea-ahead.com/,Y,2025,Y,2025,N,N,N,N,N,N,N,N,N,N,N,N,N,Y,"https://hydrophossolutions.com/ (circular economy: extracts phosphorus from wastewater, resells into fertilizer market; reduces water contamination; extends global food supply phosphorus reserves)",Haoran,5/8/2026
FBS,,,2024,West,,,,N,2024,N,N,N,N,,,,,,,,,,,,,,N,N,N,N,N,N,N,N,N,N,N,N,,N,N,N,N,N,N,N,N,Y,Cleantech Open 2024,N,N,N,N,N,N,N,N,,,,Not in Crunchbase,,,,,,,$0,USD,,,,,,,,,,,,,,,,,,,,,,,,,,,,,,,,,,,,N,N,N,N,N,,,,,N,N,N,N,N,N,N,N,N,N,N,N,N,N,N,N,N,N,N,Haoran,5/8/2026
Zemlia,,Information & Communication Tech,2024,,,,,N,2025,N,N,N,N,,,,,,,,,,,,,,N,N,N,N,N,N,N,N,N,N,N,N,,N,N,N,N,N,N,N,N,Y,Cleantech Open 2024,N,N,N,N,N,N,N,N,,,,Not in Crunchbase,,,,,,,$0,USD,,,,,,,,,,,,,,,,,,,,,,,,,,,,,,,,,,,,N,N,N,N,N,,,,,N,N,N,N,N,N,N,N,N,N,N,N,N,N,N,N,N,N,N,Haoran,5/8/2026
DERisk Energy,,Information & Communication Tech,2024,,,,,S,2025,https://derisk.energy/,Y,2025,Copyright,,Can't not find,,,,,,,,,,,,N,N,N,N,N,N,N,N,N,N,N,N,,N,N,N,N,N,N,N,N,Y,Cleantech Open 2024,N,N,N,N,N,N,N,N,,,,https://www.crunchbase.com/organization/derisk-energy#overview,,,,,,,$0,USD,,,,,,,,,,,,,,,,,,,,,,,,,,,,,,,,,,,,N,N,N,N,N,,,,,N,N,N,N,N,N,N,N,N,N,N,N,N,N,N,N,N,N,N,Haoran,5/8/2026
Rhea's Factory,,,2024,West,,,,S,2026,https://rheasfactory.com/,Y,2026,Copyright,,https://www.linkedin.com/company/rheasfactory/,,2026,,,Arzu Sandikci,https://www.linkedin.com/in/arzu-sandikci/,,,,,,N,N,N,N,N,N,N,N,N,N,N,N,,N,N,N,N,N,N,N,N,Y,Cleantech Open 2024,N,N,N,N,N,N,N,N,,,,https://www.crunchbase.com/organization/rhea-s-factory,,,,,,,$0,USD,,,,,,,,,,,,,,,,,,,,,,,,,,,,,,,,,,,,N,N,N,N,N,,Skydeck Berkeley,2025,https://www.crunchbase.com/organization/skydeck-berkeley,N,N,N,N,N,N,N,N,N,N,N,N,N,N,N,N,N,N,N,Haoran,5/8/2026
Narralytics,,,2024,West,,,,S,2025,https://www.narralytics.ai/,Y,,,,https://www.linkedin.com/company/narralytics/people/,,,,,Nikhil B.,https://www.linkedin.com/in/nikhilbhambi/,,,,,,N,N,N,N,N,N,N,N,N,N,N,N,,N,N,N,N,N,N,N,N,Y,Cleantech Open 2024,N,N,N,N,N,N,N,N,,,,https://www.crunchbase.com/organization/green-community-consulting,,,,,,,$0,USD,,,,,,,,,,,,,,,,,,,,,,,,,,,,,,,,,,,,N,N,N,N,N,,,,,N,N,N,N,N,N,N,N,N,N,N,N,N,N,N,N,N,N,N,Haoran,5/8/2026
Nanolyx Inc,,Chemicals & Advanced Materials,2024,,,,,Y,2025,https://nanolyx.com/,Y,2025,product/news,,https://www.linkedin.com/company/nanolyx/,,2025,,,Robert Fletcher,https://www.linkedin.com/in/robertfletcher21/,,,,,,N,N,N,N,N,N,N,N,N,N,N,N,,N,N,N,N,N,N,N,N,Y,Cleantech Open 2024,N,N,N,N,N,N,N,N,,,,https://www.crunchbase.com/organization/nanolyx,,,,,,,$0,USD,,,,,,,,,,,,,,,,,,,,,,,,,,,,,,,,,,,,N,N,N,N,N,,,,,N,N,N,N,N,N,N,N,N,N,N,N,N,N,N,N,N,Y,https://nanolyx.com/ (advanced nanomaterials for clean energy applications),Haoran,5/8/2026
Project K Energy Inc,,,2024,West,,,,N,2025,N,N,N,N,,,,,,,,,,,,,,N,N,N,N,N,N,N,N,N,N,N,N,,N,N,N,N,N,N,N,N,Y,Cleantech Open 2024,N,N,N,N,N,N,N,N,,,,Not in Crunchbase,,,,,,,$0,USD,,,,,,,,,,,,,,,,,,,,,,,,,,,,,,,,,,,,N,N,N,N,N,,,,,N,N,N,N,N,N,N,N,N,N,N,N,N,N,N,N,N,N,N,Haoran,5/8/2026
ThermoShade,,,2024,West,,,,N,2024,N,N,N,N,,,,,,,,,,,,,,N,N,N,N,N,N,N,N,N,N,N,N,,N,N,N,N,N,N,N,N,Y,Cleantech Open 2024,N,N,N,N,N,N,N,N,,,,Not in Crunchbase,,,,,,,$0,USD,,,,,,,,,,,,,,,,,,,,,,,,,,,,,,,,,,,,N,N,N,N,N,,1 LACI 2024-2025,,,N,N,N,N,N,N,N,N,N,N,N,N,N,N,N,N,N,N,N,Haoran,5/8/2026
PTech,,,2024,NorthEast,,,,N,2024,N,N,N,N,,,,,,,,,,,,,,N,N,N,N,N,N,N,N,N,N,N,N,,N,N,N,N,N,N,N,N,Y,Cleantech Open 2024,N,N,N,N,N,N,N,N,,,,https://www.crunchbase.com/organization/ptech-9a4e,,,,,,,$0,USD,,,,,,,,,,,,,,,,,,,,,,,,,,,,,,,,,,,,N,N,N,N,N,,,,,N,N,N,N,N,N,N,N,N,N,N,N,N,N,N,N,N,N,N,Haoran,5/8/2026
Carbon Blade Corporation,,,2024,West,,,,Y,2026,N,N,,,,,,,,,,,,,,,,N,N,N,N,N,N,N,N,N,N,N,N,,N,N,N,N,N,N,N,N,Y,Cleantech Open 2024 West,N,N,N,N,N,N,N,N,,,,https://www.crunchbase.com/organization/carbon-blade,,,,,,,$0,USD,,,,,,,,,,,,,,,,,,,,,,,,,,,,,,,,,,,,N,N,N,N,N,,,,,N,N,N,N,N,N,N,N,N,N,N,N,N,N,N,N,N,Y,https://www.carbon-blade.com/ (cost-efficient direct air capture CO2 hardware; climate mitigation strategy),Haoran,5/8/2026
Activated Energy LLC,,,2024,West,,,,Y,2023,http://activatedenergy.net/,Y,2023,product/news,,Can't not find,,,,,,,,,,,,N,N,N,N,N,N,N,N,N,N,N,N,,N,N,N,N,N,N,N,N,Y,Cleantech Open 2024 West,N,N,N,N,N,N,N,N,,,,https://www.crunchbase.com/organization/activated-energy,,,,,,,$0,USD,,,,,,,,,,,,,,,,,,,,,,,,,,,,,,,,,,,,N,N,N,N,N,,,,,N,N,N,N,N,N,N,N,N,N,N,N,N,N,N,N,N,Y,http://activatedenergy.net/ (long duration energy storage for sustainable energy infrastructure),Haoran,5/8/2026
Photon Vault Inc,,,2024,NorthEast,,,,Y,2026,https://photonvault.com/,Y,2026,Copyright,,N,,,,,Kent McCormick,https://www.linkedin.com/in/kent-mccormick-302b05/,,,,,,N,N,N,N,N,N,N,N,N,N,N,N,,N,N,N,N,N,N,N,N,Y,Cleantech Open 2024 Northeast,N,N,N,N,N,N,N,N,,,,https://www.crunchbase.com/organization/photon-vault,,,,,,,$0,USD,,,,,,,,,,,,,,,,,,,,,,,,,,,,,,,,,,,,Y,https://www.cleantechopen.org/en/custom/blog/view/148754,2026,Support from California Community Choice Aggregator (CCA) for next-gen thermal energy solutions (2026),N,,,,,Y,2026,Y,2025,N,N,N,N,N,N,N,N,N,N,N,N,N,Y,https://photonvault.com/ (next-generation thermal energy storage; CCA support 2026),Haoran,5/8/2026
Safe Shower,,Energy Efficiency,2024,,,,,N,2024,N,N,N,N,,,,,,,,,,,,,,N,N,N,N,N,N,N,N,N,N,N,N,,N,N,N,N,N,N,N,N,Y,Cleantech Open 2024,N,N,N,N,N,N,N,N,,,,Not in crunchbase,,,,,,,$0,USD,,,,,,,,,,,,,,,,,,,,,,,,,,,,,,,,,,,,N,N,N,N,N,,,,,N,N,N,N,N,N,N,N,N,N,N,N,N,N,N,N,N,N,N,Haoran,5/8/2026
Hidrogenics,,Energy Generation,2024,West,,,,N,2024,N,N,N,N,,,,,,,,,,,,,,N,N,N,N,N,N,N,N,N,N,N,N,,N,N,N,N,N,N,N,N,Y,Cleantech Open 2024,N,N,N,N,N,N,N,N,,,,https://www.crunchbase.com/organization/hidrogenics,,,,,,,$0,USD,,,,,,,,,,,,,,,,,,,,,,,,,,,,,,,,,,,,N,N,N,N,N,,SOSV HAX,2024,,N,N,N,N,N,N,N,N,N,N,N,N,N,N,N,N,N,N,N,Haoran,5/8/2026
Currents,,Energy Efficiency,2024,NorthEast,,,,Y,2024,N,N,N,N,,,,,,,,,,,,,,N,N,N,N,N,N,N,N,N,N,N,N,,N,N,N,N,N,N,N,N,Y,Cleantech Open 2024 Northeast,N,N,N,N,N,N,N,N,,,,Not in crunchbase,,,,,,,$0,USD,,,,,,,,,,,,,,,,,,,,,,,,,,,,,,,,,,,,N,N,N,N,N,,,,,Y,2025,Y,2025,N,N,N,N,N,N,N,N,N,N,N,N,N,Y,https://getcurrents.com/ (helps homeowners navigate and adopt clean energy options with confidence),Haoran,5/8/2026
Sunchem,,Chemicals & Advanced Materials,2024,West,,,,N,2024,N,N,N,N,,,,,,,,,,,,,,N,N,N,N,N,N,N,N,N,N,N,N,,N,N,N,N,N,N,N,N,Y,Cleantech Open 2024,N,N,N,N,N,N,N,N,,,,Not in crunchbase,,,,,,,$0,USD,,,,,,,,,,,,,,,,,,,,,,,,,,,,,,,,,,,,N,N,N,N,N,,,,,N,N,N,N,N,N,N,N,N,N,N,N,N,N,N,N,N,N,N,Haoran,5/8/2026
EnergizedAI,,Transportation,2024,West,,,,S,2026,https://www.7gen.com/about/,Y,N,N,Y,https://www.linkedin.com/company/7-gen/?originalSubdomain=ca,,,,,Frans Tjallingii,https://www.linkedin.com/in/franstjallingii/,,,,,,N,N,N,N,N,N,N,N,N,N,N,N,,N,N,N,N,N,N,N,N,Y,Cleantech Open 2024,N,N,N,N,N,N,N,N,,,,https://www.crunchbase.com/organization/energizedai,,,,,,,$0,USD,,,,,,,,,,,,,,,,,,,,,,,,,,,,,,,,,,,,N,N,N,N,N,,,,,N,N,N,N,N,N,N,N,N,N,N,N,N,N,N,N,N,N,N,Haoran,5/8/2026
UNISCRAP PBC,Panas Kollas,Agriculture Water & Waste,2024,NorthEast,,,,N,2025,Dead website,,,,,https://www.linkedin.com/company/universal-scrap-trading-pbc/,,Promises to update soon,,,"Founder has five other current activities, all of which look full time",https://www.linkedin.com/in/panas-kollas-7437396/,,,,,,,,,,,,,,,,,,,,,,,,,,,,,,,,,,,,,,,,,,,,,,,,,,,,,,,,,,,,,,,,,,,,,,,,,,,,,,,,,,,,,,,,,,,,,,,,,,,,,,,,,,,,,,,,Josh,5/16/2026
VUV Technologies Inc,Janet George Murnick,Chemicals & Advanced Materials,2024,NorthEast,,,,S,2025,https://www.vuvtechnologies.com/,,,,,None,,,,,No conflicting activity for this founder,https://www.linkedin.com/in/janet-george-murnick/,,,,,,,,,,,,,,,,,,,,,,,,,,,,,,,,,,,,,,,,,,,,,,,,,,,,,,,,,,,,,,,,,,,,,,,,,,,,,,,,,,,,,,,,,,,,,,,,,,,,,,,,,,,,,,,,Josh,5/16/2026
Data Company One Inc,Simon Glossop,Information & Communication Tech,2024,NorthEast,,,,N,2023,Dead website,,,,,https://www.linkedin.com/company/datacompanyone/,,,,,Founder shows this as a past activity,https://www.linkedin.com/in/sglossop/,,,,,,,,,,,,,,,,,,,,,,,,,,,,,,,,,,,,,,,,,,,,,,,,,,,,,,,,,,,,,,,,,,,,,,,,,,,,,,,,,,,,,,,,,,,,,,,,,,,,,,,,,,,,,,,,Josh,5/16/2026
LiTech LLC,David Ventura,Information & Communication Tech,2024,West,,,,N,2024,Dead website,,,,,Can't find,,,,,,Can't find,,,,,,,,,,,,,,,,,,,,,,,,,,,,,,,,,,,,,,,,,,,,,,,,,,,,,,,,,,,,,,,,,,,,,,,,,,,,,,,,,,,,,,,,,,,,,,,,,,,,,,,,,,,,,,,,Josh,5/16/2026
Conusant Inc,Tim Lockwood,Information & Communication Tech,2024,West,,,,N,2024,https://iesoftworks.com/blog/,,,"2024 blogs, a podcast, and prior blog announced entry to the CTO",,Can't find,,,,,Can't find,,,,,,,,,,,,,,,,,,,,,,,,,,,,,,,,,,,,,,,,,,,,,,,,,,,,,,,,,,,,,,,,,,,,,,,,,,,,,,,,,,,,,,,,,,,,,,,,,,,,,,,,,,,,,,,,,Josh,5/16/2026
Global Agriculture Sustainability Systems,Ashique Panakkat,Agriculture Water & Waste,2024,,,,,N,2023,Dead website (act.farm),,,,,,,,,,Founder does not list this startup,https://www.linkedin.com/in/apanakkat/,,,,,,,,,,,,,,,,,,,,,,,,,,,,,,,,,,,,,,,,,,,,,,,,,,,,,,,,,,,,,,,,,,,,,,,,,,,,,,,,,,,,,,,,,,,,,,,,,,,,,,,,,,,,,,,,Josh,5/15/2026
Coulomb Technology,Tim Vosburgh,Energy Storage,2024,NorthEast,,,,Y,2026,https://coulombtechnology.com/,,,"Copyright 2026, active website",,https://www.linkedin.com/company/coulomb-technology/,,2025,,,Sole activity for this founder,https://www.linkedin.com/in/timvosburgh/,,,,,,,,,,,,,,,,,,,,,,,,,,,,,,,,,,,,,,,,,,,,,,,,,,,,,,,,,,,,,,,,,,,,,,,,,,,,,,,,,,,,,,,,,,,,,,,,,,,,,,,,,,,,,,,,Josh,5/16/2026
Leeta Materials Inc,Kira Wyckoff,Chemicals & Advanced Materials,2024,West,,,,Y,2025,https://leeta.co/,,,"Copyright 2025, high quality website",,https://www.linkedin.com/company/leeta-materials/,,,,,Sole activity for this founder,https://www.linkedin.com/in/kira-wyckoff-aa7bb7a9/,,,,,,,,,,,,,,,,,,,,,,,,,,,,,,,,,,,,,,,,,,,,,,,,,,,,,,,,,,,,,,,,,,,,,,,,,,,,,,,,,,,,,,,,,,,,,,,,,,,,,,,,,,,,,,,,Josh,5/17/2026
Solar Ice LLC,Garret Baquet,Energy Generation,2024,West,,,,Y,2026,https://solarice.us/,,,"Copyright, plus 2026 video of ice rink beign built",,https://www.linkedin.com/company/solar-ice/,,,,,,https://www.linkedin.com/in/garretbaquet/,,,,,,,,,,,,,,,,,,,,,,,,,,,,,,,,,,,,,,,,,,,,,,,,,,,,,,,,,,,,,,,,,,,,,,,,,,,,,,,,,,,,,,,,,,,,,,,,,,,,,,,,,,,,,,,,Josh,5/17/2026
Pinegem,Will Jiang,Energy Efficiency,2024,NorthEast,,,,N,2024,Can't find URL,,,,,https://www.linkedin.com/company/pinegem-technologies-llc/about/,,,,,Sole activity for this founder,https://www.linkedin.com/in/will-jiang-2925956/,,,,,,,,,,,,,,,,,,,,,,,,,,,,,,,,,,,,,,,,,,,,,,,,,,,,,,,,,,,,,,,,,,,,,,,,,,,,,,,,,,,,,,,,,,,,,,,,,,,,,,,,,,,,,,,,Josh,5/17/2026
Sea Dragon Energy Inc,Stefan Sillen,Oil and Gas,2024,West,,,,A,2025,https://www.seadragon.energy/,,,2025,,https://www.linkedin.com/company/sea-dragon-energy-inc/,,,,,Founder shows this activity but also shows as self-employed through two other means,https://www.linkedin.com/in/stefan-sill%C3%A9n-781986/,,,,,,,,,,,,,,,,,,,,,,,,,,,,,,,,,,,,,,,,,,,,,,,,,,,,,,,,,,,,,,,,,,,,,,,,,,,,,,,,,,,,,,,,,,,,,,,,,,,,,,,,,,,,,,,,Josh,5/17/2026
Turnover Labs,Marissa Beatty,Chemicals & Advanced Materials,2024,NorthEast,,,,Y,2024,https://www.turnoverlabs.com/,,2024,2024 news story noting $1.4 million raised,,https://www.linkedin.com/company/turnover-labs/,,,,,Sole activity for this founder,https://www.linkedin.com/in/mbeatty22/,,,,,,,,,,,,,,,,,,,,,,,,,,,,,,,,,,,,,,,,,,,,,,,,,,,,,,,,,,,,,,,,,,,,,,,,,,,,,,,,,,,,,,,,,,,,,,,,,,,,,,,,,,,,,,,,Josh,5/17/2026
Sustainabli,Kevin Tu,Agriculture Water & Waste,2024,NorthEast,,,,Y,2025,https://gosustainabli.com/,,2025,Copyright 2025,,https://www.linkedin.com/company/shutthesash/,,,,,,,,,,,,,,,,,,,,,2026,https://www.youtube.com/watch?v=V4rAVgagjDc,,,,,,,,,,,,,,,,,,,,,,,,,,,,,,,,,,,,,,,,,,,,,,,,,,,,,,,,,,,,,,,,,,,,,,,,,,,,,,,,,,,,,,,,,,,,,,,,Josh,5/17/2026
Global Sustainable Products Inc,Joe Busby,Agriculture Water & Waste,2024,Southeast,,,,Y,2026,https://biowastes.us/,,2026,Copyright 2026,,,,,,,,Can't find,,,,,,,,,,,,,,,,,,,,,,,,,,,,,,,,,,,,,,,,,,,,,,,,,,,,,,,,,,,,,,,,,,,,,,,,,,,,,,,,,,,,,,,,,,,,,,,,,,,,,,,,,,,,,,,,Josh,5/17/2026
ENAMP,Mehdi Ganji,Energy Efficiency,2024,West,,,,N,2025,None,,,,,https://www.linkedin.com/company/enamp/,,,,,Has other jobs while serving as a technical advisor for this company,https://www.linkedin.com/in/mehdiganji/,,,,,,,,,,,,,,,,,,,,,,,,,,,,,,,,,,,,,,,,,,,,,,,,,,,,,,,,,,,,,,,,,,,,,,,,,,,,,,,,,,,,,,,,,,,,,,,,,,,,,,,,,,,,,,,,Josh,5/17/2026
Revvit Inc,Ross Bloom,Energy Efficiency,2024,NorthEast,,,,Y,2025,https://www.revvit.net/,,2025,Copyright 2025,,https://www.linkedin.com/company/revvit/,,2025,,,Full-time sole activity for this founder,https://www.linkedin.com/in/ross-bloom/,,,,,,,,,,,,,,,,,,,,,,,,,,,,,,,,,,,,,,,,,,,,,,,,,,,,,,,,,,,,,,,,,,,,,,,,,,,,,,,,,,,,,,,,,,,,,,,,,,,,,,,,,,,,,,,,Josh,5/17/2026
GRID SCIENCE,Byron Kaufman,Information & Communication Tech,2024,West,,,,N,2025,Dead website,,,,,https://www.linkedin.com/company/gridscience/,,,,,Founder has a strategic consultancy in addition to this,https://www.linkedin.com/in/byronkaufman/,,,,,,,,,,,,,,,,,,,,,,,,,,,,,,,,,,,,,,,,,,,,,,,,,,,,,,,,,,,,,,,,,,,,,,,,,,,,,,,,,,,,,,,,,,,,,,,,,,,,,,,,,,,,,,,,Josh,5/17/2026
Stranergy,"Mei He, Matthew Forquer",Energy Storage,2024,Pacific NorthWest,,,,N,2025,Dead website,,,,,https://www.linkedin.com/company/stranergy/about/,,,,,,Can't find,,,,,,,,,,,,,,,,,,,,,,,,,,,,,,,,,,,,,,,,,,,,,,,,,,,,,,,,,,,,,,,,,,,,,,,,,,,,,,,,,,,,,,,,,,,,,,,,,,,,,,,,,,,,,,,,Josh,5/17/2026
CHRGSystem,Wendy Mullin,Transportation,2024,West,,,,N,2025,https://www.hello-kiosk.com/,,2025,"Copyright 2025; website looks vaguely related but majorly pivoted from the CTO company, if even related",,Unable to find,,,,,Founder has another main business,https://www.linkedin.com/in/wendy-mullin/,,,,,,,,,,,,,,,,,,,,,,,,,,,,,,,,,,,,,,,,,,,,,,,,,,,,,,,,,,,,,,,,,,,,,,,,,,,,,,,,,,,,,,,,,,,,,,,,,,,,,,,,,,,,,,,,Josh,5/17/2026
Waste Salt Technologies LLC,Reza Baghaei Lakeh,Energy Storage,2024,West,,,,N,2025,Dead website,,,,,https://www.linkedin.com/company/waste-salt-technologies-llc/,,,,,Founder is a full-time professor,https://www.linkedin.com/in/reza-baghaei-lakeh-1a18ba29/,,,,,,,,,,,,,,,,,,,,,,,,,,,,,,,,,,,,,,,,,,,,,,,,,,,,,,,,,,,,,,,,,,,,,,,,,,,,,,,,,,,,,,,,,,,,,,,,,,,,,,,,,,,,,,,,Josh,5/17/2026
Contractpower,"Bryan Villano, Thomas Pinella",Information & Communication Tech,2024,West,,,,Y,2026,https://contractpower.ai/,,2026,"Copyright 2026, a lot on the website",,https://www.linkedin.com/company/contractpower/,,2025,,,Full-time sole activity for this founder,https://www.linkedin.com/in/bryanvillano/,,,,,,,,,,,,,,,,,,,,,,,,,,,,,,,,,,,,,,,,,,,,,,,,,,,,,,,,,,,,,,,,,,,,,,,,,,,,,,,,,,,,,,,,,,,,,,,,,,,,,,,,,,,,,,,,Josh,5/17/2026
Carbon Utility LLC,Jay Foster,Agriculture Water & Waste,2024,Rocky Mountain,,,,Y,2026,https://www.carbonutility.com/,,,,,https://www.linkedin.com/company/carbon-utility-inc/,"Founder using personal rather than company LinkedIn or website to post on company progress, but it's real, and it's within the past month.",2026,,,Full-time sole activity for this founder. ,https://www.linkedin.com/in/jayafoster/,,,,,,,,,,,,,,,,,,,,,,,,,,,,,,,,,,,,,,,,,,,,,,,,,,,,,,,,,,,,,,,,,,,,,,,,,,,,,,,,,,,,,,,,,,,,,,,,,,,,,,,,,,,,,,,,Josh,5/17/2026
Further Products Inc,Megan Dostal,Agriculture Water & Waste,2024,West,,,,Y,2026,https://furtherproducts.com/,,2026,"Copyright 2026, and company is selling product online",,https://www.linkedin.com/company/further-products-inc./,,,,,Founder has a second but related recent startup,https://www.linkedin.com/in/megan-dostal-b134519b/,,,,,,,,,,,,,,,,,,,,,,,,,,,,,,,,,,,,,,,,,,,,,,,,,,,,,,,,,,,,,,,,,,,,,,,,,,,,,,,,,,,,,,,,,,,,,,,,,,,,,,,,,,,,,,,,Josh,5/17/2026
Energy ReLeaf,Peter Reese,Energy Generation,2024,Midwest,,,,Y,2025,https://energyreleaf.com/,,2025,"Copyright 2025, 2025 news stories",,,,,,,Founder has no conflicting activities,https://www.linkedin.com/in/peter-reese/,,,,,,,,,,,,,,,,,,,,,,,,,,,,,,,,,,,,,,,,,,,,,,,,,,,,,,,,,,,,,,,,,,,,,,,,,,,,,,,,,,,,,,,,,,,,,,,,,,,,,,,,,,,,,,,,Josh,5/17/2026
Kin-Tech Energy Inc,Ennaji Benhammou,Energy Generation,2024,NorthEast,,,,N,2025,"Almost dead website but has a logo and a ""coming soon"" announcement",,,,,Unable to find,,,,,,Can't find,,,,,,,,,,,,,,,,,,,,,,,,,,,,,,,,,,,,,,,,,,,,,,,,,,,,,,,,,,,,,,,,,,,,,,,,,,,,,,,,,,,,,,,,,,,,,,,,,,,,,,,,,,,,,,,,Josh,5/17/2026
Kinetix Energy Storage,Eric Martinez,Energy Generation,2024,West,,,,Y,2025,https://kinetix.energy/,,2025,"Copyright 2025, 2025 news stories incl a company award",,https://www.linkedin.com/company/kinetix-energy-storage/,,,,,Sole activity for this founder,https://www.linkedin.com/in/ericdmartinez/,,,,,,,,,,,,,,,,,,,,,,,,,,,,,,,,,,,,,,,,,,,,,,,,,,,,,,,,,,,,,,,,,,,,,,,,,,,,,,,,,,,,,,,,,,,,,,,,,,,,,,,,,,,,,,,,Josh,5/17/2026
Aepnus Technology Inc,Bilen Akuzum,Chemicals & Advanced Materials,2024,West,,,,Y,2025,https://www.aepnus.com/,,2025,"Copyright 2025, 2025 news stories",,https://www.linkedin.com/company/aepnus-technology/,,2026,,,"Full time for the past years, but also full time as a UC Berkeley lab affiliate",https://www.linkedin.com/in/bilen-akuzum/,,,,,,,,,,,,,,,,,,,,,,,,,,,,,,,,,,,,,,,,,,,,,,,,,,,,,,,,,,,,,,,,,,,,,,,,,,,,,,,,,,,,,,,,,,,,,,,,,,,,,,,,,,,,,,,,Josh,5/17/2026
Scalvy Inc,Mohamed Badawy,Energy Storage,2024,West,,,,Y,2026,https://scalvy.com/,,2026,"Copyright 2026, 2026 news stories, good website",,https://www.linkedin.com/company/scalvy/,,2026,,,Sole activity for this founder,https://www.linkedin.com/in/mobadawy/,,,,,,,,,,,,,,,,,,,,,,,,,,,,,,,,,,,,,,,,,,,,,,,,,,,,,,,,,,,,,,,,,,,,,,,,,,,,,,,,,,,,,,,,,,,,,,,,,,,,,,,,,,,,,,,,Josh,5/17/2026
Furno Materials Inc,Kiersten Jakobsen,Agriculture Water & Waste,2024,West,,,,Y,2026,https://furno.com/,,2026,"Copyright 2026, lastest news story is 2024 but announce the win of a $20 million grant",,https://www.linkedin.com/company/furnomaterials/,,2026,,,Also a part-time Yoga instructor,https://www.linkedin.com/in/kiersten-jakobsen-b8aba44/,,,,,,,,,,,,,,,,,,,,,,,,,,,,,,,,,,,,,,,,,,,,,,,,,,,,,,,,,,,,,,,,,,,,,,,,,,,,,,,,,,,,,,,,,,,,,,,,,,,,,,,,,,,,,,,,Josh,5/17/2026
BioZen Batteries,Nate Kirchhofer,Energy Distribution & Storage,2024,West,,,,Y,2025,https://www.biozenbatteries.com/,,2025,2025 news stories,,https://www.linkedin.com/company/biozenbatteries/,,,,,Sole activity for this founder,https://www.linkedin.com/in/natekirchhofer/,,,,,,,,,,,,,,,,,,,,,,,,,,,,,,,,,,,,,,,,,,,,,,,,,,,,,,,,,,,,,,,,,,,,,,,,,,,,,,,,,,,,,,,,,,,,,,,,,,,,,,,,,,,,,,,,Josh,5/17/2026
Electric Air,Jeremy Osborne,Energy Efficiency,2024,West,,,,Y,2025,https://www.electricair.io/,,2025,"Copyright 2025, 2025 blog listings",,https://www.linkedin.com/company/electric-air-heatpumps/,,,,,List this and another company he founded,https://www.linkedin.com/in/jeremy-osborne/,,,,,,,,,,,,,,,,,,,,,,,,,,,,,,,,,,,,,,,,,,,,,,,,,,,,,,,,,,,,,,,,,,,,,,,,,,,,,,,,,,,,,,,,,,,,,,,,,,,,,,,,,,,,,,,,Josh,5/17/2026
SOLARFLUX ENERGY TECHNOLOGIES INC,Alfredo Martinez Morales,Energy Generation,2024,West,,,,S,2022,https://www.solarflux.co/,,2022,"No new stories since 2022, but the company at least went through the CTO in 2024",,Unable to find,,,,,Unable to find,,,,,,,,,,,,,,,,,,,,,,,,,,,,,,,,,,,,,,,,,,,,,,,,,,,,,,,,,,,,,,,,,,,,,,,,,,,,,,,,,,,,,,,,,,,,,,,,,,,,,,,,,,,,,,,,,Josh,5/17/2026
Hatchless Inc,Vahid Hosseini,Agriculture Water & Waste,2024,West,,,,N,2024,Dead website,,,,,Unable to find,,,,,Unable to find,,,,,,,,,,,,,,,,,,,,,,,,,,,,,,,,,,,,,,,,,,,,,,,,,,,,,,,,,,,,,,,,,,,,,,,,,,,,,,,,,,,,,,,,,,,,,,,,,,,,,,,,,,,,,,,,,Josh,5/17/2026
C-Crete Technologies,Rouzbey Savary,Chemicals & Advanced Materials,2024,West,,,,Y,2025,https://ccretetech.com/,,2025,"2025 news stories, notes nearly $15MM in grants not caught by Crunchbase",,https://www.linkedin.com/company/c_crete-technologies-llc/,,2026,,,Sole activity for this founder,https://www.linkedin.com/in/rouzbeh-savary/,,,,,,,,,,,,,,,,,,,,,,,,,,,,,,,,,,,,,,,,,,,,,,,,,,,,,,,,,,,,,,,,,,,,,,,,,,,,,,,,,,,,,,,,,,,,,,,,,,,,,,,,,,,,,,,,Josh,5/17/2026
Ceja Engineering LLC,Alma Ceja,Energy Distribution & Storage,2024,West,,,,N,2024,Unable to find,,,,,Unable to find,,,,,"Founder does not mention this startup, and is looking for work",https://www.linkedin.com/in/almaceja/,,,,,,,,,,,,,,,,,,,,,,,,,,,,,,,,,,,,,,,,,,,,,,,,,,,,,,,,,,,,,,,,,,,,,,,,,,,,,,,,,,,,,,,,,,,,,,,,,,,,,,,,,,,,,,,,Josh,5/17/2026
Van Cor Threads LLC,Dale Van Cor,Green Buildings,2024,NorthEast,,,,Y,2026,https://keyedbrick.com/,,2026,"Copyright 2026, and 2026 blog entries",,,,,,,"Funder seems to have a consultancy, which is his orignal CTO entrant company, and this company, which is the product used by his consultance",https://www.linkedin.com/in/dale-van-cor-/,,,,,,,,,,,,,,,,,,,,,,,,,,,,,,,,,,,,,,,,,,,,,,,,,,,,,,,,,,,,,,,,,,,,,,,,,,,,,,,,,,,,,,,,,,,,,,,,,,,,,,,,,,,,,,,,Josh,5/17/2026
Next Marine Solutions Inc,Chuck Benton,Energy Efficiency,2024,NorthEast,,S,,S,2024,https://www.nextmarinesolutions.com/,Y,N,N,Y,https://www.linkedin.com/company/next-marine-solutions-inc/,N,,N,,Bill Peterson,https://www.linkedin.com/in/bill-peterson-49a721335/,N,N,N,N,N,N,N,N,,,N,,,N,,,N,,N,,N,,N,,N,,N,,,,N,,,Y,2024,Equity,Decline to Disclose,"$20,000 USD",0,,,,,,,,,,,,,,,,,,,,,,,,,,,,,,,,,,,,,,,,,,,,,,,,,,N,,,,N,,N,,N,,,N,,N,,,N,,,N,,N,,Yu-Te,2026/5/14
Grain Ecosystem Inc,Ryan Letourneau,information & Communication Tech,2024,NorthEast,,Y,,Y,2026,https://grainecosystem.com/,Y,,,Y,https://www.linkedin.com/company/grain-ecosystem/,Y,2026,Y,,Ryan J. Letourneau,https://www.linkedin.com/in/ryanletourneau/,N,N,N,N,N,N,N,,,,Y,2026,https://www.linkedin.com/posts/grain-ecosystem_the-last-few-days-at-peter-fusaros-wall-activity-7437844089506557952-k6RL?utm_source=share&utm_medium=member_desktop&rcm=ACoAAEa6Zb0BrsyvU_uuy5wyFIOzs8FSC91lssY,N,,,N,,Y,,N,,,,,,,,,,N,,,Y,2025,Equity,Decline to Disclose,"$1,500,000","880,001",,,,,,,,,,,,,,,,,,,,,,,,,,,,,,,,,,,,,,,,,,,,,,,,,,N,,,,N,,N,,N,,,N,,Y,2026,,Y,,,N,,Y,https://www.linkedin.com/posts/grain-ecosystem_in-a-strategic-biochar-move-mangrove-systems-activity-7450508088308088832-1tGV?utm_source=share&utm_medium=member_desktop&rcm=ACoAAEa6Zb0BrsyvU_uuy5wyFIOzs8FSC91lssY,Yu-Te,2026/5/14
AquaDynamics,E Andrew Condon,Agriculture Water & Waste,2024,NorthEast,,S,,Y,2026,https://aquadynamics.us/,Y,N,N,Y,https://www.linkedin.com/company/aquadynamicsus/about/,N,,Y,,,,N,N,N,N,N,N,N,N,,,N,,,N,,,N,,N,,N,,N,,N,,N,,,,N,,,N,,,,,,,,,,,,,,,,,,,,,,,,,,,,,,,,,,,,,,,,,,,,,,,,,,,,,,,,,,,N,,N,,N,,,N,,N,,,N,,,N,,N,,Yu-Te,2026/5/14
PanelCleanTech,Bhaskara Datla,Energy Efficiency,2024,West,,,,Y,2026,https://virgecorp.com/,,,,,"No link, but funder posting in the last two weeks and two months about the company",,,,,,,,,,,,,,,,,,,,,,,,,,,,,,,,,,,,,,,,,,,,,,,,,,,,,,,,,,,,,,,,,,,,,,,,,,,,,,,,,,,,,,,,,,,,,,,,,,,,,,,,,,,,,,,,,,,,,,Josh,5/17/2026
kWh Bot,Robert Freeman,Energy Storage,2024,West,,,,N,2024,https://www.kwhbot.com/rd,,2024,"Copyright 2024. The website shows apartment listings although these might be out of date, and there is no way to interact with the site besides sending an email to Info@etc. No news, no people listed.",,https://www.linkedin.com/company/kwhbot/people/,,,No humans on LinkedIn are affiliated with this company listing.,,,Unable to find,,,,,,,,,,,,,,,,,,,,,,,,,,,,,,,,,,,,,,,,,,,,,,,,,,,,,,,,,,,,,,,,,,,,,,,,,,,,,,,,,,,,,,,,,,,,,,,,,,,,,,,,,,,,,,,,Josh,5/17/2026
GS VORTEX SYSTEMS,Avi Ghosh,Agriculture Water & Waste,2024,South Central,,,,Y,2025,https://gsvortex.com/,,2025,"Copyright 2025, but only one news article, from 2024",,https://www.linkedin.com/company/gs-vortex-systems/,,2025,,,Sole activity for this founder,https://www.linkedin.com/in/avi-ghosh-181092a/,,,,,,,,,,,,,,,,,,,,,,,,,,,,,,,,,,,,,,,,,,,,,,,,,,,,,,,,,,,,,,,,,,,,,,,,,,,,,,,,,,,,,,,,,,,,,,,,,,,,,,,,,,,,,,,,Josh,5/17/2026
BreatheEV,Anthony Manjooran,information & Communication Tech,2024,Rocky Mountain,,,,Y,2026,https://www.breathe-ev.com/,,2026,"Copyright 2026, 2025 news postings",,https://www.linkedin.com/company/breathe-ev/,,,,,Sole activity for this founder,https://www.linkedin.com/in/tonymanjooran/,,,,,,,,,,,,,,,,,,,,,,,,,,,,,,,,,,,,,,,,,,,,,,,,,,,,,,,,,,,,,,,,,,,,,,,,,,,,,,,,,,,,,,,,,,,,,,,,,,,,,,,,,,,,,,,,Josh,5/17/2026
Aionergy,Rowen VonPlagenhoef,Energy Distribution & Storage,2024,NorthEast,,,,N,2025,Unable to find,,,,,,,,,,"Lists a startup, not this one, which is done, and now he has a job",https://www.linkedin.com/in/rowensvp/,,,,,,,,,,,,,,,,,,,,,,,,,,,,,,,,,,,,,,,,,,,,,,,,,,,,,,,,,,,,,,,,,,,,,,,,,,,,,,,,,,,,,,,,,,,,,,,,,,,,,,,,,,,,,,,,Josh,5/17/2026
IProTech,Nick Wynn,Energy Generation,2024,West,,,,Y,2026,https://iprotechwave.com/our-team/,,2026,"Copyright 2026, activity timeline from the past through 2027",,,,,,,Sole activity for this founder,https://www.linkedin.com/in/nick-wynn-2b563b13/,,,,,,,,,,,,,,,,,,,,,,,,,,,,,,,,,,,,,,,,,,,,,,,,,,,,,,,,,,,,,,,,,,,,,,,,,,,,,,,,,,,,,,,,,,,,,,,,,,,,,,,,,,,,,,,,Josh/Suehyun,5/19/2026
BlueUrbn,Shaira Romero,information & Communication Tech,2024,West,,,,N,2024,Dead website,,,,,https://www.linkedin.com/company/blueurbn/,,,,,Past activity for the founder,https://www.linkedin.com/in/shairaromero/,,,,,,,,,,,,,,,,,,,,,,,,,,,,,,,,,,,,,,,,,,,,,,,,,,,,,,,,,,,,,,,,,,,,,,,,,,,,,,,,,,,,,,,,,,,,,,,,,,,,,,,,,,,,,,,,Yu-Te,in progress
Energy AI Solutions LLC,Alicia Moniz,Information & Communication Tech,2024,South Central,,,,S,2025,https://energyaisolutions.com/,,,2025,"Copyright 2025, but the company seems to have become an AI consultancy or at least a major pivot away from the initial idea which was to read through instruction manuals with AI",,,,,,Profile does not list this company,https://www.linkedin.com/in/aliciamoniz/?skipRedirect=true,,,,,,,,,,,,,,,,,,,,,,,,,,,,,,,,,,,,,,,,,,,,,,,,,,,,,,,,,,,,,,,,,,,,,,,,,,,,,,,,,,,,,,,,,,,,,,,,,,,,,,,,,,,,,,,,Yu-Te,5/17/2026
ChargeMate AI Inc,Bradford Crist,Transportation,2024,West,,,,,2026,,,,,,,,,,,,,,,,,,,,,,,,,,,,,,,,,,,,,,,,,,,,,,,,,,,,,,,,,,,,,,,,,,,,,,,,,,,,,,,,,,,,,,,,,,,,,,,,,,,,,,,,,,,,,,,,,,,,,,,,,,,,Yu-Te,in progress
Arculus Solutions Inc,Gianluca Roscioli,Energy Distribution & Storage,2024,NorthEast,,,,,2025,,,,,,,,,,,,,,,,,,,,,,,,,,,,,,,,,,,,,,,,,,,,,,,,,,,,,,,,,,,,,,,,,,,,,,,,,,,,,,,,,,,,,,,,,,,,,,,,,,,,,,,,,,,,,,,,,,,,,,,,,,,,Yu-Te,in progress
EQO,John Higley,Agriculture Water & Waste,2024,NorthEast,,,,Y,2025,eqo.life,,2025,"Copyright 2025, but has testimonials from clients",,https://www.linkedin.com/company/environmental-quality-operations/,,,,,Founder is part time and seeking a job,https://www.linkedin.com/in/john-higley-1ba4831a/,,,,,,,,,,,,,,,,,,,,,,,,,,,,,,,,,,,,,,,,,,,,,,,,,,,,,,,,,,,,,,,,,,,,,,,,,,,,,,,,,,,,,,,,,,,,,,,,,,,,,,,,,,,,,,,,Josh,5/17/2026
Finev Inc,Nic Abel,Transportation,2024,NorthEast,,,,N,2025,Dead website,,,,,,,,,,Past activity for the founder,https://www.linkedin.com/in/nicholas-abel/,,,,,,,,,,,,,,,,,,,,,,,,,,,,,,,,,,,,,,,,,,,,,,,,,,,,,,,,,,,,,,,,,,,,,,,,,,,,,,,,,,,,,,,,,,,,,,,,,,,,,,,,,,,,,,,,Yu-Te,5/17/2026
Virge Corp,Richard McDaniel,Energy Distribution & Storage,2024,midwest,,,,Y,2026,https://virgecorp.com/,,2026,Copyright 2026 ,N,,,,Y,,Full-time sole activity for this founder. ,https://www.linkedin.com/in/richard-mcdaniel-01618a28b/,,,,,,,,,,,,,,,,,,,,,,,,,,,,,,,,,,,,,,,,,,,,,,,,,,,,,,,,,,,,,,,,,,,,,,,,,,,,,,,,,,,,,,,,,,,,,,,,,,,,,,,,,,,,,,,,,
Enchargo Inc,Anthony Bush,Energy Storage,2024,NorthEast,,,,N,2025,Dead website,,,,,https://www.linkedin.com/company/enchargo/,,,,,,,,,,,,,,,,,,,,,,,,,,,,,,,,,,,,,,,,,,,,,,,,,,,,,,,,,,,,,,,,,,,,,,,,,,,,,,,,,,,,,,,,,,,,,,,,,,,,,,,,,,,,,,,,,,,,,,,
AP Renewables,"Amin Binhendi, Joe Sneep",Energy Efficiency,2024,NorthEast,,,,Y,2026,https://aprenewables.com/en/,,2026,"Copyright 2026, 2025 postings",,https://www.linkedin.com/company/aprenewables/,,2026,,,Software development lead has been full time at the company for five years,https://www.linkedin.com/in/jonathanvanderhout/,,,,,,,,,,,,,,,,,,,,,,,,,,,,,,,,,,,,,,,,,,,,,,,,,,,,,,,,,,,,,,,,,,,,,,,,,,,,,,,,,,,,,,,,,,,,,,,,,,,,,,,,,,,,,,,,,
NET Offset,"Baptiste Gilbrat, Michael May",Information & Communication Tech,2024,NorthEast,,,,N,2025,Dead website,,,,,,,,,,Founder does not mention the startup,https://www.linkedin.com/in/michael-may-632b649/,,,,,,,,,,,,,,,,,,,,,,,,,,,,,,,,,,,,,,,,,,,,,,,,,,,,,,,,,,,,,,,,,,,,,,,,,,,,,,,,,,,,,,,,,,,,,,,,,,,,,,,,,,,,,,,,,
Sylvan Systems,Niles Brinton,Energy Efficiency,2024,West,,,,S,2025,https://www.sylvansystems.co/,,,Static website,,,,,,,Founder does not list this company,https://www.linkedin.com/in/niles-brinton-043a95b/,,,,,,,,,,,,,,,,,,,,,,,,,,,,,,,,,,,,,,,,,,,,,,,,,,,,,,,,,,,,,,,,,,,,,,,,,,,,,,,,,,,,,,,,,,,,,,,,,,,,,,,,,,,,,,,,,
change:WATER Labs Inc,Diana Yousef,Agriculture Water & Waste,2024,Northeast,,,,Y,2026,https://www.change-water.com/,Y,,,,https://www.linkedin.com/company/change-water-labs/,Y,2026,Y,,Founder still lists herself as the founder of the company,https://www.linkedin.com/in/dianayousefmartinek/,,,,,,,,,,,,,,,,,,,,,,,,,,,,,,,,,,,,,,,,,,,,,,,,,,,,,,,,,,,,,,,,,,,,,,,,,,,,,,,,,,,,,,,,,,,,,,,,,,,,,,,,,,,,,,,,,
GlobeWater & Solar Technologies LLC,Carolyn Colella,Energy Efficiency,2024,NorthEast,,,,S,2026,https://www.globewatersolar.com/,Y,,,,https://www.linkedin.com/company/globewater-solar/,N,,,,Founder still lists herself as the founder of the company,https://www.linkedin.com/in/carolyn-kelly-colella/,,,,,,,,,,,,,,,,,,,,,,,,,,,,,,,,,,,,,,,,,,,,,,,,,,,,,,,,,,,,,,,,,,,,,,,,,,,,,,,,,,,,,,,,,,,,,,,,,,,,,,,,,,,,,,,,,
FiberCrete,Joshua Moore,Chemicals & Advanced Materials,2024,NorthEast,,,,N,2024,Unable to find,,,,,No link,,,,,Founder does not have a linked-in profile,Unable to find,,,,,,,,,,,,,,,,,,,,,,,,,,,,,,,,,,,,,,,,,,,,,,,,,,,,,,,,,,,,,,,,,,,,,,,,,,,,,,,,,,,,,,,,,,,,,,,,,,,,,,,,,,,,,,,,,
BetterKitchen,Angie Renfro,Energy Efficiency,2024,West,,,,S,2025,https://betterkitchenapp.com/,Y,2025,,,https://www.linkedin.com/company/betterkitchen-app/,Y,2026,,,Founder does not list this company,https://www.linkedin.com/in/angierenfro/,,,,,,,,,,,,,,,,,,,,,,,,,,,,,,,,,,,,,,,,,,,,,,,,,,,,,,,,,,,,,,,,,,,,,,,,,,,,,,,,,,,,,,,,,,,,,,,,,,,,,,,,,,,,,,,,,
Climative,"Winston Morton, Jenny Keleher",Green Buildings,2024,NorthEast,,,,Y,2026,https://www.climative.ai/,Y,2026,,,https://www.linkedin.com/company/climative/,Y,2026,,,Founder does list this company and consistently reposts,https://www.linkedin.com/in/winstonmorton/,,,,,,,,,,,,,,,,,,,,,,,,,,,,,,,,,,,,,,,,,,,,,,,,,,,,,,,,,,,,,,,,,,,,,,,,,,,,,,,,,,,,,,,,,,,,,,,,,,,,,,,,,,,,,,,,,
Gamotech,Oliver Braut,Energy Efficiency,2024,NorthEast,,,,Y,2026,https://gamotech.ca/,Y,2026,,,https://www.linkedin.com/company/gamotech/,Y,2026,,,Founder lists himself as self-employed by his company,https://www.linkedin.com/in/olivier-brault-fighting-climate-change/,,,,,,,,,,,,,,,,,,,,,,,,,,,,,,,,,,,,,,,,,,,,,,,,,,,,,,,,,,,,,,,,,,,,,,,,,,,,,,,,,,,,,,,,,,,,,,,,,,,,,,,,,,,,,,,,,
MultiCharge,Mitch Karren,Energy Distribution & Storage,2024,SouthWest,,,,N,2024,https://multicharge.io/,,,Static website,,No link,,,,,Founder does not mention company and has other senior roles at other companies,https://www.linkedin.com/in/mitchkarren/,,,,,,,,,,,,,,,,,,,,,,,,,,,,,,,,,,,,,,,,,,,,,,,,,,,,,,,,,,,,,,,,,,,,,,,,,,,,,,,,,,,,,,,,,,,,,,,,,,,,,,,,,,,,,,,,,
Pila Energy,Cole Ashman,Energy Distribution & Storage,2024,West,,,,Y,2026,https://www.pilaenergy.com/,Y,2026,,,https://www.linkedin.com/company/pilaenergy/,Y,2026,,,Founder lists himself as the founder of the company and is active,https://www.linkedin.com/in/cole-ashman/,,,,,,,,,,,,,,,,,,,,,,,,,,,,,,,,,,,,,,,,,,,,,,,,,,,,,,,,,,,,,,,,,,,,,,,,,,,,,,,,,,,,,,,,,,,,,,,,,,,,,,,,,,,,,,,,,
ThermalShell Technologies,Jeremy Done,Green Buildings,2024,West,,,,S,2025,https://thermalshell.com/,Y,2025,,,https://www.linkedin.com/company/thermalshell-technologies/about/,N,,,,Founder does not have a linked-in profile,Unable to find,,,,,,,,,,,,,,,,,,,,,,,,,,,,,,,,,,,,,,,,,,,,,,,,,,,,,,,,,,,,,,,,,,,,,,,,,,,,,,,,,,,,,,,,,,,,,,,,,,,,,,,,,,,,,,,,,
Materium Technologies LLC,Scott Daniel,Energy Generation,2024,NorthEast,,,,Y,2026,https://www.materiumtech.com/,Y,2026,,,https://www.linkedin.com/company/materium-technologies/,Y,2026,,,Founder lists himself as the co-founder and is active,https://www.linkedin.com/in/a-scott-daniel/,,,,,,,,,,,,,,,,,,,,,,,,,,,,,,,,,,,,,,,,,,,,,,,,,,,,,,,,,,,,,,,,,,,,,,,,,,,,,,,,,,,,,,,,,,,,,,,,,,,,,,,,,,,,,,,,,
Spare-it,Laurent Canneva,Green Buildings,2024,NorthEast,,,,Y,2026,https://www.spare-it.com/,Y,2026,"Apr 2026 article on successfuly adoption by client ""Etsy""",Y,https://www.linkedin.com/company/spareit/,Y,2026,Y,,Two co-founders list themselves as Co-founder/CEO and are active,"https://www.linkedin.com/in/laurent-canneva-3940584/
https://www.linkedin.com/in/meunierlaurent/",,,,,,,,,,,,,,,,,,,,,,,,,,,,,,,,,,,,,,,,,,,,,,,,,,,,,,,,,,,,,,,,,,,,,,,,,,,,,,,,,,,,,,,,,,,,,,,,,,,,,,,,,,,,,,,,Suehyun,
The Dridi Foundation,Salim Dridi,Energy Generation,2024,Unable to find,,,,N,2024,Unable to find,,,,N,,,,,,Unable to find,,,,,,,,,,,,,,,,,,,,,,,,,,,,,,,,,,,,,,,,,,,,,,,,,,,,,,,,,,,,,,,,,,,,,,,,,,,,,,,,,,,,,,,,,,,,,,,,,,,,,,,,,,,,,,,,,Suehyun,
SunRay Scientific Inc,Madhu Stemmermann,Chemicals & Advanced Materials,2024,NorthEast,,,,Y,2024,https://sunrayscientific.com/core-team/,Y,2024,News story on 2024 conference,Y,https://www.linkedin.com/company/sunray-scientific-llc/,Y,2026,Y,,Founder still lists herself as CEO of the company,https://www.linkedin.com/in/madhu-stemmermann/,,,,,,,,,,,,,,,,,,,,,,,,,,,,,,,,,,,,,,,,,,,,,,,,,,,,,,,,,,,,,,,,,,,,,,,,,,,,,,,,,,,,,,,,,,,,,,,,,,,,,,,,,,,,,,,,Suehyun,
Very Good Technology Inc,Brad Roan,Agriculture Water & Waste,2024,"London, UK",Official company name: Deep Science Ventures,,,Y,2026,https://www.deepscienceventures.com/,Y,2026,Article,Y,https://www.linkedin.com/company/deep-science-ventures/,Y,2026,N,2025,Founder's past experience ,https://www.linkedin.com/in/bradroan/,,,,,,,,,,,,,,,,,,,,,,,,,,,,,,,,,,,,,,,,,,,,,,,,,,,,,,,,,,,,,,,,,,,,,,,,,,,,,,,,,,,,,,,,,,,,,,,,,,,,,,,,,,,,,,,,Suehyun,
Nanospan Inc,Navi Nuguru,Green Buildings,2024,West,,,,Y,2024,https://nanospan.com/,Y,2024,Blog posting and news stories,Y,https://www.linkedin.com/company/nanospan/,Y,2026,Y,,Founder still lists himself as the founder/CEO of the company,https://www.linkedin.com/in/rnuguru/,,,,,,,,,,,,,,,,,,,,,,,,,,,,,,,,,,,,,,,,,,,,,,,,,,,,,,,,,,,,,,,,,,,,,,,,,,,,,,,,,,,,,,,,,,,,,,,,,,,,,,,,,,,,,,,,Suehyun,
SEPT,Adama Toure,Energy Generation,2024,NorthWest,,,,N,2026,Unable to find,,,,Y,https://www.linkedin.com/company/sept-llc/,Y,2026,Y,,Founder lists himself as self-employed by his company,https://www.linkedin.com/in/adama-toure-13sept/,,,,,,,,,,,,,,,,,,,,,,,,,,,,,,,,,,,,,,,,,,,,,,,,,,,,,,,,,,,,,,,,,,,,,,,,,,,,,,,,,,,,,,,,,,,,,,,,,,,,,,,,,,,,,,,,Suehyun,
Sponge,Marek Nowosielski,Agriculture Water & Waste,2024,NorthEast,,,,Y,2026,https://www.sponge.co/,Y,2026,"Copyright 2026, but limited features",Y,https://www.linkedin.com/company/sponge-dac/,N,,Y,,Founder lists himself as CTO of the company,https://www.linkedin.com/in/mareksnowosielski/,,,,,,,,,,,,,,,,,,,,,,,,,,,,,,,,,,,,,,,,,,,,,,,,,,,,,,,,,,,,,,,,,,,,,,,,,,,,,,,,,,,,,,,,,,,,,,,,,,,,,,,,,,,,,,,,Suehyun,
SiLi-ion Inc,Pankaj Ghildiyal,Chemicals & Advanced Materials,2024,West,name changed to 4th state energies,,,Y,2026,https://siliion.com/,Y,2023,Copyright 2023,Y,https://www.linkedin.com/company/siliion/about/,Y,2026,Y,,Founder lists himself as co-founder,https://www.linkedin.com/in/pankaj-ghildiyal/,,,,,,,,,,,,,,,,,,,,,,,,,,,,,,,,,,,,,,,,,,,,,,,,,,,,,,,,,,,,,,,,,,,,,,,,,,,,,,,,,,,,,,,,,,,,,,,,,,,,,,,,,,,,,,,,Suehyun,
EcoForge,Myung Bender,Agriculture & Waste,2024,NorthEast,,,,S,2024,https://ecoforge.io/,N (Unable to open),,,Y,https://www.linkedin.com/company/ecoforge/about/,N,,Y,,One co-founder still lists the company as his most recent experience but no updates after 2024,https://www.linkedin.com/in/jiale-h-5634721a6/,,,,,,,,,,,,,,,,,,,,,,,,,,,,,,,,,,,,,,,,,,,,,,,,,,,,,,,,,,,,,,,,,,,,,,,,,,,,,,,,,,,,,,,,,,,,,,,,,,,,,,,,,,,,,,,,Suehyun,7/16/2026
Puremelting Inc,Ashot Navasardian,Chemicals & Advanced Materials,2024,West,,,,N,2024,https://puremelting.com/,N (Unable to open),,,Y,https://www.linkedin.com/company/puremeltinginc/about/,N,,,,Founder does not list this company,https://www.linkedin.com/in/navasardian/,,,,,,,,,,,,,,,,,,,,,,,,,,,,,,,,,,,,,,,,,,,,,,,,,,,,,,,,,,,,,,,,,,,,,,,,,,,,,,,,,,,,,,,,,,,,,,,,,,,,,,,,,,,,,,,,Suehyun,7/16/2026
REplace,Matias Sigal,Energy Generation,2024,West,,,,Y,2026,https://replace-energy.com/,Y,2026,Copyright 2026,Y,https://www.linkedin.com/company/renewable-energy-place-ltd/,Y,2026,Y,,Founder still lists himself as co-founder/CEO, https://www.linkedin.com/in/matiassigal/,,,,,,,,,,,,,,,,,,,,,,,,,,,,,,,,,,,,,,,,,,,,,,,,,,,,,,,,,,,,,,,,,,,,,,,,,,,,,,,,,,,,,,,,,,,,,,,,,,,,,,,,,,,,,,,,Suehyun,7/16/2026
hydroGel,Arjav Shah,Chemicals & Advanced Materials,2024,NorthEast,rebranded to Drosera Biotechnologies,,,Y,2026,N/A,N  ,N/A,N/A,Y,https://www.linkedin.com/company/droserabio/,N,N/A,Y,N/A,Founder lists the company as his most recent experience,https://www.linkedin.com/in/aushah98/,,,,,,,,,,,,,,,,,,,,,,,,,,,,,,,,,,,,,,,,,,,,,,,,,,,,,,,,,,,,,,,,,,,,,,,,,,,,,,,,,,,,,,,,,,,,,,,,,,,,,,,,,,,,,,,,Suehyun,7/16/2026
ParadOxy Particles LLC,Rajan Desai,Energy Generation,2024,SouthWest,,,,Y,2025,https://www.paradoxyparticles.com/home,Y,2024,Article,Y,https://www.linkedin.com/company/paradoxyllc/,Y,2025,Y,,Founder lists the company as his most recent experience,https://www.linkedin.com/in/rajandes7/,,,,,,,,,,,,,,,,,,,,,,,,,,,,,,,,,,,,,,,,,,,,,,,,,,,,,,,,,,,,,,,,,,,,,,,,,,,,,,,,,,,,,,,,,,,,,,,,,,,,,,,,,,,,,,,,Suehyun,7/16/2026
D.TO INC,Youngjin Lee,Energy Efficiency,2024,NorthEast,,,,Y,2026,https://dtoaec.com/,Y,2026,Copyright 2026,Y,https://www.linkedin.com/company/dtoaec/,Y,2026,Y,,Founder lists the company as his most recent experience,https://www.linkedin.com/in/youngjin-lee-aia/,,,,,,,,,,,,,,,,,,,,,,,,,,,,,,,,,,,,,,,,,,,,,,,,,,,,,,,,,,,,,,,,,,,,,,,,,,,,,,,,,,,,,,,,,,,,,,,,,,,,,,,,,,,,,,,,Suehyun,7/16/2026
ChargeWonder,Matthew Pereira,Information & Communication Tech,2024,NorthEast,,,,Y,2026,https://chargewonder.com/,Y,2026,Copyright 2026,Y,https://www.linkedin.com/company/chargewonder/,N,N/A,Y,,Founder states he is working full-time for this company,https://www.linkedin.com/in/mattpereira1/,,,,,,,,,,,,,,,,,,,,,,,,,,,,,,,,,,,,,,,,,,,,,,,,,,,,,,,,,,,,,,,,,,,,,,,,,,,,,,,,,,,,,,,,,,,,,,,,,,,,,,,,,,,,,,,,Suehyun,7/16/2026
1110 Plasma Solutions,Michael Knickerbocker,Energy Generation,2024,NorthEast,,,,S,2024,N/A,N,N/A,N/A,N,N/A,N/A,N/A,N/A,,Unable to find the founder's linkedin profile,N/A,,,,,,,,,,,,,,,,,,,,,,,,,,,,,,,,,,,,,,,,,,,,,,,,,,,,,,,,,,,,,,,,,,,,,,,,,,,,,,,,,,,,,,,,,,,,,,,,,,,,,,,,,,,,,,,,Suehyun,7/17/2026
CIRQ+,Yani Deros,Energy Efficiency,2024,Rocky Mountain,,,,Y,2025,https://cirqplus.com/,Y,2025,Copyright 2025,Y,https://www.linkedin.com/company/cirqplus/,Y,2025,Y,,Founder lists himself as current CEO of the company,https://www.linkedin.com/in/yani-deros/,,,,,,,,,,,,,,,,,,,,,,,,,,,,,,,,,,,,,,,,,,,,,,,,,,,,,,,,,,,,,,,,,,,,,,,,,,,,,,,,,,,,,,,,,,,,,,,,,,,,,,,,,,,,,,,,Suehyun,7/17/2026
Eternium Aerospace,Jared Semik,Transportation,2024,Midwest,,,,Y,2026,https://www.eterniumaerospace.com/,Y,2026,Copyright 2026,Y,https://www.linkedin.com/company/eternium-aerospace/about/?viewAsMember=true,Y,2026,Y,,Founder lists himself as current president of the company,https://www.linkedin.com/in/jared-semik-aab07358/,,,,,,,,,,,,,,,,,,,,,,,,,,,,,,,,,,,,,,,,,,,,,,,,,,,,,,,,,,,,,,,,,,,,,,,,,,,,,,,,,,,,,,,,,,,,,,,,,,,,,,,,,,,,,,,,Suehyun,7/17/2026
FLUIX,Abhishek Sastri,Energy Distribution & Storage,2024,West,,,,Y,2026,https://www.fluix.ai/,Y,2026,Copyright 2026,Y,https://www.linkedin.com/company/fluixai/,Y,2026,Y,,Founder lists himself as co-founder and CEO,https://www.linkedin.com/in/abhisheksastri/,,,,,,,,,,,,,,,,,,,,,,,,,,,,,,,,,,,,,,,,,,,,,,,,,,,,,,,,,,,,,,,,,,,,,,,,,,,,,,,,,,,,,,,,,,,,,,,,,,,,,,,,,,,,,,,,Suehyun,7/17/2026
One Power USA,Vivek Pathak,Energy Distribution & Storage,2024,NorthEast,,,,Y,2026,https://onepowerusa.com/,Y,2026,Copyright 2026,Y,https://www.linkedin.com/company/one-power-usa/?viewAsMember=true,N,N/A,Y,,Lists himself as founder & CEO,https://www.linkedin.com/in/vivekpathak/,,,,,,,,,,,,,,,,,,,,,,,,,,,,,,,,,,,,,,,,,,,,,,,,,,,,,,,,,,,,,,,,,,,,,,,,,,,,,,,,,,,,,,,,,,,,,,,,,,,,,,,,,,,,,,,,Suehyun,7/17/2026
Sulakorea Co. Ltd,Hanhwe Kim,Agriculture & Waste,2024,West,,,,S,2023,http://www.sulakorea.com/,Y,2023,"Copyright 2023, Notice",Y,https://www.linkedin.com/company/sulakorea/,N,N/A,Y,,Seemingly co-founder lists himself as managing director,https://www.linkedin.com/in/soonjong-ahn-sulakorea/,,,,,,,,,,,,,,,,,,,,,,,,,,,,,,,,,,,,,,,,,,,,,,,,,,,,,,,,,,,,,,,,,,,,,,,,,,,,,,,,,,,,,,,,,,,,,,,,,,,,,,,,,,,,,,,,Suehyun,7/17/2026
Helios Industries,Mason Babin,Energy Distribution & Storage,2024,South Central,,,,S,2024,http://www.heliosindustries.net/,Y,2024,Copyright 2024,Y,https://www.linkedin.com/company/helios-industries-us/,N,N/A,Y,,Founder lists himself as full-time chielf product officer,https://www.linkedin.com/in/mason-babin-9aa359220/,,,,,,,,,,,,,,,,,,,,,,,,,,,,,,,,,,,,,,,,,,,,,,,,,,,,,,,,,,,,,,,,,,,,,,,,,,,,,,,,,,,,,,,,,,,,,,,,,,,,,,,,,,,,,,,,Suehyun,7/17/2026
Green Spear,Jeffrey Maelstrom,Chemicals & Advanced Materials,2024,NorthEast,,,,S,2024,N/A,N,N/A,N/A,Y,https://www.linkedin.com/company/green-spear/,N,N/A,Y,,Founder lists the company as his current job,https://www.linkedin.com/in/jmaelstrom/,,,,,,,,,,,,,,,,,,,,,,,,,,,,,,,,,,,,,,,,,,,,,,,,,,,,,,,,,,,,,,,,,,,,,,,,,,,,,,,,,,,,,,,,,,,,,,,,,,,,,,,,,,,,,,,,Suehyun,7/17/2026
Liter,Yang Zhong,Agriculture Water & Waste,2024,NorthEast,,,,S,2024,N/A,N,N/A,N/A,N,N/A,N/A,N/A,N ,,Founder does not list this company,https://www.linkedin.com/in/yzhongme/,,,,,,,,,,,,,,,,,,,,,,,,,,,,,,,,,,,,,,,,,,,,,,,,,,,,,,,,,,,,,,,,,,,,,,,,,,,,,,,,,,,,,,,,,,,,,,,,,,,,,,,,,,,,,,,,Suehyun,7/17/2026
MacroCycle,Jan Rosenboom,Chemicals & Advanced Materials,2024,NorthEast,,,,Y,2026,https://macrocycle.tech/,Y,2026,Copyright 2026,Y,https://www.linkedin.com/company/macrocycle-technologies/,Y,2026,Y,,Founder lists himself as co-founder & CTO,https://www.linkedin.com/in/jan-georg-rosenboom/,,,,,,,,,,,,,,,,,,,,,,,,,,,,,,,,,,,,,,,,,,,,,,,,,,,,,,,,,,,,,,,,,,,,,,,,,,,,,,,,,,,,,,,,,,,,,,,,,,,,,,,,,,,,,,,,Suehyun,7/17/2026
Fentome Corp,Robert Carter,Energy Generation,2024,South,,,,S,2024,https://fentome.net/,Y,2024,Copyright 2024,N,N/A,N/A,N/A,N/A,,N/A,Unable to find,,,,,,,,,,,,,,,,,,,,,,,,,,,,,,,,,,,,,,,,,,,,,,,,,,,,,,,,,,,,,,,,,,,,,,,,,,,,,,,,,,,,,,,,,,,,,,,,,,,,,,,,,,,,,,,,Suehyun,7/20/2026
Orentrix Inc,Renato Openiano,Energy Generation,2024,West,,,,Y,2026,https://orentrix.com/,Y,2026,"Copyright 2026 but static, limited website",N,N/A,N/A,N/A,Y,,Founder lists himself as president of the company,https://www.linkedin.com/in/rene-openiano-openianogasturbine/,,,,,,,,,,,,,,,,,,,,,,,,,,,,,,,,,,,,,,,,,,,,,,,,,,,,,,,,,,,,,,,,,,,,,,,,,,,,,,,,,,,,,,,,,,,,,,,,,,,,,,,,,,,,,,,,Suehyun,7/20/2026
Viridium Energy,Tyler Ruggles,Energy Generation,2024,NorthEast,Renamed to CVector,,,Y,2026,N/A,N ,N/A,N/A,Y,https://www.linkedin.com/company/cvector/,Y,2026,Y,,Founder lists himself as CTO,https://www.linkedin.com/in/tylerhruggles/,,,,,,,,,,,,,,,,,,,,,,,,,,,,,,,,,,,,,,,,,,,,,,,,,,,,,,,,,,,,,,,,,,,,,,,,,,,,,,,,,,,,,,,,,,,,,,,,,,,,,,,,,,,,,,,,Suehyun,7/20/2026
Rehydrate,Jake Sortor,Agriculture & Waste,2024,NorthEast,,,,N,2025,https://www.rehydrate.tech/,Y,Unable to find,N/A,Y,https://www.linkedin.com/company/rehydratetech/,N,N/A,N,2025,Founder has moved on to another company,https://www.linkedin.com/in/jake-sortor-bba61b120/,,,,,,,,,,,,,,,,,,,,,,,,,,,,,,,,,,,,,,,,,,,,,,,,,,,,,,,,,,,,,,,,,,,,,,,,,,,,,,,,,,,,,,,,,,,,,,,,,,,,,,,,,,,,,,,,Suehyun,7/20/2026
Solidec,Yang Xia,Chemicals & Advanced Materials,2024,South Central,,,,Y,2026,https://solidec.com/,Y,2026,Copyright 2026,Y,https://www.linkedin.com/company/solidec-inc/,Y,2026,Y,,Founder lists himself as CTO,https://www.linkedin.com/in/yang-xia-64b75269/,,,,,,,,,,,,,,,,,,,,,,,,,,,,,,,,,,,,,,,,,,,,,,,,,,,,,,,,,,,,,,,,,,,,,,,,,,,,,,,,,,,,,,,,,,,,,,,,,,,,,,,,,,,,,,,,Suehyun,7/21/2026
Round for a Reason LLC,Andrew Murray,Energy Efficiency,2024,MidWest,,,,Y,2026,https://www.dakotastove.com/,Y,2026,Copyright 2026,Y,https://www.linkedin.com/company/round-for-a-reason-llc/about/?viewAsMember=true,N,N/A,N/A,,N/A,https://www.linkedin.com/in/parth-verma-912225195/,,,,,,,,,,,,,,,,,,,,,,,,,,,,,,,,,,,,,,,,,,,,,,,,,,,,,,,,,,,,,,,,,,,,,,,,,,,,,,,,,,,,,,,,,,,,,,,,,,,,,,,,,,,,,,,,Suehyun,7/21/2026
Bakz4ever,Parth Verma,Energy Distribution & Storage,2024,India,,,,S,2025,https://www.bakz4ever.com/,Y,2025,News,N,,,N/A,N,,Founder does not list this company,,,,,,,,,,,,,,,,,,,,,,,,,,,,,,,,,,,,,,,,,,,,,,,,,,,,,,,,,,,,,,,,,,,,,,,,,,,,,,,,,,,,,,,,,,,,,,,,,,,,,,,,,,,,,,,,,Suehyun,7/21/2026
SOFI TEC,Xiao Dong Zhou,Chemicals & Advanced Materials,2024,West,,,,S,2024,https://sofi-tec.com/,Y,2022,Copyright 2022,N,N/A,N/A,N/A,N,N/A,N/A,Unable to find,,,,,,,,,,,,,,,,,,,,,,,,,,,,,,,,,,,,,,,,,,,,,,,,,,,,,,,,,,,,,,,,,,,,,,,,,,,,,,,,,,,,,,,,,,,,,,,,,,,,,,,,,,,,,,,,Suehyun,7/22/2026
Park Watch,Courtney Stern,Transportation,2024,NorthEast,,,,S,2024,https://www.parkwatchapp.com/ ,Y,2024,Copyright 2024,Y,https://www.linkedin.com/company/parkwatchapp/posts/?feedView=all,N/A,N/A,N/A,N/A,N/A,Unable to find,,,,,,,,,,,,,,,,,,,,,,,,,,,,,,,,,,,,,,,,,,,,,,,,,,,,,,,,,,,,,,,,,,,,,,,,,,,,,,,,,,,,,,,,,,,,,,,,,,,,,,,,,,,,,,,,Suehyun,7/22/2026
Gencores Inc,Jules Thiery,Chemicals & Advanced Materials,2024,NorthEast,,,,Y,2025,https://www.gencores.com/,Y,Unable to find,N/A,Y,https://www.linkedin.com/company/gencores-inc/,Y,2025,Y,N/A,Founder lists himself as CEO,https://www.linkedin.com/in/julesthiery/,,,,,,,,,,,,,,,,,,,,,,,,,,,,,,,,,,,,,,,,,,,,,,,,,,,,,,,,,,,,,,,,,,,,,,,,,,,,,,,,,,,,,,,,,,,,,,,,,,,,,,,,,,,,,,,,Suehyun,7/22/2026
Terrament,Eric Chaves,Energy Distribution & Storage,2024,NorthEast,,,,Y,2026,https://www.terramenthq.com/,Y,Unable to find,N/A,Y,https://www.linkedin.com/company/terrament/,Y,2026,Y,N/A,Founder lists himself as COO,https://www.linkedin.com/in/erchaves/,,,,,,,,,,,,,,,,,,,,,,,,,,,,,,,,,,,,,,,,,,,,,,,,,,,,,,,,,,,,,,,,,,,,,,,,,,,,,,,,,,,,,,,,,,,,,,,,,,,,,,,,,,,,,,,,Suehyun,7/22/2026
Aartech Solonics Inc,Amit Raje,Energy Distribution & Storage,2024,MidWest,,,,Y,2026,https://aartechsolonics.us/,Y but static website,Unable to find,N/A,Y,https://www.linkedin.com/company/aartech-solonics-limited/,Y,2026,Y,N/A,Founder working full-time as Chairman & Managing director,https://www.linkedin.com/in/amitraje/,,,,,,,,,,,,,,,,,,,,,,,,,,,,,,,,,,,,,,,,,,,,,,,,,,,,,,,,,,,,,,,,,,,,,,,,,,,,,,,,,,,,,,,,,,,,,,,,,,,,,,,,,,,,,,,,Suehyun,7/22/2026
Helios Climate Industries / Electric Air,Jeremy Osborne,Energy Efficiency,2024,Pacific NorthWest,,,,Y,2026,https://www.electricair.io/,Y,2026,Copyright 2026,Y,https://www.linkedin.com/company/electric-air-heatpumps/,N ,N/A,Y,N/A,Founder currently working as CEO of the company,https://www.linkedin.com/in/jeremy-osborne/,,,,,,,,,,,,,,,,,,,,,,,,,,,,,,,,,,,,,,,,,,,,,,,,,,,,,,,,,,,,,,,,,,,,,,,,,,,,,,,,,,,,,,,,,,,,,,,,,,,,,,,,,,,,,,,,Suehyun,7/22/2026
LPCV,Abdulaziz Alaql,Information & Communication Tech,2024,NorthEast,,,,Y,2026,https://lpcv.ai/,Y,2026,News,N,N/A,N/A,N/A,N/A,N/A,N/A,Unable to find,,,,,,,,,,,,,,,,,,,,,,,,,,,,,,,,,,,,,,,,,,,,,,,,,,,,,,,,,,,,,,,,,,,,,,,,,,,,,,,,,,,,,,,,,,,,,,,,,,,,,,,,,,,,,,,,Suehyun,7/22/2026
GaiaVerse,William Strong,Transportation,2024,NorthEast,,,,Y,2026,https://www.gaiaverse.ai/,Y,2026,"News, Copyright 2026",Y,https://www.linkedin.com/company/gaiaverse-ltd/,Y,2026,Y,N/A,Founder lists himself as COO but along with roles at other companies,https://www.linkedin.com/in/williamstrong2000/,,,,,,,,,,,,,,,,,,,,,,,,,,,,,,,,,,,,,,,,,,,,,,,,,,,,,,,,,,,,,,,,,,,,,,,,,,,,,,,,,,,,,,,,,,,,,,,,,,,,,,,,,,,,,,,,Suehyun,7/22/2026
TrelliSense,Ben Silton,Agriculture Water & Waste,2024,NorthEast,,,,Y,2026,https://www.trellisense.com/,Y,2025,Article,Y,https://www.linkedin.com/company/trellisense/,Y,2026,Y,N/A,Founder is full-time CEO of the company,https://www.trellisense.com/,,,,,,,,,,,,,,,,,,,,,,,,,,,,,,,,,,,,,,,,,,,,,,,,,,,,,,,,,,,,,,,,,,,,,,,,,,,,,,,,,,,,,,,,,,,,,,,,,,,,,,,,,,,,,,,,Suehyun,7/22/2026
BioDome Inc,Jerah Siegal,Green Buildings,2024,NorthEast,,,,S,2024,https://www.trybiodome.com/,Y,2024,Article,Y,https://www.linkedin.com/company/biodome-inc/,N,N/A,Y,N/A,"Founder is ""self-employed"" at this company and holds multiple other roles",https://www.linkedin.com/in/jerah-siegal-ai-tech/,,,,,,,,,,,,,,,,,,,,,,,,,,,,,,,,,,,,,,,,,,,,,,,,,,,,,,,,,,,,,,,,,,,,,,,,,,,,,,,,,,,,,,,,,,,,,,,,,,,,,,,,,,,,,,,,Suehyun,
SuryaTech,Mayur Kamalakar,,2024,NorthEast,,,,,,,,,,,,,,,,,,,,,,,,,,,,,,,,,,,,,,,,,,,,,,,,,,,,,,,,,,,,,,,,,,,,,,,,,,,,,,,,,,,,,,,,,,,,,,,,,,,,,,,,,,,,,,,,,,,,,,,,,,,,,,,,,Suehyun,
New Paradigm Energy Inc,Brandon Boucher,,2024,NorthEast,,,,,,,,,,,,,,,,,,,,,,,,,,,,,,,,,,,,,,,,,,,,,,,,,,,,,,,,,,,,,,,,,,,,,,,,,,,,,,,,,,,,,,,,,,,,,,,,,,,,,,,,,,,,,,,,,,,,,,,,,,,,,,,,,Suehyun,
Credential,Christer Holloman,,2024,NorthEast,,,,,,,,,,,,,,,,,,,,,,,,,,,,,,,,,,,,,,,,,,,,,,,,,,,,,,,,,,,,,,,,,,,,,,,,,,,,,,,,,,,,,,,,,,,,,,,,,,,,,,,,,,,,,,,,,,,,,,,,,,,,,,,,,Suehyun,
Liteon,Jide Olutoke,,2024,NorthEast,,,,,,,,,,,,,,,,,,,,,,,,,,,,,,,,,,,,,,,,,,,,,,,,,,,,,,,,,,,,,,,,,,,,,,,,,,,,,,,,,,,,,,,,,,,,,,,,,,,,,,,,,,,,,,,,,,,,,,,,,,,,,,,,,,
Cascara Energy,Robert Croghan,Energy Efficiency,2024,,,,,,,,,,,,,,,,,,,,,,,,,,,,,,,,,,,,,,,,,,,,,,,,,,,,,,,,,,,,,,,,,,,,,,,,,,,,,,,,,,,,,,,,,,,,,,,,,,,,,,,,,,,,,,,,,,,,,,,,,,,,,,,,,,,
AerTerra Inc,Curtis Firestone,,2024,West,,,,,,,,,,,,,,,,,,,,,,,,,,,,,,,,,,,,,,,,,,,,,,,,,,,,,,,,,,,,,,,,,,,,,,,,,,,,,,,,,,,,,,,,,,,,,,,,,,,,,,,,,,,,,,,,,,,,,,,,,,,,,,,,,,
EV Bots Inc,Virind Gujral,,2024,NorthEast,,,,,,,,,,,,,,,,,,,,,,,,,,,,,,,,,,,,,,,,,,,,,,,,,,,,,,,,,,,,,,,,,,,,,,,,,,,,,,,,,,,,,,,,,,,,,,,,,,,,,,,,,,,,,,,,,,,,,,,,,,,,,,,,,,
ALGreen,Dhruv Jain,,2024,NorthEast,,,,,,,,,,,,,,,,,,,,,,,,,,,,,,,,,,,,,,,,,,,,,,,,,,,,,,,,,,,,,,,,,,,,,,,,,,,,,,,,,,,,,,,,,,,,,,,,,,,,,,,,,,,,,,,,,,,,,,,,,,,,,,,,,,
Ohm Digital Solutions,Kyle Haas,,2024,NorthEast,,,,,,,,,,,,,,,,,,,,,,,,,,,,,,,,,,,,,,,,,,,,,,,,,,,,,,,,,,,,,,,,,,,,,,,,,,,,,,,,,,,,,,,,,,,,,,,,,,,,,,,,,,,,,,,,,,,,,,,,,,,,,,,,,,
Syrena DAC,Marek Nowosielski,,2024,NorthEast,,,,,,,,,,,,,,,,,,,,,,,,,,,,,,,,,,,,,,,,,,,,,,,,,,,,,,,,,,,,,,,,,,,,,,,,,,,,,,,,,,,,,,,,,,,,,,,,,,,,,,,,,,,,,,,,,,,,,,,,,,,,,,,,,,
Vybe Energy LLC,Nisha Thirumurthy,,2024,NorthEast,,,,,,,,,,,,,,,,,,,,,,,,,,,,,,,,,,,,,,,,,,,,,,,,,,,,,,,,,,,,,,,,,,,,,,,,,,,,,,,,,,,,,,,,,,,,,,,,,,,,,,,,,,,,,,,,,,,,,,,,,,,,,,,,,,
NeptuneChain,Jacques Jean,Agriculture Water & Waste,2024,South Central,,,,,,,,,,,,,,,,,,,,,,,,,,,,,,,,,,,,,,,,,,,,,,,,,,,,,,,,,,,,,,,,,,,,,,,,,,,,,,,,,,,,,,,,,,,,,,,,,,,,,,,,,,,,,,,,,,,,,,,,,,,,,,,,,,
Drop Labs,McKenzie Fowler,Agriculture Water & Waste,2024,West,,,,,,,,,,,,,,,,,,,,,,,,,,,,,,,,,,,,,,,,,,,,,,,,,,,,,,,,,,,,,,,,,,,,,,,,,,,,,,,,,,,,,,,,,,,,,,,,,,,,,,,,,,,,,,,,,,,,,,,,,,,,,,,,,,